episode,winner,NashQ,Random
1,Random,-1,1
2,NashQ,1,-1
3,Random,-1,1
4,draw,0,0
5,Random,-1,1
6,NashQ,1,-1
7,NashQ,1,-1
8,Random,-1,1
9,NashQ,1,-1
10,Random,-1,1
11,NashQ,1,-1
12,NashQ,1,-1
13,Random,-1,1
14,draw,0,0
15,Random,-1,1
16,Random,-1,1
17,Random,-1,1
18,draw,0,0
19,draw,0,0
20,draw,0,0
21,Random,-1,1
22,Random,-1,1
23,Random,-1,1
24,Random,-1,1
25,Random,-1,1
26,draw,0,0
27,Random,-1,1
28,Random,-1,1
29,Random,-1,1
30,Random,-1,1
31,Random,-1,1
32,NashQ,1,-1
33,Random,-1,1
34,Random,-1,1
35,draw,0,0
36,Random,-1,1
37,draw,0,0
38,draw,0,0
39,Random,-1,1
40,draw,0,0
41,Random,-1,1
42,Random,-1,1
43,Random,-1,1
44,draw,0,0
45,draw,0,0
46,Random,-1,1
47,NashQ,1,-1
48,Random,-1,1
49,Random,-1,1
50,Random,-1,1
51,Random,-1,1
52,Random,-1,1
53,Random,-1,1
54,Random,-1,1
55,draw,0,0
56,Random,-1,1
57,draw,0,0
58,draw,0,0
59,NashQ,1,-1
60,Random,-1,1
61,draw,0,0
62,Random,-1,1
63,Random,-1,1
64,draw,0,0
65,draw,0,0
66,Random,-1,1
67,draw,0,0
68,Random,-1,1
69,Random,-1,1
70,Random,-1,1
71,draw,0,0
72,Random,-1,1
73,draw,0,0
74,Random,-1,1
75,Random,-1,1
76,draw,0,0
77,Random,-1,1
78,Random,-1,1
79,Random,-1,1
80,draw,0,0
81,Random,-1,1
82,Random,-1,1
83,Random,-1,1
84,Random,-1,1
85,Random,-1,1
86,Random,-1,1
87,Random,-1,1
88,Random,-1,1
89,Random,-1,1
90,Random,-1,1
91,Random,-1,1
92,Random,-1,1
93,draw,0,0
94,Random,-1,1
95,Random,-1,1
96,draw,0,0
97,draw,0,0
98,Random,-1,1
99,Random,-1,1
100,Random,-1,1
101,Random,-1,1
102,draw,0,0
103,Random,-1,1
104,Random,-1,1
105,Random,-1,1
106,draw,0,0
107,Random,-1,1
108,Random,-1,1
109,Random,-1,1
110,Random,-1,1
111,Random,-1,1
112,Random,-1,1
113,Random,-1,1
114,Random,-1,1
115,Random,-1,1
116,draw,0,0
117,Random,-1,1
118,Random,-1,1
119,Random,-1,1
120,Random,-1,1
121,Random,-1,1
122,draw,0,0
123,draw,0,0
124,Random,-1,1
125,draw,0,0
126,Random,-1,1
127,Random,-1,1
128,draw,0,0
129,draw,0,0
130,draw,0,0
131,draw,0,0
132,draw,0,0
133,Random,-1,1
134,Random,-1,1
135,draw,0,0
136,Random,-1,1
137,draw,0,0
138,draw,0,0
139,Random,-1,1
140,Random,-1,1
141,Random,-1,1
142,Random,-1,1
143,Random,-1,1
144,Random,-1,1
145,draw,0,0
146,Random,-1,1
147,Random,-1,1
148,Random,-1,1
149,Random,-1,1
150,draw,0,0
151,draw,0,0
152,Random,-1,1
153,Random,-1,1
154,Random,-1,1
155,draw,0,0
156,draw,0,0
157,Random,-1,1
158,Random,-1,1
159,Random,-1,1
160,Random,-1,1
161,Random,-1,1
162,Random,-1,1
163,draw,0,0
164,draw,0,0
165,Random,-1,1
166,Random,-1,1
167,Random,-1,1
168,Random,-1,1
169,Random,-1,1
170,draw,0,0
171,Random,-1,1
172,draw,0,0
173,draw,0,0
174,Random,-1,1
175,draw,0,0
176,draw,0,0
177,Random,-1,1
178,Random,-1,1
179,NashQ,1,-1
180,Random,-1,1
181,draw,0,0
182,Random,-1,1
183,draw,0,0
184,draw,0,0
185,Random,-1,1
186,draw,0,0
187,Random,-1,1
188,draw,0,0
189,draw,0,0
190,draw,0,0
191,Random,-1,1
192,NashQ,1,-1
193,draw,0,0
194,Random,-1,1
195,Random,-1,1
196,draw,0,0
197,Random,-1,1
198,Random,-1,1
199,Random,-1,1
200,draw,0,0
201,Random,-1,1
202,Random,-1,1
203,Random,-1,1
204,Random,-1,1
205,Random,-1,1
206,Random,-1,1
207,Random,-1,1
208,Random,-1,1
209,Random,-1,1
210,Random,-1,1
211,Random,-1,1
212,Random,-1,1
213,Random,-1,1
214,Random,-1,1
215,Random,-1,1
216,Random,-1,1
217,draw,0,0
218,Random,-1,1
219,Random,-1,1
220,draw,0,0
221,Random,-1,1
222,Random,-1,1
223,Random,-1,1
224,Random,-1,1
225,draw,0,0
226,draw,0,0
227,Random,-1,1
228,Random,-1,1
229,NashQ,1,-1
230,Random,-1,1
231,Random,-1,1
232,Random,-1,1
233,NashQ,1,-1
234,draw,0,0
235,Random,-1,1
236,Random,-1,1
237,NashQ,1,-1
238,draw,0,0
239,Random,-1,1
240,Random,-1,1
241,draw,0,0
242,Random,-1,1
243,Random,-1,1
244,draw,0,0
245,Random,-1,1
246,Random,-1,1
247,Random,-1,1
248,Random,-1,1
249,draw,0,0
250,Random,-1,1
251,NashQ,1,-1
252,draw,0,0
253,Random,-1,1
254,Random,-1,1
255,Random,-1,1
256,Random,-1,1
257,Random,-1,1
258,Random,-1,1
259,Random,-1,1
260,draw,0,0
261,Random,-1,1
262,Random,-1,1
263,Random,-1,1
264,Random,-1,1
265,Random,-1,1
266,draw,0,0
267,Random,-1,1
268,Random,-1,1
269,draw,0,0
270,Random,-1,1
271,draw,0,0
272,Random,-1,1
273,Random,-1,1
274,Random,-1,1
275,Random,-1,1
276,draw,0,0
277,Random,-1,1
278,Random,-1,1
279,draw,0,0
280,draw,0,0
281,Random,-1,1
282,draw,0,0
283,Random,-1,1
284,Random,-1,1
285,Random,-1,1
286,Random,-1,1
287,draw,0,0
288,Random,-1,1
289,Random,-1,1
290,Random,-1,1
291,draw,0,0
292,draw,0,0
293,Random,-1,1
294,Random,-1,1
295,Random,-1,1
296,Random,-1,1
297,NashQ,1,-1
298,Random,-1,1
299,Random,-1,1
300,Random,-1,1
301,draw,0,0
302,Random,-1,1
303,Random,-1,1
304,Random,-1,1
305,Random,-1,1
306,Random,-1,1
307,Random,-1,1
308,Random,-1,1
309,Random,-1,1
310,Random,-1,1
311,Random,-1,1
312,Random,-1,1
313,Random,-1,1
314,Random,-1,1
315,draw,0,0
316,Random,-1,1
317,Random,-1,1
318,Random,-1,1
319,draw,0,0
320,Random,-1,1
321,NashQ,1,-1
322,Random,-1,1
323,draw,0,0
324,draw,0,0
325,Random,-1,1
326,draw,0,0
327,draw,0,0
328,Random,-1,1
329,Random,-1,1
330,Random,-1,1
331,NashQ,1,-1
332,Random,-1,1
333,Random,-1,1
334,draw,0,0
335,Random,-1,1
336,Random,-1,1
337,draw,0,0
338,draw,0,0
339,Random,-1,1
340,draw,0,0
341,Random,-1,1
342,Random,-1,1
343,Random,-1,1
344,draw,0,0
345,draw,0,0
346,Random,-1,1
347,draw,0,0
348,draw,0,0
349,draw,0,0
350,Random,-1,1
351,draw,0,0
352,draw,0,0
353,Random,-1,1
354,Random,-1,1
355,draw,0,0
356,Random,-1,1
357,Random,-1,1
358,Random,-1,1
359,Random,-1,1
360,Random,-1,1
361,draw,0,0
362,Random,-1,1
363,Random,-1,1
364,draw,0,0
365,Random,-1,1
366,draw,0,0
367,draw,0,0
368,draw,0,0
369,Random,-1,1
370,Random,-1,1
371,Random,-1,1
372,draw,0,0
373,Random,-1,1
374,draw,0,0
375,NashQ,1,-1
376,Random,-1,1
377,Random,-1,1
378,draw,0,0
379,Random,-1,1
380,Random,-1,1
381,Random,-1,1
382,Random,-1,1
383,Random,-1,1
384,Random,-1,1
385,Random,-1,1
386,Random,-1,1
387,draw,0,0
388,Random,-1,1
389,Random,-1,1
390,Random,-1,1
391,Random,-1,1
392,Random,-1,1
393,Random,-1,1
394,Random,-1,1
395,draw,0,0
396,Random,-1,1
397,Random,-1,1
398,Random,-1,1
399,Random,-1,1
400,Random,-1,1
401,Random,-1,1
402,Random,-1,1
403,Random,-1,1
404,draw,0,0
405,Random,-1,1
406,Random,-1,1
407,NashQ,1,-1
408,Random,-1,1
409,Random,-1,1
410,Random,-1,1
411,Random,-1,1
412,draw,0,0
413,draw,0,0
414,Random,-1,1
415,draw,0,0
416,draw,0,0
417,draw,0,0
418,draw,0,0
419,Random,-1,1
420,draw,0,0
421,draw,0,0
422,NashQ,1,-1
423,draw,0,0
424,draw,0,0
425,draw,0,0
426,draw,0,0
427,NashQ,1,-1
428,Random,-1,1
429,draw,0,0
430,Random,-1,1
431,draw,0,0
432,draw,0,0
433,draw,0,0
434,Random,-1,1
435,Random,-1,1
436,Random,-1,1
437,draw,0,0
438,Random,-1,1
439,Random,-1,1
440,draw,0,0
441,Random,-1,1
442,Random,-1,1
443,draw,0,0
444,Random,-1,1
445,draw,0,0
446,draw,0,0
447,Random,-1,1
448,draw,0,0
449,Random,-1,1
450,Random,-1,1
451,Random,-1,1
452,draw,0,0
453,Random,-1,1
454,draw,0,0
455,draw,0,0
456,draw,0,0
457,draw,0,0
458,Random,-1,1
459,Random,-1,1
460,draw,0,0
461,Random,-1,1
462,Random,-1,1
463,draw,0,0
464,draw,0,0
465,Random,-1,1
466,Random,-1,1
467,draw,0,0
468,draw,0,0
469,Random,-1,1
470,Random,-1,1
471,Random,-1,1
472,Random,-1,1
473,draw,0,0
474,Random,-1,1
475,Random,-1,1
476,draw,0,0
477,draw,0,0
478,Random,-1,1
479,Random,-1,1
480,Random,-1,1
481,Random,-1,1
482,Random,-1,1
483,Random,-1,1
484,Random,-1,1
485,Random,-1,1
486,draw,0,0
487,draw,0,0
488,Random,-1,1
489,draw,0,0
490,NashQ,1,-1
491,draw,0,0
492,Random,-1,1
493,draw,0,0
494,Random,-1,1
495,Random,-1,1
496,Random,-1,1
497,Random,-1,1
498,Random,-1,1
499,Random,-1,1
500,draw,0,0
501,Random,-1,1
502,draw,0,0
503,draw,0,0
504,Random,-1,1
505,Random,-1,1
506,draw,0,0
507,Random,-1,1
508,Random,-1,1
509,draw,0,0
510,Random,-1,1
511,Random,-1,1
512,draw,0,0
513,Random,-1,1
514,Random,-1,1
515,draw,0,0
516,Random,-1,1
517,NashQ,1,-1
518,Random,-1,1
519,Random,-1,1
520,draw,0,0
521,draw,0,0
522,draw,0,0
523,NashQ,1,-1
524,Random,-1,1
525,Random,-1,1
526,Random,-1,1
527,draw,0,0
528,Random,-1,1
529,draw,0,0
530,draw,0,0
531,Random,-1,1
532,draw,0,0
533,Random,-1,1
534,Random,-1,1
535,Random,-1,1
536,draw,0,0
537,Random,-1,1
538,Random,-1,1
539,Random,-1,1
540,draw,0,0
541,Random,-1,1
542,Random,-1,1
543,Random,-1,1
544,draw,0,0
545,Random,-1,1
546,Random,-1,1
547,Random,-1,1
548,Random,-1,1
549,Random,-1,1
550,Random,-1,1
551,draw,0,0
552,draw,0,0
553,Random,-1,1
554,draw,0,0
555,Random,-1,1
556,draw,0,0
557,draw,0,0
558,Random,-1,1
559,Random,-1,1
560,draw,0,0
561,Random,-1,1
562,Random,-1,1
563,Random,-1,1
564,Random,-1,1
565,draw,0,0
566,draw,0,0
567,draw,0,0
568,Random,-1,1
569,Random,-1,1
570,draw,0,0
571,draw,0,0
572,Random,-1,1
573,Random,-1,1
574,Random,-1,1
575,draw,0,0
576,draw,0,0
577,NashQ,1,-1
578,Random,-1,1
579,draw,0,0
580,Random,-1,1
581,draw,0,0
582,draw,0,0
583,Random,-1,1
584,Random,-1,1
585,Random,-1,1
586,draw,0,0
587,Random,-1,1
588,draw,0,0
589,Random,-1,1
590,draw,0,0
591,draw,0,0
592,Random,-1,1
593,Random,-1,1
594,draw,0,0
595,draw,0,0
596,draw,0,0
597,Random,-1,1
598,Random,-1,1
599,draw,0,0
600,draw,0,0
601,NashQ,1,-1
602,draw,0,0
603,Random,-1,1
604,draw,0,0
605,draw,0,0
606,Random,-1,1
607,draw,0,0
608,Random,-1,1
609,Random,-1,1
610,draw,0,0
611,Random,-1,1
612,Random,-1,1
613,Random,-1,1
614,Random,-1,1
615,Random,-1,1
616,Random,-1,1
617,draw,0,0
618,draw,0,0
619,Random,-1,1
620,Random,-1,1
621,Random,-1,1
622,Random,-1,1
623,Random,-1,1
624,Random,-1,1
625,draw,0,0
626,Random,-1,1
627,Random,-1,1
628,draw,0,0
629,Random,-1,1
630,draw,0,0
631,Random,-1,1
632,draw,0,0
633,Random,-1,1
634,Random,-1,1
635,Random,-1,1
636,draw,0,0
637,draw,0,0
638,draw,0,0
639,draw,0,0
640,Random,-1,1
641,draw,0,0
642,draw,0,0
643,Random,-1,1
644,Random,-1,1
645,draw,0,0
646,draw,0,0
647,Random,-1,1
648,Random,-1,1
649,Random,-1,1
650,Random,-1,1
651,draw,0,0
652,Random,-1,1
653,draw,0,0
654,draw,0,0
655,NashQ,1,-1
656,draw,0,0
657,Random,-1,1
658,Random,-1,1
659,Random,-1,1
660,Random,-1,1
661,Random,-1,1
662,Random,-1,1
663,Random,-1,1
664,Random,-1,1
665,Random,-1,1
666,Random,-1,1
667,Random,-1,1
668,draw,0,0
669,draw,0,0
670,draw,0,0
671,draw,0,0
672,Random,-1,1
673,Random,-1,1
674,Random,-1,1
675,NashQ,1,-1
676,Random,-1,1
677,Random,-1,1
678,Random,-1,1
679,Random,-1,1
680,Random,-1,1
681,Random,-1,1
682,Random,-1,1
683,draw,0,0
684,draw,0,0
685,Random,-1,1
686,Random,-1,1
687,draw,0,0
688,Random,-1,1
689,Random,-1,1
690,Random,-1,1
691,draw,0,0
692,draw,0,0
693,Random,-1,1
694,draw,0,0
695,Random,-1,1
696,Random,-1,1
697,draw,0,0
698,Random,-1,1
699,Random,-1,1
700,Random,-1,1
701,draw,0,0
702,Random,-1,1
703,draw,0,0
704,Random,-1,1
705,Random,-1,1
706,Random,-1,1
707,draw,0,0
708,Random,-1,1
709,Random,-1,1
710,Random,-1,1
711,draw,0,0
712,Random,-1,1
713,Random,-1,1
714,Random,-1,1
715,Random,-1,1
716,Random,-1,1
717,draw,0,0
718,draw,0,0
719,draw,0,0
720,draw,0,0
721,Random,-1,1
722,draw,0,0
723,Random,-1,1
724,draw,0,0
725,Random,-1,1
726,draw,0,0
727,draw,0,0
728,draw,0,0
729,Random,-1,1
730,Random,-1,1
731,Random,-1,1
732,Random,-1,1
733,Random,-1,1
734,Random,-1,1
735,NashQ,1,-1
736,draw,0,0
737,draw,0,0
738,Random,-1,1
739,Random,-1,1
740,Random,-1,1
741,Random,-1,1
742,draw,0,0
743,Random,-1,1
744,draw,0,0
745,Random,-1,1
746,Random,-1,1
747,Random,-1,1
748,Random,-1,1
749,Random,-1,1
750,draw,0,0
751,Random,-1,1
752,Random,-1,1
753,Random,-1,1
754,Random,-1,1
755,draw,0,0
756,draw,0,0
757,draw,0,0
758,draw,0,0
759,draw,0,0
760,Random,-1,1
761,Random,-1,1
762,draw,0,0
763,draw,0,0
764,Random,-1,1
765,Random,-1,1
766,draw,0,0
767,Random,-1,1
768,draw,0,0
769,draw,0,0
770,Random,-1,1
771,Random,-1,1
772,Random,-1,1
773,Random,-1,1
774,Random,-1,1
775,Random,-1,1
776,Random,-1,1
777,Random,-1,1
778,Random,-1,1
779,Random,-1,1
780,Random,-1,1
781,Random,-1,1
782,Random,-1,1
783,Random,-1,1
784,Random,-1,1
785,Random,-1,1
786,draw,0,0
787,Random,-1,1
788,Random,-1,1
789,Random,-1,1
790,draw,0,0
791,Random,-1,1
792,Random,-1,1
793,Random,-1,1
794,Random,-1,1
795,Random,-1,1
796,Random,-1,1
797,Random,-1,1
798,Random,-1,1
799,Random,-1,1
800,Random,-1,1
801,draw,0,0
802,Random,-1,1
803,Random,-1,1
804,Random,-1,1
805,Random,-1,1
806,Random,-1,1
807,draw,0,0
808,Random,-1,1
809,draw,0,0
810,Random,-1,1
811,Random,-1,1
812,draw,0,0
813,Random,-1,1
814,Random,-1,1
815,Random,-1,1
816,draw,0,0
817,Random,-1,1
818,Random,-1,1
819,Random,-1,1
820,draw,0,0
821,NashQ,1,-1
822,draw,0,0
823,draw,0,0
824,draw,0,0
825,Random,-1,1
826,Random,-1,1
827,Random,-1,1
828,Random,-1,1
829,Random,-1,1
830,NashQ,1,-1
831,Random,-1,1
832,Random,-1,1
833,Random,-1,1
834,Random,-1,1
835,Random,-1,1
836,draw,0,0
837,draw,0,0
838,Random,-1,1
839,draw,0,0
840,Random,-1,1
841,Random,-1,1
842,draw,0,0
843,Random,-1,1
844,draw,0,0
845,Random,-1,1
846,Random,-1,1
847,draw,0,0
848,Random,-1,1
849,Random,-1,1
850,Random,-1,1
851,draw,0,0
852,Random,-1,1
853,Random,-1,1
854,Random,-1,1
855,Random,-1,1
856,draw,0,0
857,draw,0,0
858,Random,-1,1
859,draw,0,0
860,Random,-1,1
861,draw,0,0
862,Random,-1,1
863,draw,0,0
864,draw,0,0
865,Random,-1,1
866,Random,-1,1
867,Random,-1,1
868,Random,-1,1
869,Random,-1,1
870,Random,-1,1
871,Random,-1,1
872,Random,-1,1
873,Random,-1,1
874,draw,0,0
875,Random,-1,1
876,Random,-1,1
877,Random,-1,1
878,Random,-1,1
879,draw,0,0
880,Random,-1,1
881,Random,-1,1
882,Random,-1,1
883,Random,-1,1
884,draw,0,0
885,Random,-1,1
886,NashQ,1,-1
887,Random,-1,1
888,Random,-1,1
889,Random,-1,1
890,Random,-1,1
891,Random,-1,1
892,Random,-1,1
893,Random,-1,1
894,Random,-1,1
895,draw,0,0
896,Random,-1,1
897,draw,0,0
898,Random,-1,1
899,Random,-1,1
900,Random,-1,1
901,Random,-1,1
902,Random,-1,1
903,Random,-1,1
904,Random,-1,1
905,NashQ,1,-1
906,Random,-1,1
907,Random,-1,1
908,draw,0,0
909,Random,-1,1
910,Random,-1,1
911,Random,-1,1
912,Random,-1,1
913,Random,-1,1
914,Random,-1,1
915,Random,-1,1
916,draw,0,0
917,draw,0,0
918,draw,0,0
919,draw,0,0
920,Random,-1,1
921,Random,-1,1
922,draw,0,0
923,NashQ,1,-1
924,draw,0,0
925,Random,-1,1
926,Random,-1,1
927,draw,0,0
928,draw,0,0
929,Random,-1,1
930,draw,0,0
931,Random,-1,1
932,Random,-1,1
933,Random,-1,1
934,Random,-1,1
935,draw,0,0
936,Random,-1,1
937,Random,-1,1
938,Random,-1,1
939,Random,-1,1
940,draw,0,0
941,Random,-1,1
942,Random,-1,1
943,Random,-1,1
944,Random,-1,1
945,Random,-1,1
946,draw,0,0
947,Random,-1,1
948,draw,0,0
949,Random,-1,1
950,Random,-1,1
951,Random,-1,1
952,Random,-1,1
953,Random,-1,1
954,Random,-1,1
955,draw,0,0
956,Random,-1,1
957,Random,-1,1
958,draw,0,0
959,draw,0,0
960,Random,-1,1
961,Random,-1,1
962,Random,-1,1
963,draw,0,0
964,Random,-1,1
965,draw,0,0
966,draw,0,0
967,Random,-1,1
968,draw,0,0
969,draw,0,0
970,Random,-1,1
971,Random,-1,1
972,Random,-1,1
973,Random,-1,1
974,Random,-1,1
975,Random,-1,1
976,draw,0,0
977,draw,0,0
978,Random,-1,1
979,draw,0,0
980,draw,0,0
981,Random,-1,1
982,Random,-1,1
983,Random,-1,1
984,Random,-1,1
985,Random,-1,1
986,Random,-1,1
987,Random,-1,1
988,draw,0,0
989,draw,0,0
990,Random,-1,1
991,Random,-1,1
992,Random,-1,1
993,Random,-1,1
994,draw,0,0
995,Random,-1,1
996,Random,-1,1
997,draw,0,0
998,draw,0,0
999,draw,0,0
1000,draw,0,0
1001,draw,0,0
1002,draw,0,0
1003,Random,-1,1
1004,Random,-1,1
1005,Random,-1,1
1006,Random,-1,1
1007,draw,0,0
1008,Random,-1,1
1009,Random,-1,1
1010,draw,0,0
1011,draw,0,0
1012,Random,-1,1
1013,draw,0,0
1014,Random,-1,1
1015,draw,0,0
1016,draw,0,0
1017,Random,-1,1
1018,draw,0,0
1019,draw,0,0
1020,Random,-1,1
1021,Random,-1,1
1022,Random,-1,1
1023,Random,-1,1
1024,Random,-1,1
1025,Random,-1,1
1026,draw,0,0
1027,draw,0,0
1028,Random,-1,1
1029,Random,-1,1
1030,draw,0,0
1031,Random,-1,1
1032,Random,-1,1
1033,Random,-1,1
1034,Random,-1,1
1035,Random,-1,1
1036,Random,-1,1
1037,draw,0,0
1038,draw,0,0
1039,draw,0,0
1040,Random,-1,1
1041,draw,0,0
1042,Random,-1,1
1043,Random,-1,1
1044,Random,-1,1
1045,Random,-1,1
1046,Random,-1,1
1047,draw,0,0
1048,Random,-1,1
1049,Random,-1,1
1050,Random,-1,1
1051,draw,0,0
1052,Random,-1,1
1053,Random,-1,1
1054,Random,-1,1
1055,draw,0,0
1056,Random,-1,1
1057,draw,0,0
1058,Random,-1,1
1059,Random,-1,1
1060,Random,-1,1
1061,Random,-1,1
1062,Random,-1,1
1063,Random,-1,1
1064,Random,-1,1
1065,Random,-1,1
1066,Random,-1,1
1067,draw,0,0
1068,Random,-1,1
1069,Random,-1,1
1070,Random,-1,1
1071,Random,-1,1
1072,Random,-1,1
1073,Random,-1,1
1074,Random,-1,1
1075,Random,-1,1
1076,Random,-1,1
1077,Random,-1,1
1078,Random,-1,1
1079,draw,0,0
1080,Random,-1,1
1081,draw,0,0
1082,draw,0,0
1083,Random,-1,1
1084,Random,-1,1
1085,Random,-1,1
1086,Random,-1,1
1087,Random,-1,1
1088,Random,-1,1
1089,Random,-1,1
1090,Random,-1,1
1091,Random,-1,1
1092,Random,-1,1
1093,Random,-1,1
1094,Random,-1,1
1095,Random,-1,1
1096,Random,-1,1
1097,draw,0,0
1098,Random,-1,1
1099,Random,-1,1
1100,draw,0,0
1101,Random,-1,1
1102,Random,-1,1
1103,Random,-1,1
1104,Random,-1,1
1105,NashQ,1,-1
1106,Random,-1,1
1107,NashQ,1,-1
1108,draw,0,0
1109,Random,-1,1
1110,Random,-1,1
1111,NashQ,1,-1
1112,draw,0,0
1113,draw,0,0
1114,draw,0,0
1115,NashQ,1,-1
1116,Random,-1,1
1117,Random,-1,1
1118,draw,0,0
1119,draw,0,0
1120,NashQ,1,-1
1121,Random,-1,1
1122,Random,-1,1
1123,Random,-1,1
1124,NashQ,1,-1
1125,Random,-1,1
1126,Random,-1,1
1127,Random,-1,1
1128,Random,-1,1
1129,Random,-1,1
1130,Random,-1,1
1131,Random,-1,1
1132,draw,0,0
1133,Random,-1,1
1134,Random,-1,1
1135,Random,-1,1
1136,draw,0,0
1137,Random,-1,1
1138,Random,-1,1
1139,draw,0,0
1140,Random,-1,1
1141,Random,-1,1
1142,Random,-1,1
1143,NashQ,1,-1
1144,draw,0,0
1145,draw,0,0
1146,Random,-1,1
1147,Random,-1,1
1148,NashQ,1,-1
1149,Random,-1,1
1150,Random,-1,1
1151,draw,0,0
1152,Random,-1,1
1153,Random,-1,1
1154,Random,-1,1
1155,draw,0,0
1156,Random,-1,1
1157,Random,-1,1
1158,Random,-1,1
1159,draw,0,0
1160,Random,-1,1
1161,draw,0,0
1162,Random,-1,1
1163,NashQ,1,-1
1164,Random,-1,1
1165,Random,-1,1
1166,draw,0,0
1167,Random,-1,1
1168,Random,-1,1
1169,Random,-1,1
1170,Random,-1,1
1171,Random,-1,1
1172,draw,0,0
1173,draw,0,0
1174,Random,-1,1
1175,Random,-1,1
1176,Random,-1,1
1177,Random,-1,1
1178,Random,-1,1
1179,Random,-1,1
1180,draw,0,0
1181,Random,-1,1
1182,Random,-1,1
1183,draw,0,0
1184,Random,-1,1
1185,NashQ,1,-1
1186,Random,-1,1
1187,draw,0,0
1188,draw,0,0
1189,Random,-1,1
1190,Random,-1,1
1191,draw,0,0
1192,Random,-1,1
1193,Random,-1,1
1194,draw,0,0
1195,Random,-1,1
1196,draw,0,0
1197,draw,0,0
1198,draw,0,0
1199,Random,-1,1
1200,Random,-1,1
1201,Random,-1,1
1202,NashQ,1,-1
1203,draw,0,0
1204,Random,-1,1
1205,Random,-1,1
1206,Random,-1,1
1207,Random,-1,1
1208,Random,-1,1
1209,draw,0,0
1210,Random,-1,1
1211,Random,-1,1
1212,draw,0,0
1213,Random,-1,1
1214,Random,-1,1
1215,Random,-1,1
1216,Random,-1,1
1217,Random,-1,1
1218,Random,-1,1
1219,Random,-1,1
1220,Random,-1,1
1221,draw,0,0
1222,draw,0,0
1223,Random,-1,1
1224,draw,0,0
1225,Random,-1,1
1226,Random,-1,1
1227,draw,0,0
1228,Random,-1,1
1229,Random,-1,1
1230,draw,0,0
1231,Random,-1,1
1232,draw,0,0
1233,NashQ,1,-1
1234,Random,-1,1
1235,Random,-1,1
1236,Random,-1,1
1237,Random,-1,1
1238,Random,-1,1
1239,draw,0,0
1240,Random,-1,1
1241,draw,0,0
1242,Random,-1,1
1243,draw,0,0
1244,Random,-1,1
1245,draw,0,0
1246,draw,0,0
1247,NashQ,1,-1
1248,Random,-1,1
1249,Random,-1,1
1250,Random,-1,1
1251,Random,-1,1
1252,Random,-1,1
1253,Random,-1,1
1254,draw,0,0
1255,draw,0,0
1256,draw,0,0
1257,draw,0,0
1258,Random,-1,1
1259,Random,-1,1
1260,Random,-1,1
1261,Random,-1,1
1262,draw,0,0
1263,Random,-1,1
1264,draw,0,0
1265,draw,0,0
1266,Random,-1,1
1267,Random,-1,1
1268,Random,-1,1
1269,draw,0,0
1270,draw,0,0
1271,Random,-1,1
1272,draw,0,0
1273,draw,0,0
1274,Random,-1,1
1275,Random,-1,1
1276,draw,0,0
1277,NashQ,1,-1
1278,Random,-1,1
1279,draw,0,0
1280,Random,-1,1
1281,Random,-1,1
1282,draw,0,0
1283,NashQ,1,-1
1284,draw,0,0
1285,NashQ,1,-1
1286,Random,-1,1
1287,draw,0,0
1288,Random,-1,1
1289,Random,-1,1
1290,draw,0,0
1291,draw,0,0
1292,Random,-1,1
1293,Random,-1,1
1294,Random,-1,1
1295,draw,0,0
1296,draw,0,0
1297,Random,-1,1
1298,draw,0,0
1299,Random,-1,1
1300,Random,-1,1
1301,Random,-1,1
1302,draw,0,0
1303,draw,0,0
1304,NashQ,1,-1
1305,Random,-1,1
1306,Random,-1,1
1307,Random,-1,1
1308,Random,-1,1
1309,Random,-1,1
1310,Random,-1,1
1311,Random,-1,1
1312,Random,-1,1
1313,draw,0,0
1314,draw,0,0
1315,Random,-1,1
1316,Random,-1,1
1317,Random,-1,1
1318,Random,-1,1
1319,Random,-1,1
1320,draw,0,0
1321,Random,-1,1
1322,draw,0,0
1323,Random,-1,1
1324,Random,-1,1
1325,Random,-1,1
1326,Random,-1,1
1327,Random,-1,1
1328,Random,-1,1
1329,draw,0,0
1330,Random,-1,1
1331,draw,0,0
1332,Random,-1,1
1333,Random,-1,1
1334,Random,-1,1
1335,Random,-1,1
1336,Random,-1,1
1337,Random,-1,1
1338,Random,-1,1
1339,Random,-1,1
1340,draw,0,0
1341,Random,-1,1
1342,Random,-1,1
1343,Random,-1,1
1344,Random,-1,1
1345,draw,0,0
1346,NashQ,1,-1
1347,Random,-1,1
1348,draw,0,0
1349,Random,-1,1
1350,Random,-1,1
1351,Random,-1,1
1352,Random,-1,1
1353,Random,-1,1
1354,draw,0,0
1355,Random,-1,1
1356,draw,0,0
1357,Random,-1,1
1358,Random,-1,1
1359,Random,-1,1
1360,Random,-1,1
1361,Random,-1,1
1362,draw,0,0
1363,draw,0,0
1364,Random,-1,1
1365,Random,-1,1
1366,Random,-1,1
1367,Random,-1,1
1368,draw,0,0
1369,Random,-1,1
1370,draw,0,0
1371,Random,-1,1
1372,draw,0,0
1373,draw,0,0
1374,Random,-1,1
1375,Random,-1,1
1376,Random,-1,1
1377,Random,-1,1
1378,Random,-1,1
1379,draw,0,0
1380,Random,-1,1
1381,Random,-1,1
1382,Random,-1,1
1383,NashQ,1,-1
1384,Random,-1,1
1385,draw,0,0
1386,Random,-1,1
1387,Random,-1,1
1388,draw,0,0
1389,Random,-1,1
1390,Random,-1,1
1391,draw,0,0
1392,Random,-1,1
1393,Random,-1,1
1394,draw,0,0
1395,draw,0,0
1396,draw,0,0
1397,Random,-1,1
1398,Random,-1,1
1399,Random,-1,1
1400,Random,-1,1
1401,Random,-1,1
1402,Random,-1,1
1403,Random,-1,1
1404,Random,-1,1
1405,Random,-1,1
1406,Random,-1,1
1407,Random,-1,1
1408,draw,0,0
1409,Random,-1,1
1410,Random,-1,1
1411,Random,-1,1
1412,Random,-1,1
1413,Random,-1,1
1414,draw,0,0
1415,Random,-1,1
1416,Random,-1,1
1417,Random,-1,1
1418,Random,-1,1
1419,Random,-1,1
1420,draw,0,0
1421,Random,-1,1
1422,draw,0,0
1423,Random,-1,1
1424,Random,-1,1
1425,Random,-1,1
1426,draw,0,0
1427,draw,0,0
1428,Random,-1,1
1429,Random,-1,1
1430,Random,-1,1
1431,draw,0,0
1432,Random,-1,1
1433,Random,-1,1
1434,Random,-1,1
1435,Random,-1,1
1436,Random,-1,1
1437,draw,0,0
1438,Random,-1,1
1439,NashQ,1,-1
1440,draw,0,0
1441,Random,-1,1
1442,Random,-1,1
1443,Random,-1,1
1444,draw,0,0
1445,Random,-1,1
1446,Random,-1,1
1447,Random,-1,1
1448,Random,-1,1
1449,Random,-1,1
1450,Random,-1,1
1451,Random,-1,1
1452,Random,-1,1
1453,Random,-1,1
1454,Random,-1,1
1455,draw,0,0
1456,Random,-1,1
1457,Random,-1,1
1458,Random,-1,1
1459,Random,-1,1
1460,Random,-1,1
1461,draw,0,0
1462,Random,-1,1
1463,Random,-1,1
1464,Random,-1,1
1465,Random,-1,1
1466,Random,-1,1
1467,Random,-1,1
1468,Random,-1,1
1469,draw,0,0
1470,Random,-1,1
1471,draw,0,0
1472,Random,-1,1
1473,Random,-1,1
1474,Random,-1,1
1475,draw,0,0
1476,Random,-1,1
1477,Random,-1,1
1478,Random,-1,1
1479,Random,-1,1
1480,Random,-1,1
1481,Random,-1,1
1482,draw,0,0
1483,Random,-1,1
1484,draw,0,0
1485,Random,-1,1
1486,NashQ,1,-1
1487,draw,0,0
1488,Random,-1,1
1489,draw,0,0
1490,Random,-1,1
1491,Random,-1,1
1492,Random,-1,1
1493,Random,-1,1
1494,draw,0,0
1495,draw,0,0
1496,Random,-1,1
1497,Random,-1,1
1498,Random,-1,1
1499,Random,-1,1
1500,Random,-1,1
1501,draw,0,0
1502,Random,-1,1
1503,draw,0,0
1504,draw,0,0
1505,Random,-1,1
1506,Random,-1,1
1507,draw,0,0
1508,Random,-1,1
1509,Random,-1,1
1510,draw,0,0
1511,draw,0,0
1512,Random,-1,1
1513,Random,-1,1
1514,draw,0,0
1515,Random,-1,1
1516,draw,0,0
1517,Random,-1,1
1518,draw,0,0
1519,draw,0,0
1520,draw,0,0
1521,draw,0,0
1522,draw,0,0
1523,Random,-1,1
1524,Random,-1,1
1525,Random,-1,1
1526,Random,-1,1
1527,Random,-1,1
1528,Random,-1,1
1529,Random,-1,1
1530,draw,0,0
1531,draw,0,0
1532,draw,0,0
1533,draw,0,0
1534,Random,-1,1
1535,Random,-1,1
1536,Random,-1,1
1537,Random,-1,1
1538,Random,-1,1
1539,Random,-1,1
1540,Random,-1,1
1541,Random,-1,1
1542,Random,-1,1
1543,Random,-1,1
1544,Random,-1,1
1545,Random,-1,1
1546,Random,-1,1
1547,Random,-1,1
1548,draw,0,0
1549,draw,0,0
1550,Random,-1,1
1551,Random,-1,1
1552,Random,-1,1
1553,Random,-1,1
1554,Random,-1,1
1555,draw,0,0
1556,draw,0,0
1557,draw,0,0
1558,Random,-1,1
1559,Random,-1,1
1560,Random,-1,1
1561,Random,-1,1
1562,Random,-1,1
1563,Random,-1,1
1564,draw,0,0
1565,Random,-1,1
1566,Random,-1,1
1567,Random,-1,1
1568,Random,-1,1
1569,Random,-1,1
1570,Random,-1,1
1571,Random,-1,1
1572,draw,0,0
1573,draw,0,0
1574,draw,0,0
1575,Random,-1,1
1576,Random,-1,1
1577,NashQ,1,-1
1578,Random,-1,1
1579,Random,-1,1
1580,Random,-1,1
1581,Random,-1,1
1582,Random,-1,1
1583,Random,-1,1
1584,Random,-1,1
1585,draw,0,0
1586,draw,0,0
1587,draw,0,0
1588,Random,-1,1
1589,Random,-1,1
1590,Random,-1,1
1591,Random,-1,1
1592,Random,-1,1
1593,Random,-1,1
1594,draw,0,0
1595,NashQ,1,-1
1596,draw,0,0
1597,Random,-1,1
1598,Random,-1,1
1599,Random,-1,1
1600,Random,-1,1
1601,draw,0,0
1602,Random,-1,1
1603,Random,-1,1
1604,draw,0,0
1605,NashQ,1,-1
1606,Random,-1,1
1607,Random,-1,1
1608,Random,-1,1
1609,draw,0,0
1610,Random,-1,1
1611,Random,-1,1
1612,draw,0,0
1613,Random,-1,1
1614,Random,-1,1
1615,Random,-1,1
1616,draw,0,0
1617,draw,0,0
1618,Random,-1,1
1619,Random,-1,1
1620,Random,-1,1
1621,draw,0,0
1622,draw,0,0
1623,draw,0,0
1624,Random,-1,1
1625,Random,-1,1
1626,Random,-1,1
1627,draw,0,0
1628,NashQ,1,-1
1629,Random,-1,1
1630,Random,-1,1
1631,NashQ,1,-1
1632,draw,0,0
1633,Random,-1,1
1634,draw,0,0
1635,Random,-1,1
1636,Random,-1,1
1637,Random,-1,1
1638,Random,-1,1
1639,Random,-1,1
1640,Random,-1,1
1641,draw,0,0
1642,draw,0,0
1643,Random,-1,1
1644,draw,0,0
1645,Random,-1,1
1646,Random,-1,1
1647,Random,-1,1
1648,Random,-1,1
1649,Random,-1,1
1650,draw,0,0
1651,Random,-1,1
1652,Random,-1,1
1653,Random,-1,1
1654,Random,-1,1
1655,Random,-1,1
1656,Random,-1,1
1657,Random,-1,1
1658,Random,-1,1
1659,draw,0,0
1660,draw,0,0
1661,NashQ,1,-1
1662,draw,0,0
1663,Random,-1,1
1664,draw,0,0
1665,draw,0,0
1666,Random,-1,1
1667,draw,0,0
1668,draw,0,0
1669,draw,0,0
1670,draw,0,0
1671,draw,0,0
1672,Random,-1,1
1673,draw,0,0
1674,Random,-1,1
1675,Random,-1,1
1676,Random,-1,1
1677,Random,-1,1
1678,NashQ,1,-1
1679,draw,0,0
1680,draw,0,0
1681,Random,-1,1
1682,Random,-1,1
1683,Random,-1,1
1684,Random,-1,1
1685,draw,0,0
1686,draw,0,0
1687,Random,-1,1
1688,Random,-1,1
1689,draw,0,0
1690,Random,-1,1
1691,draw,0,0
1692,Random,-1,1
1693,draw,0,0
1694,draw,0,0
1695,Random,-1,1
1696,Random,-1,1
1697,Random,-1,1
1698,Random,-1,1
1699,Random,-1,1
1700,Random,-1,1
1701,Random,-1,1
1702,draw,0,0
1703,Random,-1,1
1704,draw,0,0
1705,Random,-1,1
1706,Random,-1,1
1707,Random,-1,1
1708,draw,0,0
1709,Random,-1,1
1710,Random,-1,1
1711,Random,-1,1
1712,Random,-1,1
1713,draw,0,0
1714,Random,-1,1
1715,NashQ,1,-1
1716,Random,-1,1
1717,draw,0,0
1718,draw,0,0
1719,Random,-1,1
1720,draw,0,0
1721,Random,-1,1
1722,Random,-1,1
1723,NashQ,1,-1
1724,Random,-1,1
1725,draw,0,0
1726,Random,-1,1
1727,Random,-1,1
1728,Random,-1,1
1729,Random,-1,1
1730,draw,0,0
1731,Random,-1,1
1732,Random,-1,1
1733,draw,0,0
1734,Random,-1,1
1735,Random,-1,1
1736,Random,-1,1
1737,Random,-1,1
1738,draw,0,0
1739,Random,-1,1
1740,Random,-1,1
1741,Random,-1,1
1742,draw,0,0
1743,Random,-1,1
1744,Random,-1,1
1745,NashQ,1,-1
1746,Random,-1,1
1747,draw,0,0
1748,Random,-1,1
1749,draw,0,0
1750,NashQ,1,-1
1751,Random,-1,1
1752,draw,0,0
1753,Random,-1,1
1754,Random,-1,1
1755,Random,-1,1
1756,draw,0,0
1757,Random,-1,1
1758,draw,0,0
1759,NashQ,1,-1
1760,draw,0,0
1761,draw,0,0
1762,Random,-1,1
1763,Random,-1,1
1764,Random,-1,1
1765,draw,0,0
1766,draw,0,0
1767,draw,0,0
1768,Random,-1,1
1769,draw,0,0
1770,draw,0,0
1771,NashQ,1,-1
1772,Random,-1,1
1773,Random,-1,1
1774,Random,-1,1
1775,draw,0,0
1776,draw,0,0
1777,Random,-1,1
1778,Random,-1,1
1779,Random,-1,1
1780,Random,-1,1
1781,Random,-1,1
1782,draw,0,0
1783,Random,-1,1
1784,draw,0,0
1785,draw,0,0
1786,Random,-1,1
1787,draw,0,0
1788,Random,-1,1
1789,Random,-1,1
1790,draw,0,0
1791,draw,0,0
1792,Random,-1,1
1793,Random,-1,1
1794,Random,-1,1
1795,Random,-1,1
1796,Random,-1,1
1797,draw,0,0
1798,Random,-1,1
1799,Random,-1,1
1800,Random,-1,1
1801,Random,-1,1
1802,draw,0,0
1803,draw,0,0
1804,Random,-1,1
1805,draw,0,0
1806,NashQ,1,-1
1807,NashQ,1,-1
1808,draw,0,0
1809,Random,-1,1
1810,Random,-1,1
1811,Random,-1,1
1812,Random,-1,1
1813,draw,0,0
1814,Random,-1,1
1815,Random,-1,1
1816,Random,-1,1
1817,draw,0,0
1818,Random,-1,1
1819,Random,-1,1
1820,Random,-1,1
1821,Random,-1,1
1822,Random,-1,1
1823,Random,-1,1
1824,draw,0,0
1825,Random,-1,1
1826,Random,-1,1
1827,Random,-1,1
1828,Random,-1,1
1829,Random,-1,1
1830,draw,0,0
1831,Random,-1,1
1832,Random,-1,1
1833,draw,0,0
1834,draw,0,0
1835,draw,0,0
1836,draw,0,0
1837,draw,0,0
1838,Random,-1,1
1839,draw,0,0
1840,Random,-1,1
1841,draw,0,0
1842,Random,-1,1
1843,draw,0,0
1844,Random,-1,1
1845,draw,0,0
1846,draw,0,0
1847,Random,-1,1
1848,Random,-1,1
1849,Random,-1,1
1850,Random,-1,1
1851,Random,-1,1
1852,Random,-1,1
1853,NashQ,1,-1
1854,draw,0,0
1855,Random,-1,1
1856,Random,-1,1
1857,Random,-1,1
1858,Random,-1,1
1859,Random,-1,1
1860,Random,-1,1
1861,Random,-1,1
1862,Random,-1,1
1863,Random,-1,1
1864,Random,-1,1
1865,Random,-1,1
1866,draw,0,0
1867,draw,0,0
1868,Random,-1,1
1869,Random,-1,1
1870,draw,0,0
1871,Random,-1,1
1872,Random,-1,1
1873,Random,-1,1
1874,Random,-1,1
1875,draw,0,0
1876,draw,0,0
1877,draw,0,0
1878,Random,-1,1
1879,Random,-1,1
1880,Random,-1,1
1881,Random,-1,1
1882,Random,-1,1
1883,Random,-1,1
1884,Random,-1,1
1885,Random,-1,1
1886,draw,0,0
1887,Random,-1,1
1888,Random,-1,1
1889,draw,0,0
1890,draw,0,0
1891,Random,-1,1
1892,Random,-1,1
1893,Random,-1,1
1894,Random,-1,1
1895,Random,-1,1
1896,draw,0,0
1897,Random,-1,1
1898,draw,0,0
1899,draw,0,0
1900,draw,0,0
1901,Random,-1,1
1902,Random,-1,1
1903,Random,-1,1
1904,Random,-1,1
1905,draw,0,0
1906,draw,0,0
1907,draw,0,0
1908,Random,-1,1
1909,NashQ,1,-1
1910,Random,-1,1
1911,draw,0,0
1912,draw,0,0
1913,NashQ,1,-1
1914,Random,-1,1
1915,Random,-1,1
1916,draw,0,0
1917,draw,0,0
1918,Random,-1,1
1919,Random,-1,1
1920,Random,-1,1
1921,Random,-1,1
1922,Random,-1,1
1923,Random,-1,1
1924,Random,-1,1
1925,draw,0,0
1926,Random,-1,1
1927,draw,0,0
1928,Random,-1,1
1929,draw,0,0
1930,Random,-1,1
1931,Random,-1,1
1932,draw,0,0
1933,Random,-1,1
1934,draw,0,0
1935,draw,0,0
1936,draw,0,0
1937,Random,-1,1
1938,Random,-1,1
1939,Random,-1,1
1940,draw,0,0
1941,Random,-1,1
1942,Random,-1,1
1943,Random,-1,1
1944,draw,0,0
1945,draw,0,0
1946,Random,-1,1
1947,draw,0,0
1948,Random,-1,1
1949,Random,-1,1
1950,Random,-1,1
1951,Random,-1,1
1952,Random,-1,1
1953,draw,0,0
1954,Random,-1,1
1955,draw,0,0
1956,Random,-1,1
1957,Random,-1,1
1958,Random,-1,1
1959,Random,-1,1
1960,draw,0,0
1961,Random,-1,1
1962,Random,-1,1
1963,Random,-1,1
1964,draw,0,0
1965,draw,0,0
1966,Random,-1,1
1967,draw,0,0
1968,Random,-1,1
1969,draw,0,0
1970,Random,-1,1
1971,Random,-1,1
1972,draw,0,0
1973,draw,0,0
1974,Random,-1,1
1975,draw,0,0
1976,draw,0,0
1977,Random,-1,1
1978,Random,-1,1
1979,Random,-1,1
1980,draw,0,0
1981,Random,-1,1
1982,Random,-1,1
1983,Random,-1,1
1984,Random,-1,1
1985,draw,0,0
1986,Random,-1,1
1987,Random,-1,1
1988,draw,0,0
1989,Random,-1,1
1990,Random,-1,1
1991,Random,-1,1
1992,draw,0,0
1993,Random,-1,1
1994,Random,-1,1
1995,Random,-1,1
1996,Random,-1,1
1997,draw,0,0
1998,draw,0,0
1999,draw,0,0
2000,Random,-1,1
2001,draw,0,0
2002,Random,-1,1
2003,Random,-1,1
2004,Random,-1,1
2005,Random,-1,1
2006,Random,-1,1
2007,draw,0,0
2008,draw,0,0
2009,Random,-1,1
2010,Random,-1,1
2011,NashQ,1,-1
2012,Random,-1,1
2013,draw,0,0
2014,Random,-1,1
2015,Random,-1,1
2016,draw,0,0
2017,Random,-1,1
2018,draw,0,0
2019,Random,-1,1
2020,Random,-1,1
2021,draw,0,0
2022,Random,-1,1
2023,Random,-1,1
2024,NashQ,1,-1
2025,Random,-1,1
2026,draw,0,0
2027,Random,-1,1
2028,draw,0,0
2029,draw,0,0
2030,Random,-1,1
2031,Random,-1,1
2032,Random,-1,1
2033,Random,-1,1
2034,Random,-1,1
2035,Random,-1,1
2036,Random,-1,1
2037,draw,0,0
2038,Random,-1,1
2039,Random,-1,1
2040,Random,-1,1
2041,draw,0,0
2042,Random,-1,1
2043,draw,0,0
2044,draw,0,0
2045,Random,-1,1
2046,Random,-1,1
2047,Random,-1,1
2048,draw,0,0
2049,Random,-1,1
2050,draw,0,0
2051,Random,-1,1
2052,Random,-1,1
2053,Random,-1,1
2054,draw,0,0
2055,Random,-1,1
2056,Random,-1,1
2057,NashQ,1,-1
2058,Random,-1,1
2059,draw,0,0
2060,draw,0,0
2061,Random,-1,1
2062,draw,0,0
2063,Random,-1,1
2064,Random,-1,1
2065,draw,0,0
2066,draw,0,0
2067,Random,-1,1
2068,Random,-1,1
2069,Random,-1,1
2070,draw,0,0
2071,Random,-1,1
2072,draw,0,0
2073,Random,-1,1
2074,Random,-1,1
2075,Random,-1,1
2076,draw,0,0
2077,draw,0,0
2078,Random,-1,1
2079,Random,-1,1
2080,Random,-1,1
2081,draw,0,0
2082,Random,-1,1
2083,Random,-1,1
2084,Random,-1,1
2085,Random,-1,1
2086,draw,0,0
2087,draw,0,0
2088,draw,0,0
2089,Random,-1,1
2090,Random,-1,1
2091,Random,-1,1
2092,draw,0,0
2093,draw,0,0
2094,Random,-1,1
2095,Random,-1,1
2096,draw,0,0
2097,Random,-1,1
2098,draw,0,0
2099,Random,-1,1
2100,Random,-1,1
2101,Random,-1,1
2102,Random,-1,1
2103,Random,-1,1
2104,draw,0,0
2105,draw,0,0
2106,NashQ,1,-1
2107,Random,-1,1
2108,Random,-1,1
2109,draw,0,0
2110,Random,-1,1
2111,draw,0,0
2112,NashQ,1,-1
2113,draw,0,0
2114,draw,0,0
2115,Random,-1,1
2116,Random,-1,1
2117,draw,0,0
2118,Random,-1,1
2119,Random,-1,1
2120,Random,-1,1
2121,Random,-1,1
2122,Random,-1,1
2123,Random,-1,1
2124,Random,-1,1
2125,Random,-1,1
2126,draw,0,0
2127,Random,-1,1
2128,Random,-1,1
2129,Random,-1,1
2130,Random,-1,1
2131,Random,-1,1
2132,draw,0,0
2133,draw,0,0
2134,draw,0,0
2135,draw,0,0
2136,Random,-1,1
2137,draw,0,0
2138,Random,-1,1
2139,NashQ,1,-1
2140,Random,-1,1
2141,draw,0,0
2142,draw,0,0
2143,Random,-1,1
2144,Random,-1,1
2145,Random,-1,1
2146,Random,-1,1
2147,Random,-1,1
2148,draw,0,0
2149,draw,0,0
2150,draw,0,0
2151,Random,-1,1
2152,Random,-1,1
2153,Random,-1,1
2154,Random,-1,1
2155,Random,-1,1
2156,Random,-1,1
2157,Random,-1,1
2158,Random,-1,1
2159,Random,-1,1
2160,NashQ,1,-1
2161,NashQ,1,-1
2162,draw,0,0
2163,Random,-1,1
2164,Random,-1,1
2165,Random,-1,1
2166,draw,0,0
2167,Random,-1,1
2168,Random,-1,1
2169,Random,-1,1
2170,Random,-1,1
2171,Random,-1,1
2172,draw,0,0
2173,Random,-1,1
2174,Random,-1,1
2175,Random,-1,1
2176,Random,-1,1
2177,Random,-1,1
2178,Random,-1,1
2179,draw,0,0
2180,draw,0,0
2181,Random,-1,1
2182,Random,-1,1
2183,Random,-1,1
2184,Random,-1,1
2185,Random,-1,1
2186,Random,-1,1
2187,draw,0,0
2188,Random,-1,1
2189,Random,-1,1
2190,Random,-1,1
2191,Random,-1,1
2192,Random,-1,1
2193,Random,-1,1
2194,draw,0,0
2195,draw,0,0
2196,Random,-1,1
2197,Random,-1,1
2198,draw,0,0
2199,Random,-1,1
2200,Random,-1,1
2201,Random,-1,1
2202,Random,-1,1
2203,draw,0,0
2204,Random,-1,1
2205,Random,-1,1
2206,Random,-1,1
2207,Random,-1,1
2208,Random,-1,1
2209,draw,0,0
2210,Random,-1,1
2211,draw,0,0
2212,NashQ,1,-1
2213,Random,-1,1
2214,Random,-1,1
2215,draw,0,0
2216,Random,-1,1
2217,Random,-1,1
2218,Random,-1,1
2219,Random,-1,1
2220,draw,0,0
2221,Random,-1,1
2222,Random,-1,1
2223,draw,0,0
2224,draw,0,0
2225,Random,-1,1
2226,draw,0,0
2227,Random,-1,1
2228,draw,0,0
2229,Random,-1,1
2230,Random,-1,1
2231,Random,-1,1
2232,NashQ,1,-1
2233,Random,-1,1
2234,Random,-1,1
2235,NashQ,1,-1
2236,Random,-1,1
2237,Random,-1,1
2238,Random,-1,1
2239,Random,-1,1
2240,NashQ,1,-1
2241,Random,-1,1
2242,Random,-1,1
2243,draw,0,0
2244,draw,0,0
2245,Random,-1,1
2246,Random,-1,1
2247,draw,0,0
2248,Random,-1,1
2249,Random,-1,1
2250,draw,0,0
2251,Random,-1,1
2252,Random,-1,1
2253,Random,-1,1
2254,Random,-1,1
2255,Random,-1,1
2256,Random,-1,1
2257,Random,-1,1
2258,Random,-1,1
2259,NashQ,1,-1
2260,Random,-1,1
2261,Random,-1,1
2262,NashQ,1,-1
2263,draw,0,0
2264,draw,0,0
2265,Random,-1,1
2266,draw,0,0
2267,Random,-1,1
2268,Random,-1,1
2269,NashQ,1,-1
2270,Random,-1,1
2271,Random,-1,1
2272,Random,-1,1
2273,Random,-1,1
2274,Random,-1,1
2275,Random,-1,1
2276,Random,-1,1
2277,Random,-1,1
2278,Random,-1,1
2279,draw,0,0
2280,draw,0,0
2281,Random,-1,1
2282,Random,-1,1
2283,Random,-1,1
2284,draw,0,0
2285,Random,-1,1
2286,draw,0,0
2287,Random,-1,1
2288,Random,-1,1
2289,draw,0,0
2290,Random,-1,1
2291,Random,-1,1
2292,NashQ,1,-1
2293,draw,0,0
2294,draw,0,0
2295,draw,0,0
2296,draw,0,0
2297,Random,-1,1
2298,Random,-1,1
2299,draw,0,0
2300,draw,0,0
2301,draw,0,0
2302,Random,-1,1
2303,draw,0,0
2304,Random,-1,1
2305,Random,-1,1
2306,Random,-1,1
2307,draw,0,0
2308,Random,-1,1
2309,Random,-1,1
2310,draw,0,0
2311,Random,-1,1
2312,draw,0,0
2313,NashQ,1,-1
2314,Random,-1,1
2315,Random,-1,1
2316,Random,-1,1
2317,Random,-1,1
2318,Random,-1,1
2319,Random,-1,1
2320,draw,0,0
2321,draw,0,0
2322,Random,-1,1
2323,Random,-1,1
2324,draw,0,0
2325,Random,-1,1
2326,Random,-1,1
2327,Random,-1,1
2328,draw,0,0
2329,draw,0,0
2330,NashQ,1,-1
2331,NashQ,1,-1
2332,Random,-1,1
2333,Random,-1,1
2334,Random,-1,1
2335,draw,0,0
2336,Random,-1,1
2337,draw,0,0
2338,Random,-1,1
2339,Random,-1,1
2340,NashQ,1,-1
2341,Random,-1,1
2342,Random,-1,1
2343,draw,0,0
2344,Random,-1,1
2345,Random,-1,1
2346,Random,-1,1
2347,draw,0,0
2348,draw,0,0
2349,draw,0,0
2350,draw,0,0
2351,Random,-1,1
2352,Random,-1,1
2353,Random,-1,1
2354,Random,-1,1
2355,draw,0,0
2356,Random,-1,1
2357,Random,-1,1
2358,Random,-1,1
2359,Random,-1,1
2360,Random,-1,1
2361,NashQ,1,-1
2362,NashQ,1,-1
2363,Random,-1,1
2364,NashQ,1,-1
2365,Random,-1,1
2366,draw,0,0
2367,draw,0,0
2368,Random,-1,1
2369,Random,-1,1
2370,Random,-1,1
2371,NashQ,1,-1
2372,Random,-1,1
2373,Random,-1,1
2374,draw,0,0
2375,Random,-1,1
2376,draw,0,0
2377,Random,-1,1
2378,Random,-1,1
2379,Random,-1,1
2380,Random,-1,1
2381,draw,0,0
2382,draw,0,0
2383,Random,-1,1
2384,Random,-1,1
2385,draw,0,0
2386,Random,-1,1
2387,Random,-1,1
2388,Random,-1,1
2389,Random,-1,1
2390,Random,-1,1
2391,Random,-1,1
2392,Random,-1,1
2393,Random,-1,1
2394,Random,-1,1
2395,Random,-1,1
2396,Random,-1,1
2397,Random,-1,1
2398,Random,-1,1
2399,draw,0,0
2400,Random,-1,1
2401,Random,-1,1
2402,Random,-1,1
2403,draw,0,0
2404,draw,0,0
2405,draw,0,0
2406,Random,-1,1
2407,NashQ,1,-1
2408,Random,-1,1
2409,Random,-1,1
2410,Random,-1,1
2411,Random,-1,1
2412,draw,0,0
2413,Random,-1,1
2414,Random,-1,1
2415,Random,-1,1
2416,Random,-1,1
2417,draw,0,0
2418,Random,-1,1
2419,Random,-1,1
2420,draw,0,0
2421,Random,-1,1
2422,Random,-1,1
2423,Random,-1,1
2424,draw,0,0
2425,NashQ,1,-1
2426,NashQ,1,-1
2427,draw,0,0
2428,Random,-1,1
2429,NashQ,1,-1
2430,Random,-1,1
2431,Random,-1,1
2432,Random,-1,1
2433,draw,0,0
2434,Random,-1,1
2435,Random,-1,1
2436,draw,0,0
2437,NashQ,1,-1
2438,Random,-1,1
2439,draw,0,0
2440,draw,0,0
2441,NashQ,1,-1
2442,Random,-1,1
2443,NashQ,1,-1
2444,Random,-1,1
2445,Random,-1,1
2446,Random,-1,1
2447,Random,-1,1
2448,draw,0,0
2449,Random,-1,1
2450,Random,-1,1
2451,Random,-1,1
2452,Random,-1,1
2453,draw,0,0
2454,draw,0,0
2455,Random,-1,1
2456,Random,-1,1
2457,draw,0,0
2458,draw,0,0
2459,Random,-1,1
2460,NashQ,1,-1
2461,Random,-1,1
2462,draw,0,0
2463,Random,-1,1
2464,Random,-1,1
2465,draw,0,0
2466,Random,-1,1
2467,Random,-1,1
2468,NashQ,1,-1
2469,draw,0,0
2470,Random,-1,1
2471,draw,0,0
2472,draw,0,0
2473,Random,-1,1
2474,Random,-1,1
2475,Random,-1,1
2476,Random,-1,1
2477,Random,-1,1
2478,Random,-1,1
2479,Random,-1,1
2480,Random,-1,1
2481,Random,-1,1
2482,Random,-1,1
2483,draw,0,0
2484,draw,0,0
2485,draw,0,0
2486,draw,0,0
2487,draw,0,0
2488,Random,-1,1
2489,Random,-1,1
2490,Random,-1,1
2491,draw,0,0
2492,NashQ,1,-1
2493,Random,-1,1
2494,draw,0,0
2495,Random,-1,1
2496,Random,-1,1
2497,Random,-1,1
2498,draw,0,0
2499,NashQ,1,-1
2500,draw,0,0
2501,NashQ,1,-1
2502,Random,-1,1
2503,Random,-1,1
2504,Random,-1,1
2505,draw,0,0
2506,Random,-1,1
2507,Random,-1,1
2508,Random,-1,1
2509,Random,-1,1
2510,Random,-1,1
2511,Random,-1,1
2512,Random,-1,1
2513,Random,-1,1
2514,Random,-1,1
2515,Random,-1,1
2516,Random,-1,1
2517,Random,-1,1
2518,Random,-1,1
2519,NashQ,1,-1
2520,draw,0,0
2521,Random,-1,1
2522,Random,-1,1
2523,draw,0,0
2524,draw,0,0
2525,draw,0,0
2526,Random,-1,1
2527,Random,-1,1
2528,draw,0,0
2529,Random,-1,1
2530,Random,-1,1
2531,Random,-1,1
2532,Random,-1,1
2533,draw,0,0
2534,Random,-1,1
2535,draw,0,0
2536,Random,-1,1
2537,Random,-1,1
2538,draw,0,0
2539,Random,-1,1
2540,Random,-1,1
2541,Random,-1,1
2542,Random,-1,1
2543,Random,-1,1
2544,Random,-1,1
2545,NashQ,1,-1
2546,NashQ,1,-1
2547,Random,-1,1
2548,Random,-1,1
2549,Random,-1,1
2550,Random,-1,1
2551,draw,0,0
2552,Random,-1,1
2553,Random,-1,1
2554,Random,-1,1
2555,Random,-1,1
2556,Random,-1,1
2557,Random,-1,1
2558,Random,-1,1
2559,Random,-1,1
2560,draw,0,0
2561,NashQ,1,-1
2562,Random,-1,1
2563,draw,0,0
2564,Random,-1,1
2565,draw,0,0
2566,draw,0,0
2567,Random,-1,1
2568,Random,-1,1
2569,Random,-1,1
2570,Random,-1,1
2571,Random,-1,1
2572,Random,-1,1
2573,Random,-1,1
2574,Random,-1,1
2575,Random,-1,1
2576,draw,0,0
2577,Random,-1,1
2578,Random,-1,1
2579,Random,-1,1
2580,NashQ,1,-1
2581,Random,-1,1
2582,draw,0,0
2583,Random,-1,1
2584,Random,-1,1
2585,Random,-1,1
2586,Random,-1,1
2587,Random,-1,1
2588,Random,-1,1
2589,draw,0,0
2590,Random,-1,1
2591,draw,0,0
2592,Random,-1,1
2593,Random,-1,1
2594,draw,0,0
2595,Random,-1,1
2596,Random,-1,1
2597,Random,-1,1
2598,NashQ,1,-1
2599,Random,-1,1
2600,Random,-1,1
2601,Random,-1,1
2602,Random,-1,1
2603,Random,-1,1
2604,Random,-1,1
2605,draw,0,0
2606,Random,-1,1
2607,NashQ,1,-1
2608,draw,0,0
2609,draw,0,0
2610,draw,0,0
2611,Random,-1,1
2612,Random,-1,1
2613,Random,-1,1
2614,Random,-1,1
2615,draw,0,0
2616,NashQ,1,-1
2617,Random,-1,1
2618,draw,0,0
2619,Random,-1,1
2620,Random,-1,1
2621,Random,-1,1
2622,Random,-1,1
2623,Random,-1,1
2624,draw,0,0
2625,NashQ,1,-1
2626,draw,0,0
2627,Random,-1,1
2628,draw,0,0
2629,Random,-1,1
2630,Random,-1,1
2631,draw,0,0
2632,Random,-1,1
2633,Random,-1,1
2634,draw,0,0
2635,draw,0,0
2636,Random,-1,1
2637,Random,-1,1
2638,Random,-1,1
2639,draw,0,0
2640,Random,-1,1
2641,Random,-1,1
2642,Random,-1,1
2643,draw,0,0
2644,Random,-1,1
2645,Random,-1,1
2646,Random,-1,1
2647,draw,0,0
2648,draw,0,0
2649,draw,0,0
2650,Random,-1,1
2651,draw,0,0
2652,Random,-1,1
2653,draw,0,0
2654,draw,0,0
2655,draw,0,0
2656,draw,0,0
2657,Random,-1,1
2658,Random,-1,1
2659,draw,0,0
2660,Random,-1,1
2661,Random,-1,1
2662,Random,-1,1
2663,Random,-1,1
2664,NashQ,1,-1
2665,Random,-1,1
2666,Random,-1,1
2667,Random,-1,1
2668,draw,0,0
2669,draw,0,0
2670,draw,0,0
2671,NashQ,1,-1
2672,draw,0,0
2673,Random,-1,1
2674,draw,0,0
2675,Random,-1,1
2676,draw,0,0
2677,draw,0,0
2678,Random,-1,1
2679,draw,0,0
2680,NashQ,1,-1
2681,Random,-1,1
2682,Random,-1,1
2683,Random,-1,1
2684,draw,0,0
2685,Random,-1,1
2686,draw,0,0
2687,draw,0,0
2688,Random,-1,1
2689,draw,0,0
2690,Random,-1,1
2691,draw,0,0
2692,draw,0,0
2693,draw,0,0
2694,Random,-1,1
2695,draw,0,0
2696,draw,0,0
2697,draw,0,0
2698,draw,0,0
2699,draw,0,0
2700,NashQ,1,-1
2701,Random,-1,1
2702,Random,-1,1
2703,Random,-1,1
2704,Random,-1,1
2705,Random,-1,1
2706,Random,-1,1
2707,Random,-1,1
2708,Random,-1,1
2709,Random,-1,1
2710,Random,-1,1
2711,Random,-1,1
2712,Random,-1,1
2713,Random,-1,1
2714,draw,0,0
2715,Random,-1,1
2716,NashQ,1,-1
2717,Random,-1,1
2718,Random,-1,1
2719,Random,-1,1
2720,Random,-1,1
2721,Random,-1,1
2722,Random,-1,1
2723,Random,-1,1
2724,draw,0,0
2725,draw,0,0
2726,draw,0,0
2727,Random,-1,1
2728,Random,-1,1
2729,draw,0,0
2730,Random,-1,1
2731,Random,-1,1
2732,Random,-1,1
2733,Random,-1,1
2734,Random,-1,1
2735,draw,0,0
2736,Random,-1,1
2737,Random,-1,1
2738,Random,-1,1
2739,Random,-1,1
2740,draw,0,0
2741,Random,-1,1
2742,draw,0,0
2743,Random,-1,1
2744,Random,-1,1
2745,Random,-1,1
2746,NashQ,1,-1
2747,Random,-1,1
2748,Random,-1,1
2749,draw,0,0
2750,Random,-1,1
2751,draw,0,0
2752,NashQ,1,-1
2753,draw,0,0
2754,Random,-1,1
2755,draw,0,0
2756,Random,-1,1
2757,draw,0,0
2758,Random,-1,1
2759,Random,-1,1
2760,draw,0,0
2761,Random,-1,1
2762,Random,-1,1
2763,NashQ,1,-1
2764,draw,0,0
2765,NashQ,1,-1
2766,Random,-1,1
2767,Random,-1,1
2768,Random,-1,1
2769,Random,-1,1
2770,Random,-1,1
2771,Random,-1,1
2772,Random,-1,1
2773,Random,-1,1
2774,Random,-1,1
2775,draw,0,0
2776,draw,0,0
2777,Random,-1,1
2778,NashQ,1,-1
2779,Random,-1,1
2780,Random,-1,1
2781,Random,-1,1
2782,Random,-1,1
2783,Random,-1,1
2784,Random,-1,1
2785,Random,-1,1
2786,NashQ,1,-1
2787,Random,-1,1
2788,NashQ,1,-1
2789,draw,0,0
2790,Random,-1,1
2791,draw,0,0
2792,draw,0,0
2793,Random,-1,1
2794,Random,-1,1
2795,Random,-1,1
2796,Random,-1,1
2797,draw,0,0
2798,draw,0,0
2799,Random,-1,1
2800,Random,-1,1
2801,Random,-1,1
2802,Random,-1,1
2803,draw,0,0
2804,Random,-1,1
2805,draw,0,0
2806,Random,-1,1
2807,Random,-1,1
2808,Random,-1,1
2809,draw,0,0
2810,draw,0,0
2811,Random,-1,1
2812,draw,0,0
2813,Random,-1,1
2814,Random,-1,1
2815,Random,-1,1
2816,draw,0,0
2817,Random,-1,1
2818,draw,0,0
2819,draw,0,0
2820,draw,0,0
2821,Random,-1,1
2822,Random,-1,1
2823,draw,0,0
2824,Random,-1,1
2825,draw,0,0
2826,Random,-1,1
2827,draw,0,0
2828,Random,-1,1
2829,draw,0,0
2830,draw,0,0
2831,draw,0,0
2832,Random,-1,1
2833,Random,-1,1
2834,Random,-1,1
2835,Random,-1,1
2836,draw,0,0
2837,NashQ,1,-1
2838,Random,-1,1
2839,Random,-1,1
2840,Random,-1,1
2841,Random,-1,1
2842,draw,0,0
2843,draw,0,0
2844,Random,-1,1
2845,draw,0,0
2846,NashQ,1,-1
2847,Random,-1,1
2848,Random,-1,1
2849,Random,-1,1
2850,draw,0,0
2851,Random,-1,1
2852,Random,-1,1
2853,Random,-1,1
2854,Random,-1,1
2855,Random,-1,1
2856,Random,-1,1
2857,Random,-1,1
2858,Random,-1,1
2859,draw,0,0
2860,NashQ,1,-1
2861,draw,0,0
2862,Random,-1,1
2863,Random,-1,1
2864,Random,-1,1
2865,Random,-1,1
2866,Random,-1,1
2867,NashQ,1,-1
2868,Random,-1,1
2869,Random,-1,1
2870,Random,-1,1
2871,Random,-1,1
2872,Random,-1,1
2873,Random,-1,1
2874,draw,0,0
2875,Random,-1,1
2876,Random,-1,1
2877,Random,-1,1
2878,draw,0,0
2879,Random,-1,1
2880,draw,0,0
2881,Random,-1,1
2882,Random,-1,1
2883,draw,0,0
2884,NashQ,1,-1
2885,Random,-1,1
2886,Random,-1,1
2887,Random,-1,1
2888,Random,-1,1
2889,Random,-1,1
2890,NashQ,1,-1
2891,Random,-1,1
2892,Random,-1,1
2893,draw,0,0
2894,draw,0,0
2895,Random,-1,1
2896,draw,0,0
2897,draw,0,0
2898,draw,0,0
2899,NashQ,1,-1
2900,Random,-1,1
2901,draw,0,0
2902,Random,-1,1
2903,Random,-1,1
2904,Random,-1,1
2905,Random,-1,1
2906,draw,0,0
2907,Random,-1,1
2908,Random,-1,1
2909,NashQ,1,-1
2910,Random,-1,1
2911,Random,-1,1
2912,Random,-1,1
2913,Random,-1,1
2914,NashQ,1,-1
2915,Random,-1,1
2916,Random,-1,1
2917,draw,0,0
2918,Random,-1,1
2919,Random,-1,1
2920,Random,-1,1
2921,Random,-1,1
2922,draw,0,0
2923,Random,-1,1
2924,Random,-1,1
2925,Random,-1,1
2926,Random,-1,1
2927,Random,-1,1
2928,draw,0,0
2929,Random,-1,1
2930,draw,0,0
2931,Random,-1,1
2932,Random,-1,1
2933,Random,-1,1
2934,NashQ,1,-1
2935,NashQ,1,-1
2936,Random,-1,1
2937,Random,-1,1
2938,NashQ,1,-1
2939,Random,-1,1
2940,Random,-1,1
2941,NashQ,1,-1
2942,Random,-1,1
2943,Random,-1,1
2944,draw,0,0
2945,Random,-1,1
2946,draw,0,0
2947,Random,-1,1
2948,Random,-1,1
2949,Random,-1,1
2950,Random,-1,1
2951,draw,0,0
2952,Random,-1,1
2953,Random,-1,1
2954,draw,0,0
2955,Random,-1,1
2956,draw,0,0
2957,draw,0,0
2958,Random,-1,1
2959,draw,0,0
2960,Random,-1,1
2961,Random,-1,1
2962,Random,-1,1
2963,Random,-1,1
2964,NashQ,1,-1
2965,Random,-1,1
2966,draw,0,0
2967,draw,0,0
2968,Random,-1,1
2969,Random,-1,1
2970,Random,-1,1
2971,Random,-1,1
2972,Random,-1,1
2973,Random,-1,1
2974,draw,0,0
2975,Random,-1,1
2976,Random,-1,1
2977,Random,-1,1
2978,Random,-1,1
2979,draw,0,0
2980,Random,-1,1
2981,Random,-1,1
2982,Random,-1,1
2983,draw,0,0
2984,Random,-1,1
2985,Random,-1,1
2986,NashQ,1,-1
2987,Random,-1,1
2988,Random,-1,1
2989,draw,0,0
2990,Random,-1,1
2991,NashQ,1,-1
2992,draw,0,0
2993,Random,-1,1
2994,draw,0,0
2995,Random,-1,1
2996,NashQ,1,-1
2997,Random,-1,1
2998,Random,-1,1
2999,Random,-1,1
3000,Random,-1,1
3001,draw,0,0
3002,Random,-1,1
3003,Random,-1,1
3004,draw,0,0
3005,Random,-1,1
3006,Random,-1,1
3007,Random,-1,1
3008,draw,0,0
3009,Random,-1,1
3010,Random,-1,1
3011,draw,0,0
3012,Random,-1,1
3013,draw,0,0
3014,Random,-1,1
3015,draw,0,0
3016,Random,-1,1
3017,Random,-1,1
3018,Random,-1,1
3019,draw,0,0
3020,Random,-1,1
3021,draw,0,0
3022,draw,0,0
3023,Random,-1,1
3024,Random,-1,1
3025,Random,-1,1
3026,draw,0,0
3027,draw,0,0
3028,Random,-1,1
3029,Random,-1,1
3030,draw,0,0
3031,Random,-1,1
3032,draw,0,0
3033,Random,-1,1
3034,draw,0,0
3035,Random,-1,1
3036,Random,-1,1
3037,draw,0,0
3038,Random,-1,1
3039,Random,-1,1
3040,draw,0,0
3041,Random,-1,1
3042,draw,0,0
3043,Random,-1,1
3044,Random,-1,1
3045,Random,-1,1
3046,draw,0,0
3047,draw,0,0
3048,Random,-1,1
3049,Random,-1,1
3050,Random,-1,1
3051,Random,-1,1
3052,Random,-1,1
3053,Random,-1,1
3054,draw,0,0
3055,Random,-1,1
3056,draw,0,0
3057,draw,0,0
3058,Random,-1,1
3059,Random,-1,1
3060,Random,-1,1
3061,Random,-1,1
3062,draw,0,0
3063,draw,0,0
3064,draw,0,0
3065,Random,-1,1
3066,Random,-1,1
3067,Random,-1,1
3068,draw,0,0
3069,draw,0,0
3070,NashQ,1,-1
3071,Random,-1,1
3072,Random,-1,1
3073,draw,0,0
3074,draw,0,0
3075,Random,-1,1
3076,Random,-1,1
3077,draw,0,0
3078,Random,-1,1
3079,draw,0,0
3080,Random,-1,1
3081,draw,0,0
3082,Random,-1,1
3083,Random,-1,1
3084,Random,-1,1
3085,NashQ,1,-1
3086,draw,0,0
3087,Random,-1,1
3088,Random,-1,1
3089,Random,-1,1
3090,Random,-1,1
3091,Random,-1,1
3092,Random,-1,1
3093,Random,-1,1
3094,draw,0,0
3095,draw,0,0
3096,Random,-1,1
3097,draw,0,0
3098,Random,-1,1
3099,Random,-1,1
3100,Random,-1,1
3101,Random,-1,1
3102,draw,0,0
3103,Random,-1,1
3104,draw,0,0
3105,draw,0,0
3106,Random,-1,1
3107,Random,-1,1
3108,Random,-1,1
3109,Random,-1,1
3110,Random,-1,1
3111,Random,-1,1
3112,Random,-1,1
3113,draw,0,0
3114,draw,0,0
3115,Random,-1,1
3116,Random,-1,1
3117,Random,-1,1
3118,Random,-1,1
3119,draw,0,0
3120,NashQ,1,-1
3121,draw,0,0
3122,Random,-1,1
3123,Random,-1,1
3124,draw,0,0
3125,draw,0,0
3126,Random,-1,1
3127,draw,0,0
3128,draw,0,0
3129,Random,-1,1
3130,Random,-1,1
3131,draw,0,0
3132,Random,-1,1
3133,Random,-1,1
3134,Random,-1,1
3135,Random,-1,1
3136,Random,-1,1
3137,Random,-1,1
3138,Random,-1,1
3139,NashQ,1,-1
3140,Random,-1,1
3141,Random,-1,1
3142,Random,-1,1
3143,Random,-1,1
3144,draw,0,0
3145,Random,-1,1
3146,draw,0,0
3147,Random,-1,1
3148,Random,-1,1
3149,NashQ,1,-1
3150,Random,-1,1
3151,Random,-1,1
3152,NashQ,1,-1
3153,Random,-1,1
3154,Random,-1,1
3155,draw,0,0
3156,Random,-1,1
3157,Random,-1,1
3158,Random,-1,1
3159,Random,-1,1
3160,draw,0,0
3161,Random,-1,1
3162,draw,0,0
3163,Random,-1,1
3164,Random,-1,1
3165,Random,-1,1
3166,Random,-1,1
3167,Random,-1,1
3168,draw,0,0
3169,Random,-1,1
3170,draw,0,0
3171,draw,0,0
3172,Random,-1,1
3173,Random,-1,1
3174,draw,0,0
3175,Random,-1,1
3176,Random,-1,1
3177,Random,-1,1
3178,Random,-1,1
3179,Random,-1,1
3180,NashQ,1,-1
3181,NashQ,1,-1
3182,Random,-1,1
3183,Random,-1,1
3184,Random,-1,1
3185,Random,-1,1
3186,Random,-1,1
3187,Random,-1,1
3188,draw,0,0
3189,Random,-1,1
3190,Random,-1,1
3191,Random,-1,1
3192,Random,-1,1
3193,draw,0,0
3194,draw,0,0
3195,draw,0,0
3196,Random,-1,1
3197,Random,-1,1
3198,Random,-1,1
3199,Random,-1,1
3200,draw,0,0
3201,Random,-1,1
3202,Random,-1,1
3203,Random,-1,1
3204,NashQ,1,-1
3205,draw,0,0
3206,Random,-1,1
3207,draw,0,0
3208,Random,-1,1
3209,Random,-1,1
3210,Random,-1,1
3211,Random,-1,1
3212,Random,-1,1
3213,Random,-1,1
3214,draw,0,0
3215,Random,-1,1
3216,Random,-1,1
3217,Random,-1,1
3218,Random,-1,1
3219,draw,0,0
3220,Random,-1,1
3221,Random,-1,1
3222,NashQ,1,-1
3223,Random,-1,1
3224,Random,-1,1
3225,Random,-1,1
3226,Random,-1,1
3227,Random,-1,1
3228,draw,0,0
3229,draw,0,0
3230,draw,0,0
3231,Random,-1,1
3232,NashQ,1,-1
3233,Random,-1,1
3234,Random,-1,1
3235,Random,-1,1
3236,draw,0,0
3237,NashQ,1,-1
3238,Random,-1,1
3239,Random,-1,1
3240,Random,-1,1
3241,Random,-1,1
3242,draw,0,0
3243,Random,-1,1
3244,draw,0,0
3245,draw,0,0
3246,Random,-1,1
3247,draw,0,0
3248,NashQ,1,-1
3249,draw,0,0
3250,draw,0,0
3251,Random,-1,1
3252,Random,-1,1
3253,Random,-1,1
3254,draw,0,0
3255,draw,0,0
3256,draw,0,0
3257,draw,0,0
3258,draw,0,0
3259,Random,-1,1
3260,draw,0,0
3261,draw,0,0
3262,Random,-1,1
3263,NashQ,1,-1
3264,Random,-1,1
3265,draw,0,0
3266,draw,0,0
3267,draw,0,0
3268,Random,-1,1
3269,Random,-1,1
3270,Random,-1,1
3271,draw,0,0
3272,Random,-1,1
3273,draw,0,0
3274,Random,-1,1
3275,Random,-1,1
3276,Random,-1,1
3277,Random,-1,1
3278,Random,-1,1
3279,Random,-1,1
3280,Random,-1,1
3281,draw,0,0
3282,NashQ,1,-1
3283,Random,-1,1
3284,Random,-1,1
3285,Random,-1,1
3286,draw,0,0
3287,draw,0,0
3288,draw,0,0
3289,Random,-1,1
3290,Random,-1,1
3291,NashQ,1,-1
3292,draw,0,0
3293,Random,-1,1
3294,draw,0,0
3295,Random,-1,1
3296,Random,-1,1
3297,Random,-1,1
3298,Random,-1,1
3299,Random,-1,1
3300,draw,0,0
3301,Random,-1,1
3302,Random,-1,1
3303,Random,-1,1
3304,Random,-1,1
3305,Random,-1,1
3306,Random,-1,1
3307,draw,0,0
3308,draw,0,0
3309,Random,-1,1
3310,Random,-1,1
3311,draw,0,0
3312,draw,0,0
3313,Random,-1,1
3314,Random,-1,1
3315,Random,-1,1
3316,Random,-1,1
3317,Random,-1,1
3318,Random,-1,1
3319,draw,0,0
3320,draw,0,0
3321,Random,-1,1
3322,Random,-1,1
3323,draw,0,0
3324,Random,-1,1
3325,NashQ,1,-1
3326,Random,-1,1
3327,Random,-1,1
3328,Random,-1,1
3329,Random,-1,1
3330,Random,-1,1
3331,NashQ,1,-1
3332,Random,-1,1
3333,Random,-1,1
3334,Random,-1,1
3335,Random,-1,1
3336,Random,-1,1
3337,Random,-1,1
3338,Random,-1,1
3339,draw,0,0
3340,Random,-1,1
3341,NashQ,1,-1
3342,Random,-1,1
3343,draw,0,0
3344,Random,-1,1
3345,draw,0,0
3346,Random,-1,1
3347,Random,-1,1
3348,Random,-1,1
3349,NashQ,1,-1
3350,draw,0,0
3351,Random,-1,1
3352,Random,-1,1
3353,draw,0,0
3354,Random,-1,1
3355,Random,-1,1
3356,Random,-1,1
3357,draw,0,0
3358,Random,-1,1
3359,Random,-1,1
3360,draw,0,0
3361,draw,0,0
3362,Random,-1,1
3363,Random,-1,1
3364,Random,-1,1
3365,Random,-1,1
3366,Random,-1,1
3367,Random,-1,1
3368,Random,-1,1
3369,Random,-1,1
3370,Random,-1,1
3371,Random,-1,1
3372,Random,-1,1
3373,draw,0,0
3374,Random,-1,1
3375,Random,-1,1
3376,draw,0,0
3377,Random,-1,1
3378,Random,-1,1
3379,Random,-1,1
3380,draw,0,0
3381,Random,-1,1
3382,Random,-1,1
3383,draw,0,0
3384,Random,-1,1
3385,Random,-1,1
3386,Random,-1,1
3387,Random,-1,1
3388,draw,0,0
3389,Random,-1,1
3390,Random,-1,1
3391,Random,-1,1
3392,draw,0,0
3393,Random,-1,1
3394,NashQ,1,-1
3395,Random,-1,1
3396,draw,0,0
3397,NashQ,1,-1
3398,NashQ,1,-1
3399,draw,0,0
3400,draw,0,0
3401,Random,-1,1
3402,Random,-1,1
3403,Random,-1,1
3404,draw,0,0
3405,Random,-1,1
3406,draw,0,0
3407,Random,-1,1
3408,draw,0,0
3409,NashQ,1,-1
3410,Random,-1,1
3411,NashQ,1,-1
3412,draw,0,0
3413,Random,-1,1
3414,draw,0,0
3415,draw,0,0
3416,Random,-1,1
3417,draw,0,0
3418,Random,-1,1
3419,Random,-1,1
3420,Random,-1,1
3421,draw,0,0
3422,Random,-1,1
3423,Random,-1,1
3424,draw,0,0
3425,Random,-1,1
3426,draw,0,0
3427,Random,-1,1
3428,Random,-1,1
3429,Random,-1,1
3430,Random,-1,1
3431,draw,0,0
3432,Random,-1,1
3433,NashQ,1,-1
3434,Random,-1,1
3435,draw,0,0
3436,Random,-1,1
3437,NashQ,1,-1
3438,draw,0,0
3439,Random,-1,1
3440,Random,-1,1
3441,Random,-1,1
3442,Random,-1,1
3443,draw,0,0
3444,Random,-1,1
3445,Random,-1,1
3446,draw,0,0
3447,Random,-1,1
3448,Random,-1,1
3449,Random,-1,1
3450,draw,0,0
3451,draw,0,0
3452,Random,-1,1
3453,Random,-1,1
3454,Random,-1,1
3455,Random,-1,1
3456,Random,-1,1
3457,NashQ,1,-1
3458,NashQ,1,-1
3459,Random,-1,1
3460,draw,0,0
3461,Random,-1,1
3462,draw,0,0
3463,NashQ,1,-1
3464,Random,-1,1
3465,Random,-1,1
3466,Random,-1,1
3467,draw,0,0
3468,Random,-1,1
3469,draw,0,0
3470,Random,-1,1
3471,Random,-1,1
3472,Random,-1,1
3473,Random,-1,1
3474,draw,0,0
3475,Random,-1,1
3476,Random,-1,1
3477,Random,-1,1
3478,Random,-1,1
3479,draw,0,0
3480,Random,-1,1
3481,NashQ,1,-1
3482,NashQ,1,-1
3483,Random,-1,1
3484,Random,-1,1
3485,draw,0,0
3486,Random,-1,1
3487,Random,-1,1
3488,NashQ,1,-1
3489,Random,-1,1
3490,Random,-1,1
3491,Random,-1,1
3492,draw,0,0
3493,Random,-1,1
3494,Random,-1,1
3495,NashQ,1,-1
3496,draw,0,0
3497,Random,-1,1
3498,Random,-1,1
3499,Random,-1,1
3500,draw,0,0
3501,draw,0,0
3502,draw,0,0
3503,Random,-1,1
3504,Random,-1,1
3505,Random,-1,1
3506,draw,0,0
3507,Random,-1,1
3508,Random,-1,1
3509,Random,-1,1
3510,Random,-1,1
3511,Random,-1,1
3512,draw,0,0
3513,draw,0,0
3514,NashQ,1,-1
3515,Random,-1,1
3516,Random,-1,1
3517,NashQ,1,-1
3518,Random,-1,1
3519,Random,-1,1
3520,draw,0,0
3521,NashQ,1,-1
3522,draw,0,0
3523,Random,-1,1
3524,draw,0,0
3525,draw,0,0
3526,draw,0,0
3527,draw,0,0
3528,draw,0,0
3529,draw,0,0
3530,Random,-1,1
3531,Random,-1,1
3532,Random,-1,1
3533,Random,-1,1
3534,Random,-1,1
3535,draw,0,0
3536,Random,-1,1
3537,draw,0,0
3538,Random,-1,1
3539,Random,-1,1
3540,Random,-1,1
3541,Random,-1,1
3542,Random,-1,1
3543,NashQ,1,-1
3544,Random,-1,1
3545,Random,-1,1
3546,Random,-1,1
3547,Random,-1,1
3548,Random,-1,1
3549,Random,-1,1
3550,draw,0,0
3551,Random,-1,1
3552,Random,-1,1
3553,Random,-1,1
3554,Random,-1,1
3555,Random,-1,1
3556,Random,-1,1
3557,Random,-1,1
3558,draw,0,0
3559,Random,-1,1
3560,Random,-1,1
3561,Random,-1,1
3562,Random,-1,1
3563,Random,-1,1
3564,Random,-1,1
3565,Random,-1,1
3566,Random,-1,1
3567,Random,-1,1
3568,draw,0,0
3569,Random,-1,1
3570,Random,-1,1
3571,Random,-1,1
3572,Random,-1,1
3573,draw,0,0
3574,Random,-1,1
3575,Random,-1,1
3576,Random,-1,1
3577,Random,-1,1
3578,Random,-1,1
3579,draw,0,0
3580,draw,0,0
3581,Random,-1,1
3582,Random,-1,1
3583,Random,-1,1
3584,Random,-1,1
3585,NashQ,1,-1
3586,draw,0,0
3587,Random,-1,1
3588,draw,0,0
3589,Random,-1,1
3590,draw,0,0
3591,Random,-1,1
3592,Random,-1,1
3593,draw,0,0
3594,draw,0,0
3595,draw,0,0
3596,Random,-1,1
3597,Random,-1,1
3598,Random,-1,1
3599,Random,-1,1
3600,NashQ,1,-1
3601,Random,-1,1
3602,draw,0,0
3603,Random,-1,1
3604,draw,0,0
3605,Random,-1,1
3606,draw,0,0
3607,Random,-1,1
3608,draw,0,0
3609,NashQ,1,-1
3610,Random,-1,1
3611,draw,0,0
3612,Random,-1,1
3613,Random,-1,1
3614,Random,-1,1
3615,draw,0,0
3616,Random,-1,1
3617,Random,-1,1
3618,Random,-1,1
3619,Random,-1,1
3620,NashQ,1,-1
3621,Random,-1,1
3622,Random,-1,1
3623,Random,-1,1
3624,draw,0,0
3625,draw,0,0
3626,draw,0,0
3627,NashQ,1,-1
3628,Random,-1,1
3629,Random,-1,1
3630,draw,0,0
3631,Random,-1,1
3632,draw,0,0
3633,draw,0,0
3634,NashQ,1,-1
3635,Random,-1,1
3636,Random,-1,1
3637,Random,-1,1
3638,draw,0,0
3639,draw,0,0
3640,NashQ,1,-1
3641,NashQ,1,-1
3642,Random,-1,1
3643,draw,0,0
3644,draw,0,0
3645,Random,-1,1
3646,draw,0,0
3647,Random,-1,1
3648,Random,-1,1
3649,Random,-1,1
3650,Random,-1,1
3651,Random,-1,1
3652,draw,0,0
3653,Random,-1,1
3654,draw,0,0
3655,NashQ,1,-1
3656,Random,-1,1
3657,Random,-1,1
3658,Random,-1,1
3659,Random,-1,1
3660,Random,-1,1
3661,draw,0,0
3662,Random,-1,1
3663,Random,-1,1
3664,Random,-1,1
3665,Random,-1,1
3666,Random,-1,1
3667,draw,0,0
3668,draw,0,0
3669,Random,-1,1
3670,Random,-1,1
3671,NashQ,1,-1
3672,draw,0,0
3673,Random,-1,1
3674,NashQ,1,-1
3675,Random,-1,1
3676,Random,-1,1
3677,Random,-1,1
3678,Random,-1,1
3679,Random,-1,1
3680,draw,0,0
3681,draw,0,0
3682,draw,0,0
3683,NashQ,1,-1
3684,Random,-1,1
3685,Random,-1,1
3686,Random,-1,1
3687,draw,0,0
3688,Random,-1,1
3689,draw,0,0
3690,draw,0,0
3691,Random,-1,1
3692,Random,-1,1
3693,Random,-1,1
3694,Random,-1,1
3695,draw,0,0
3696,draw,0,0
3697,Random,-1,1
3698,Random,-1,1
3699,Random,-1,1
3700,Random,-1,1
3701,Random,-1,1
3702,draw,0,0
3703,draw,0,0
3704,draw,0,0
3705,Random,-1,1
3706,draw,0,0
3707,Random,-1,1
3708,Random,-1,1
3709,Random,-1,1
3710,Random,-1,1
3711,draw,0,0
3712,Random,-1,1
3713,draw,0,0
3714,draw,0,0
3715,Random,-1,1
3716,Random,-1,1
3717,draw,0,0
3718,Random,-1,1
3719,Random,-1,1
3720,Random,-1,1
3721,Random,-1,1
3722,Random,-1,1
3723,Random,-1,1
3724,Random,-1,1
3725,draw,0,0
3726,Random,-1,1
3727,Random,-1,1
3728,NashQ,1,-1
3729,Random,-1,1
3730,Random,-1,1
3731,NashQ,1,-1
3732,Random,-1,1
3733,Random,-1,1
3734,Random,-1,1
3735,Random,-1,1
3736,draw,0,0
3737,Random,-1,1
3738,Random,-1,1
3739,draw,0,0
3740,Random,-1,1
3741,draw,0,0
3742,Random,-1,1
3743,NashQ,1,-1
3744,draw,0,0
3745,Random,-1,1
3746,Random,-1,1
3747,draw,0,0
3748,draw,0,0
3749,NashQ,1,-1
3750,Random,-1,1
3751,Random,-1,1
3752,Random,-1,1
3753,Random,-1,1
3754,draw,0,0
3755,Random,-1,1
3756,Random,-1,1
3757,Random,-1,1
3758,draw,0,0
3759,Random,-1,1
3760,Random,-1,1
3761,Random,-1,1
3762,Random,-1,1
3763,NashQ,1,-1
3764,Random,-1,1
3765,draw,0,0
3766,Random,-1,1
3767,draw,0,0
3768,NashQ,1,-1
3769,draw,0,0
3770,Random,-1,1
3771,draw,0,0
3772,Random,-1,1
3773,Random,-1,1
3774,draw,0,0
3775,draw,0,0
3776,Random,-1,1
3777,NashQ,1,-1
3778,Random,-1,1
3779,draw,0,0
3780,Random,-1,1
3781,Random,-1,1
3782,draw,0,0
3783,NashQ,1,-1
3784,NashQ,1,-1
3785,Random,-1,1
3786,draw,0,0
3787,Random,-1,1
3788,draw,0,0
3789,draw,0,0
3790,Random,-1,1
3791,Random,-1,1
3792,draw,0,0
3793,Random,-1,1
3794,Random,-1,1
3795,draw,0,0
3796,draw,0,0
3797,Random,-1,1
3798,draw,0,0
3799,Random,-1,1
3800,Random,-1,1
3801,Random,-1,1
3802,Random,-1,1
3803,Random,-1,1
3804,Random,-1,1
3805,Random,-1,1
3806,Random,-1,1
3807,Random,-1,1
3808,Random,-1,1
3809,Random,-1,1
3810,Random,-1,1
3811,draw,0,0
3812,Random,-1,1
3813,NashQ,1,-1
3814,Random,-1,1
3815,Random,-1,1
3816,Random,-1,1
3817,draw,0,0
3818,Random,-1,1
3819,Random,-1,1
3820,Random,-1,1
3821,draw,0,0
3822,draw,0,0
3823,draw,0,0
3824,Random,-1,1
3825,Random,-1,1
3826,Random,-1,1
3827,draw,0,0
3828,draw,0,0
3829,Random,-1,1
3830,Random,-1,1
3831,draw,0,0
3832,draw,0,0
3833,Random,-1,1
3834,Random,-1,1
3835,Random,-1,1
3836,draw,0,0
3837,Random,-1,1
3838,draw,0,0
3839,Random,-1,1
3840,draw,0,0
3841,Random,-1,1
3842,draw,0,0
3843,draw,0,0
3844,Random,-1,1
3845,draw,0,0
3846,Random,-1,1
3847,draw,0,0
3848,draw,0,0
3849,Random,-1,1
3850,Random,-1,1
3851,Random,-1,1
3852,Random,-1,1
3853,Random,-1,1
3854,NashQ,1,-1
3855,Random,-1,1
3856,Random,-1,1
3857,Random,-1,1
3858,Random,-1,1
3859,Random,-1,1
3860,Random,-1,1
3861,Random,-1,1
3862,Random,-1,1
3863,NashQ,1,-1
3864,draw,0,0
3865,draw,0,0
3866,Random,-1,1
3867,draw,0,0
3868,Random,-1,1
3869,Random,-1,1
3870,Random,-1,1
3871,Random,-1,1
3872,Random,-1,1
3873,Random,-1,1
3874,Random,-1,1
3875,draw,0,0
3876,draw,0,0
3877,Random,-1,1
3878,NashQ,1,-1
3879,draw,0,0
3880,draw,0,0
3881,Random,-1,1
3882,draw,0,0
3883,Random,-1,1
3884,NashQ,1,-1
3885,Random,-1,1
3886,draw,0,0
3887,Random,-1,1
3888,Random,-1,1
3889,draw,0,0
3890,Random,-1,1
3891,Random,-1,1
3892,Random,-1,1
3893,draw,0,0
3894,Random,-1,1
3895,Random,-1,1
3896,NashQ,1,-1
3897,Random,-1,1
3898,NashQ,1,-1
3899,Random,-1,1
3900,Random,-1,1
3901,Random,-1,1
3902,Random,-1,1
3903,Random,-1,1
3904,Random,-1,1
3905,Random,-1,1
3906,draw,0,0
3907,Random,-1,1
3908,draw,0,0
3909,Random,-1,1
3910,Random,-1,1
3911,draw,0,0
3912,Random,-1,1
3913,Random,-1,1
3914,Random,-1,1
3915,Random,-1,1
3916,Random,-1,1
3917,Random,-1,1
3918,draw,0,0
3919,Random,-1,1
3920,Random,-1,1
3921,Random,-1,1
3922,Random,-1,1
3923,Random,-1,1
3924,Random,-1,1
3925,Random,-1,1
3926,NashQ,1,-1
3927,Random,-1,1
3928,Random,-1,1
3929,Random,-1,1
3930,draw,0,0
3931,draw,0,0
3932,draw,0,0
3933,Random,-1,1
3934,Random,-1,1
3935,Random,-1,1
3936,NashQ,1,-1
3937,Random,-1,1
3938,Random,-1,1
3939,draw,0,0
3940,Random,-1,1
3941,Random,-1,1
3942,draw,0,0
3943,draw,0,0
3944,Random,-1,1
3945,Random,-1,1
3946,Random,-1,1
3947,Random,-1,1
3948,NashQ,1,-1
3949,Random,-1,1
3950,Random,-1,1
3951,draw,0,0
3952,draw,0,0
3953,Random,-1,1
3954,draw,0,0
3955,Random,-1,1
3956,Random,-1,1
3957,Random,-1,1
3958,Random,-1,1
3959,Random,-1,1
3960,Random,-1,1
3961,Random,-1,1
3962,Random,-1,1
3963,Random,-1,1
3964,Random,-1,1
3965,Random,-1,1
3966,NashQ,1,-1
3967,Random,-1,1
3968,Random,-1,1
3969,draw,0,0
3970,draw,0,0
3971,Random,-1,1
3972,Random,-1,1
3973,draw,0,0
3974,Random,-1,1
3975,Random,-1,1
3976,Random,-1,1
3977,Random,-1,1
3978,draw,0,0
3979,Random,-1,1
3980,draw,0,0
3981,Random,-1,1
3982,Random,-1,1
3983,Random,-1,1
3984,Random,-1,1
3985,draw,0,0
3986,Random,-1,1
3987,Random,-1,1
3988,draw,0,0
3989,Random,-1,1
3990,Random,-1,1
3991,draw,0,0
3992,Random,-1,1
3993,Random,-1,1
3994,Random,-1,1
3995,Random,-1,1
3996,NashQ,1,-1
3997,Random,-1,1
3998,Random,-1,1
3999,Random,-1,1
4000,draw,0,0
4001,Random,-1,1
4002,Random,-1,1
4003,Random,-1,1
4004,NashQ,1,-1
4005,Random,-1,1
4006,draw,0,0
4007,Random,-1,1
4008,Random,-1,1
4009,Random,-1,1
4010,Random,-1,1
4011,Random,-1,1
4012,Random,-1,1
4013,NashQ,1,-1
4014,Random,-1,1
4015,Random,-1,1
4016,Random,-1,1
4017,Random,-1,1
4018,NashQ,1,-1
4019,draw,0,0
4020,Random,-1,1
4021,draw,0,0
4022,Random,-1,1
4023,NashQ,1,-1
4024,Random,-1,1
4025,NashQ,1,-1
4026,Random,-1,1
4027,Random,-1,1
4028,draw,0,0
4029,Random,-1,1
4030,NashQ,1,-1
4031,Random,-1,1
4032,draw,0,0
4033,NashQ,1,-1
4034,draw,0,0
4035,NashQ,1,-1
4036,Random,-1,1
4037,draw,0,0
4038,draw,0,0
4039,Random,-1,1
4040,Random,-1,1
4041,NashQ,1,-1
4042,NashQ,1,-1
4043,Random,-1,1
4044,Random,-1,1
4045,draw,0,0
4046,Random,-1,1
4047,Random,-1,1
4048,Random,-1,1
4049,Random,-1,1
4050,draw,0,0
4051,NashQ,1,-1
4052,Random,-1,1
4053,Random,-1,1
4054,draw,0,0
4055,Random,-1,1
4056,draw,0,0
4057,Random,-1,1
4058,Random,-1,1
4059,Random,-1,1
4060,Random,-1,1
4061,Random,-1,1
4062,draw,0,0
4063,Random,-1,1
4064,draw,0,0
4065,draw,0,0
4066,NashQ,1,-1
4067,Random,-1,1
4068,Random,-1,1
4069,draw,0,0
4070,Random,-1,1
4071,Random,-1,1
4072,NashQ,1,-1
4073,draw,0,0
4074,NashQ,1,-1
4075,draw,0,0
4076,NashQ,1,-1
4077,Random,-1,1
4078,Random,-1,1
4079,draw,0,0
4080,Random,-1,1
4081,Random,-1,1
4082,draw,0,0
4083,Random,-1,1
4084,Random,-1,1
4085,Random,-1,1
4086,Random,-1,1
4087,Random,-1,1
4088,draw,0,0
4089,Random,-1,1
4090,Random,-1,1
4091,Random,-1,1
4092,draw,0,0
4093,Random,-1,1
4094,Random,-1,1
4095,draw,0,0
4096,Random,-1,1
4097,draw,0,0
4098,Random,-1,1
4099,Random,-1,1
4100,NashQ,1,-1
4101,Random,-1,1
4102,NashQ,1,-1
4103,Random,-1,1
4104,Random,-1,1
4105,Random,-1,1
4106,draw,0,0
4107,Random,-1,1
4108,Random,-1,1
4109,Random,-1,1
4110,Random,-1,1
4111,Random,-1,1
4112,NashQ,1,-1
4113,draw,0,0
4114,Random,-1,1
4115,Random,-1,1
4116,draw,0,0
4117,draw,0,0
4118,Random,-1,1
4119,draw,0,0
4120,Random,-1,1
4121,Random,-1,1
4122,NashQ,1,-1
4123,Random,-1,1
4124,Random,-1,1
4125,Random,-1,1
4126,draw,0,0
4127,Random,-1,1
4128,draw,0,0
4129,Random,-1,1
4130,NashQ,1,-1
4131,NashQ,1,-1
4132,Random,-1,1
4133,Random,-1,1
4134,draw,0,0
4135,draw,0,0
4136,Random,-1,1
4137,Random,-1,1
4138,draw,0,0
4139,draw,0,0
4140,Random,-1,1
4141,Random,-1,1
4142,draw,0,0
4143,Random,-1,1
4144,Random,-1,1
4145,draw,0,0
4146,draw,0,0
4147,Random,-1,1
4148,Random,-1,1
4149,Random,-1,1
4150,Random,-1,1
4151,Random,-1,1
4152,Random,-1,1
4153,Random,-1,1
4154,draw,0,0
4155,Random,-1,1
4156,draw,0,0
4157,Random,-1,1
4158,draw,0,0
4159,Random,-1,1
4160,draw,0,0
4161,draw,0,0
4162,Random,-1,1
4163,draw,0,0
4164,NashQ,1,-1
4165,Random,-1,1
4166,Random,-1,1
4167,NashQ,1,-1
4168,Random,-1,1
4169,Random,-1,1
4170,Random,-1,1
4171,draw,0,0
4172,Random,-1,1
4173,NashQ,1,-1
4174,draw,0,0
4175,Random,-1,1
4176,draw,0,0
4177,Random,-1,1
4178,Random,-1,1
4179,draw,0,0
4180,Random,-1,1
4181,draw,0,0
4182,Random,-1,1
4183,draw,0,0
4184,NashQ,1,-1
4185,Random,-1,1
4186,Random,-1,1
4187,Random,-1,1
4188,Random,-1,1
4189,draw,0,0
4190,Random,-1,1
4191,NashQ,1,-1
4192,Random,-1,1
4193,Random,-1,1
4194,Random,-1,1
4195,Random,-1,1
4196,draw,0,0
4197,Random,-1,1
4198,draw,0,0
4199,Random,-1,1
4200,Random,-1,1
4201,draw,0,0
4202,draw,0,0
4203,Random,-1,1
4204,Random,-1,1
4205,Random,-1,1
4206,draw,0,0
4207,Random,-1,1
4208,draw,0,0
4209,Random,-1,1
4210,draw,0,0
4211,draw,0,0
4212,NashQ,1,-1
4213,Random,-1,1
4214,Random,-1,1
4215,Random,-1,1
4216,Random,-1,1
4217,draw,0,0
4218,draw,0,0
4219,Random,-1,1
4220,Random,-1,1
4221,NashQ,1,-1
4222,Random,-1,1
4223,draw,0,0
4224,NashQ,1,-1
4225,Random,-1,1
4226,Random,-1,1
4227,Random,-1,1
4228,draw,0,0
4229,Random,-1,1
4230,Random,-1,1
4231,Random,-1,1
4232,Random,-1,1
4233,Random,-1,1
4234,NashQ,1,-1
4235,Random,-1,1
4236,draw,0,0
4237,Random,-1,1
4238,Random,-1,1
4239,Random,-1,1
4240,NashQ,1,-1
4241,draw,0,0
4242,Random,-1,1
4243,Random,-1,1
4244,draw,0,0
4245,draw,0,0
4246,draw,0,0
4247,NashQ,1,-1
4248,Random,-1,1
4249,Random,-1,1
4250,Random,-1,1
4251,Random,-1,1
4252,Random,-1,1
4253,Random,-1,1
4254,Random,-1,1
4255,Random,-1,1
4256,Random,-1,1
4257,draw,0,0
4258,draw,0,0
4259,Random,-1,1
4260,Random,-1,1
4261,draw,0,0
4262,Random,-1,1
4263,Random,-1,1
4264,Random,-1,1
4265,Random,-1,1
4266,Random,-1,1
4267,draw,0,0
4268,NashQ,1,-1
4269,Random,-1,1
4270,Random,-1,1
4271,Random,-1,1
4272,draw,0,0
4273,Random,-1,1
4274,Random,-1,1
4275,Random,-1,1
4276,draw,0,0
4277,Random,-1,1
4278,Random,-1,1
4279,Random,-1,1
4280,draw,0,0
4281,Random,-1,1
4282,Random,-1,1
4283,draw,0,0
4284,NashQ,1,-1
4285,Random,-1,1
4286,Random,-1,1
4287,draw,0,0
4288,Random,-1,1
4289,NashQ,1,-1
4290,Random,-1,1
4291,draw,0,0
4292,Random,-1,1
4293,draw,0,0
4294,Random,-1,1
4295,NashQ,1,-1
4296,Random,-1,1
4297,Random,-1,1
4298,draw,0,0
4299,Random,-1,1
4300,draw,0,0
4301,Random,-1,1
4302,Random,-1,1
4303,Random,-1,1
4304,Random,-1,1
4305,Random,-1,1
4306,Random,-1,1
4307,Random,-1,1
4308,Random,-1,1
4309,Random,-1,1
4310,draw,0,0
4311,Random,-1,1
4312,Random,-1,1
4313,Random,-1,1
4314,Random,-1,1
4315,Random,-1,1
4316,Random,-1,1
4317,Random,-1,1
4318,NashQ,1,-1
4319,Random,-1,1
4320,draw,0,0
4321,NashQ,1,-1
4322,draw,0,0
4323,draw,0,0
4324,Random,-1,1
4325,Random,-1,1
4326,Random,-1,1
4327,draw,0,0
4328,draw,0,0
4329,Random,-1,1
4330,Random,-1,1
4331,Random,-1,1
4332,Random,-1,1
4333,draw,0,0
4334,draw,0,0
4335,NashQ,1,-1
4336,Random,-1,1
4337,NashQ,1,-1
4338,draw,0,0
4339,Random,-1,1
4340,draw,0,0
4341,Random,-1,1
4342,Random,-1,1
4343,NashQ,1,-1
4344,Random,-1,1
4345,Random,-1,1
4346,Random,-1,1
4347,Random,-1,1
4348,Random,-1,1
4349,Random,-1,1
4350,Random,-1,1
4351,draw,0,0
4352,Random,-1,1
4353,Random,-1,1
4354,Random,-1,1
4355,Random,-1,1
4356,Random,-1,1
4357,Random,-1,1
4358,draw,0,0
4359,Random,-1,1
4360,Random,-1,1
4361,Random,-1,1
4362,Random,-1,1
4363,draw,0,0
4364,Random,-1,1
4365,Random,-1,1
4366,Random,-1,1
4367,Random,-1,1
4368,draw,0,0
4369,Random,-1,1
4370,Random,-1,1
4371,Random,-1,1
4372,draw,0,0
4373,Random,-1,1
4374,NashQ,1,-1
4375,Random,-1,1
4376,Random,-1,1
4377,Random,-1,1
4378,draw,0,0
4379,NashQ,1,-1
4380,Random,-1,1
4381,NashQ,1,-1
4382,Random,-1,1
4383,Random,-1,1
4384,Random,-1,1
4385,Random,-1,1
4386,draw,0,0
4387,Random,-1,1
4388,Random,-1,1
4389,Random,-1,1
4390,Random,-1,1
4391,Random,-1,1
4392,draw,0,0
4393,NashQ,1,-1
4394,Random,-1,1
4395,Random,-1,1
4396,draw,0,0
4397,Random,-1,1
4398,Random,-1,1
4399,draw,0,0
4400,draw,0,0
4401,Random,-1,1
4402,Random,-1,1
4403,NashQ,1,-1
4404,Random,-1,1
4405,draw,0,0
4406,Random,-1,1
4407,Random,-1,1
4408,Random,-1,1
4409,Random,-1,1
4410,Random,-1,1
4411,Random,-1,1
4412,NashQ,1,-1
4413,draw,0,0
4414,Random,-1,1
4415,Random,-1,1
4416,NashQ,1,-1
4417,Random,-1,1
4418,Random,-1,1
4419,Random,-1,1
4420,Random,-1,1
4421,Random,-1,1
4422,Random,-1,1
4423,Random,-1,1
4424,Random,-1,1
4425,Random,-1,1
4426,Random,-1,1
4427,Random,-1,1
4428,Random,-1,1
4429,Random,-1,1
4430,Random,-1,1
4431,Random,-1,1
4432,draw,0,0
4433,NashQ,1,-1
4434,NashQ,1,-1
4435,Random,-1,1
4436,Random,-1,1
4437,NashQ,1,-1
4438,Random,-1,1
4439,Random,-1,1
4440,Random,-1,1
4441,draw,0,0
4442,Random,-1,1
4443,Random,-1,1
4444,Random,-1,1
4445,draw,0,0
4446,Random,-1,1
4447,draw,0,0
4448,Random,-1,1
4449,draw,0,0
4450,Random,-1,1
4451,draw,0,0
4452,draw,0,0
4453,Random,-1,1
4454,draw,0,0
4455,draw,0,0
4456,Random,-1,1
4457,Random,-1,1
4458,draw,0,0
4459,Random,-1,1
4460,Random,-1,1
4461,Random,-1,1
4462,NashQ,1,-1
4463,Random,-1,1
4464,Random,-1,1
4465,Random,-1,1
4466,Random,-1,1
4467,Random,-1,1
4468,Random,-1,1
4469,Random,-1,1
4470,draw,0,0
4471,draw,0,0
4472,Random,-1,1
4473,draw,0,0
4474,Random,-1,1
4475,Random,-1,1
4476,draw,0,0
4477,Random,-1,1
4478,Random,-1,1
4479,draw,0,0
4480,Random,-1,1
4481,draw,0,0
4482,Random,-1,1
4483,Random,-1,1
4484,Random,-1,1
4485,Random,-1,1
4486,Random,-1,1
4487,NashQ,1,-1
4488,Random,-1,1
4489,Random,-1,1
4490,Random,-1,1
4491,Random,-1,1
4492,Random,-1,1
4493,Random,-1,1
4494,Random,-1,1
4495,Random,-1,1
4496,NashQ,1,-1
4497,draw,0,0
4498,draw,0,0
4499,Random,-1,1
4500,draw,0,0
4501,draw,0,0
4502,draw,0,0
4503,draw,0,0
4504,Random,-1,1
4505,NashQ,1,-1
4506,Random,-1,1
4507,Random,-1,1
4508,draw,0,0
4509,Random,-1,1
4510,Random,-1,1
4511,Random,-1,1
4512,Random,-1,1
4513,Random,-1,1
4514,draw,0,0
4515,Random,-1,1
4516,NashQ,1,-1
4517,draw,0,0
4518,draw,0,0
4519,Random,-1,1
4520,Random,-1,1
4521,draw,0,0
4522,Random,-1,1
4523,draw,0,0
4524,draw,0,0
4525,draw,0,0
4526,Random,-1,1
4527,Random,-1,1
4528,Random,-1,1
4529,Random,-1,1
4530,Random,-1,1
4531,Random,-1,1
4532,draw,0,0
4533,Random,-1,1
4534,Random,-1,1
4535,Random,-1,1
4536,NashQ,1,-1
4537,Random,-1,1
4538,Random,-1,1
4539,Random,-1,1
4540,draw,0,0
4541,NashQ,1,-1
4542,Random,-1,1
4543,Random,-1,1
4544,draw,0,0
4545,draw,0,0
4546,Random,-1,1
4547,Random,-1,1
4548,draw,0,0
4549,Random,-1,1
4550,Random,-1,1
4551,Random,-1,1
4552,Random,-1,1
4553,Random,-1,1
4554,draw,0,0
4555,Random,-1,1
4556,Random,-1,1
4557,Random,-1,1
4558,NashQ,1,-1
4559,Random,-1,1
4560,Random,-1,1
4561,Random,-1,1
4562,Random,-1,1
4563,draw,0,0
4564,draw,0,0
4565,Random,-1,1
4566,NashQ,1,-1
4567,NashQ,1,-1
4568,Random,-1,1
4569,Random,-1,1
4570,Random,-1,1
4571,NashQ,1,-1
4572,Random,-1,1
4573,draw,0,0
4574,Random,-1,1
4575,Random,-1,1
4576,Random,-1,1
4577,Random,-1,1
4578,draw,0,0
4579,NashQ,1,-1
4580,NashQ,1,-1
4581,Random,-1,1
4582,draw,0,0
4583,Random,-1,1
4584,NashQ,1,-1
4585,Random,-1,1
4586,NashQ,1,-1
4587,Random,-1,1
4588,Random,-1,1
4589,Random,-1,1
4590,Random,-1,1
4591,draw,0,0
4592,Random,-1,1
4593,Random,-1,1
4594,Random,-1,1
4595,Random,-1,1
4596,Random,-1,1
4597,draw,0,0
4598,Random,-1,1
4599,Random,-1,1
4600,Random,-1,1
4601,Random,-1,1
4602,Random,-1,1
4603,Random,-1,1
4604,Random,-1,1
4605,Random,-1,1
4606,draw,0,0
4607,Random,-1,1
4608,Random,-1,1
4609,draw,0,0
4610,draw,0,0
4611,Random,-1,1
4612,Random,-1,1
4613,Random,-1,1
4614,draw,0,0
4615,Random,-1,1
4616,Random,-1,1
4617,NashQ,1,-1
4618,draw,0,0
4619,draw,0,0
4620,Random,-1,1
4621,Random,-1,1
4622,draw,0,0
4623,draw,0,0
4624,Random,-1,1
4625,Random,-1,1
4626,Random,-1,1
4627,Random,-1,1
4628,draw,0,0
4629,Random,-1,1
4630,Random,-1,1
4631,draw,0,0
4632,draw,0,0
4633,Random,-1,1
4634,Random,-1,1
4635,Random,-1,1
4636,draw,0,0
4637,draw,0,0
4638,draw,0,0
4639,draw,0,0
4640,draw,0,0
4641,Random,-1,1
4642,NashQ,1,-1
4643,draw,0,0
4644,draw,0,0
4645,Random,-1,1
4646,Random,-1,1
4647,Random,-1,1
4648,Random,-1,1
4649,draw,0,0
4650,Random,-1,1
4651,Random,-1,1
4652,draw,0,0
4653,Random,-1,1
4654,Random,-1,1
4655,Random,-1,1
4656,Random,-1,1
4657,Random,-1,1
4658,draw,0,0
4659,Random,-1,1
4660,Random,-1,1
4661,draw,0,0
4662,Random,-1,1
4663,Random,-1,1
4664,Random,-1,1
4665,Random,-1,1
4666,Random,-1,1
4667,NashQ,1,-1
4668,Random,-1,1
4669,Random,-1,1
4670,Random,-1,1
4671,NashQ,1,-1
4672,draw,0,0
4673,Random,-1,1
4674,draw,0,0
4675,Random,-1,1
4676,Random,-1,1
4677,draw,0,0
4678,draw,0,0
4679,Random,-1,1
4680,Random,-1,1
4681,Random,-1,1
4682,Random,-1,1
4683,Random,-1,1
4684,draw,0,0
4685,Random,-1,1
4686,Random,-1,1
4687,draw,0,0
4688,Random,-1,1
4689,draw,0,0
4690,draw,0,0
4691,Random,-1,1
4692,Random,-1,1
4693,draw,0,0
4694,Random,-1,1
4695,draw,0,0
4696,Random,-1,1
4697,draw,0,0
4698,Random,-1,1
4699,draw,0,0
4700,Random,-1,1
4701,Random,-1,1
4702,draw,0,0
4703,draw,0,0
4704,Random,-1,1
4705,Random,-1,1
4706,draw,0,0
4707,Random,-1,1
4708,Random,-1,1
4709,draw,0,0
4710,draw,0,0
4711,draw,0,0
4712,NashQ,1,-1
4713,Random,-1,1
4714,Random,-1,1
4715,Random,-1,1
4716,NashQ,1,-1
4717,Random,-1,1
4718,Random,-1,1
4719,Random,-1,1
4720,Random,-1,1
4721,draw,0,0
4722,Random,-1,1
4723,Random,-1,1
4724,Random,-1,1
4725,draw,0,0
4726,draw,0,0
4727,Random,-1,1
4728,Random,-1,1
4729,Random,-1,1
4730,Random,-1,1
4731,Random,-1,1
4732,Random,-1,1
4733,draw,0,0
4734,Random,-1,1
4735,NashQ,1,-1
4736,Random,-1,1
4737,draw,0,0
4738,Random,-1,1
4739,Random,-1,1
4740,draw,0,0
4741,Random,-1,1
4742,Random,-1,1
4743,Random,-1,1
4744,Random,-1,1
4745,Random,-1,1
4746,Random,-1,1
4747,Random,-1,1
4748,Random,-1,1
4749,Random,-1,1
4750,Random,-1,1
4751,Random,-1,1
4752,draw,0,0
4753,draw,0,0
4754,Random,-1,1
4755,Random,-1,1
4756,Random,-1,1
4757,NashQ,1,-1
4758,Random,-1,1
4759,draw,0,0
4760,Random,-1,1
4761,Random,-1,1
4762,Random,-1,1
4763,draw,0,0
4764,Random,-1,1
4765,Random,-1,1
4766,Random,-1,1
4767,Random,-1,1
4768,Random,-1,1
4769,Random,-1,1
4770,draw,0,0
4771,Random,-1,1
4772,draw,0,0
4773,Random,-1,1
4774,draw,0,0
4775,Random,-1,1
4776,draw,0,0
4777,Random,-1,1
4778,Random,-1,1
4779,draw,0,0
4780,draw,0,0
4781,Random,-1,1
4782,draw,0,0
4783,draw,0,0
4784,NashQ,1,-1
4785,draw,0,0
4786,Random,-1,1
4787,draw,0,0
4788,draw,0,0
4789,Random,-1,1
4790,Random,-1,1
4791,draw,0,0
4792,NashQ,1,-1
4793,draw,0,0
4794,Random,-1,1
4795,Random,-1,1
4796,Random,-1,1
4797,draw,0,0
4798,NashQ,1,-1
4799,Random,-1,1
4800,Random,-1,1
4801,Random,-1,1
4802,Random,-1,1
4803,Random,-1,1
4804,Random,-1,1
4805,draw,0,0
4806,draw,0,0
4807,Random,-1,1
4808,Random,-1,1
4809,NashQ,1,-1
4810,Random,-1,1
4811,Random,-1,1
4812,Random,-1,1
4813,Random,-1,1
4814,Random,-1,1
4815,Random,-1,1
4816,draw,0,0
4817,Random,-1,1
4818,Random,-1,1
4819,Random,-1,1
4820,draw,0,0
4821,Random,-1,1
4822,Random,-1,1
4823,Random,-1,1
4824,Random,-1,1
4825,Random,-1,1
4826,Random,-1,1
4827,Random,-1,1
4828,draw,0,0
4829,Random,-1,1
4830,Random,-1,1
4831,Random,-1,1
4832,Random,-1,1
4833,Random,-1,1
4834,draw,0,0
4835,NashQ,1,-1
4836,Random,-1,1
4837,draw,0,0
4838,Random,-1,1
4839,NashQ,1,-1
4840,draw,0,0
4841,draw,0,0
4842,draw,0,0
4843,Random,-1,1
4844,Random,-1,1
4845,Random,-1,1
4846,draw,0,0
4847,Random,-1,1
4848,Random,-1,1
4849,Random,-1,1
4850,Random,-1,1
4851,Random,-1,1
4852,Random,-1,1
4853,Random,-1,1
4854,Random,-1,1
4855,Random,-1,1
4856,Random,-1,1
4857,Random,-1,1
4858,Random,-1,1
4859,draw,0,0
4860,NashQ,1,-1
4861,draw,0,0
4862,draw,0,0
4863,Random,-1,1
4864,Random,-1,1
4865,Random,-1,1
4866,Random,-1,1
4867,draw,0,0
4868,NashQ,1,-1
4869,Random,-1,1
4870,Random,-1,1
4871,NashQ,1,-1
4872,Random,-1,1
4873,Random,-1,1
4874,draw,0,0
4875,Random,-1,1
4876,draw,0,0
4877,Random,-1,1
4878,Random,-1,1
4879,Random,-1,1
4880,Random,-1,1
4881,draw,0,0
4882,Random,-1,1
4883,draw,0,0
4884,draw,0,0
4885,draw,0,0
4886,Random,-1,1
4887,draw,0,0
4888,draw,0,0
4889,Random,-1,1
4890,Random,-1,1
4891,NashQ,1,-1
4892,draw,0,0
4893,Random,-1,1
4894,Random,-1,1
4895,Random,-1,1
4896,NashQ,1,-1
4897,Random,-1,1
4898,Random,-1,1
4899,draw,0,0
4900,draw,0,0
4901,draw,0,0
4902,Random,-1,1
4903,draw,0,0
4904,draw,0,0
4905,Random,-1,1
4906,NashQ,1,-1
4907,Random,-1,1
4908,Random,-1,1
4909,Random,-1,1
4910,Random,-1,1
4911,draw,0,0
4912,Random,-1,1
4913,draw,0,0
4914,Random,-1,1
4915,NashQ,1,-1
4916,draw,0,0
4917,Random,-1,1
4918,Random,-1,1
4919,Random,-1,1
4920,Random,-1,1
4921,Random,-1,1
4922,Random,-1,1
4923,Random,-1,1
4924,draw,0,0
4925,Random,-1,1
4926,draw,0,0
4927,draw,0,0
4928,Random,-1,1
4929,draw,0,0
4930,NashQ,1,-1
4931,Random,-1,1
4932,Random,-1,1
4933,draw,0,0
4934,draw,0,0
4935,NashQ,1,-1
4936,Random,-1,1
4937,Random,-1,1
4938,draw,0,0
4939,draw,0,0
4940,Random,-1,1
4941,Random,-1,1
4942,Random,-1,1
4943,Random,-1,1
4944,Random,-1,1
4945,Random,-1,1
4946,Random,-1,1
4947,NashQ,1,-1
4948,Random,-1,1
4949,Random,-1,1
4950,draw,0,0
4951,Random,-1,1
4952,Random,-1,1
4953,Random,-1,1
4954,draw,0,0
4955,Random,-1,1
4956,draw,0,0
4957,Random,-1,1
4958,Random,-1,1
4959,Random,-1,1
4960,Random,-1,1
4961,draw,0,0
4962,Random,-1,1
4963,draw,0,0
4964,draw,0,0
4965,Random,-1,1
4966,Random,-1,1
4967,Random,-1,1
4968,Random,-1,1
4969,Random,-1,1
4970,draw,0,0
4971,NashQ,1,-1
4972,Random,-1,1
4973,Random,-1,1
4974,Random,-1,1
4975,Random,-1,1
4976,draw,0,0
4977,Random,-1,1
4978,Random,-1,1
4979,Random,-1,1
4980,Random,-1,1
4981,draw,0,0
4982,NashQ,1,-1
4983,Random,-1,1
4984,Random,-1,1
4985,Random,-1,1
4986,draw,0,0
4987,Random,-1,1
4988,draw,0,0
4989,Random,-1,1
4990,draw,0,0
4991,Random,-1,1
4992,Random,-1,1
4993,draw,0,0
4994,Random,-1,1
4995,Random,-1,1
4996,Random,-1,1
4997,Random,-1,1
4998,Random,-1,1
4999,Random,-1,1
5000,Random,-1,1
5001,draw,0,0
5002,Random,-1,1
5003,Random,-1,1
5004,Random,-1,1
5005,Random,-1,1
5006,draw,0,0
5007,Random,-1,1
5008,Random,-1,1
5009,Random,-1,1
5010,Random,-1,1
5011,Random,-1,1
5012,Random,-1,1
5013,NashQ,1,-1
5014,Random,-1,1
5015,draw,0,0
5016,Random,-1,1
5017,Random,-1,1
5018,Random,-1,1
5019,Random,-1,1
5020,Random,-1,1
5021,Random,-1,1
5022,Random,-1,1
5023,draw,0,0
5024,NashQ,1,-1
5025,Random,-1,1
5026,Random,-1,1
5027,Random,-1,1
5028,Random,-1,1
5029,Random,-1,1
5030,draw,0,0
5031,draw,0,0
5032,draw,0,0
5033,NashQ,1,-1
5034,NashQ,1,-1
5035,Random,-1,1
5036,draw,0,0
5037,draw,0,0
5038,Random,-1,1
5039,Random,-1,1
5040,Random,-1,1
5041,Random,-1,1
5042,Random,-1,1
5043,Random,-1,1
5044,Random,-1,1
5045,Random,-1,1
5046,NashQ,1,-1
5047,Random,-1,1
5048,draw,0,0
5049,Random,-1,1
5050,draw,0,0
5051,Random,-1,1
5052,Random,-1,1
5053,Random,-1,1
5054,draw,0,0
5055,draw,0,0
5056,Random,-1,1
5057,Random,-1,1
5058,Random,-1,1
5059,Random,-1,1
5060,Random,-1,1
5061,NashQ,1,-1
5062,Random,-1,1
5063,Random,-1,1
5064,draw,0,0
5065,Random,-1,1
5066,Random,-1,1
5067,NashQ,1,-1
5068,Random,-1,1
5069,Random,-1,1
5070,Random,-1,1
5071,draw,0,0
5072,Random,-1,1
5073,Random,-1,1
5074,draw,0,0
5075,Random,-1,1
5076,Random,-1,1
5077,Random,-1,1
5078,Random,-1,1
5079,NashQ,1,-1
5080,Random,-1,1
5081,Random,-1,1
5082,draw,0,0
5083,NashQ,1,-1
5084,draw,0,0
5085,draw,0,0
5086,Random,-1,1
5087,draw,0,0
5088,NashQ,1,-1
5089,Random,-1,1
5090,Random,-1,1
5091,Random,-1,1
5092,NashQ,1,-1
5093,Random,-1,1
5094,Random,-1,1
5095,Random,-1,1
5096,Random,-1,1
5097,Random,-1,1
5098,Random,-1,1
5099,Random,-1,1
5100,draw,0,0
5101,Random,-1,1
5102,Random,-1,1
5103,draw,0,0
5104,Random,-1,1
5105,draw,0,0
5106,Random,-1,1
5107,Random,-1,1
5108,draw,0,0
5109,draw,0,0
5110,Random,-1,1
5111,draw,0,0
5112,Random,-1,1
5113,Random,-1,1
5114,Random,-1,1
5115,Random,-1,1
5116,draw,0,0
5117,Random,-1,1
5118,Random,-1,1
5119,draw,0,0
5120,draw,0,0
5121,draw,0,0
5122,Random,-1,1
5123,Random,-1,1
5124,Random,-1,1
5125,Random,-1,1
5126,draw,0,0
5127,Random,-1,1
5128,Random,-1,1
5129,Random,-1,1
5130,draw,0,0
5131,draw,0,0
5132,Random,-1,1
5133,Random,-1,1
5134,Random,-1,1
5135,Random,-1,1
5136,Random,-1,1
5137,Random,-1,1
5138,Random,-1,1
5139,draw,0,0
5140,draw,0,0
5141,draw,0,0
5142,Random,-1,1
5143,Random,-1,1
5144,Random,-1,1
5145,Random,-1,1
5146,draw,0,0
5147,Random,-1,1
5148,Random,-1,1
5149,draw,0,0
5150,Random,-1,1
5151,Random,-1,1
5152,Random,-1,1
5153,draw,0,0
5154,Random,-1,1
5155,Random,-1,1
5156,Random,-1,1
5157,Random,-1,1
5158,Random,-1,1
5159,Random,-1,1
5160,NashQ,1,-1
5161,Random,-1,1
5162,draw,0,0
5163,NashQ,1,-1
5164,Random,-1,1
5165,Random,-1,1
5166,draw,0,0
5167,Random,-1,1
5168,Random,-1,1
5169,Random,-1,1
5170,draw,0,0
5171,Random,-1,1
5172,draw,0,0
5173,draw,0,0
5174,draw,0,0
5175,draw,0,0
5176,Random,-1,1
5177,Random,-1,1
5178,Random,-1,1
5179,Random,-1,1
5180,Random,-1,1
5181,NashQ,1,-1
5182,draw,0,0
5183,Random,-1,1
5184,Random,-1,1
5185,Random,-1,1
5186,NashQ,1,-1
5187,Random,-1,1
5188,Random,-1,1
5189,Random,-1,1
5190,Random,-1,1
5191,Random,-1,1
5192,NashQ,1,-1
5193,Random,-1,1
5194,Random,-1,1
5195,Random,-1,1
5196,Random,-1,1
5197,Random,-1,1
5198,Random,-1,1
5199,Random,-1,1
5200,Random,-1,1
5201,draw,0,0
5202,draw,0,0
5203,draw,0,0
5204,draw,0,0
5205,NashQ,1,-1
5206,Random,-1,1
5207,Random,-1,1
5208,Random,-1,1
5209,Random,-1,1
5210,Random,-1,1
5211,Random,-1,1
5212,Random,-1,1
5213,draw,0,0
5214,Random,-1,1
5215,Random,-1,1
5216,draw,0,0
5217,Random,-1,1
5218,Random,-1,1
5219,draw,0,0
5220,draw,0,0
5221,draw,0,0
5222,Random,-1,1
5223,Random,-1,1
5224,NashQ,1,-1
5225,NashQ,1,-1
5226,draw,0,0
5227,draw,0,0
5228,draw,0,0
5229,Random,-1,1
5230,Random,-1,1
5231,Random,-1,1
5232,Random,-1,1
5233,draw,0,0
5234,Random,-1,1
5235,Random,-1,1
5236,Random,-1,1
5237,draw,0,0
5238,draw,0,0
5239,Random,-1,1
5240,draw,0,0
5241,Random,-1,1
5242,Random,-1,1
5243,Random,-1,1
5244,Random,-1,1
5245,Random,-1,1
5246,Random,-1,1
5247,NashQ,1,-1
5248,draw,0,0
5249,Random,-1,1
5250,draw,0,0
5251,Random,-1,1
5252,draw,0,0
5253,Random,-1,1
5254,Random,-1,1
5255,Random,-1,1
5256,Random,-1,1
5257,Random,-1,1
5258,NashQ,1,-1
5259,Random,-1,1
5260,Random,-1,1
5261,Random,-1,1
5262,NashQ,1,-1
5263,Random,-1,1
5264,Random,-1,1
5265,draw,0,0
5266,draw,0,0
5267,Random,-1,1
5268,Random,-1,1
5269,Random,-1,1
5270,NashQ,1,-1
5271,Random,-1,1
5272,Random,-1,1
5273,draw,0,0
5274,Random,-1,1
5275,Random,-1,1
5276,Random,-1,1
5277,draw,0,0
5278,draw,0,0
5279,NashQ,1,-1
5280,draw,0,0
5281,Random,-1,1
5282,NashQ,1,-1
5283,Random,-1,1
5284,draw,0,0
5285,draw,0,0
5286,Random,-1,1
5287,Random,-1,1
5288,Random,-1,1
5289,draw,0,0
5290,draw,0,0
5291,Random,-1,1
5292,Random,-1,1
5293,NashQ,1,-1
5294,draw,0,0
5295,Random,-1,1
5296,Random,-1,1
5297,draw,0,0
5298,Random,-1,1
5299,Random,-1,1
5300,NashQ,1,-1
5301,Random,-1,1
5302,Random,-1,1
5303,draw,0,0
5304,Random,-1,1
5305,Random,-1,1
5306,draw,0,0
5307,Random,-1,1
5308,NashQ,1,-1
5309,Random,-1,1
5310,Random,-1,1
5311,Random,-1,1
5312,Random,-1,1
5313,Random,-1,1
5314,Random,-1,1
5315,NashQ,1,-1
5316,Random,-1,1
5317,Random,-1,1
5318,draw,0,0
5319,Random,-1,1
5320,draw,0,0
5321,Random,-1,1
5322,Random,-1,1
5323,Random,-1,1
5324,Random,-1,1
5325,draw,0,0
5326,draw,0,0
5327,Random,-1,1
5328,Random,-1,1
5329,draw,0,0
5330,draw,0,0
5331,draw,0,0
5332,Random,-1,1
5333,draw,0,0
5334,Random,-1,1
5335,Random,-1,1
5336,Random,-1,1
5337,draw,0,0
5338,Random,-1,1
5339,NashQ,1,-1
5340,Random,-1,1
5341,Random,-1,1
5342,Random,-1,1
5343,Random,-1,1
5344,Random,-1,1
5345,NashQ,1,-1
5346,Random,-1,1
5347,Random,-1,1
5348,draw,0,0
5349,Random,-1,1
5350,Random,-1,1
5351,draw,0,0
5352,Random,-1,1
5353,Random,-1,1
5354,draw,0,0
5355,Random,-1,1
5356,Random,-1,1
5357,Random,-1,1
5358,draw,0,0
5359,draw,0,0
5360,Random,-1,1
5361,Random,-1,1
5362,Random,-1,1
5363,Random,-1,1
5364,Random,-1,1
5365,Random,-1,1
5366,Random,-1,1
5367,draw,0,0
5368,Random,-1,1
5369,Random,-1,1
5370,draw,0,0
5371,Random,-1,1
5372,Random,-1,1
5373,Random,-1,1
5374,NashQ,1,-1
5375,Random,-1,1
5376,Random,-1,1
5377,Random,-1,1
5378,NashQ,1,-1
5379,Random,-1,1
5380,Random,-1,1
5381,draw,0,0
5382,draw,0,0
5383,Random,-1,1
5384,Random,-1,1
5385,draw,0,0
5386,NashQ,1,-1
5387,draw,0,0
5388,Random,-1,1
5389,Random,-1,1
5390,NashQ,1,-1
5391,draw,0,0
5392,Random,-1,1
5393,Random,-1,1
5394,Random,-1,1
5395,draw,0,0
5396,Random,-1,1
5397,Random,-1,1
5398,Random,-1,1
5399,draw,0,0
5400,draw,0,0
5401,Random,-1,1
5402,Random,-1,1
5403,Random,-1,1
5404,Random,-1,1
5405,Random,-1,1
5406,Random,-1,1
5407,draw,0,0
5408,Random,-1,1
5409,Random,-1,1
5410,Random,-1,1
5411,Random,-1,1
5412,draw,0,0
5413,Random,-1,1
5414,Random,-1,1
5415,Random,-1,1
5416,Random,-1,1
5417,Random,-1,1
5418,Random,-1,1
5419,draw,0,0
5420,Random,-1,1
5421,Random,-1,1
5422,Random,-1,1
5423,draw,0,0
5424,NashQ,1,-1
5425,NashQ,1,-1
5426,Random,-1,1
5427,Random,-1,1
5428,draw,0,0
5429,Random,-1,1
5430,draw,0,0
5431,Random,-1,1
5432,NashQ,1,-1
5433,Random,-1,1
5434,draw,0,0
5435,draw,0,0
5436,Random,-1,1
5437,Random,-1,1
5438,Random,-1,1
5439,Random,-1,1
5440,Random,-1,1
5441,Random,-1,1
5442,Random,-1,1
5443,Random,-1,1
5444,draw,0,0
5445,draw,0,0
5446,Random,-1,1
5447,draw,0,0
5448,Random,-1,1
5449,Random,-1,1
5450,Random,-1,1
5451,Random,-1,1
5452,NashQ,1,-1
5453,Random,-1,1
5454,Random,-1,1
5455,draw,0,0
5456,Random,-1,1
5457,Random,-1,1
5458,draw,0,0
5459,draw,0,0
5460,Random,-1,1
5461,Random,-1,1
5462,Random,-1,1
5463,draw,0,0
5464,Random,-1,1
5465,Random,-1,1
5466,Random,-1,1
5467,Random,-1,1
5468,draw,0,0
5469,Random,-1,1
5470,Random,-1,1
5471,Random,-1,1
5472,Random,-1,1
5473,Random,-1,1
5474,Random,-1,1
5475,NashQ,1,-1
5476,Random,-1,1
5477,draw,0,0
5478,Random,-1,1
5479,draw,0,0
5480,Random,-1,1
5481,Random,-1,1
5482,Random,-1,1
5483,Random,-1,1
5484,Random,-1,1
5485,draw,0,0
5486,Random,-1,1
5487,draw,0,0
5488,draw,0,0
5489,Random,-1,1
5490,Random,-1,1
5491,draw,0,0
5492,draw,0,0
5493,Random,-1,1
5494,Random,-1,1
5495,draw,0,0
5496,Random,-1,1
5497,draw,0,0
5498,Random,-1,1
5499,NashQ,1,-1
5500,Random,-1,1
5501,Random,-1,1
5502,Random,-1,1
5503,Random,-1,1
5504,draw,0,0
5505,Random,-1,1
5506,draw,0,0
5507,Random,-1,1
5508,draw,0,0
5509,Random,-1,1
5510,Random,-1,1
5511,Random,-1,1
5512,Random,-1,1
5513,Random,-1,1
5514,Random,-1,1
5515,Random,-1,1
5516,draw,0,0
5517,NashQ,1,-1
5518,Random,-1,1
5519,Random,-1,1
5520,draw,0,0
5521,Random,-1,1
5522,draw,0,0
5523,Random,-1,1
5524,Random,-1,1
5525,Random,-1,1
5526,NashQ,1,-1
5527,Random,-1,1
5528,Random,-1,1
5529,draw,0,0
5530,Random,-1,1
5531,Random,-1,1
5532,Random,-1,1
5533,NashQ,1,-1
5534,draw,0,0
5535,Random,-1,1
5536,Random,-1,1
5537,draw,0,0
5538,draw,0,0
5539,Random,-1,1
5540,Random,-1,1
5541,draw,0,0
5542,NashQ,1,-1
5543,NashQ,1,-1
5544,draw,0,0
5545,Random,-1,1
5546,NashQ,1,-1
5547,draw,0,0
5548,Random,-1,1
5549,Random,-1,1
5550,Random,-1,1
5551,draw,0,0
5552,Random,-1,1
5553,draw,0,0
5554,Random,-1,1
5555,Random,-1,1
5556,Random,-1,1
5557,Random,-1,1
5558,Random,-1,1
5559,Random,-1,1
5560,Random,-1,1
5561,draw,0,0
5562,Random,-1,1
5563,draw,0,0
5564,NashQ,1,-1
5565,Random,-1,1
5566,Random,-1,1
5567,Random,-1,1
5568,Random,-1,1
5569,Random,-1,1
5570,Random,-1,1
5571,Random,-1,1
5572,Random,-1,1
5573,Random,-1,1
5574,draw,0,0
5575,Random,-1,1
5576,Random,-1,1
5577,Random,-1,1
5578,Random,-1,1
5579,Random,-1,1
5580,draw,0,0
5581,Random,-1,1
5582,Random,-1,1
5583,NashQ,1,-1
5584,draw,0,0
5585,Random,-1,1
5586,Random,-1,1
5587,draw,0,0
5588,Random,-1,1
5589,Random,-1,1
5590,draw,0,0
5591,Random,-1,1
5592,Random,-1,1
5593,draw,0,0
5594,draw,0,0
5595,Random,-1,1
5596,Random,-1,1
5597,Random,-1,1
5598,Random,-1,1
5599,Random,-1,1
5600,Random,-1,1
5601,Random,-1,1
5602,draw,0,0
5603,Random,-1,1
5604,draw,0,0
5605,Random,-1,1
5606,draw,0,0
5607,NashQ,1,-1
5608,draw,0,0
5609,draw,0,0
5610,Random,-1,1
5611,Random,-1,1
5612,NashQ,1,-1
5613,Random,-1,1
5614,NashQ,1,-1
5615,NashQ,1,-1
5616,draw,0,0
5617,Random,-1,1
5618,draw,0,0
5619,Random,-1,1
5620,Random,-1,1
5621,Random,-1,1
5622,Random,-1,1
5623,Random,-1,1
5624,Random,-1,1
5625,Random,-1,1
5626,Random,-1,1
5627,Random,-1,1
5628,draw,0,0
5629,Random,-1,1
5630,draw,0,0
5631,draw,0,0
5632,Random,-1,1
5633,draw,0,0
5634,Random,-1,1
5635,draw,0,0
5636,Random,-1,1
5637,Random,-1,1
5638,Random,-1,1
5639,Random,-1,1
5640,Random,-1,1
5641,Random,-1,1
5642,Random,-1,1
5643,Random,-1,1
5644,draw,0,0
5645,draw,0,0
5646,Random,-1,1
5647,Random,-1,1
5648,Random,-1,1
5649,draw,0,0
5650,Random,-1,1
5651,draw,0,0
5652,Random,-1,1
5653,NashQ,1,-1
5654,Random,-1,1
5655,NashQ,1,-1
5656,Random,-1,1
5657,Random,-1,1
5658,Random,-1,1
5659,NashQ,1,-1
5660,Random,-1,1
5661,Random,-1,1
5662,Random,-1,1
5663,Random,-1,1
5664,Random,-1,1
5665,draw,0,0
5666,NashQ,1,-1
5667,draw,0,0
5668,Random,-1,1
5669,draw,0,0
5670,Random,-1,1
5671,Random,-1,1
5672,Random,-1,1
5673,draw,0,0
5674,Random,-1,1
5675,Random,-1,1
5676,Random,-1,1
5677,Random,-1,1
5678,Random,-1,1
5679,Random,-1,1
5680,Random,-1,1
5681,Random,-1,1
5682,draw,0,0
5683,draw,0,0
5684,Random,-1,1
5685,draw,0,0
5686,Random,-1,1
5687,draw,0,0
5688,Random,-1,1
5689,draw,0,0
5690,Random,-1,1
5691,Random,-1,1
5692,NashQ,1,-1
5693,draw,0,0
5694,Random,-1,1
5695,draw,0,0
5696,draw,0,0
5697,Random,-1,1
5698,Random,-1,1
5699,Random,-1,1
5700,Random,-1,1
5701,Random,-1,1
5702,Random,-1,1
5703,draw,0,0
5704,NashQ,1,-1
5705,draw,0,0
5706,Random,-1,1
5707,draw,0,0
5708,Random,-1,1
5709,Random,-1,1
5710,Random,-1,1
5711,Random,-1,1
5712,Random,-1,1
5713,draw,0,0
5714,Random,-1,1
5715,NashQ,1,-1
5716,Random,-1,1
5717,draw,0,0
5718,Random,-1,1
5719,Random,-1,1
5720,Random,-1,1
5721,draw,0,0
5722,Random,-1,1
5723,Random,-1,1
5724,Random,-1,1
5725,draw,0,0
5726,Random,-1,1
5727,draw,0,0
5728,draw,0,0
5729,Random,-1,1
5730,Random,-1,1
5731,Random,-1,1
5732,Random,-1,1
5733,Random,-1,1
5734,Random,-1,1
5735,Random,-1,1
5736,NashQ,1,-1
5737,NashQ,1,-1
5738,Random,-1,1
5739,Random,-1,1
5740,Random,-1,1
5741,Random,-1,1
5742,NashQ,1,-1
5743,NashQ,1,-1
5744,Random,-1,1
5745,Random,-1,1
5746,draw,0,0
5747,Random,-1,1
5748,NashQ,1,-1
5749,draw,0,0
5750,draw,0,0
5751,Random,-1,1
5752,Random,-1,1
5753,Random,-1,1
5754,Random,-1,1
5755,NashQ,1,-1
5756,Random,-1,1
5757,Random,-1,1
5758,Random,-1,1
5759,Random,-1,1
5760,draw,0,0
5761,Random,-1,1
5762,NashQ,1,-1
5763,draw,0,0
5764,NashQ,1,-1
5765,Random,-1,1
5766,draw,0,0
5767,Random,-1,1
5768,Random,-1,1
5769,Random,-1,1
5770,Random,-1,1
5771,NashQ,1,-1
5772,NashQ,1,-1
5773,Random,-1,1
5774,Random,-1,1
5775,NashQ,1,-1
5776,Random,-1,1
5777,Random,-1,1
5778,Random,-1,1
5779,draw,0,0
5780,Random,-1,1
5781,draw,0,0
5782,draw,0,0
5783,Random,-1,1
5784,NashQ,1,-1
5785,Random,-1,1
5786,Random,-1,1
5787,draw,0,0
5788,Random,-1,1
5789,Random,-1,1
5790,Random,-1,1
5791,Random,-1,1
5792,draw,0,0
5793,Random,-1,1
5794,Random,-1,1
5795,draw,0,0
5796,Random,-1,1
5797,Random,-1,1
5798,draw,0,0
5799,draw,0,0
5800,Random,-1,1
5801,Random,-1,1
5802,Random,-1,1
5803,Random,-1,1
5804,draw,0,0
5805,Random,-1,1
5806,Random,-1,1
5807,Random,-1,1
5808,draw,0,0
5809,Random,-1,1
5810,Random,-1,1
5811,Random,-1,1
5812,Random,-1,1
5813,Random,-1,1
5814,Random,-1,1
5815,Random,-1,1
5816,Random,-1,1
5817,Random,-1,1
5818,NashQ,1,-1
5819,draw,0,0
5820,NashQ,1,-1
5821,Random,-1,1
5822,Random,-1,1
5823,draw,0,0
5824,Random,-1,1
5825,Random,-1,1
5826,Random,-1,1
5827,NashQ,1,-1
5828,draw,0,0
5829,Random,-1,1
5830,Random,-1,1
5831,Random,-1,1
5832,Random,-1,1
5833,Random,-1,1
5834,draw,0,0
5835,Random,-1,1
5836,Random,-1,1
5837,NashQ,1,-1
5838,draw,0,0
5839,Random,-1,1
5840,Random,-1,1
5841,Random,-1,1
5842,Random,-1,1
5843,Random,-1,1
5844,Random,-1,1
5845,draw,0,0
5846,draw,0,0
5847,Random,-1,1
5848,NashQ,1,-1
5849,draw,0,0
5850,draw,0,0
5851,Random,-1,1
5852,Random,-1,1
5853,draw,0,0
5854,draw,0,0
5855,draw,0,0
5856,Random,-1,1
5857,draw,0,0
5858,NashQ,1,-1
5859,NashQ,1,-1
5860,Random,-1,1
5861,Random,-1,1
5862,NashQ,1,-1
5863,Random,-1,1
5864,Random,-1,1
5865,Random,-1,1
5866,draw,0,0
5867,Random,-1,1
5868,Random,-1,1
5869,Random,-1,1
5870,Random,-1,1
5871,draw,0,0
5872,Random,-1,1
5873,Random,-1,1
5874,Random,-1,1
5875,Random,-1,1
5876,draw,0,0
5877,Random,-1,1
5878,Random,-1,1
5879,draw,0,0
5880,Random,-1,1
5881,Random,-1,1
5882,Random,-1,1
5883,NashQ,1,-1
5884,NashQ,1,-1
5885,Random,-1,1
5886,Random,-1,1
5887,Random,-1,1
5888,NashQ,1,-1
5889,Random,-1,1
5890,draw,0,0
5891,Random,-1,1
5892,Random,-1,1
5893,draw,0,0
5894,draw,0,0
5895,Random,-1,1
5896,Random,-1,1
5897,Random,-1,1
5898,Random,-1,1
5899,Random,-1,1
5900,NashQ,1,-1
5901,Random,-1,1
5902,NashQ,1,-1
5903,Random,-1,1
5904,draw,0,0
5905,draw,0,0
5906,NashQ,1,-1
5907,Random,-1,1
5908,Random,-1,1
5909,Random,-1,1
5910,Random,-1,1
5911,draw,0,0
5912,Random,-1,1
5913,Random,-1,1
5914,Random,-1,1
5915,draw,0,0
5916,Random,-1,1
5917,Random,-1,1
5918,Random,-1,1
5919,draw,0,0
5920,NashQ,1,-1
5921,NashQ,1,-1
5922,NashQ,1,-1
5923,Random,-1,1
5924,draw,0,0
5925,draw,0,0
5926,Random,-1,1
5927,Random,-1,1
5928,Random,-1,1
5929,Random,-1,1
5930,Random,-1,1
5931,draw,0,0
5932,NashQ,1,-1
5933,draw,0,0
5934,draw,0,0
5935,NashQ,1,-1
5936,draw,0,0
5937,Random,-1,1
5938,NashQ,1,-1
5939,Random,-1,1
5940,draw,0,0
5941,Random,-1,1
5942,NashQ,1,-1
5943,draw,0,0
5944,draw,0,0
5945,Random,-1,1
5946,Random,-1,1
5947,draw,0,0
5948,draw,0,0
5949,draw,0,0
5950,Random,-1,1
5951,Random,-1,1
5952,Random,-1,1
5953,Random,-1,1
5954,NashQ,1,-1
5955,Random,-1,1
5956,Random,-1,1
5957,draw,0,0
5958,Random,-1,1
5959,NashQ,1,-1
5960,NashQ,1,-1
5961,Random,-1,1
5962,Random,-1,1
5963,draw,0,0
5964,Random,-1,1
5965,draw,0,0
5966,Random,-1,1
5967,draw,0,0
5968,draw,0,0
5969,Random,-1,1
5970,Random,-1,1
5971,Random,-1,1
5972,Random,-1,1
5973,draw,0,0
5974,Random,-1,1
5975,Random,-1,1
5976,Random,-1,1
5977,Random,-1,1
5978,Random,-1,1
5979,Random,-1,1
5980,Random,-1,1
5981,draw,0,0
5982,draw,0,0
5983,Random,-1,1
5984,NashQ,1,-1
5985,Random,-1,1
5986,Random,-1,1
5987,Random,-1,1
5988,draw,0,0
5989,Random,-1,1
5990,NashQ,1,-1
5991,draw,0,0
5992,Random,-1,1
5993,draw,0,0
5994,Random,-1,1
5995,draw,0,0
5996,Random,-1,1
5997,Random,-1,1
5998,Random,-1,1
5999,Random,-1,1
6000,Random,-1,1
6001,Random,-1,1
6002,Random,-1,1
6003,NashQ,1,-1
6004,draw,0,0
6005,Random,-1,1
6006,Random,-1,1
6007,Random,-1,1
6008,Random,-1,1
6009,draw,0,0
6010,Random,-1,1
6011,Random,-1,1
6012,Random,-1,1
6013,draw,0,0
6014,Random,-1,1
6015,draw,0,0
6016,NashQ,1,-1
6017,Random,-1,1
6018,NashQ,1,-1
6019,Random,-1,1
6020,Random,-1,1
6021,draw,0,0
6022,Random,-1,1
6023,Random,-1,1
6024,Random,-1,1
6025,Random,-1,1
6026,Random,-1,1
6027,Random,-1,1
6028,Random,-1,1
6029,Random,-1,1
6030,draw,0,0
6031,Random,-1,1
6032,NashQ,1,-1
6033,Random,-1,1
6034,NashQ,1,-1
6035,draw,0,0
6036,Random,-1,1
6037,draw,0,0
6038,Random,-1,1
6039,NashQ,1,-1
6040,Random,-1,1
6041,draw,0,0
6042,NashQ,1,-1
6043,Random,-1,1
6044,Random,-1,1
6045,NashQ,1,-1
6046,Random,-1,1
6047,draw,0,0
6048,Random,-1,1
6049,Random,-1,1
6050,Random,-1,1
6051,draw,0,0
6052,Random,-1,1
6053,draw,0,0
6054,draw,0,0
6055,draw,0,0
6056,draw,0,0
6057,Random,-1,1
6058,Random,-1,1
6059,Random,-1,1
6060,Random,-1,1
6061,draw,0,0
6062,Random,-1,1
6063,Random,-1,1
6064,Random,-1,1
6065,draw,0,0
6066,draw,0,0
6067,Random,-1,1
6068,draw,0,0
6069,NashQ,1,-1
6070,Random,-1,1
6071,draw,0,0
6072,NashQ,1,-1
6073,Random,-1,1
6074,draw,0,0
6075,Random,-1,1
6076,NashQ,1,-1
6077,NashQ,1,-1
6078,Random,-1,1
6079,Random,-1,1
6080,Random,-1,1
6081,NashQ,1,-1
6082,Random,-1,1
6083,Random,-1,1
6084,draw,0,0
6085,NashQ,1,-1
6086,Random,-1,1
6087,draw,0,0
6088,Random,-1,1
6089,Random,-1,1
6090,Random,-1,1
6091,Random,-1,1
6092,Random,-1,1
6093,Random,-1,1
6094,Random,-1,1
6095,Random,-1,1
6096,draw,0,0
6097,draw,0,0
6098,Random,-1,1
6099,draw,0,0
6100,NashQ,1,-1
6101,Random,-1,1
6102,Random,-1,1
6103,Random,-1,1
6104,Random,-1,1
6105,draw,0,0
6106,draw,0,0
6107,draw,0,0
6108,Random,-1,1
6109,NashQ,1,-1
6110,Random,-1,1
6111,Random,-1,1
6112,Random,-1,1
6113,Random,-1,1
6114,draw,0,0
6115,NashQ,1,-1
6116,draw,0,0
6117,Random,-1,1
6118,Random,-1,1
6119,Random,-1,1
6120,Random,-1,1
6121,Random,-1,1
6122,Random,-1,1
6123,Random,-1,1
6124,Random,-1,1
6125,draw,0,0
6126,Random,-1,1
6127,Random,-1,1
6128,Random,-1,1
6129,draw,0,0
6130,NashQ,1,-1
6131,Random,-1,1
6132,Random,-1,1
6133,Random,-1,1
6134,Random,-1,1
6135,draw,0,0
6136,draw,0,0
6137,Random,-1,1
6138,draw,0,0
6139,Random,-1,1
6140,Random,-1,1
6141,Random,-1,1
6142,Random,-1,1
6143,Random,-1,1
6144,NashQ,1,-1
6145,draw,0,0
6146,Random,-1,1
6147,Random,-1,1
6148,Random,-1,1
6149,Random,-1,1
6150,Random,-1,1
6151,draw,0,0
6152,Random,-1,1
6153,Random,-1,1
6154,draw,0,0
6155,Random,-1,1
6156,draw,0,0
6157,Random,-1,1
6158,draw,0,0
6159,Random,-1,1
6160,Random,-1,1
6161,Random,-1,1
6162,Random,-1,1
6163,Random,-1,1
6164,Random,-1,1
6165,Random,-1,1
6166,Random,-1,1
6167,Random,-1,1
6168,Random,-1,1
6169,Random,-1,1
6170,Random,-1,1
6171,draw,0,0
6172,Random,-1,1
6173,Random,-1,1
6174,Random,-1,1
6175,draw,0,0
6176,Random,-1,1
6177,Random,-1,1
6178,Random,-1,1
6179,NashQ,1,-1
6180,draw,0,0
6181,draw,0,0
6182,Random,-1,1
6183,draw,0,0
6184,draw,0,0
6185,Random,-1,1
6186,draw,0,0
6187,Random,-1,1
6188,Random,-1,1
6189,Random,-1,1
6190,Random,-1,1
6191,Random,-1,1
6192,Random,-1,1
6193,draw,0,0
6194,Random,-1,1
6195,Random,-1,1
6196,Random,-1,1
6197,draw,0,0
6198,Random,-1,1
6199,Random,-1,1
6200,Random,-1,1
6201,Random,-1,1
6202,Random,-1,1
6203,Random,-1,1
6204,draw,0,0
6205,Random,-1,1
6206,Random,-1,1
6207,draw,0,0
6208,Random,-1,1
6209,Random,-1,1
6210,draw,0,0
6211,Random,-1,1
6212,Random,-1,1
6213,Random,-1,1
6214,Random,-1,1
6215,NashQ,1,-1
6216,draw,0,0
6217,draw,0,0
6218,NashQ,1,-1
6219,draw,0,0
6220,NashQ,1,-1
6221,NashQ,1,-1
6222,Random,-1,1
6223,Random,-1,1
6224,draw,0,0
6225,Random,-1,1
6226,Random,-1,1
6227,Random,-1,1
6228,draw,0,0
6229,Random,-1,1
6230,Random,-1,1
6231,draw,0,0
6232,draw,0,0
6233,Random,-1,1
6234,Random,-1,1
6235,Random,-1,1
6236,Random,-1,1
6237,draw,0,0
6238,Random,-1,1
6239,Random,-1,1
6240,draw,0,0
6241,Random,-1,1
6242,Random,-1,1
6243,Random,-1,1
6244,Random,-1,1
6245,draw,0,0
6246,Random,-1,1
6247,Random,-1,1
6248,NashQ,1,-1
6249,Random,-1,1
6250,Random,-1,1
6251,Random,-1,1
6252,Random,-1,1
6253,NashQ,1,-1
6254,Random,-1,1
6255,draw,0,0
6256,Random,-1,1
6257,Random,-1,1
6258,Random,-1,1
6259,draw,0,0
6260,Random,-1,1
6261,Random,-1,1
6262,draw,0,0
6263,draw,0,0
6264,NashQ,1,-1
6265,draw,0,0
6266,draw,0,0
6267,draw,0,0
6268,NashQ,1,-1
6269,Random,-1,1
6270,Random,-1,1
6271,Random,-1,1
6272,NashQ,1,-1
6273,draw,0,0
6274,Random,-1,1
6275,draw,0,0
6276,Random,-1,1
6277,Random,-1,1
6278,Random,-1,1
6279,draw,0,0
6280,Random,-1,1
6281,NashQ,1,-1
6282,Random,-1,1
6283,Random,-1,1
6284,Random,-1,1
6285,NashQ,1,-1
6286,NashQ,1,-1
6287,NashQ,1,-1
6288,NashQ,1,-1
6289,draw,0,0
6290,NashQ,1,-1
6291,NashQ,1,-1
6292,Random,-1,1
6293,Random,-1,1
6294,draw,0,0
6295,Random,-1,1
6296,NashQ,1,-1
6297,draw,0,0
6298,Random,-1,1
6299,NashQ,1,-1
6300,NashQ,1,-1
6301,Random,-1,1
6302,Random,-1,1
6303,NashQ,1,-1
6304,draw,0,0
6305,Random,-1,1
6306,NashQ,1,-1
6307,Random,-1,1
6308,Random,-1,1
6309,Random,-1,1
6310,draw,0,0
6311,draw,0,0
6312,Random,-1,1
6313,Random,-1,1
6314,Random,-1,1
6315,draw,0,0
6316,Random,-1,1
6317,Random,-1,1
6318,NashQ,1,-1
6319,Random,-1,1
6320,Random,-1,1
6321,Random,-1,1
6322,Random,-1,1
6323,Random,-1,1
6324,Random,-1,1
6325,draw,0,0
6326,NashQ,1,-1
6327,Random,-1,1
6328,Random,-1,1
6329,NashQ,1,-1
6330,Random,-1,1
6331,Random,-1,1
6332,Random,-1,1
6333,Random,-1,1
6334,Random,-1,1
6335,Random,-1,1
6336,Random,-1,1
6337,Random,-1,1
6338,Random,-1,1
6339,Random,-1,1
6340,NashQ,1,-1
6341,Random,-1,1
6342,Random,-1,1
6343,NashQ,1,-1
6344,Random,-1,1
6345,draw,0,0
6346,Random,-1,1
6347,Random,-1,1
6348,Random,-1,1
6349,Random,-1,1
6350,Random,-1,1
6351,Random,-1,1
6352,Random,-1,1
6353,NashQ,1,-1
6354,Random,-1,1
6355,Random,-1,1
6356,draw,0,0
6357,NashQ,1,-1
6358,Random,-1,1
6359,Random,-1,1
6360,NashQ,1,-1
6361,Random,-1,1
6362,Random,-1,1
6363,Random,-1,1
6364,Random,-1,1
6365,Random,-1,1
6366,Random,-1,1
6367,draw,0,0
6368,draw,0,0
6369,draw,0,0
6370,NashQ,1,-1
6371,draw,0,0
6372,Random,-1,1
6373,Random,-1,1
6374,draw,0,0
6375,draw,0,0
6376,draw,0,0
6377,draw,0,0
6378,NashQ,1,-1
6379,NashQ,1,-1
6380,draw,0,0
6381,Random,-1,1
6382,Random,-1,1
6383,Random,-1,1
6384,Random,-1,1
6385,Random,-1,1
6386,Random,-1,1
6387,draw,0,0
6388,Random,-1,1
6389,draw,0,0
6390,Random,-1,1
6391,Random,-1,1
6392,Random,-1,1
6393,Random,-1,1
6394,Random,-1,1
6395,Random,-1,1
6396,Random,-1,1
6397,Random,-1,1
6398,Random,-1,1
6399,Random,-1,1
6400,NashQ,1,-1
6401,Random,-1,1
6402,draw,0,0
6403,draw,0,0
6404,NashQ,1,-1
6405,NashQ,1,-1
6406,draw,0,0
6407,Random,-1,1
6408,Random,-1,1
6409,Random,-1,1
6410,Random,-1,1
6411,Random,-1,1
6412,NashQ,1,-1
6413,draw,0,0
6414,Random,-1,1
6415,draw,0,0
6416,Random,-1,1
6417,Random,-1,1
6418,draw,0,0
6419,draw,0,0
6420,Random,-1,1
6421,draw,0,0
6422,Random,-1,1
6423,draw,0,0
6424,Random,-1,1
6425,Random,-1,1
6426,NashQ,1,-1
6427,Random,-1,1
6428,Random,-1,1
6429,Random,-1,1
6430,NashQ,1,-1
6431,Random,-1,1
6432,Random,-1,1
6433,Random,-1,1
6434,Random,-1,1
6435,NashQ,1,-1
6436,draw,0,0
6437,NashQ,1,-1
6438,Random,-1,1
6439,draw,0,0
6440,NashQ,1,-1
6441,Random,-1,1
6442,Random,-1,1
6443,Random,-1,1
6444,draw,0,0
6445,Random,-1,1
6446,draw,0,0
6447,Random,-1,1
6448,NashQ,1,-1
6449,draw,0,0
6450,Random,-1,1
6451,Random,-1,1
6452,Random,-1,1
6453,Random,-1,1
6454,draw,0,0
6455,Random,-1,1
6456,NashQ,1,-1
6457,draw,0,0
6458,Random,-1,1
6459,draw,0,0
6460,Random,-1,1
6461,Random,-1,1
6462,Random,-1,1
6463,Random,-1,1
6464,draw,0,0
6465,Random,-1,1
6466,Random,-1,1
6467,Random,-1,1
6468,Random,-1,1
6469,Random,-1,1
6470,Random,-1,1
6471,Random,-1,1
6472,Random,-1,1
6473,Random,-1,1
6474,Random,-1,1
6475,draw,0,0
6476,draw,0,0
6477,Random,-1,1
6478,draw,0,0
6479,NashQ,1,-1
6480,NashQ,1,-1
6481,draw,0,0
6482,Random,-1,1
6483,Random,-1,1
6484,draw,0,0
6485,Random,-1,1
6486,Random,-1,1
6487,Random,-1,1
6488,draw,0,0
6489,draw,0,0
6490,NashQ,1,-1
6491,draw,0,0
6492,Random,-1,1
6493,draw,0,0
6494,Random,-1,1
6495,Random,-1,1
6496,draw,0,0
6497,draw,0,0
6498,Random,-1,1
6499,draw,0,0
6500,Random,-1,1
6501,Random,-1,1
6502,Random,-1,1
6503,NashQ,1,-1
6504,draw,0,0
6505,Random,-1,1
6506,Random,-1,1
6507,draw,0,0
6508,NashQ,1,-1
6509,Random,-1,1
6510,Random,-1,1
6511,Random,-1,1
6512,Random,-1,1
6513,NashQ,1,-1
6514,Random,-1,1
6515,Random,-1,1
6516,Random,-1,1
6517,Random,-1,1
6518,Random,-1,1
6519,Random,-1,1
6520,draw,0,0
6521,Random,-1,1
6522,NashQ,1,-1
6523,draw,0,0
6524,Random,-1,1
6525,draw,0,0
6526,NashQ,1,-1
6527,NashQ,1,-1
6528,Random,-1,1
6529,Random,-1,1
6530,Random,-1,1
6531,draw,0,0
6532,Random,-1,1
6533,Random,-1,1
6534,draw,0,0
6535,Random,-1,1
6536,NashQ,1,-1
6537,NashQ,1,-1
6538,NashQ,1,-1
6539,Random,-1,1
6540,NashQ,1,-1
6541,Random,-1,1
6542,Random,-1,1
6543,Random,-1,1
6544,Random,-1,1
6545,Random,-1,1
6546,draw,0,0
6547,draw,0,0
6548,NashQ,1,-1
6549,Random,-1,1
6550,NashQ,1,-1
6551,Random,-1,1
6552,Random,-1,1
6553,Random,-1,1
6554,NashQ,1,-1
6555,draw,0,0
6556,Random,-1,1
6557,Random,-1,1
6558,Random,-1,1
6559,draw,0,0
6560,Random,-1,1
6561,Random,-1,1
6562,Random,-1,1
6563,Random,-1,1
6564,Random,-1,1
6565,Random,-1,1
6566,NashQ,1,-1
6567,Random,-1,1
6568,Random,-1,1
6569,draw,0,0
6570,draw,0,0
6571,NashQ,1,-1
6572,draw,0,0
6573,NashQ,1,-1
6574,Random,-1,1
6575,Random,-1,1
6576,Random,-1,1
6577,Random,-1,1
6578,Random,-1,1
6579,Random,-1,1
6580,draw,0,0
6581,Random,-1,1
6582,draw,0,0
6583,draw,0,0
6584,Random,-1,1
6585,Random,-1,1
6586,Random,-1,1
6587,Random,-1,1
6588,Random,-1,1
6589,draw,0,0
6590,Random,-1,1
6591,NashQ,1,-1
6592,NashQ,1,-1
6593,draw,0,0
6594,Random,-1,1
6595,Random,-1,1
6596,Random,-1,1
6597,draw,0,0
6598,NashQ,1,-1
6599,Random,-1,1
6600,draw,0,0
6601,draw,0,0
6602,Random,-1,1
6603,Random,-1,1
6604,Random,-1,1
6605,Random,-1,1
6606,Random,-1,1
6607,Random,-1,1
6608,Random,-1,1
6609,Random,-1,1
6610,NashQ,1,-1
6611,Random,-1,1
6612,draw,0,0
6613,Random,-1,1
6614,NashQ,1,-1
6615,Random,-1,1
6616,Random,-1,1
6617,NashQ,1,-1
6618,draw,0,0
6619,NashQ,1,-1
6620,Random,-1,1
6621,Random,-1,1
6622,NashQ,1,-1
6623,Random,-1,1
6624,draw,0,0
6625,Random,-1,1
6626,Random,-1,1
6627,Random,-1,1
6628,Random,-1,1
6629,draw,0,0
6630,Random,-1,1
6631,Random,-1,1
6632,Random,-1,1
6633,Random,-1,1
6634,NashQ,1,-1
6635,Random,-1,1
6636,Random,-1,1
6637,draw,0,0
6638,draw,0,0
6639,draw,0,0
6640,Random,-1,1
6641,Random,-1,1
6642,draw,0,0
6643,draw,0,0
6644,draw,0,0
6645,Random,-1,1
6646,draw,0,0
6647,Random,-1,1
6648,Random,-1,1
6649,Random,-1,1
6650,Random,-1,1
6651,draw,0,0
6652,Random,-1,1
6653,Random,-1,1
6654,Random,-1,1
6655,draw,0,0
6656,Random,-1,1
6657,NashQ,1,-1
6658,draw,0,0
6659,Random,-1,1
6660,Random,-1,1
6661,Random,-1,1
6662,draw,0,0
6663,draw,0,0
6664,Random,-1,1
6665,Random,-1,1
6666,draw,0,0
6667,draw,0,0
6668,Random,-1,1
6669,NashQ,1,-1
6670,Random,-1,1
6671,Random,-1,1
6672,Random,-1,1
6673,draw,0,0
6674,draw,0,0
6675,Random,-1,1
6676,Random,-1,1
6677,draw,0,0
6678,Random,-1,1
6679,Random,-1,1
6680,Random,-1,1
6681,NashQ,1,-1
6682,Random,-1,1
6683,Random,-1,1
6684,draw,0,0
6685,Random,-1,1
6686,Random,-1,1
6687,draw,0,0
6688,Random,-1,1
6689,Random,-1,1
6690,Random,-1,1
6691,Random,-1,1
6692,Random,-1,1
6693,Random,-1,1
6694,Random,-1,1
6695,draw,0,0
6696,draw,0,0
6697,Random,-1,1
6698,Random,-1,1
6699,Random,-1,1
6700,Random,-1,1
6701,Random,-1,1
6702,Random,-1,1
6703,draw,0,0
6704,draw,0,0
6705,draw,0,0
6706,Random,-1,1
6707,Random,-1,1
6708,NashQ,1,-1
6709,NashQ,1,-1
6710,Random,-1,1
6711,Random,-1,1
6712,Random,-1,1
6713,Random,-1,1
6714,Random,-1,1
6715,draw,0,0
6716,Random,-1,1
6717,Random,-1,1
6718,Random,-1,1
6719,Random,-1,1
6720,Random,-1,1
6721,NashQ,1,-1
6722,draw,0,0
6723,Random,-1,1
6724,Random,-1,1
6725,draw,0,0
6726,draw,0,0
6727,NashQ,1,-1
6728,Random,-1,1
6729,draw,0,0
6730,draw,0,0
6731,Random,-1,1
6732,Random,-1,1
6733,Random,-1,1
6734,Random,-1,1
6735,Random,-1,1
6736,NashQ,1,-1
6737,draw,0,0
6738,Random,-1,1
6739,draw,0,0
6740,Random,-1,1
6741,Random,-1,1
6742,NashQ,1,-1
6743,NashQ,1,-1
6744,Random,-1,1
6745,Random,-1,1
6746,NashQ,1,-1
6747,Random,-1,1
6748,Random,-1,1
6749,NashQ,1,-1
6750,draw,0,0
6751,Random,-1,1
6752,Random,-1,1
6753,draw,0,0
6754,NashQ,1,-1
6755,draw,0,0
6756,Random,-1,1
6757,draw,0,0
6758,Random,-1,1
6759,NashQ,1,-1
6760,Random,-1,1
6761,Random,-1,1
6762,Random,-1,1
6763,draw,0,0
6764,Random,-1,1
6765,Random,-1,1
6766,NashQ,1,-1
6767,Random,-1,1
6768,Random,-1,1
6769,Random,-1,1
6770,Random,-1,1
6771,Random,-1,1
6772,draw,0,0
6773,Random,-1,1
6774,Random,-1,1
6775,Random,-1,1
6776,Random,-1,1
6777,Random,-1,1
6778,draw,0,0
6779,Random,-1,1
6780,Random,-1,1
6781,Random,-1,1
6782,Random,-1,1
6783,Random,-1,1
6784,draw,0,0
6785,Random,-1,1
6786,Random,-1,1
6787,Random,-1,1
6788,Random,-1,1
6789,Random,-1,1
6790,Random,-1,1
6791,draw,0,0
6792,Random,-1,1
6793,draw,0,0
6794,Random,-1,1
6795,draw,0,0
6796,draw,0,0
6797,Random,-1,1
6798,NashQ,1,-1
6799,Random,-1,1
6800,Random,-1,1
6801,Random,-1,1
6802,NashQ,1,-1
6803,Random,-1,1
6804,Random,-1,1
6805,NashQ,1,-1
6806,Random,-1,1
6807,Random,-1,1
6808,Random,-1,1
6809,draw,0,0
6810,Random,-1,1
6811,NashQ,1,-1
6812,Random,-1,1
6813,NashQ,1,-1
6814,Random,-1,1
6815,NashQ,1,-1
6816,Random,-1,1
6817,Random,-1,1
6818,draw,0,0
6819,Random,-1,1
6820,Random,-1,1
6821,Random,-1,1
6822,Random,-1,1
6823,Random,-1,1
6824,Random,-1,1
6825,Random,-1,1
6826,Random,-1,1
6827,Random,-1,1
6828,draw,0,0
6829,draw,0,0
6830,Random,-1,1
6831,Random,-1,1
6832,Random,-1,1
6833,Random,-1,1
6834,draw,0,0
6835,draw,0,0
6836,Random,-1,1
6837,draw,0,0
6838,Random,-1,1
6839,Random,-1,1
6840,Random,-1,1
6841,Random,-1,1
6842,draw,0,0
6843,Random,-1,1
6844,Random,-1,1
6845,Random,-1,1
6846,Random,-1,1
6847,draw,0,0
6848,Random,-1,1
6849,NashQ,1,-1
6850,NashQ,1,-1
6851,Random,-1,1
6852,Random,-1,1
6853,Random,-1,1
6854,Random,-1,1
6855,draw,0,0
6856,Random,-1,1
6857,Random,-1,1
6858,Random,-1,1
6859,NashQ,1,-1
6860,draw,0,0
6861,NashQ,1,-1
6862,Random,-1,1
6863,draw,0,0
6864,NashQ,1,-1
6865,Random,-1,1
6866,Random,-1,1
6867,Random,-1,1
6868,Random,-1,1
6869,draw,0,0
6870,Random,-1,1
6871,Random,-1,1
6872,Random,-1,1
6873,NashQ,1,-1
6874,Random,-1,1
6875,Random,-1,1
6876,Random,-1,1
6877,Random,-1,1
6878,Random,-1,1
6879,draw,0,0
6880,draw,0,0
6881,Random,-1,1
6882,Random,-1,1
6883,NashQ,1,-1
6884,Random,-1,1
6885,draw,0,0
6886,Random,-1,1
6887,draw,0,0
6888,draw,0,0
6889,draw,0,0
6890,Random,-1,1
6891,draw,0,0
6892,NashQ,1,-1
6893,draw,0,0
6894,Random,-1,1
6895,Random,-1,1
6896,NashQ,1,-1
6897,draw,0,0
6898,NashQ,1,-1
6899,Random,-1,1
6900,draw,0,0
6901,NashQ,1,-1
6902,Random,-1,1
6903,NashQ,1,-1
6904,Random,-1,1
6905,draw,0,0
6906,Random,-1,1
6907,NashQ,1,-1
6908,draw,0,0
6909,Random,-1,1
6910,Random,-1,1
6911,draw,0,0
6912,draw,0,0
6913,draw,0,0
6914,Random,-1,1
6915,Random,-1,1
6916,draw,0,0
6917,Random,-1,1
6918,NashQ,1,-1
6919,Random,-1,1
6920,Random,-1,1
6921,Random,-1,1
6922,Random,-1,1
6923,draw,0,0
6924,NashQ,1,-1
6925,Random,-1,1
6926,Random,-1,1
6927,Random,-1,1
6928,draw,0,0
6929,draw,0,0
6930,Random,-1,1
6931,NashQ,1,-1
6932,Random,-1,1
6933,draw,0,0
6934,draw,0,0
6935,Random,-1,1
6936,NashQ,1,-1
6937,Random,-1,1
6938,NashQ,1,-1
6939,draw,0,0
6940,Random,-1,1
6941,Random,-1,1
6942,Random,-1,1
6943,draw,0,0
6944,draw,0,0
6945,draw,0,0
6946,Random,-1,1
6947,Random,-1,1
6948,Random,-1,1
6949,Random,-1,1
6950,draw,0,0
6951,draw,0,0
6952,NashQ,1,-1
6953,Random,-1,1
6954,Random,-1,1
6955,Random,-1,1
6956,Random,-1,1
6957,Random,-1,1
6958,Random,-1,1
6959,NashQ,1,-1
6960,Random,-1,1
6961,draw,0,0
6962,Random,-1,1
6963,Random,-1,1
6964,Random,-1,1
6965,Random,-1,1
6966,draw,0,0
6967,Random,-1,1
6968,Random,-1,1
6969,Random,-1,1
6970,Random,-1,1
6971,Random,-1,1
6972,Random,-1,1
6973,Random,-1,1
6974,NashQ,1,-1
6975,Random,-1,1
6976,draw,0,0
6977,draw,0,0
6978,draw,0,0
6979,Random,-1,1
6980,Random,-1,1
6981,Random,-1,1
6982,Random,-1,1
6983,draw,0,0
6984,NashQ,1,-1
6985,draw,0,0
6986,Random,-1,1
6987,Random,-1,1
6988,Random,-1,1
6989,draw,0,0
6990,Random,-1,1
6991,NashQ,1,-1
6992,NashQ,1,-1
6993,Random,-1,1
6994,Random,-1,1
6995,NashQ,1,-1
6996,Random,-1,1
6997,Random,-1,1
6998,NashQ,1,-1
6999,Random,-1,1
7000,Random,-1,1
7001,Random,-1,1
7002,Random,-1,1
7003,Random,-1,1
7004,draw,0,0
7005,NashQ,1,-1
7006,draw,0,0
7007,Random,-1,1
7008,Random,-1,1
7009,draw,0,0
7010,Random,-1,1
7011,Random,-1,1
7012,Random,-1,1
7013,Random,-1,1
7014,Random,-1,1
7015,Random,-1,1
7016,Random,-1,1
7017,draw,0,0
7018,Random,-1,1
7019,NashQ,1,-1
7020,Random,-1,1
7021,Random,-1,1
7022,Random,-1,1
7023,Random,-1,1
7024,draw,0,0
7025,draw,0,0
7026,Random,-1,1
7027,Random,-1,1
7028,Random,-1,1
7029,Random,-1,1
7030,Random,-1,1
7031,NashQ,1,-1
7032,draw,0,0
7033,Random,-1,1
7034,NashQ,1,-1
7035,draw,0,0
7036,draw,0,0
7037,Random,-1,1
7038,Random,-1,1
7039,draw,0,0
7040,draw,0,0
7041,Random,-1,1
7042,Random,-1,1
7043,draw,0,0
7044,Random,-1,1
7045,NashQ,1,-1
7046,draw,0,0
7047,draw,0,0
7048,draw,0,0
7049,Random,-1,1
7050,Random,-1,1
7051,Random,-1,1
7052,NashQ,1,-1
7053,Random,-1,1
7054,draw,0,0
7055,Random,-1,1
7056,Random,-1,1
7057,Random,-1,1
7058,Random,-1,1
7059,draw,0,0
7060,Random,-1,1
7061,Random,-1,1
7062,draw,0,0
7063,Random,-1,1
7064,Random,-1,1
7065,Random,-1,1
7066,Random,-1,1
7067,Random,-1,1
7068,draw,0,0
7069,Random,-1,1
7070,Random,-1,1
7071,draw,0,0
7072,Random,-1,1
7073,draw,0,0
7074,Random,-1,1
7075,draw,0,0
7076,Random,-1,1
7077,Random,-1,1
7078,Random,-1,1
7079,Random,-1,1
7080,Random,-1,1
7081,NashQ,1,-1
7082,Random,-1,1
7083,Random,-1,1
7084,draw,0,0
7085,Random,-1,1
7086,draw,0,0
7087,NashQ,1,-1
7088,Random,-1,1
7089,draw,0,0
7090,Random,-1,1
7091,Random,-1,1
7092,draw,0,0
7093,Random,-1,1
7094,NashQ,1,-1
7095,Random,-1,1
7096,Random,-1,1
7097,draw,0,0
7098,Random,-1,1
7099,Random,-1,1
7100,draw,0,0
7101,Random,-1,1
7102,Random,-1,1
7103,draw,0,0
7104,draw,0,0
7105,Random,-1,1
7106,Random,-1,1
7107,Random,-1,1
7108,draw,0,0
7109,Random,-1,1
7110,Random,-1,1
7111,Random,-1,1
7112,NashQ,1,-1
7113,draw,0,0
7114,Random,-1,1
7115,Random,-1,1
7116,Random,-1,1
7117,Random,-1,1
7118,Random,-1,1
7119,NashQ,1,-1
7120,Random,-1,1
7121,Random,-1,1
7122,Random,-1,1
7123,Random,-1,1
7124,Random,-1,1
7125,draw,0,0
7126,Random,-1,1
7127,Random,-1,1
7128,Random,-1,1
7129,Random,-1,1
7130,Random,-1,1
7131,NashQ,1,-1
7132,Random,-1,1
7133,Random,-1,1
7134,NashQ,1,-1
7135,Random,-1,1
7136,draw,0,0
7137,Random,-1,1
7138,Random,-1,1
7139,NashQ,1,-1
7140,Random,-1,1
7141,NashQ,1,-1
7142,NashQ,1,-1
7143,Random,-1,1
7144,Random,-1,1
7145,draw,0,0
7146,draw,0,0
7147,Random,-1,1
7148,Random,-1,1
7149,draw,0,0
7150,Random,-1,1
7151,draw,0,0
7152,Random,-1,1
7153,Random,-1,1
7154,Random,-1,1
7155,draw,0,0
7156,Random,-1,1
7157,draw,0,0
7158,Random,-1,1
7159,Random,-1,1
7160,Random,-1,1
7161,Random,-1,1
7162,draw,0,0
7163,Random,-1,1
7164,NashQ,1,-1
7165,Random,-1,1
7166,Random,-1,1
7167,Random,-1,1
7168,Random,-1,1
7169,Random,-1,1
7170,draw,0,0
7171,draw,0,0
7172,Random,-1,1
7173,Random,-1,1
7174,Random,-1,1
7175,NashQ,1,-1
7176,Random,-1,1
7177,Random,-1,1
7178,draw,0,0
7179,Random,-1,1
7180,Random,-1,1
7181,Random,-1,1
7182,NashQ,1,-1
7183,Random,-1,1
7184,Random,-1,1
7185,draw,0,0
7186,NashQ,1,-1
7187,draw,0,0
7188,NashQ,1,-1
7189,draw,0,0
7190,Random,-1,1
7191,Random,-1,1
7192,Random,-1,1
7193,Random,-1,1
7194,NashQ,1,-1
7195,draw,0,0
7196,draw,0,0
7197,draw,0,0
7198,NashQ,1,-1
7199,Random,-1,1
7200,draw,0,0
7201,Random,-1,1
7202,Random,-1,1
7203,Random,-1,1
7204,NashQ,1,-1
7205,Random,-1,1
7206,Random,-1,1
7207,draw,0,0
7208,NashQ,1,-1
7209,draw,0,0
7210,Random,-1,1
7211,Random,-1,1
7212,draw,0,0
7213,NashQ,1,-1
7214,Random,-1,1
7215,Random,-1,1
7216,NashQ,1,-1
7217,draw,0,0
7218,Random,-1,1
7219,Random,-1,1
7220,draw,0,0
7221,Random,-1,1
7222,Random,-1,1
7223,Random,-1,1
7224,Random,-1,1
7225,Random,-1,1
7226,draw,0,0
7227,Random,-1,1
7228,Random,-1,1
7229,Random,-1,1
7230,Random,-1,1
7231,Random,-1,1
7232,Random,-1,1
7233,NashQ,1,-1
7234,Random,-1,1
7235,Random,-1,1
7236,Random,-1,1
7237,NashQ,1,-1
7238,draw,0,0
7239,Random,-1,1
7240,Random,-1,1
7241,Random,-1,1
7242,NashQ,1,-1
7243,draw,0,0
7244,Random,-1,1
7245,Random,-1,1
7246,Random,-1,1
7247,draw,0,0
7248,draw,0,0
7249,NashQ,1,-1
7250,Random,-1,1
7251,Random,-1,1
7252,Random,-1,1
7253,draw,0,0
7254,draw,0,0
7255,NashQ,1,-1
7256,NashQ,1,-1
7257,Random,-1,1
7258,draw,0,0
7259,Random,-1,1
7260,Random,-1,1
7261,NashQ,1,-1
7262,Random,-1,1
7263,Random,-1,1
7264,draw,0,0
7265,draw,0,0
7266,Random,-1,1
7267,Random,-1,1
7268,Random,-1,1
7269,NashQ,1,-1
7270,Random,-1,1
7271,Random,-1,1
7272,Random,-1,1
7273,draw,0,0
7274,Random,-1,1
7275,Random,-1,1
7276,Random,-1,1
7277,NashQ,1,-1
7278,NashQ,1,-1
7279,Random,-1,1
7280,Random,-1,1
7281,Random,-1,1
7282,Random,-1,1
7283,draw,0,0
7284,Random,-1,1
7285,draw,0,0
7286,draw,0,0
7287,Random,-1,1
7288,draw,0,0
7289,Random,-1,1
7290,NashQ,1,-1
7291,Random,-1,1
7292,draw,0,0
7293,Random,-1,1
7294,NashQ,1,-1
7295,Random,-1,1
7296,NashQ,1,-1
7297,Random,-1,1
7298,Random,-1,1
7299,Random,-1,1
7300,Random,-1,1
7301,Random,-1,1
7302,NashQ,1,-1
7303,draw,0,0
7304,Random,-1,1
7305,Random,-1,1
7306,Random,-1,1
7307,NashQ,1,-1
7308,draw,0,0
7309,NashQ,1,-1
7310,Random,-1,1
7311,draw,0,0
7312,draw,0,0
7313,Random,-1,1
7314,NashQ,1,-1
7315,draw,0,0
7316,Random,-1,1
7317,draw,0,0
7318,Random,-1,1
7319,NashQ,1,-1
7320,draw,0,0
7321,Random,-1,1
7322,NashQ,1,-1
7323,NashQ,1,-1
7324,Random,-1,1
7325,Random,-1,1
7326,Random,-1,1
7327,draw,0,0
7328,draw,0,0
7329,NashQ,1,-1
7330,Random,-1,1
7331,Random,-1,1
7332,draw,0,0
7333,Random,-1,1
7334,Random,-1,1
7335,Random,-1,1
7336,Random,-1,1
7337,Random,-1,1
7338,Random,-1,1
7339,Random,-1,1
7340,Random,-1,1
7341,NashQ,1,-1
7342,Random,-1,1
7343,Random,-1,1
7344,Random,-1,1
7345,Random,-1,1
7346,NashQ,1,-1
7347,Random,-1,1
7348,Random,-1,1
7349,Random,-1,1
7350,Random,-1,1
7351,Random,-1,1
7352,Random,-1,1
7353,Random,-1,1
7354,draw,0,0
7355,NashQ,1,-1
7356,Random,-1,1
7357,Random,-1,1
7358,NashQ,1,-1
7359,Random,-1,1
7360,NashQ,1,-1
7361,Random,-1,1
7362,Random,-1,1
7363,draw,0,0
7364,Random,-1,1
7365,draw,0,0
7366,Random,-1,1
7367,NashQ,1,-1
7368,Random,-1,1
7369,Random,-1,1
7370,Random,-1,1
7371,draw,0,0
7372,Random,-1,1
7373,Random,-1,1
7374,draw,0,0
7375,NashQ,1,-1
7376,Random,-1,1
7377,Random,-1,1
7378,draw,0,0
7379,Random,-1,1
7380,draw,0,0
7381,draw,0,0
7382,Random,-1,1
7383,Random,-1,1
7384,draw,0,0
7385,NashQ,1,-1
7386,NashQ,1,-1
7387,Random,-1,1
7388,Random,-1,1
7389,Random,-1,1
7390,NashQ,1,-1
7391,Random,-1,1
7392,Random,-1,1
7393,draw,0,0
7394,Random,-1,1
7395,Random,-1,1
7396,NashQ,1,-1
7397,Random,-1,1
7398,NashQ,1,-1
7399,Random,-1,1
7400,Random,-1,1
7401,NashQ,1,-1
7402,Random,-1,1
7403,NashQ,1,-1
7404,NashQ,1,-1
7405,draw,0,0
7406,Random,-1,1
7407,NashQ,1,-1
7408,Random,-1,1
7409,Random,-1,1
7410,Random,-1,1
7411,Random,-1,1
7412,NashQ,1,-1
7413,NashQ,1,-1
7414,Random,-1,1
7415,draw,0,0
7416,Random,-1,1
7417,Random,-1,1
7418,Random,-1,1
7419,Random,-1,1
7420,draw,0,0
7421,draw,0,0
7422,Random,-1,1
7423,Random,-1,1
7424,Random,-1,1
7425,Random,-1,1
7426,draw,0,0
7427,NashQ,1,-1
7428,NashQ,1,-1
7429,Random,-1,1
7430,NashQ,1,-1
7431,draw,0,0
7432,Random,-1,1
7433,NashQ,1,-1
7434,draw,0,0
7435,NashQ,1,-1
7436,Random,-1,1
7437,draw,0,0
7438,Random,-1,1
7439,Random,-1,1
7440,Random,-1,1
7441,Random,-1,1
7442,Random,-1,1
7443,Random,-1,1
7444,Random,-1,1
7445,Random,-1,1
7446,draw,0,0
7447,Random,-1,1
7448,Random,-1,1
7449,Random,-1,1
7450,draw,0,0
7451,NashQ,1,-1
7452,NashQ,1,-1
7453,NashQ,1,-1
7454,Random,-1,1
7455,Random,-1,1
7456,Random,-1,1
7457,Random,-1,1
7458,Random,-1,1
7459,Random,-1,1
7460,Random,-1,1
7461,Random,-1,1
7462,Random,-1,1
7463,Random,-1,1
7464,Random,-1,1
7465,draw,0,0
7466,draw,0,0
7467,Random,-1,1
7468,Random,-1,1
7469,Random,-1,1
7470,Random,-1,1
7471,NashQ,1,-1
7472,Random,-1,1
7473,Random,-1,1
7474,Random,-1,1
7475,NashQ,1,-1
7476,Random,-1,1
7477,Random,-1,1
7478,Random,-1,1
7479,NashQ,1,-1
7480,draw,0,0
7481,Random,-1,1
7482,Random,-1,1
7483,NashQ,1,-1
7484,NashQ,1,-1
7485,NashQ,1,-1
7486,Random,-1,1
7487,Random,-1,1
7488,draw,0,0
7489,Random,-1,1
7490,NashQ,1,-1
7491,draw,0,0
7492,draw,0,0
7493,Random,-1,1
7494,Random,-1,1
7495,draw,0,0
7496,Random,-1,1
7497,Random,-1,1
7498,Random,-1,1
7499,draw,0,0
7500,draw,0,0
7501,draw,0,0
7502,draw,0,0
7503,Random,-1,1
7504,Random,-1,1
7505,Random,-1,1
7506,draw,0,0
7507,Random,-1,1
7508,Random,-1,1
7509,draw,0,0
7510,Random,-1,1
7511,Random,-1,1
7512,NashQ,1,-1
7513,Random,-1,1
7514,draw,0,0
7515,Random,-1,1
7516,draw,0,0
7517,Random,-1,1
7518,NashQ,1,-1
7519,Random,-1,1
7520,Random,-1,1
7521,Random,-1,1
7522,Random,-1,1
7523,NashQ,1,-1
7524,Random,-1,1
7525,Random,-1,1
7526,draw,0,0
7527,NashQ,1,-1
7528,Random,-1,1
7529,Random,-1,1
7530,Random,-1,1
7531,Random,-1,1
7532,Random,-1,1
7533,NashQ,1,-1
7534,draw,0,0
7535,NashQ,1,-1
7536,draw,0,0
7537,Random,-1,1
7538,Random,-1,1
7539,NashQ,1,-1
7540,Random,-1,1
7541,Random,-1,1
7542,Random,-1,1
7543,Random,-1,1
7544,Random,-1,1
7545,Random,-1,1
7546,Random,-1,1
7547,Random,-1,1
7548,Random,-1,1
7549,draw,0,0
7550,Random,-1,1
7551,Random,-1,1
7552,NashQ,1,-1
7553,Random,-1,1
7554,Random,-1,1
7555,Random,-1,1
7556,Random,-1,1
7557,draw,0,0
7558,draw,0,0
7559,Random,-1,1
7560,NashQ,1,-1
7561,Random,-1,1
7562,Random,-1,1
7563,Random,-1,1
7564,draw,0,0
7565,Random,-1,1
7566,Random,-1,1
7567,Random,-1,1
7568,Random,-1,1
7569,draw,0,0
7570,draw,0,0
7571,Random,-1,1
7572,Random,-1,1
7573,Random,-1,1
7574,Random,-1,1
7575,NashQ,1,-1
7576,Random,-1,1
7577,draw,0,0
7578,Random,-1,1
7579,Random,-1,1
7580,Random,-1,1
7581,Random,-1,1
7582,Random,-1,1
7583,Random,-1,1
7584,draw,0,0
7585,Random,-1,1
7586,draw,0,0
7587,Random,-1,1
7588,Random,-1,1
7589,Random,-1,1
7590,NashQ,1,-1
7591,NashQ,1,-1
7592,draw,0,0
7593,draw,0,0
7594,Random,-1,1
7595,Random,-1,1
7596,Random,-1,1
7597,Random,-1,1
7598,NashQ,1,-1
7599,Random,-1,1
7600,Random,-1,1
7601,Random,-1,1
7602,Random,-1,1
7603,draw,0,0
7604,Random,-1,1
7605,Random,-1,1
7606,Random,-1,1
7607,Random,-1,1
7608,Random,-1,1
7609,Random,-1,1
7610,Random,-1,1
7611,Random,-1,1
7612,Random,-1,1
7613,draw,0,0
7614,Random,-1,1
7615,Random,-1,1
7616,Random,-1,1
7617,NashQ,1,-1
7618,Random,-1,1
7619,Random,-1,1
7620,NashQ,1,-1
7621,Random,-1,1
7622,Random,-1,1
7623,Random,-1,1
7624,Random,-1,1
7625,draw,0,0
7626,Random,-1,1
7627,NashQ,1,-1
7628,NashQ,1,-1
7629,Random,-1,1
7630,Random,-1,1
7631,NashQ,1,-1
7632,Random,-1,1
7633,draw,0,0
7634,Random,-1,1
7635,draw,0,0
7636,Random,-1,1
7637,Random,-1,1
7638,Random,-1,1
7639,Random,-1,1
7640,Random,-1,1
7641,Random,-1,1
7642,Random,-1,1
7643,Random,-1,1
7644,Random,-1,1
7645,Random,-1,1
7646,Random,-1,1
7647,Random,-1,1
7648,Random,-1,1
7649,draw,0,0
7650,Random,-1,1
7651,draw,0,0
7652,Random,-1,1
7653,Random,-1,1
7654,Random,-1,1
7655,NashQ,1,-1
7656,Random,-1,1
7657,Random,-1,1
7658,draw,0,0
7659,draw,0,0
7660,Random,-1,1
7661,draw,0,0
7662,Random,-1,1
7663,Random,-1,1
7664,draw,0,0
7665,Random,-1,1
7666,Random,-1,1
7667,Random,-1,1
7668,NashQ,1,-1
7669,Random,-1,1
7670,NashQ,1,-1
7671,Random,-1,1
7672,draw,0,0
7673,draw,0,0
7674,NashQ,1,-1
7675,Random,-1,1
7676,Random,-1,1
7677,Random,-1,1
7678,Random,-1,1
7679,draw,0,0
7680,draw,0,0
7681,Random,-1,1
7682,Random,-1,1
7683,Random,-1,1
7684,Random,-1,1
7685,draw,0,0
7686,draw,0,0
7687,Random,-1,1
7688,Random,-1,1
7689,draw,0,0
7690,Random,-1,1
7691,Random,-1,1
7692,Random,-1,1
7693,Random,-1,1
7694,NashQ,1,-1
7695,draw,0,0
7696,NashQ,1,-1
7697,Random,-1,1
7698,NashQ,1,-1
7699,NashQ,1,-1
7700,Random,-1,1
7701,Random,-1,1
7702,Random,-1,1
7703,NashQ,1,-1
7704,Random,-1,1
7705,Random,-1,1
7706,Random,-1,1
7707,Random,-1,1
7708,draw,0,0
7709,Random,-1,1
7710,Random,-1,1
7711,Random,-1,1
7712,Random,-1,1
7713,draw,0,0
7714,draw,0,0
7715,Random,-1,1
7716,Random,-1,1
7717,Random,-1,1
7718,Random,-1,1
7719,draw,0,0
7720,Random,-1,1
7721,Random,-1,1
7722,Random,-1,1
7723,Random,-1,1
7724,draw,0,0
7725,Random,-1,1
7726,draw,0,0
7727,Random,-1,1
7728,Random,-1,1
7729,Random,-1,1
7730,NashQ,1,-1
7731,Random,-1,1
7732,Random,-1,1
7733,draw,0,0
7734,Random,-1,1
7735,Random,-1,1
7736,Random,-1,1
7737,Random,-1,1
7738,Random,-1,1
7739,Random,-1,1
7740,Random,-1,1
7741,NashQ,1,-1
7742,draw,0,0
7743,Random,-1,1
7744,Random,-1,1
7745,Random,-1,1
7746,draw,0,0
7747,Random,-1,1
7748,NashQ,1,-1
7749,Random,-1,1
7750,Random,-1,1
7751,Random,-1,1
7752,Random,-1,1
7753,Random,-1,1
7754,Random,-1,1
7755,Random,-1,1
7756,draw,0,0
7757,Random,-1,1
7758,Random,-1,1
7759,Random,-1,1
7760,Random,-1,1
7761,NashQ,1,-1
7762,NashQ,1,-1
7763,draw,0,0
7764,Random,-1,1
7765,NashQ,1,-1
7766,Random,-1,1
7767,Random,-1,1
7768,Random,-1,1
7769,Random,-1,1
7770,Random,-1,1
7771,NashQ,1,-1
7772,Random,-1,1
7773,Random,-1,1
7774,Random,-1,1
7775,Random,-1,1
7776,NashQ,1,-1
7777,NashQ,1,-1
7778,draw,0,0
7779,NashQ,1,-1
7780,Random,-1,1
7781,draw,0,0
7782,NashQ,1,-1
7783,draw,0,0
7784,Random,-1,1
7785,draw,0,0
7786,Random,-1,1
7787,draw,0,0
7788,Random,-1,1
7789,draw,0,0
7790,draw,0,0
7791,Random,-1,1
7792,Random,-1,1
7793,draw,0,0
7794,NashQ,1,-1
7795,Random,-1,1
7796,Random,-1,1
7797,Random,-1,1
7798,NashQ,1,-1
7799,Random,-1,1
7800,NashQ,1,-1
7801,NashQ,1,-1
7802,draw,0,0
7803,NashQ,1,-1
7804,draw,0,0
7805,NashQ,1,-1
7806,draw,0,0
7807,Random,-1,1
7808,Random,-1,1
7809,Random,-1,1
7810,NashQ,1,-1
7811,Random,-1,1
7812,NashQ,1,-1
7813,Random,-1,1
7814,Random,-1,1
7815,NashQ,1,-1
7816,Random,-1,1
7817,Random,-1,1
7818,Random,-1,1
7819,Random,-1,1
7820,Random,-1,1
7821,Random,-1,1
7822,draw,0,0
7823,Random,-1,1
7824,Random,-1,1
7825,Random,-1,1
7826,NashQ,1,-1
7827,Random,-1,1
7828,draw,0,0
7829,Random,-1,1
7830,Random,-1,1
7831,Random,-1,1
7832,Random,-1,1
7833,Random,-1,1
7834,Random,-1,1
7835,NashQ,1,-1
7836,Random,-1,1
7837,Random,-1,1
7838,Random,-1,1
7839,Random,-1,1
7840,Random,-1,1
7841,draw,0,0
7842,NashQ,1,-1
7843,NashQ,1,-1
7844,Random,-1,1
7845,NashQ,1,-1
7846,NashQ,1,-1
7847,Random,-1,1
7848,Random,-1,1
7849,Random,-1,1
7850,Random,-1,1
7851,Random,-1,1
7852,Random,-1,1
7853,draw,0,0
7854,Random,-1,1
7855,draw,0,0
7856,Random,-1,1
7857,Random,-1,1
7858,Random,-1,1
7859,Random,-1,1
7860,Random,-1,1
7861,Random,-1,1
7862,Random,-1,1
7863,draw,0,0
7864,Random,-1,1
7865,NashQ,1,-1
7866,Random,-1,1
7867,Random,-1,1
7868,Random,-1,1
7869,Random,-1,1
7870,draw,0,0
7871,Random,-1,1
7872,draw,0,0
7873,draw,0,0
7874,Random,-1,1
7875,Random,-1,1
7876,Random,-1,1
7877,draw,0,0
7878,Random,-1,1
7879,NashQ,1,-1
7880,Random,-1,1
7881,NashQ,1,-1
7882,draw,0,0
7883,Random,-1,1
7884,Random,-1,1
7885,Random,-1,1
7886,draw,0,0
7887,draw,0,0
7888,Random,-1,1
7889,Random,-1,1
7890,NashQ,1,-1
7891,NashQ,1,-1
7892,draw,0,0
7893,Random,-1,1
7894,Random,-1,1
7895,Random,-1,1
7896,Random,-1,1
7897,Random,-1,1
7898,Random,-1,1
7899,NashQ,1,-1
7900,Random,-1,1
7901,Random,-1,1
7902,Random,-1,1
7903,Random,-1,1
7904,draw,0,0
7905,Random,-1,1
7906,draw,0,0
7907,NashQ,1,-1
7908,Random,-1,1
7909,Random,-1,1
7910,Random,-1,1
7911,Random,-1,1
7912,draw,0,0
7913,Random,-1,1
7914,draw,0,0
7915,Random,-1,1
7916,NashQ,1,-1
7917,Random,-1,1
7918,Random,-1,1
7919,Random,-1,1
7920,Random,-1,1
7921,Random,-1,1
7922,NashQ,1,-1
7923,NashQ,1,-1
7924,Random,-1,1
7925,Random,-1,1
7926,Random,-1,1
7927,Random,-1,1
7928,Random,-1,1
7929,draw,0,0
7930,NashQ,1,-1
7931,Random,-1,1
7932,Random,-1,1
7933,draw,0,0
7934,Random,-1,1
7935,Random,-1,1
7936,Random,-1,1
7937,Random,-1,1
7938,Random,-1,1
7939,draw,0,0
7940,Random,-1,1
7941,Random,-1,1
7942,Random,-1,1
7943,Random,-1,1
7944,Random,-1,1
7945,Random,-1,1
7946,Random,-1,1
7947,Random,-1,1
7948,Random,-1,1
7949,draw,0,0
7950,Random,-1,1
7951,Random,-1,1
7952,NashQ,1,-1
7953,Random,-1,1
7954,Random,-1,1
7955,Random,-1,1
7956,Random,-1,1
7957,Random,-1,1
7958,Random,-1,1
7959,Random,-1,1
7960,Random,-1,1
7961,Random,-1,1
7962,draw,0,0
7963,draw,0,0
7964,draw,0,0
7965,Random,-1,1
7966,NashQ,1,-1
7967,draw,0,0
7968,Random,-1,1
7969,Random,-1,1
7970,draw,0,0
7971,Random,-1,1
7972,draw,0,0
7973,Random,-1,1
7974,draw,0,0
7975,Random,-1,1
7976,Random,-1,1
7977,Random,-1,1
7978,Random,-1,1
7979,Random,-1,1
7980,NashQ,1,-1
7981,NashQ,1,-1
7982,Random,-1,1
7983,draw,0,0
7984,draw,0,0
7985,NashQ,1,-1
7986,Random,-1,1
7987,draw,0,0
7988,Random,-1,1
7989,draw,0,0
7990,Random,-1,1
7991,NashQ,1,-1
7992,NashQ,1,-1
7993,Random,-1,1
7994,NashQ,1,-1
7995,draw,0,0
7996,Random,-1,1
7997,NashQ,1,-1
7998,NashQ,1,-1
7999,Random,-1,1
8000,Random,-1,1
8001,draw,0,0
8002,Random,-1,1
8003,Random,-1,1
8004,Random,-1,1
8005,Random,-1,1
8006,draw,0,0
8007,NashQ,1,-1
8008,Random,-1,1
8009,Random,-1,1
8010,NashQ,1,-1
8011,draw,0,0
8012,draw,0,0
8013,Random,-1,1
8014,Random,-1,1
8015,draw,0,0
8016,Random,-1,1
8017,Random,-1,1
8018,NashQ,1,-1
8019,Random,-1,1
8020,Random,-1,1
8021,Random,-1,1
8022,Random,-1,1
8023,Random,-1,1
8024,Random,-1,1
8025,Random,-1,1
8026,draw,0,0
8027,Random,-1,1
8028,Random,-1,1
8029,Random,-1,1
8030,Random,-1,1
8031,Random,-1,1
8032,Random,-1,1
8033,Random,-1,1
8034,draw,0,0
8035,NashQ,1,-1
8036,draw,0,0
8037,Random,-1,1
8038,Random,-1,1
8039,draw,0,0
8040,Random,-1,1
8041,Random,-1,1
8042,Random,-1,1
8043,draw,0,0
8044,Random,-1,1
8045,Random,-1,1
8046,Random,-1,1
8047,draw,0,0
8048,NashQ,1,-1
8049,draw,0,0
8050,Random,-1,1
8051,NashQ,1,-1
8052,Random,-1,1
8053,Random,-1,1
8054,Random,-1,1
8055,draw,0,0
8056,Random,-1,1
8057,draw,0,0
8058,NashQ,1,-1
8059,Random,-1,1
8060,Random,-1,1
8061,Random,-1,1
8062,Random,-1,1
8063,Random,-1,1
8064,draw,0,0
8065,Random,-1,1
8066,Random,-1,1
8067,Random,-1,1
8068,NashQ,1,-1
8069,draw,0,0
8070,Random,-1,1
8071,NashQ,1,-1
8072,draw,0,0
8073,Random,-1,1
8074,NashQ,1,-1
8075,NashQ,1,-1
8076,Random,-1,1
8077,Random,-1,1
8078,Random,-1,1
8079,Random,-1,1
8080,Random,-1,1
8081,Random,-1,1
8082,NashQ,1,-1
8083,NashQ,1,-1
8084,Random,-1,1
8085,NashQ,1,-1
8086,Random,-1,1
8087,Random,-1,1
8088,draw,0,0
8089,Random,-1,1
8090,Random,-1,1
8091,Random,-1,1
8092,NashQ,1,-1
8093,Random,-1,1
8094,Random,-1,1
8095,Random,-1,1
8096,Random,-1,1
8097,Random,-1,1
8098,Random,-1,1
8099,Random,-1,1
8100,Random,-1,1
8101,Random,-1,1
8102,Random,-1,1
8103,Random,-1,1
8104,NashQ,1,-1
8105,Random,-1,1
8106,Random,-1,1
8107,draw,0,0
8108,Random,-1,1
8109,draw,0,0
8110,Random,-1,1
8111,Random,-1,1
8112,draw,0,0
8113,Random,-1,1
8114,Random,-1,1
8115,NashQ,1,-1
8116,Random,-1,1
8117,NashQ,1,-1
8118,Random,-1,1
8119,draw,0,0
8120,Random,-1,1
8121,NashQ,1,-1
8122,draw,0,0
8123,Random,-1,1
8124,NashQ,1,-1
8125,Random,-1,1
8126,Random,-1,1
8127,Random,-1,1
8128,NashQ,1,-1
8129,Random,-1,1
8130,NashQ,1,-1
8131,draw,0,0
8132,NashQ,1,-1
8133,draw,0,0
8134,NashQ,1,-1
8135,Random,-1,1
8136,NashQ,1,-1
8137,draw,0,0
8138,Random,-1,1
8139,Random,-1,1
8140,Random,-1,1
8141,Random,-1,1
8142,NashQ,1,-1
8143,draw,0,0
8144,NashQ,1,-1
8145,Random,-1,1
8146,Random,-1,1
8147,Random,-1,1
8148,Random,-1,1
8149,Random,-1,1
8150,NashQ,1,-1
8151,Random,-1,1
8152,Random,-1,1
8153,Random,-1,1
8154,Random,-1,1
8155,Random,-1,1
8156,draw,0,0
8157,draw,0,0
8158,draw,0,0
8159,Random,-1,1
8160,Random,-1,1
8161,Random,-1,1
8162,Random,-1,1
8163,Random,-1,1
8164,NashQ,1,-1
8165,NashQ,1,-1
8166,Random,-1,1
8167,Random,-1,1
8168,NashQ,1,-1
8169,Random,-1,1
8170,NashQ,1,-1
8171,Random,-1,1
8172,draw,0,0
8173,NashQ,1,-1
8174,Random,-1,1
8175,NashQ,1,-1
8176,Random,-1,1
8177,Random,-1,1
8178,Random,-1,1
8179,draw,0,0
8180,NashQ,1,-1
8181,Random,-1,1
8182,draw,0,0
8183,Random,-1,1
8184,Random,-1,1
8185,Random,-1,1
8186,NashQ,1,-1
8187,Random,-1,1
8188,draw,0,0
8189,NashQ,1,-1
8190,Random,-1,1
8191,Random,-1,1
8192,draw,0,0
8193,Random,-1,1
8194,Random,-1,1
8195,draw,0,0
8196,Random,-1,1
8197,draw,0,0
8198,draw,0,0
8199,draw,0,0
8200,NashQ,1,-1
8201,Random,-1,1
8202,Random,-1,1
8203,Random,-1,1
8204,Random,-1,1
8205,Random,-1,1
8206,Random,-1,1
8207,Random,-1,1
8208,Random,-1,1
8209,Random,-1,1
8210,Random,-1,1
8211,Random,-1,1
8212,Random,-1,1
8213,NashQ,1,-1
8214,Random,-1,1
8215,Random,-1,1
8216,Random,-1,1
8217,Random,-1,1
8218,draw,0,0
8219,Random,-1,1
8220,Random,-1,1
8221,Random,-1,1
8222,draw,0,0
8223,Random,-1,1
8224,Random,-1,1
8225,Random,-1,1
8226,Random,-1,1
8227,Random,-1,1
8228,Random,-1,1
8229,Random,-1,1
8230,draw,0,0
8231,Random,-1,1
8232,Random,-1,1
8233,draw,0,0
8234,draw,0,0
8235,Random,-1,1
8236,Random,-1,1
8237,Random,-1,1
8238,NashQ,1,-1
8239,Random,-1,1
8240,Random,-1,1
8241,Random,-1,1
8242,Random,-1,1
8243,Random,-1,1
8244,draw,0,0
8245,Random,-1,1
8246,Random,-1,1
8247,Random,-1,1
8248,Random,-1,1
8249,Random,-1,1
8250,Random,-1,1
8251,Random,-1,1
8252,Random,-1,1
8253,Random,-1,1
8254,Random,-1,1
8255,Random,-1,1
8256,NashQ,1,-1
8257,draw,0,0
8258,draw,0,0
8259,NashQ,1,-1
8260,NashQ,1,-1
8261,draw,0,0
8262,Random,-1,1
8263,draw,0,0
8264,draw,0,0
8265,draw,0,0
8266,NashQ,1,-1
8267,Random,-1,1
8268,Random,-1,1
8269,Random,-1,1
8270,NashQ,1,-1
8271,Random,-1,1
8272,Random,-1,1
8273,draw,0,0
8274,Random,-1,1
8275,Random,-1,1
8276,draw,0,0
8277,Random,-1,1
8278,Random,-1,1
8279,Random,-1,1
8280,NashQ,1,-1
8281,NashQ,1,-1
8282,Random,-1,1
8283,Random,-1,1
8284,NashQ,1,-1
8285,Random,-1,1
8286,draw,0,0
8287,Random,-1,1
8288,draw,0,0
8289,draw,0,0
8290,Random,-1,1
8291,Random,-1,1
8292,NashQ,1,-1
8293,draw,0,0
8294,NashQ,1,-1
8295,Random,-1,1
8296,Random,-1,1
8297,Random,-1,1
8298,Random,-1,1
8299,Random,-1,1
8300,Random,-1,1
8301,Random,-1,1
8302,Random,-1,1
8303,Random,-1,1
8304,Random,-1,1
8305,Random,-1,1
8306,Random,-1,1
8307,Random,-1,1
8308,Random,-1,1
8309,Random,-1,1
8310,NashQ,1,-1
8311,Random,-1,1
8312,Random,-1,1
8313,Random,-1,1
8314,NashQ,1,-1
8315,NashQ,1,-1
8316,Random,-1,1
8317,NashQ,1,-1
8318,Random,-1,1
8319,Random,-1,1
8320,Random,-1,1
8321,NashQ,1,-1
8322,Random,-1,1
8323,Random,-1,1
8324,Random,-1,1
8325,draw,0,0
8326,Random,-1,1
8327,Random,-1,1
8328,Random,-1,1
8329,Random,-1,1
8330,draw,0,0
8331,NashQ,1,-1
8332,Random,-1,1
8333,NashQ,1,-1
8334,NashQ,1,-1
8335,Random,-1,1
8336,Random,-1,1
8337,Random,-1,1
8338,Random,-1,1
8339,Random,-1,1
8340,Random,-1,1
8341,draw,0,0
8342,NashQ,1,-1
8343,NashQ,1,-1
8344,Random,-1,1
8345,Random,-1,1
8346,Random,-1,1
8347,Random,-1,1
8348,Random,-1,1
8349,Random,-1,1
8350,Random,-1,1
8351,Random,-1,1
8352,Random,-1,1
8353,draw,0,0
8354,Random,-1,1
8355,Random,-1,1
8356,Random,-1,1
8357,Random,-1,1
8358,Random,-1,1
8359,Random,-1,1
8360,Random,-1,1
8361,NashQ,1,-1
8362,NashQ,1,-1
8363,Random,-1,1
8364,draw,0,0
8365,Random,-1,1
8366,NashQ,1,-1
8367,Random,-1,1
8368,Random,-1,1
8369,NashQ,1,-1
8370,draw,0,0
8371,Random,-1,1
8372,Random,-1,1
8373,Random,-1,1
8374,Random,-1,1
8375,Random,-1,1
8376,Random,-1,1
8377,NashQ,1,-1
8378,Random,-1,1
8379,draw,0,0
8380,Random,-1,1
8381,Random,-1,1
8382,Random,-1,1
8383,draw,0,0
8384,NashQ,1,-1
8385,Random,-1,1
8386,draw,0,0
8387,draw,0,0
8388,Random,-1,1
8389,Random,-1,1
8390,Random,-1,1
8391,Random,-1,1
8392,Random,-1,1
8393,NashQ,1,-1
8394,Random,-1,1
8395,Random,-1,1
8396,draw,0,0
8397,Random,-1,1
8398,draw,0,0
8399,Random,-1,1
8400,Random,-1,1
8401,Random,-1,1
8402,draw,0,0
8403,Random,-1,1
8404,Random,-1,1
8405,Random,-1,1
8406,NashQ,1,-1
8407,draw,0,0
8408,Random,-1,1
8409,draw,0,0
8410,Random,-1,1
8411,draw,0,0
8412,draw,0,0
8413,draw,0,0
8414,Random,-1,1
8415,Random,-1,1
8416,NashQ,1,-1
8417,Random,-1,1
8418,Random,-1,1
8419,Random,-1,1
8420,Random,-1,1
8421,Random,-1,1
8422,draw,0,0
8423,Random,-1,1
8424,Random,-1,1
8425,Random,-1,1
8426,NashQ,1,-1
8427,NashQ,1,-1
8428,Random,-1,1
8429,Random,-1,1
8430,NashQ,1,-1
8431,Random,-1,1
8432,NashQ,1,-1
8433,Random,-1,1
8434,draw,0,0
8435,draw,0,0
8436,Random,-1,1
8437,Random,-1,1
8438,NashQ,1,-1
8439,Random,-1,1
8440,Random,-1,1
8441,NashQ,1,-1
8442,Random,-1,1
8443,Random,-1,1
8444,Random,-1,1
8445,Random,-1,1
8446,Random,-1,1
8447,NashQ,1,-1
8448,Random,-1,1
8449,Random,-1,1
8450,draw,0,0
8451,Random,-1,1
8452,Random,-1,1
8453,Random,-1,1
8454,Random,-1,1
8455,Random,-1,1
8456,NashQ,1,-1
8457,Random,-1,1
8458,Random,-1,1
8459,Random,-1,1
8460,Random,-1,1
8461,draw,0,0
8462,Random,-1,1
8463,Random,-1,1
8464,NashQ,1,-1
8465,Random,-1,1
8466,Random,-1,1
8467,Random,-1,1
8468,Random,-1,1
8469,draw,0,0
8470,draw,0,0
8471,Random,-1,1
8472,Random,-1,1
8473,Random,-1,1
8474,draw,0,0
8475,Random,-1,1
8476,Random,-1,1
8477,Random,-1,1
8478,NashQ,1,-1
8479,NashQ,1,-1
8480,NashQ,1,-1
8481,NashQ,1,-1
8482,Random,-1,1
8483,Random,-1,1
8484,Random,-1,1
8485,NashQ,1,-1
8486,Random,-1,1
8487,NashQ,1,-1
8488,Random,-1,1
8489,draw,0,0
8490,NashQ,1,-1
8491,NashQ,1,-1
8492,Random,-1,1
8493,Random,-1,1
8494,Random,-1,1
8495,draw,0,0
8496,Random,-1,1
8497,Random,-1,1
8498,Random,-1,1
8499,draw,0,0
8500,Random,-1,1
8501,draw,0,0
8502,Random,-1,1
8503,Random,-1,1
8504,Random,-1,1
8505,Random,-1,1
8506,Random,-1,1
8507,Random,-1,1
8508,Random,-1,1
8509,Random,-1,1
8510,Random,-1,1
8511,NashQ,1,-1
8512,NashQ,1,-1
8513,NashQ,1,-1
8514,NashQ,1,-1
8515,Random,-1,1
8516,draw,0,0
8517,Random,-1,1
8518,draw,0,0
8519,Random,-1,1
8520,Random,-1,1
8521,NashQ,1,-1
8522,Random,-1,1
8523,NashQ,1,-1
8524,Random,-1,1
8525,Random,-1,1
8526,Random,-1,1
8527,Random,-1,1
8528,NashQ,1,-1
8529,draw,0,0
8530,Random,-1,1
8531,Random,-1,1
8532,draw,0,0
8533,Random,-1,1
8534,Random,-1,1
8535,Random,-1,1
8536,draw,0,0
8537,NashQ,1,-1
8538,NashQ,1,-1
8539,Random,-1,1
8540,NashQ,1,-1
8541,Random,-1,1
8542,Random,-1,1
8543,Random,-1,1
8544,draw,0,0
8545,draw,0,0
8546,NashQ,1,-1
8547,Random,-1,1
8548,Random,-1,1
8549,Random,-1,1
8550,Random,-1,1
8551,Random,-1,1
8552,draw,0,0
8553,Random,-1,1
8554,Random,-1,1
8555,Random,-1,1
8556,Random,-1,1
8557,NashQ,1,-1
8558,Random,-1,1
8559,NashQ,1,-1
8560,draw,0,0
8561,Random,-1,1
8562,NashQ,1,-1
8563,Random,-1,1
8564,Random,-1,1
8565,Random,-1,1
8566,draw,0,0
8567,Random,-1,1
8568,draw,0,0
8569,draw,0,0
8570,NashQ,1,-1
8571,draw,0,0
8572,NashQ,1,-1
8573,Random,-1,1
8574,draw,0,0
8575,Random,-1,1
8576,Random,-1,1
8577,Random,-1,1
8578,draw,0,0
8579,Random,-1,1
8580,draw,0,0
8581,Random,-1,1
8582,Random,-1,1
8583,Random,-1,1
8584,draw,0,0
8585,Random,-1,1
8586,NashQ,1,-1
8587,Random,-1,1
8588,Random,-1,1
8589,Random,-1,1
8590,draw,0,0
8591,Random,-1,1
8592,draw,0,0
8593,Random,-1,1
8594,Random,-1,1
8595,draw,0,0
8596,NashQ,1,-1
8597,Random,-1,1
8598,Random,-1,1
8599,Random,-1,1
8600,Random,-1,1
8601,draw,0,0
8602,Random,-1,1
8603,draw,0,0
8604,Random,-1,1
8605,draw,0,0
8606,Random,-1,1
8607,Random,-1,1
8608,Random,-1,1
8609,Random,-1,1
8610,Random,-1,1
8611,draw,0,0
8612,Random,-1,1
8613,NashQ,1,-1
8614,NashQ,1,-1
8615,Random,-1,1
8616,Random,-1,1
8617,Random,-1,1
8618,Random,-1,1
8619,NashQ,1,-1
8620,draw,0,0
8621,draw,0,0
8622,draw,0,0
8623,Random,-1,1
8624,Random,-1,1
8625,NashQ,1,-1
8626,NashQ,1,-1
8627,Random,-1,1
8628,NashQ,1,-1
8629,Random,-1,1
8630,Random,-1,1
8631,Random,-1,1
8632,NashQ,1,-1
8633,draw,0,0
8634,Random,-1,1
8635,Random,-1,1
8636,Random,-1,1
8637,Random,-1,1
8638,Random,-1,1
8639,draw,0,0
8640,NashQ,1,-1
8641,draw,0,0
8642,Random,-1,1
8643,Random,-1,1
8644,Random,-1,1
8645,NashQ,1,-1
8646,NashQ,1,-1
8647,Random,-1,1
8648,Random,-1,1
8649,Random,-1,1
8650,NashQ,1,-1
8651,Random,-1,1
8652,Random,-1,1
8653,NashQ,1,-1
8654,draw,0,0
8655,Random,-1,1
8656,NashQ,1,-1
8657,NashQ,1,-1
8658,Random,-1,1
8659,Random,-1,1
8660,Random,-1,1
8661,Random,-1,1
8662,draw,0,0
8663,Random,-1,1
8664,NashQ,1,-1
8665,Random,-1,1
8666,Random,-1,1
8667,Random,-1,1
8668,draw,0,0
8669,Random,-1,1
8670,NashQ,1,-1
8671,Random,-1,1
8672,Random,-1,1
8673,Random,-1,1
8674,draw,0,0
8675,Random,-1,1
8676,Random,-1,1
8677,Random,-1,1
8678,Random,-1,1
8679,Random,-1,1
8680,Random,-1,1
8681,Random,-1,1
8682,Random,-1,1
8683,Random,-1,1
8684,Random,-1,1
8685,NashQ,1,-1
8686,Random,-1,1
8687,Random,-1,1
8688,draw,0,0
8689,Random,-1,1
8690,draw,0,0
8691,Random,-1,1
8692,NashQ,1,-1
8693,Random,-1,1
8694,draw,0,0
8695,Random,-1,1
8696,Random,-1,1
8697,NashQ,1,-1
8698,Random,-1,1
8699,Random,-1,1
8700,draw,0,0
8701,Random,-1,1
8702,Random,-1,1
8703,NashQ,1,-1
8704,Random,-1,1
8705,Random,-1,1
8706,NashQ,1,-1
8707,Random,-1,1
8708,draw,0,0
8709,Random,-1,1
8710,Random,-1,1
8711,Random,-1,1
8712,Random,-1,1
8713,Random,-1,1
8714,draw,0,0
8715,draw,0,0
8716,Random,-1,1
8717,Random,-1,1
8718,Random,-1,1
8719,NashQ,1,-1
8720,Random,-1,1
8721,NashQ,1,-1
8722,Random,-1,1
8723,Random,-1,1
8724,NashQ,1,-1
8725,Random,-1,1
8726,Random,-1,1
8727,NashQ,1,-1
8728,Random,-1,1
8729,Random,-1,1
8730,NashQ,1,-1
8731,NashQ,1,-1
8732,Random,-1,1
8733,draw,0,0
8734,Random,-1,1
8735,Random,-1,1
8736,NashQ,1,-1
8737,NashQ,1,-1
8738,Random,-1,1
8739,draw,0,0
8740,draw,0,0
8741,Random,-1,1
8742,draw,0,0
8743,NashQ,1,-1
8744,Random,-1,1
8745,draw,0,0
8746,Random,-1,1
8747,draw,0,0
8748,Random,-1,1
8749,draw,0,0
8750,NashQ,1,-1
8751,Random,-1,1
8752,draw,0,0
8753,NashQ,1,-1
8754,Random,-1,1
8755,Random,-1,1
8756,NashQ,1,-1
8757,Random,-1,1
8758,NashQ,1,-1
8759,draw,0,0
8760,Random,-1,1
8761,Random,-1,1
8762,Random,-1,1
8763,draw,0,0
8764,NashQ,1,-1
8765,Random,-1,1
8766,Random,-1,1
8767,NashQ,1,-1
8768,Random,-1,1
8769,NashQ,1,-1
8770,Random,-1,1
8771,NashQ,1,-1
8772,draw,0,0
8773,Random,-1,1
8774,Random,-1,1
8775,Random,-1,1
8776,Random,-1,1
8777,Random,-1,1
8778,Random,-1,1
8779,NashQ,1,-1
8780,Random,-1,1
8781,draw,0,0
8782,Random,-1,1
8783,Random,-1,1
8784,Random,-1,1
8785,draw,0,0
8786,NashQ,1,-1
8787,Random,-1,1
8788,Random,-1,1
8789,NashQ,1,-1
8790,Random,-1,1
8791,draw,0,0
8792,NashQ,1,-1
8793,draw,0,0
8794,Random,-1,1
8795,draw,0,0
8796,draw,0,0
8797,Random,-1,1
8798,NashQ,1,-1
8799,Random,-1,1
8800,NashQ,1,-1
8801,Random,-1,1
8802,Random,-1,1
8803,Random,-1,1
8804,draw,0,0
8805,draw,0,0
8806,NashQ,1,-1
8807,Random,-1,1
8808,Random,-1,1
8809,Random,-1,1
8810,draw,0,0
8811,Random,-1,1
8812,NashQ,1,-1
8813,Random,-1,1
8814,draw,0,0
8815,Random,-1,1
8816,draw,0,0
8817,Random,-1,1
8818,draw,0,0
8819,NashQ,1,-1
8820,draw,0,0
8821,Random,-1,1
8822,Random,-1,1
8823,draw,0,0
8824,NashQ,1,-1
8825,Random,-1,1
8826,Random,-1,1
8827,Random,-1,1
8828,draw,0,0
8829,NashQ,1,-1
8830,Random,-1,1
8831,NashQ,1,-1
8832,Random,-1,1
8833,Random,-1,1
8834,NashQ,1,-1
8835,NashQ,1,-1
8836,draw,0,0
8837,Random,-1,1
8838,NashQ,1,-1
8839,draw,0,0
8840,draw,0,0
8841,Random,-1,1
8842,draw,0,0
8843,NashQ,1,-1
8844,Random,-1,1
8845,Random,-1,1
8846,Random,-1,1
8847,Random,-1,1
8848,Random,-1,1
8849,draw,0,0
8850,Random,-1,1
8851,NashQ,1,-1
8852,NashQ,1,-1
8853,Random,-1,1
8854,Random,-1,1
8855,Random,-1,1
8856,NashQ,1,-1
8857,Random,-1,1
8858,Random,-1,1
8859,Random,-1,1
8860,Random,-1,1
8861,draw,0,0
8862,NashQ,1,-1
8863,NashQ,1,-1
8864,NashQ,1,-1
8865,Random,-1,1
8866,NashQ,1,-1
8867,Random,-1,1
8868,NashQ,1,-1
8869,NashQ,1,-1
8870,Random,-1,1
8871,Random,-1,1
8872,NashQ,1,-1
8873,Random,-1,1
8874,Random,-1,1
8875,Random,-1,1
8876,Random,-1,1
8877,NashQ,1,-1
8878,NashQ,1,-1
8879,NashQ,1,-1
8880,Random,-1,1
8881,Random,-1,1
8882,Random,-1,1
8883,Random,-1,1
8884,Random,-1,1
8885,Random,-1,1
8886,Random,-1,1
8887,Random,-1,1
8888,Random,-1,1
8889,Random,-1,1
8890,Random,-1,1
8891,Random,-1,1
8892,Random,-1,1
8893,Random,-1,1
8894,Random,-1,1
8895,NashQ,1,-1
8896,NashQ,1,-1
8897,Random,-1,1
8898,Random,-1,1
8899,Random,-1,1
8900,NashQ,1,-1
8901,Random,-1,1
8902,NashQ,1,-1
8903,Random,-1,1
8904,Random,-1,1
8905,Random,-1,1
8906,draw,0,0
8907,draw,0,0
8908,NashQ,1,-1
8909,Random,-1,1
8910,Random,-1,1
8911,Random,-1,1
8912,Random,-1,1
8913,Random,-1,1
8914,Random,-1,1
8915,Random,-1,1
8916,draw,0,0
8917,draw,0,0
8918,draw,0,0
8919,Random,-1,1
8920,Random,-1,1
8921,Random,-1,1
8922,Random,-1,1
8923,Random,-1,1
8924,NashQ,1,-1
8925,draw,0,0
8926,NashQ,1,-1
8927,Random,-1,1
8928,draw,0,0
8929,NashQ,1,-1
8930,draw,0,0
8931,draw,0,0
8932,Random,-1,1
8933,NashQ,1,-1
8934,Random,-1,1
8935,Random,-1,1
8936,NashQ,1,-1
8937,draw,0,0
8938,draw,0,0
8939,Random,-1,1
8940,Random,-1,1
8941,Random,-1,1
8942,Random,-1,1
8943,Random,-1,1
8944,Random,-1,1
8945,NashQ,1,-1
8946,draw,0,0
8947,NashQ,1,-1
8948,draw,0,0
8949,NashQ,1,-1
8950,NashQ,1,-1
8951,Random,-1,1
8952,NashQ,1,-1
8953,Random,-1,1
8954,Random,-1,1
8955,Random,-1,1
8956,draw,0,0
8957,draw,0,0
8958,draw,0,0
8959,NashQ,1,-1
8960,Random,-1,1
8961,Random,-1,1
8962,Random,-1,1
8963,Random,-1,1
8964,Random,-1,1
8965,Random,-1,1
8966,Random,-1,1
8967,Random,-1,1
8968,Random,-1,1
8969,Random,-1,1
8970,NashQ,1,-1
8971,Random,-1,1
8972,Random,-1,1
8973,Random,-1,1
8974,Random,-1,1
8975,NashQ,1,-1
8976,Random,-1,1
8977,Random,-1,1
8978,Random,-1,1
8979,draw,0,0
8980,draw,0,0
8981,NashQ,1,-1
8982,Random,-1,1
8983,Random,-1,1
8984,NashQ,1,-1
8985,draw,0,0
8986,Random,-1,1
8987,Random,-1,1
8988,draw,0,0
8989,Random,-1,1
8990,draw,0,0
8991,Random,-1,1
8992,Random,-1,1
8993,draw,0,0
8994,NashQ,1,-1
8995,Random,-1,1
8996,Random,-1,1
8997,Random,-1,1
8998,Random,-1,1
8999,Random,-1,1
9000,Random,-1,1
9001,Random,-1,1
9002,NashQ,1,-1
9003,Random,-1,1
9004,Random,-1,1
9005,Random,-1,1
9006,Random,-1,1
9007,Random,-1,1
9008,Random,-1,1
9009,Random,-1,1
9010,Random,-1,1
9011,Random,-1,1
9012,Random,-1,1
9013,NashQ,1,-1
9014,draw,0,0
9015,Random,-1,1
9016,Random,-1,1
9017,Random,-1,1
9018,Random,-1,1
9019,NashQ,1,-1
9020,Random,-1,1
9021,Random,-1,1
9022,draw,0,0
9023,NashQ,1,-1
9024,Random,-1,1
9025,draw,0,0
9026,draw,0,0
9027,NashQ,1,-1
9028,draw,0,0
9029,Random,-1,1
9030,Random,-1,1
9031,draw,0,0
9032,Random,-1,1
9033,Random,-1,1
9034,Random,-1,1
9035,NashQ,1,-1
9036,draw,0,0
9037,draw,0,0
9038,Random,-1,1
9039,draw,0,0
9040,Random,-1,1
9041,Random,-1,1
9042,draw,0,0
9043,NashQ,1,-1
9044,Random,-1,1
9045,NashQ,1,-1
9046,draw,0,0
9047,Random,-1,1
9048,Random,-1,1
9049,Random,-1,1
9050,Random,-1,1
9051,draw,0,0
9052,draw,0,0
9053,Random,-1,1
9054,NashQ,1,-1
9055,Random,-1,1
9056,NashQ,1,-1
9057,draw,0,0
9058,Random,-1,1
9059,draw,0,0
9060,Random,-1,1
9061,draw,0,0
9062,Random,-1,1
9063,Random,-1,1
9064,Random,-1,1
9065,Random,-1,1
9066,draw,0,0
9067,NashQ,1,-1
9068,NashQ,1,-1
9069,NashQ,1,-1
9070,draw,0,0
9071,Random,-1,1
9072,Random,-1,1
9073,NashQ,1,-1
9074,Random,-1,1
9075,draw,0,0
9076,Random,-1,1
9077,draw,0,0
9078,draw,0,0
9079,Random,-1,1
9080,Random,-1,1
9081,Random,-1,1
9082,NashQ,1,-1
9083,draw,0,0
9084,NashQ,1,-1
9085,NashQ,1,-1
9086,Random,-1,1
9087,Random,-1,1
9088,Random,-1,1
9089,Random,-1,1
9090,draw,0,0
9091,Random,-1,1
9092,Random,-1,1
9093,NashQ,1,-1
9094,Random,-1,1
9095,draw,0,0
9096,Random,-1,1
9097,NashQ,1,-1
9098,NashQ,1,-1
9099,Random,-1,1
9100,Random,-1,1
9101,Random,-1,1
9102,NashQ,1,-1
9103,draw,0,0
9104,Random,-1,1
9105,Random,-1,1
9106,draw,0,0
9107,Random,-1,1
9108,Random,-1,1
9109,Random,-1,1
9110,Random,-1,1
9111,Random,-1,1
9112,Random,-1,1
9113,NashQ,1,-1
9114,Random,-1,1
9115,draw,0,0
9116,Random,-1,1
9117,Random,-1,1
9118,NashQ,1,-1
9119,NashQ,1,-1
9120,draw,0,0
9121,NashQ,1,-1
9122,NashQ,1,-1
9123,NashQ,1,-1
9124,Random,-1,1
9125,draw,0,0
9126,NashQ,1,-1
9127,Random,-1,1
9128,NashQ,1,-1
9129,Random,-1,1
9130,Random,-1,1
9131,Random,-1,1
9132,Random,-1,1
9133,Random,-1,1
9134,Random,-1,1
9135,Random,-1,1
9136,Random,-1,1
9137,Random,-1,1
9138,NashQ,1,-1
9139,draw,0,0
9140,Random,-1,1
9141,Random,-1,1
9142,NashQ,1,-1
9143,Random,-1,1
9144,Random,-1,1
9145,Random,-1,1
9146,Random,-1,1
9147,Random,-1,1
9148,NashQ,1,-1
9149,Random,-1,1
9150,NashQ,1,-1
9151,draw,0,0
9152,Random,-1,1
9153,Random,-1,1
9154,Random,-1,1
9155,Random,-1,1
9156,NashQ,1,-1
9157,Random,-1,1
9158,Random,-1,1
9159,Random,-1,1
9160,Random,-1,1
9161,Random,-1,1
9162,Random,-1,1
9163,Random,-1,1
9164,Random,-1,1
9165,draw,0,0
9166,Random,-1,1
9167,draw,0,0
9168,NashQ,1,-1
9169,Random,-1,1
9170,Random,-1,1
9171,Random,-1,1
9172,Random,-1,1
9173,Random,-1,1
9174,Random,-1,1
9175,Random,-1,1
9176,Random,-1,1
9177,Random,-1,1
9178,Random,-1,1
9179,Random,-1,1
9180,Random,-1,1
9181,Random,-1,1
9182,NashQ,1,-1
9183,draw,0,0
9184,NashQ,1,-1
9185,Random,-1,1
9186,Random,-1,1
9187,Random,-1,1
9188,NashQ,1,-1
9189,draw,0,0
9190,NashQ,1,-1
9191,NashQ,1,-1
9192,draw,0,0
9193,NashQ,1,-1
9194,draw,0,0
9195,NashQ,1,-1
9196,Random,-1,1
9197,Random,-1,1
9198,draw,0,0
9199,Random,-1,1
9200,NashQ,1,-1
9201,NashQ,1,-1
9202,NashQ,1,-1
9203,Random,-1,1
9204,NashQ,1,-1
9205,Random,-1,1
9206,NashQ,1,-1
9207,Random,-1,1
9208,Random,-1,1
9209,Random,-1,1
9210,Random,-1,1
9211,Random,-1,1
9212,Random,-1,1
9213,Random,-1,1
9214,Random,-1,1
9215,draw,0,0
9216,Random,-1,1
9217,Random,-1,1
9218,draw,0,0
9219,Random,-1,1
9220,draw,0,0
9221,Random,-1,1
9222,Random,-1,1
9223,draw,0,0
9224,Random,-1,1
9225,NashQ,1,-1
9226,NashQ,1,-1
9227,Random,-1,1
9228,draw,0,0
9229,Random,-1,1
9230,draw,0,0
9231,draw,0,0
9232,Random,-1,1
9233,Random,-1,1
9234,Random,-1,1
9235,NashQ,1,-1
9236,Random,-1,1
9237,Random,-1,1
9238,Random,-1,1
9239,Random,-1,1
9240,Random,-1,1
9241,NashQ,1,-1
9242,Random,-1,1
9243,NashQ,1,-1
9244,NashQ,1,-1
9245,NashQ,1,-1
9246,draw,0,0
9247,NashQ,1,-1
9248,NashQ,1,-1
9249,Random,-1,1
9250,Random,-1,1
9251,Random,-1,1
9252,Random,-1,1
9253,draw,0,0
9254,draw,0,0
9255,Random,-1,1
9256,Random,-1,1
9257,Random,-1,1
9258,draw,0,0
9259,Random,-1,1
9260,draw,0,0
9261,Random,-1,1
9262,Random,-1,1
9263,Random,-1,1
9264,Random,-1,1
9265,draw,0,0
9266,Random,-1,1
9267,Random,-1,1
9268,NashQ,1,-1
9269,NashQ,1,-1
9270,draw,0,0
9271,NashQ,1,-1
9272,draw,0,0
9273,Random,-1,1
9274,NashQ,1,-1
9275,Random,-1,1
9276,draw,0,0
9277,Random,-1,1
9278,draw,0,0
9279,NashQ,1,-1
9280,draw,0,0
9281,NashQ,1,-1
9282,Random,-1,1
9283,NashQ,1,-1
9284,Random,-1,1
9285,draw,0,0
9286,draw,0,0
9287,Random,-1,1
9288,Random,-1,1
9289,Random,-1,1
9290,draw,0,0
9291,Random,-1,1
9292,Random,-1,1
9293,Random,-1,1
9294,Random,-1,1
9295,Random,-1,1
9296,Random,-1,1
9297,Random,-1,1
9298,Random,-1,1
9299,Random,-1,1
9300,Random,-1,1
9301,Random,-1,1
9302,Random,-1,1
9303,NashQ,1,-1
9304,NashQ,1,-1
9305,Random,-1,1
9306,Random,-1,1
9307,Random,-1,1
9308,draw,0,0
9309,NashQ,1,-1
9310,draw,0,0
9311,Random,-1,1
9312,NashQ,1,-1
9313,Random,-1,1
9314,Random,-1,1
9315,draw,0,0
9316,Random,-1,1
9317,Random,-1,1
9318,Random,-1,1
9319,Random,-1,1
9320,NashQ,1,-1
9321,Random,-1,1
9322,Random,-1,1
9323,NashQ,1,-1
9324,Random,-1,1
9325,NashQ,1,-1
9326,NashQ,1,-1
9327,Random,-1,1
9328,Random,-1,1
9329,Random,-1,1
9330,NashQ,1,-1
9331,Random,-1,1
9332,Random,-1,1
9333,Random,-1,1
9334,Random,-1,1
9335,NashQ,1,-1
9336,Random,-1,1
9337,NashQ,1,-1
9338,Random,-1,1
9339,NashQ,1,-1
9340,Random,-1,1
9341,Random,-1,1
9342,NashQ,1,-1
9343,NashQ,1,-1
9344,Random,-1,1
9345,NashQ,1,-1
9346,Random,-1,1
9347,NashQ,1,-1
9348,Random,-1,1
9349,Random,-1,1
9350,NashQ,1,-1
9351,Random,-1,1
9352,Random,-1,1
9353,Random,-1,1
9354,draw,0,0
9355,draw,0,0
9356,Random,-1,1
9357,Random,-1,1
9358,draw,0,0
9359,draw,0,0
9360,Random,-1,1
9361,Random,-1,1
9362,Random,-1,1
9363,Random,-1,1
9364,Random,-1,1
9365,NashQ,1,-1
9366,draw,0,0
9367,Random,-1,1
9368,Random,-1,1
9369,Random,-1,1
9370,NashQ,1,-1
9371,NashQ,1,-1
9372,Random,-1,1
9373,Random,-1,1
9374,draw,0,0
9375,draw,0,0
9376,NashQ,1,-1
9377,Random,-1,1
9378,draw,0,0
9379,Random,-1,1
9380,Random,-1,1
9381,Random,-1,1
9382,Random,-1,1
9383,Random,-1,1
9384,draw,0,0
9385,Random,-1,1
9386,Random,-1,1
9387,Random,-1,1
9388,NashQ,1,-1
9389,draw,0,0
9390,draw,0,0
9391,Random,-1,1
9392,NashQ,1,-1
9393,Random,-1,1
9394,draw,0,0
9395,Random,-1,1
9396,draw,0,0
9397,NashQ,1,-1
9398,NashQ,1,-1
9399,Random,-1,1
9400,Random,-1,1
9401,NashQ,1,-1
9402,Random,-1,1
9403,NashQ,1,-1
9404,draw,0,0
9405,Random,-1,1
9406,Random,-1,1
9407,Random,-1,1
9408,Random,-1,1
9409,Random,-1,1
9410,NashQ,1,-1
9411,Random,-1,1
9412,Random,-1,1
9413,Random,-1,1
9414,Random,-1,1
9415,NashQ,1,-1
9416,Random,-1,1
9417,NashQ,1,-1
9418,Random,-1,1
9419,Random,-1,1
9420,draw,0,0
9421,NashQ,1,-1
9422,Random,-1,1
9423,Random,-1,1
9424,NashQ,1,-1
9425,Random,-1,1
9426,Random,-1,1
9427,Random,-1,1
9428,Random,-1,1
9429,draw,0,0
9430,Random,-1,1
9431,Random,-1,1
9432,draw,0,0
9433,Random,-1,1
9434,Random,-1,1
9435,Random,-1,1
9436,draw,0,0
9437,draw,0,0
9438,Random,-1,1
9439,Random,-1,1
9440,Random,-1,1
9441,Random,-1,1
9442,Random,-1,1
9443,Random,-1,1
9444,Random,-1,1
9445,Random,-1,1
9446,Random,-1,1
9447,Random,-1,1
9448,Random,-1,1
9449,draw,0,0
9450,NashQ,1,-1
9451,Random,-1,1
9452,draw,0,0
9453,Random,-1,1
9454,Random,-1,1
9455,Random,-1,1
9456,Random,-1,1
9457,Random,-1,1
9458,draw,0,0
9459,NashQ,1,-1
9460,Random,-1,1
9461,NashQ,1,-1
9462,NashQ,1,-1
9463,Random,-1,1
9464,NashQ,1,-1
9465,NashQ,1,-1
9466,Random,-1,1
9467,Random,-1,1
9468,NashQ,1,-1
9469,Random,-1,1
9470,NashQ,1,-1
9471,Random,-1,1
9472,draw,0,0
9473,NashQ,1,-1
9474,Random,-1,1
9475,Random,-1,1
9476,NashQ,1,-1
9477,Random,-1,1
9478,draw,0,0
9479,Random,-1,1
9480,NashQ,1,-1
9481,Random,-1,1
9482,Random,-1,1
9483,Random,-1,1
9484,NashQ,1,-1
9485,Random,-1,1
9486,NashQ,1,-1
9487,Random,-1,1
9488,NashQ,1,-1
9489,Random,-1,1
9490,NashQ,1,-1
9491,Random,-1,1
9492,Random,-1,1
9493,draw,0,0
9494,NashQ,1,-1
9495,draw,0,0
9496,Random,-1,1
9497,draw,0,0
9498,Random,-1,1
9499,NashQ,1,-1
9500,NashQ,1,-1
9501,Random,-1,1
9502,Random,-1,1
9503,Random,-1,1
9504,draw,0,0
9505,Random,-1,1
9506,Random,-1,1
9507,Random,-1,1
9508,NashQ,1,-1
9509,Random,-1,1
9510,Random,-1,1
9511,Random,-1,1
9512,Random,-1,1
9513,Random,-1,1
9514,Random,-1,1
9515,draw,0,0
9516,Random,-1,1
9517,Random,-1,1
9518,Random,-1,1
9519,draw,0,0
9520,Random,-1,1
9521,NashQ,1,-1
9522,Random,-1,1
9523,Random,-1,1
9524,Random,-1,1
9525,Random,-1,1
9526,NashQ,1,-1
9527,Random,-1,1
9528,NashQ,1,-1
9529,Random,-1,1
9530,Random,-1,1
9531,Random,-1,1
9532,NashQ,1,-1
9533,Random,-1,1
9534,NashQ,1,-1
9535,NashQ,1,-1
9536,Random,-1,1
9537,draw,0,0
9538,NashQ,1,-1
9539,draw,0,0
9540,NashQ,1,-1
9541,Random,-1,1
9542,draw,0,0
9543,Random,-1,1
9544,Random,-1,1
9545,Random,-1,1
9546,Random,-1,1
9547,Random,-1,1
9548,Random,-1,1
9549,Random,-1,1
9550,Random,-1,1
9551,Random,-1,1
9552,NashQ,1,-1
9553,NashQ,1,-1
9554,draw,0,0
9555,draw,0,0
9556,Random,-1,1
9557,NashQ,1,-1
9558,Random,-1,1
9559,NashQ,1,-1
9560,NashQ,1,-1
9561,Random,-1,1
9562,Random,-1,1
9563,NashQ,1,-1
9564,Random,-1,1
9565,Random,-1,1
9566,Random,-1,1
9567,draw,0,0
9568,NashQ,1,-1
9569,NashQ,1,-1
9570,Random,-1,1
9571,NashQ,1,-1
9572,NashQ,1,-1
9573,draw,0,0
9574,Random,-1,1
9575,Random,-1,1
9576,Random,-1,1
9577,Random,-1,1
9578,draw,0,0
9579,Random,-1,1
9580,Random,-1,1
9581,NashQ,1,-1
9582,Random,-1,1
9583,Random,-1,1
9584,Random,-1,1
9585,NashQ,1,-1
9586,Random,-1,1
9587,Random,-1,1
9588,draw,0,0
9589,Random,-1,1
9590,NashQ,1,-1
9591,Random,-1,1
9592,NashQ,1,-1
9593,Random,-1,1
9594,Random,-1,1
9595,Random,-1,1
9596,NashQ,1,-1
9597,NashQ,1,-1
9598,Random,-1,1
9599,NashQ,1,-1
9600,NashQ,1,-1
9601,NashQ,1,-1
9602,Random,-1,1
9603,NashQ,1,-1
9604,Random,-1,1
9605,Random,-1,1
9606,Random,-1,1
9607,NashQ,1,-1
9608,Random,-1,1
9609,Random,-1,1
9610,Random,-1,1
9611,draw,0,0
9612,Random,-1,1
9613,Random,-1,1
9614,Random,-1,1
9615,Random,-1,1
9616,Random,-1,1
9617,NashQ,1,-1
9618,Random,-1,1
9619,draw,0,0
9620,Random,-1,1
9621,draw,0,0
9622,Random,-1,1
9623,Random,-1,1
9624,Random,-1,1
9625,Random,-1,1
9626,Random,-1,1
9627,draw,0,0
9628,Random,-1,1
9629,NashQ,1,-1
9630,Random,-1,1
9631,Random,-1,1
9632,Random,-1,1
9633,Random,-1,1
9634,draw,0,0
9635,NashQ,1,-1
9636,Random,-1,1
9637,Random,-1,1
9638,Random,-1,1
9639,Random,-1,1
9640,NashQ,1,-1
9641,Random,-1,1
9642,draw,0,0
9643,draw,0,0
9644,Random,-1,1
9645,NashQ,1,-1
9646,NashQ,1,-1
9647,Random,-1,1
9648,NashQ,1,-1
9649,Random,-1,1
9650,Random,-1,1
9651,draw,0,0
9652,draw,0,0
9653,Random,-1,1
9654,Random,-1,1
9655,NashQ,1,-1
9656,Random,-1,1
9657,Random,-1,1
9658,NashQ,1,-1
9659,Random,-1,1
9660,NashQ,1,-1
9661,Random,-1,1
9662,Random,-1,1
9663,NashQ,1,-1
9664,Random,-1,1
9665,Random,-1,1
9666,NashQ,1,-1
9667,Random,-1,1
9668,draw,0,0
9669,Random,-1,1
9670,Random,-1,1
9671,NashQ,1,-1
9672,draw,0,0
9673,Random,-1,1
9674,draw,0,0
9675,Random,-1,1
9676,Random,-1,1
9677,Random,-1,1
9678,draw,0,0
9679,NashQ,1,-1
9680,Random,-1,1
9681,NashQ,1,-1
9682,NashQ,1,-1
9683,draw,0,0
9684,Random,-1,1
9685,Random,-1,1
9686,Random,-1,1
9687,NashQ,1,-1
9688,draw,0,0
9689,NashQ,1,-1
9690,Random,-1,1
9691,NashQ,1,-1
9692,Random,-1,1
9693,Random,-1,1
9694,NashQ,1,-1
9695,Random,-1,1
9696,draw,0,0
9697,NashQ,1,-1
9698,Random,-1,1
9699,NashQ,1,-1
9700,Random,-1,1
9701,Random,-1,1
9702,Random,-1,1
9703,draw,0,0
9704,NashQ,1,-1
9705,NashQ,1,-1
9706,Random,-1,1
9707,NashQ,1,-1
9708,Random,-1,1
9709,Random,-1,1
9710,Random,-1,1
9711,Random,-1,1
9712,NashQ,1,-1
9713,NashQ,1,-1
9714,draw,0,0
9715,Random,-1,1
9716,Random,-1,1
9717,draw,0,0
9718,Random,-1,1
9719,Random,-1,1
9720,Random,-1,1
9721,Random,-1,1
9722,Random,-1,1
9723,NashQ,1,-1
9724,NashQ,1,-1
9725,NashQ,1,-1
9726,Random,-1,1
9727,Random,-1,1
9728,Random,-1,1
9729,NashQ,1,-1
9730,Random,-1,1
9731,NashQ,1,-1
9732,NashQ,1,-1
9733,Random,-1,1
9734,Random,-1,1
9735,Random,-1,1
9736,Random,-1,1
9737,Random,-1,1
9738,Random,-1,1
9739,draw,0,0
9740,Random,-1,1
9741,NashQ,1,-1
9742,Random,-1,1
9743,draw,0,0
9744,draw,0,0
9745,Random,-1,1
9746,Random,-1,1
9747,draw,0,0
9748,Random,-1,1
9749,Random,-1,1
9750,Random,-1,1
9751,NashQ,1,-1
9752,Random,-1,1
9753,draw,0,0
9754,Random,-1,1
9755,NashQ,1,-1
9756,Random,-1,1
9757,NashQ,1,-1
9758,Random,-1,1
9759,Random,-1,1
9760,NashQ,1,-1
9761,Random,-1,1
9762,draw,0,0
9763,Random,-1,1
9764,draw,0,0
9765,Random,-1,1
9766,Random,-1,1
9767,draw,0,0
9768,NashQ,1,-1
9769,Random,-1,1
9770,Random,-1,1
9771,NashQ,1,-1
9772,draw,0,0
9773,draw,0,0
9774,Random,-1,1
9775,Random,-1,1
9776,Random,-1,1
9777,NashQ,1,-1
9778,draw,0,0
9779,Random,-1,1
9780,NashQ,1,-1
9781,Random,-1,1
9782,draw,0,0
9783,Random,-1,1
9784,Random,-1,1
9785,Random,-1,1
9786,draw,0,0
9787,Random,-1,1
9788,Random,-1,1
9789,draw,0,0
9790,Random,-1,1
9791,draw,0,0
9792,NashQ,1,-1
9793,NashQ,1,-1
9794,Random,-1,1
9795,Random,-1,1
9796,NashQ,1,-1
9797,Random,-1,1
9798,Random,-1,1
9799,NashQ,1,-1
9800,NashQ,1,-1
9801,Random,-1,1
9802,Random,-1,1
9803,NashQ,1,-1
9804,draw,0,0
9805,NashQ,1,-1
9806,Random,-1,1
9807,NashQ,1,-1
9808,NashQ,1,-1
9809,Random,-1,1
9810,NashQ,1,-1
9811,NashQ,1,-1
9812,Random,-1,1
9813,NashQ,1,-1
9814,Random,-1,1
9815,Random,-1,1
9816,Random,-1,1
9817,NashQ,1,-1
9818,Random,-1,1
9819,NashQ,1,-1
9820,Random,-1,1
9821,Random,-1,1
9822,Random,-1,1
9823,Random,-1,1
9824,Random,-1,1
9825,NashQ,1,-1
9826,draw,0,0
9827,Random,-1,1
9828,Random,-1,1
9829,NashQ,1,-1
9830,Random,-1,1
9831,Random,-1,1
9832,Random,-1,1
9833,NashQ,1,-1
9834,Random,-1,1
9835,draw,0,0
9836,draw,0,0
9837,Random,-1,1
9838,Random,-1,1
9839,Random,-1,1
9840,Random,-1,1
9841,Random,-1,1
9842,NashQ,1,-1
9843,Random,-1,1
9844,NashQ,1,-1
9845,draw,0,0
9846,NashQ,1,-1
9847,Random,-1,1
9848,NashQ,1,-1
9849,Random,-1,1
9850,Random,-1,1
9851,Random,-1,1
9852,Random,-1,1
9853,Random,-1,1
9854,Random,-1,1
9855,Random,-1,1
9856,Random,-1,1
9857,Random,-1,1
9858,NashQ,1,-1
9859,Random,-1,1
9860,Random,-1,1
9861,draw,0,0
9862,Random,-1,1
9863,Random,-1,1
9864,NashQ,1,-1
9865,NashQ,1,-1
9866,NashQ,1,-1
9867,Random,-1,1
9868,Random,-1,1
9869,Random,-1,1
9870,Random,-1,1
9871,Random,-1,1
9872,Random,-1,1
9873,NashQ,1,-1
9874,draw,0,0
9875,draw,0,0
9876,draw,0,0
9877,draw,0,0
9878,Random,-1,1
9879,Random,-1,1
9880,NashQ,1,-1
9881,Random,-1,1
9882,Random,-1,1
9883,draw,0,0
9884,NashQ,1,-1
9885,Random,-1,1
9886,NashQ,1,-1
9887,Random,-1,1
9888,Random,-1,1
9889,NashQ,1,-1
9890,NashQ,1,-1
9891,Random,-1,1
9892,Random,-1,1
9893,Random,-1,1
9894,draw,0,0
9895,NashQ,1,-1
9896,Random,-1,1
9897,draw,0,0
9898,Random,-1,1
9899,NashQ,1,-1
9900,NashQ,1,-1
9901,draw,0,0
9902,NashQ,1,-1
9903,Random,-1,1
9904,Random,-1,1
9905,draw,0,0
9906,NashQ,1,-1
9907,NashQ,1,-1
9908,Random,-1,1
9909,draw,0,0
9910,Random,-1,1
9911,NashQ,1,-1
9912,NashQ,1,-1
9913,Random,-1,1
9914,NashQ,1,-1
9915,Random,-1,1
9916,Random,-1,1
9917,draw,0,0
9918,Random,-1,1
9919,Random,-1,1
9920,Random,-1,1
9921,NashQ,1,-1
9922,NashQ,1,-1
9923,Random,-1,1
9924,NashQ,1,-1
9925,NashQ,1,-1
9926,draw,0,0
9927,Random,-1,1
9928,Random,-1,1
9929,Random,-1,1
9930,draw,0,0
9931,draw,0,0
9932,Random,-1,1
9933,Random,-1,1
9934,NashQ,1,-1
9935,Random,-1,1
9936,Random,-1,1
9937,Random,-1,1
9938,NashQ,1,-1
9939,Random,-1,1
9940,NashQ,1,-1
9941,Random,-1,1
9942,Random,-1,1
9943,draw,0,0
9944,Random,-1,1
9945,Random,-1,1
9946,Random,-1,1
9947,Random,-1,1
9948,Random,-1,1
9949,NashQ,1,-1
9950,NashQ,1,-1
9951,NashQ,1,-1
9952,NashQ,1,-1
9953,Random,-1,1
9954,NashQ,1,-1
9955,draw,0,0
9956,draw,0,0
9957,Random,-1,1
9958,Random,-1,1
9959,draw,0,0
9960,Random,-1,1
9961,Random,-1,1
9962,Random,-1,1
9963,draw,0,0
9964,Random,-1,1
9965,Random,-1,1
9966,Random,-1,1
9967,draw,0,0
9968,Random,-1,1
9969,draw,0,0
9970,Random,-1,1
9971,draw,0,0
9972,Random,-1,1
9973,NashQ,1,-1
9974,draw,0,0
9975,Random,-1,1
9976,Random,-1,1
9977,NashQ,1,-1
9978,NashQ,1,-1
9979,Random,-1,1
9980,NashQ,1,-1
9981,Random,-1,1
9982,Random,-1,1
9983,Random,-1,1
9984,Random,-1,1
9985,Random,-1,1
9986,Random,-1,1
9987,Random,-1,1
9988,NashQ,1,-1
9989,NashQ,1,-1
9990,NashQ,1,-1
9991,Random,-1,1
9992,NashQ,1,-1
9993,NashQ,1,-1
9994,NashQ,1,-1
9995,Random,-1,1
9996,NashQ,1,-1
9997,NashQ,1,-1
9998,Random,-1,1
9999,Random,-1,1
10000,NashQ,1,-1
