episode,winner,PPO,PPO_2
1,PPO,1,-1
2,PPO_2,-1,1
3,PPO,1,-1
4,PPO,1,-1
5,PPO,1,-1
6,PPO,1,-1
7,PPO,1,-1
8,PPO,1,-1
9,PPO,1,-1
10,PPO,1,-1
11,PPO,1,-1
12,PPO,1,-1
13,PPO,1,-1
14,PPO,1,-1
15,PPO,1,-1
16,PPO,1,-1
17,PPO,1,-1
18,PPO,1,-1
19,PPO,1,-1
20,PPO,1,-1
21,PPO,1,-1
22,PPO_2,-1,1
23,PPO,1,-1
24,PPO,1,-1
25,PPO,1,-1
26,PPO,1,-1
27,PPO,1,-1
28,PPO,1,-1
29,PPO_2,-1,1
30,PPO,1,-1
31,PPO_2,-1,1
32,PPO,1,-1
33,PPO_2,-1,1
34,PPO,1,-1
35,PPO,1,-1
36,PPO_2,-1,1
37,PPO,1,-1
38,PPO,1,-1
39,PPO,1,-1
40,PPO_2,-1,1
41,PPO_2,-1,1
42,PPO,1,-1
43,PPO,1,-1
44,PPO,1,-1
45,PPO,1,-1
46,PPO_2,-1,1
47,PPO,1,-1
48,PPO,1,-1
49,PPO,1,-1
50,PPO_2,-1,1
51,PPO,1,-1
52,PPO,1,-1
53,PPO,1,-1
54,PPO_2,-1,1
55,PPO,1,-1
56,PPO,1,-1
57,PPO,1,-1
58,PPO_2,-1,1
59,PPO_2,-1,1
60,PPO,1,-1
61,PPO,1,-1
62,PPO_2,-1,1
63,PPO,1,-1
64,PPO,1,-1
65,PPO,1,-1
66,PPO,1,-1
67,PPO,1,-1
68,PPO,1,-1
69,PPO_2,-1,1
70,PPO_2,-1,1
71,PPO_2,-1,1
72,PPO_2,-1,1
73,PPO_2,-1,1
74,PPO,1,-1
75,PPO,1,-1
76,PPO,1,-1
77,PPO_2,-1,1
78,PPO,1,-1
79,PPO_2,-1,1
80,PPO,1,-1
81,PPO_2,-1,1
82,PPO,1,-1
83,PPO_2,-1,1
84,PPO_2,-1,1
85,PPO,1,-1
86,PPO_2,-1,1
87,PPO,1,-1
88,PPO_2,-1,1
89,PPO_2,-1,1
90,PPO,1,-1
91,PPO_2,-1,1
92,PPO_2,-1,1
93,PPO_2,-1,1
94,PPO,1,-1
95,PPO_2,-1,1
96,PPO_2,-1,1
97,PPO,1,-1
98,PPO_2,-1,1
99,PPO_2,-1,1
100,PPO_2,-1,1
101,PPO,1,-1
102,PPO_2,-1,1
103,PPO,1,-1
104,PPO_2,-1,1
105,PPO_2,-1,1
106,PPO,1,-1
107,PPO_2,-1,1
108,PPO,1,-1
109,PPO_2,-1,1
110,PPO,1,-1
111,PPO_2,-1,1
112,PPO_2,-1,1
113,PPO,1,-1
114,PPO_2,-1,1
115,PPO_2,-1,1
116,PPO,1,-1
117,PPO_2,-1,1
118,PPO_2,-1,1
119,PPO_2,-1,1
120,PPO_2,-1,1
121,PPO,1,-1
122,PPO_2,-1,1
123,PPO_2,-1,1
124,PPO_2,-1,1
125,PPO_2,-1,1
126,PPO,1,-1
127,PPO,1,-1
128,PPO,1,-1
129,PPO,1,-1
130,PPO_2,-1,1
131,PPO_2,-1,1
132,PPO,1,-1
133,PPO,1,-1
134,PPO,1,-1
135,PPO_2,-1,1
136,PPO,1,-1
137,PPO,1,-1
138,PPO,1,-1
139,PPO_2,-1,1
140,PPO,1,-1
141,PPO,1,-1
142,PPO_2,-1,1
143,PPO,1,-1
144,PPO,1,-1
145,PPO_2,-1,1
146,PPO_2,-1,1
147,PPO,1,-1
148,PPO_2,-1,1
149,PPO_2,-1,1
150,PPO_2,-1,1
151,PPO,1,-1
152,PPO_2,-1,1
153,PPO_2,-1,1
154,PPO,1,-1
155,PPO_2,-1,1
156,PPO_2,-1,1
157,PPO,1,-1
158,PPO_2,-1,1
159,PPO_2,-1,1
160,PPO,1,-1
161,PPO_2,-1,1
162,PPO_2,-1,1
163,PPO_2,-1,1
164,PPO,1,-1
165,PPO,1,-1
166,PPO_2,-1,1
167,PPO,1,-1
168,PPO_2,-1,1
169,PPO_2,-1,1
170,PPO_2,-1,1
171,PPO_2,-1,1
172,PPO_2,-1,1
173,PPO_2,-1,1
174,PPO_2,-1,1
175,PPO_2,-1,1
176,PPO,1,-1
177,PPO_2,-1,1
178,PPO_2,-1,1
179,PPO,1,-1
180,PPO,1,-1
181,PPO,1,-1
182,PPO_2,-1,1
183,PPO_2,-1,1
184,PPO,1,-1
185,PPO_2,-1,1
186,PPO_2,-1,1
187,PPO,1,-1
188,PPO,1,-1
189,PPO_2,-1,1
190,PPO_2,-1,1
191,PPO_2,-1,1
192,PPO_2,-1,1
193,PPO_2,-1,1
194,PPO,1,-1
195,PPO,1,-1
196,PPO,1,-1
197,PPO,1,-1
198,PPO,1,-1
199,PPO_2,-1,1
200,PPO_2,-1,1
201,PPO_2,-1,1
202,PPO_2,-1,1
203,PPO,1,-1
204,PPO_2,-1,1
205,PPO,1,-1
206,PPO_2,-1,1
207,PPO_2,-1,1
208,PPO_2,-1,1
209,PPO_2,-1,1
210,PPO_2,-1,1
211,PPO_2,-1,1
212,PPO,1,-1
213,PPO,1,-1
214,PPO_2,-1,1
215,PPO,1,-1
216,PPO,1,-1
217,PPO_2,-1,1
218,PPO,1,-1
219,PPO,1,-1
220,PPO_2,-1,1
221,PPO_2,-1,1
222,PPO_2,-1,1
223,PPO,1,-1
224,PPO,1,-1
225,PPO,1,-1
226,PPO,1,-1
227,PPO,1,-1
228,PPO_2,-1,1
229,PPO_2,-1,1
230,PPO,1,-1
231,PPO_2,-1,1
232,PPO_2,-1,1
233,PPO,1,-1
234,PPO,1,-1
235,PPO_2,-1,1
236,PPO,1,-1
237,PPO,1,-1
238,PPO_2,-1,1
239,PPO,1,-1
240,PPO_2,-1,1
241,PPO,1,-1
242,PPO,1,-1
243,PPO,1,-1
244,PPO_2,-1,1
245,PPO,1,-1
246,PPO,1,-1
247,PPO_2,-1,1
248,PPO_2,-1,1
249,PPO_2,-1,1
250,PPO_2,-1,1
251,PPO_2,-1,1
252,PPO,1,-1
253,PPO,1,-1
254,PPO,1,-1
255,PPO,1,-1
256,PPO_2,-1,1
257,PPO_2,-1,1
258,PPO_2,-1,1
259,PPO,1,-1
260,PPO_2,-1,1
261,PPO_2,-1,1
262,PPO,1,-1
263,PPO,1,-1
264,PPO,1,-1
265,PPO_2,-1,1
266,PPO_2,-1,1
267,PPO,1,-1
268,PPO,1,-1
269,PPO,1,-1
270,PPO_2,-1,1
271,PPO_2,-1,1
272,PPO,1,-1
273,PPO,1,-1
274,PPO_2,-1,1
275,PPO,1,-1
276,PPO_2,-1,1
277,PPO,1,-1
278,PPO,1,-1
279,PPO_2,-1,1
280,PPO,1,-1
281,PPO_2,-1,1
282,PPO_2,-1,1
283,PPO,1,-1
284,PPO,1,-1
285,PPO_2,-1,1
286,PPO_2,-1,1
287,PPO_2,-1,1
288,PPO,1,-1
289,PPO,1,-1
290,PPO,1,-1
291,PPO_2,-1,1
292,PPO_2,-1,1
293,PPO_2,-1,1
294,PPO,1,-1
295,PPO,1,-1
296,PPO_2,-1,1
297,PPO,1,-1
298,PPO,1,-1
299,PPO_2,-1,1
300,PPO,1,-1
301,PPO_2,-1,1
302,PPO,1,-1
303,PPO_2,-1,1
304,PPO,1,-1
305,PPO,1,-1
306,PPO,1,-1
307,PPO_2,-1,1
308,PPO,1,-1
309,PPO,1,-1
310,PPO,1,-1
311,PPO,1,-1
312,PPO,1,-1
313,PPO,1,-1
314,PPO_2,-1,1
315,PPO,1,-1
316,PPO,1,-1
317,PPO_2,-1,1
318,PPO_2,-1,1
319,PPO_2,-1,1
320,PPO_2,-1,1
321,PPO_2,-1,1
322,PPO_2,-1,1
323,PPO,1,-1
324,PPO_2,-1,1
325,PPO,1,-1
326,PPO,1,-1
327,PPO_2,-1,1
328,PPO,1,-1
329,PPO_2,-1,1
330,PPO_2,-1,1
331,PPO_2,-1,1
332,PPO,1,-1
333,PPO,1,-1
334,PPO,1,-1
335,PPO_2,-1,1
336,PPO,1,-1
337,PPO,1,-1
338,PPO_2,-1,1
339,PPO_2,-1,1
340,PPO_2,-1,1
341,PPO,1,-1
342,PPO_2,-1,1
343,PPO,1,-1
344,PPO,1,-1
345,PPO_2,-1,1
346,PPO,1,-1
347,PPO,1,-1
348,PPO_2,-1,1
349,PPO_2,-1,1
350,PPO_2,-1,1
351,PPO_2,-1,1
352,PPO,1,-1
353,PPO,1,-1
354,PPO,1,-1
355,PPO_2,-1,1
356,PPO_2,-1,1
357,PPO,1,-1
358,PPO_2,-1,1
359,PPO_2,-1,1
360,PPO_2,-1,1
361,PPO,1,-1
362,PPO,1,-1
363,PPO_2,-1,1
364,PPO_2,-1,1
365,PPO,1,-1
366,PPO_2,-1,1
367,PPO,1,-1
368,PPO,1,-1
369,PPO_2,-1,1
370,PPO_2,-1,1
371,PPO,1,-1
372,PPO,1,-1
373,PPO_2,-1,1
374,PPO_2,-1,1
375,PPO_2,-1,1
376,PPO_2,-1,1
377,PPO,1,-1
378,PPO_2,-1,1
379,PPO_2,-1,1
380,PPO_2,-1,1
381,PPO_2,-1,1
382,PPO,1,-1
383,PPO,1,-1
384,PPO_2,-1,1
385,PPO_2,-1,1
386,PPO,1,-1
387,PPO,1,-1
388,PPO,1,-1
389,PPO_2,-1,1
390,PPO_2,-1,1
391,PPO,1,-1
392,PPO,1,-1
393,PPO_2,-1,1
394,PPO_2,-1,1
395,PPO,1,-1
396,PPO_2,-1,1
397,PPO,1,-1
398,PPO,1,-1
399,PPO_2,-1,1
400,PPO_2,-1,1
401,PPO_2,-1,1
402,PPO_2,-1,1
403,PPO_2,-1,1
404,PPO_2,-1,1
405,PPO_2,-1,1
406,PPO_2,-1,1
407,PPO_2,-1,1
408,PPO,1,-1
409,PPO,1,-1
410,PPO,1,-1
411,PPO,1,-1
412,PPO_2,-1,1
413,PPO,1,-1
414,PPO_2,-1,1
415,PPO,1,-1
416,PPO,1,-1
417,PPO,1,-1
418,PPO,1,-1
419,PPO_2,-1,1
420,PPO_2,-1,1
421,PPO_2,-1,1
422,PPO_2,-1,1
423,PPO_2,-1,1
424,PPO,1,-1
425,PPO_2,-1,1
426,PPO_2,-1,1
427,PPO_2,-1,1
428,PPO,1,-1
429,PPO,1,-1
430,PPO_2,-1,1
431,PPO_2,-1,1
432,PPO_2,-1,1
433,PPO_2,-1,1
434,PPO_2,-1,1
435,PPO,1,-1
436,PPO_2,-1,1
437,PPO_2,-1,1
438,PPO_2,-1,1
439,PPO_2,-1,1
440,PPO,1,-1
441,PPO_2,-1,1
442,PPO,1,-1
443,PPO_2,-1,1
444,PPO_2,-1,1
445,PPO_2,-1,1
446,PPO,1,-1
447,PPO,1,-1
448,PPO_2,-1,1
449,PPO_2,-1,1
450,PPO_2,-1,1
451,PPO,1,-1
452,PPO_2,-1,1
453,PPO_2,-1,1
454,PPO_2,-1,1
455,PPO_2,-1,1
456,PPO,1,-1
457,PPO,1,-1
458,PPO_2,-1,1
459,PPO_2,-1,1
460,PPO,1,-1
461,PPO_2,-1,1
462,PPO_2,-1,1
463,PPO,1,-1
464,PPO_2,-1,1
465,PPO_2,-1,1
466,PPO_2,-1,1
467,PPO,1,-1
468,PPO_2,-1,1
469,PPO_2,-1,1
470,PPO_2,-1,1
471,PPO_2,-1,1
472,PPO_2,-1,1
473,PPO_2,-1,1
474,PPO_2,-1,1
475,PPO_2,-1,1
476,PPO_2,-1,1
477,PPO_2,-1,1
478,PPO,1,-1
479,PPO_2,-1,1
480,PPO_2,-1,1
481,PPO,1,-1
482,PPO_2,-1,1
483,PPO,1,-1
484,PPO_2,-1,1
485,PPO_2,-1,1
486,PPO_2,-1,1
487,PPO_2,-1,1
488,PPO,1,-1
489,PPO,1,-1
490,PPO,1,-1
491,PPO_2,-1,1
492,PPO_2,-1,1
493,PPO_2,-1,1
494,PPO_2,-1,1
495,PPO_2,-1,1
496,PPO_2,-1,1
497,PPO,1,-1
498,PPO,1,-1
499,PPO_2,-1,1
500,PPO_2,-1,1
501,PPO_2,-1,1
502,PPO_2,-1,1
503,PPO_2,-1,1
504,PPO_2,-1,1
505,PPO_2,-1,1
506,PPO_2,-1,1
507,PPO_2,-1,1
508,PPO,1,-1
509,PPO_2,-1,1
510,PPO,1,-1
511,PPO_2,-1,1
512,PPO,1,-1
513,PPO_2,-1,1
514,PPO,1,-1
515,PPO,1,-1
516,PPO,1,-1
517,PPO_2,-1,1
518,PPO,1,-1
519,PPO_2,-1,1
520,PPO_2,-1,1
521,PPO_2,-1,1
522,PPO,1,-1
523,PPO,1,-1
524,PPO_2,-1,1
525,PPO,1,-1
526,PPO,1,-1
527,PPO_2,-1,1
528,PPO_2,-1,1
529,PPO_2,-1,1
530,PPO_2,-1,1
531,PPO,1,-1
532,PPO_2,-1,1
533,PPO_2,-1,1
534,PPO_2,-1,1
535,PPO,1,-1
536,PPO_2,-1,1
537,PPO_2,-1,1
538,PPO_2,-1,1
539,PPO_2,-1,1
540,PPO,1,-1
541,PPO_2,-1,1
542,PPO_2,-1,1
543,PPO_2,-1,1
544,PPO,1,-1
545,PPO,1,-1
546,PPO_2,-1,1
547,PPO_2,-1,1
548,PPO_2,-1,1
549,PPO_2,-1,1
550,PPO_2,-1,1
551,PPO_2,-1,1
552,PPO_2,-1,1
553,PPO,1,-1
554,PPO,1,-1
555,PPO,1,-1
556,PPO_2,-1,1
557,PPO_2,-1,1
558,PPO_2,-1,1
559,PPO,1,-1
560,PPO,1,-1
561,PPO,1,-1
562,PPO_2,-1,1
563,PPO_2,-1,1
564,PPO_2,-1,1
565,PPO,1,-1
566,PPO_2,-1,1
567,PPO_2,-1,1
568,PPO_2,-1,1
569,PPO_2,-1,1
570,PPO_2,-1,1
571,PPO,1,-1
572,PPO,1,-1
573,PPO,1,-1
574,PPO_2,-1,1
575,PPO_2,-1,1
576,PPO_2,-1,1
577,PPO_2,-1,1
578,PPO_2,-1,1
579,PPO_2,-1,1
580,PPO,1,-1
581,PPO,1,-1
582,PPO_2,-1,1
583,PPO,1,-1
584,PPO,1,-1
585,PPO,1,-1
586,PPO,1,-1
587,PPO_2,-1,1
588,PPO_2,-1,1
589,PPO,1,-1
590,PPO_2,-1,1
591,PPO,1,-1
592,PPO_2,-1,1
593,PPO,1,-1
594,PPO,1,-1
595,PPO,1,-1
596,PPO,1,-1
597,PPO_2,-1,1
598,PPO,1,-1
599,PPO_2,-1,1
600,PPO,1,-1
601,PPO,1,-1
602,PPO_2,-1,1
603,PPO,1,-1
604,PPO,1,-1
605,PPO,1,-1
606,PPO,1,-1
607,PPO_2,-1,1
608,PPO,1,-1
609,PPO_2,-1,1
610,PPO,1,-1
611,PPO_2,-1,1
612,PPO,1,-1
613,PPO_2,-1,1
614,PPO,1,-1
615,PPO,1,-1
616,PPO_2,-1,1
617,PPO,1,-1
618,PPO_2,-1,1
619,PPO_2,-1,1
620,PPO_2,-1,1
621,PPO_2,-1,1
622,PPO,1,-1
623,PPO,1,-1
624,PPO,1,-1
625,PPO_2,-1,1
626,PPO,1,-1
627,PPO_2,-1,1
628,PPO_2,-1,1
629,PPO,1,-1
630,PPO_2,-1,1
631,PPO_2,-1,1
632,PPO_2,-1,1
633,PPO,1,-1
634,PPO_2,-1,1
635,PPO_2,-1,1
636,PPO,1,-1
637,PPO,1,-1
638,PPO,1,-1
639,PPO_2,-1,1
640,PPO_2,-1,1
641,PPO,1,-1
642,PPO_2,-1,1
643,PPO_2,-1,1
644,PPO_2,-1,1
645,PPO_2,-1,1
646,PPO,1,-1
647,PPO_2,-1,1
648,PPO,1,-1
649,PPO,1,-1
650,PPO,1,-1
651,PPO_2,-1,1
652,PPO,1,-1
653,PPO_2,-1,1
654,PPO_2,-1,1
655,PPO,1,-1
656,PPO,1,-1
657,PPO_2,-1,1
658,PPO,1,-1
659,PPO,1,-1
660,PPO,1,-1
661,PPO_2,-1,1
662,PPO_2,-1,1
663,PPO,1,-1
664,PPO,1,-1
665,PPO_2,-1,1
666,PPO,1,-1
667,PPO_2,-1,1
668,PPO,1,-1
669,PPO_2,-1,1
670,PPO,1,-1
671,PPO_2,-1,1
672,PPO,1,-1
673,PPO,1,-1
674,PPO_2,-1,1
675,PPO,1,-1
676,PPO_2,-1,1
677,PPO,1,-1
678,PPO,1,-1
679,PPO_2,-1,1
680,PPO_2,-1,1
681,PPO_2,-1,1
682,PPO_2,-1,1
683,PPO_2,-1,1
684,PPO,1,-1
685,PPO_2,-1,1
686,PPO,1,-1
687,PPO,1,-1
688,PPO_2,-1,1
689,PPO_2,-1,1
690,PPO,1,-1
691,PPO,1,-1
692,PPO_2,-1,1
693,PPO,1,-1
694,PPO,1,-1
695,PPO,1,-1
696,PPO,1,-1
697,PPO,1,-1
698,PPO,1,-1
699,PPO_2,-1,1
700,PPO_2,-1,1
701,PPO_2,-1,1
702,PPO_2,-1,1
703,PPO_2,-1,1
704,PPO,1,-1
705,PPO,1,-1
706,PPO_2,-1,1
707,PPO_2,-1,1
708,PPO,1,-1
709,PPO_2,-1,1
710,PPO_2,-1,1
711,PPO_2,-1,1
712,PPO_2,-1,1
713,PPO_2,-1,1
714,PPO_2,-1,1
715,PPO,1,-1
716,PPO,1,-1
717,PPO,1,-1
718,PPO_2,-1,1
719,PPO_2,-1,1
720,PPO,1,-1
721,PPO_2,-1,1
722,PPO_2,-1,1
723,PPO_2,-1,1
724,PPO_2,-1,1
725,PPO_2,-1,1
726,PPO_2,-1,1
727,PPO_2,-1,1
728,PPO,1,-1
729,PPO,1,-1
730,PPO_2,-1,1
731,PPO_2,-1,1
732,PPO_2,-1,1
733,PPO_2,-1,1
734,PPO_2,-1,1
735,PPO_2,-1,1
736,PPO_2,-1,1
737,PPO_2,-1,1
738,PPO_2,-1,1
739,PPO,1,-1
740,PPO_2,-1,1
741,PPO_2,-1,1
742,PPO,1,-1
743,PPO,1,-1
744,PPO_2,-1,1
745,PPO,1,-1
746,PPO,1,-1
747,PPO_2,-1,1
748,PPO_2,-1,1
749,PPO_2,-1,1
750,PPO_2,-1,1
751,PPO,1,-1
752,PPO_2,-1,1
753,PPO_2,-1,1
754,PPO_2,-1,1
755,PPO_2,-1,1
756,PPO,1,-1
757,PPO_2,-1,1
758,PPO_2,-1,1
759,PPO_2,-1,1
760,PPO_2,-1,1
761,PPO,1,-1
762,PPO_2,-1,1
763,PPO_2,-1,1
764,PPO_2,-1,1
765,PPO_2,-1,1
766,PPO,1,-1
767,PPO_2,-1,1
768,PPO_2,-1,1
769,PPO_2,-1,1
770,PPO_2,-1,1
771,PPO,1,-1
772,PPO_2,-1,1
773,PPO,1,-1
774,PPO_2,-1,1
775,PPO_2,-1,1
776,PPO_2,-1,1
777,PPO_2,-1,1
778,PPO_2,-1,1
779,PPO,1,-1
780,PPO,1,-1
781,PPO_2,-1,1
782,PPO_2,-1,1
783,PPO_2,-1,1
784,PPO_2,-1,1
785,PPO_2,-1,1
786,PPO_2,-1,1
787,PPO_2,-1,1
788,PPO_2,-1,1
789,PPO_2,-1,1
790,PPO_2,-1,1
791,PPO_2,-1,1
792,PPO_2,-1,1
793,PPO_2,-1,1
794,PPO_2,-1,1
795,PPO_2,-1,1
796,PPO,1,-1
797,PPO_2,-1,1
798,PPO,1,-1
799,PPO_2,-1,1
800,PPO_2,-1,1
801,PPO,1,-1
802,PPO,1,-1
803,PPO_2,-1,1
804,PPO,1,-1
805,PPO_2,-1,1
806,PPO_2,-1,1
807,PPO_2,-1,1
808,PPO_2,-1,1
809,PPO_2,-1,1
810,PPO,1,-1
811,PPO,1,-1
812,PPO,1,-1
813,PPO_2,-1,1
814,PPO_2,-1,1
815,PPO_2,-1,1
816,PPO_2,-1,1
817,PPO_2,-1,1
818,PPO,1,-1
819,PPO_2,-1,1
820,PPO,1,-1
821,PPO,1,-1
822,PPO_2,-1,1
823,PPO,1,-1
824,PPO,1,-1
825,PPO_2,-1,1
826,PPO_2,-1,1
827,PPO_2,-1,1
828,PPO_2,-1,1
829,PPO,1,-1
830,PPO,1,-1
831,PPO_2,-1,1
832,PPO,1,-1
833,PPO_2,-1,1
834,PPO,1,-1
835,PPO,1,-1
836,PPO,1,-1
837,PPO,1,-1
838,PPO_2,-1,1
839,PPO,1,-1
840,PPO_2,-1,1
841,PPO,1,-1
842,PPO_2,-1,1
843,PPO,1,-1
844,PPO,1,-1
845,PPO_2,-1,1
846,PPO_2,-1,1
847,PPO_2,-1,1
848,PPO,1,-1
849,PPO_2,-1,1
850,PPO,1,-1
851,PPO,1,-1
852,PPO_2,-1,1
853,PPO,1,-1
854,PPO,1,-1
855,PPO,1,-1
856,PPO,1,-1
857,PPO_2,-1,1
858,PPO_2,-1,1
859,PPO_2,-1,1
860,PPO_2,-1,1
861,PPO,1,-1
862,PPO,1,-1
863,PPO,1,-1
864,PPO,1,-1
865,PPO_2,-1,1
866,PPO_2,-1,1
867,PPO_2,-1,1
868,PPO,1,-1
869,PPO_2,-1,1
870,PPO_2,-1,1
871,PPO,1,-1
872,PPO_2,-1,1
873,PPO_2,-1,1
874,PPO,1,-1
875,PPO,1,-1
876,PPO_2,-1,1
877,PPO,1,-1
878,PPO,1,-1
879,PPO_2,-1,1
880,PPO_2,-1,1
881,PPO_2,-1,1
882,PPO_2,-1,1
883,PPO,1,-1
884,PPO_2,-1,1
885,PPO_2,-1,1
886,PPO,1,-1
887,PPO,1,-1
888,PPO,1,-1
889,PPO,1,-1
890,PPO_2,-1,1
891,PPO_2,-1,1
892,PPO_2,-1,1
893,PPO,1,-1
894,PPO_2,-1,1
895,PPO_2,-1,1
896,PPO,1,-1
897,PPO,1,-1
898,PPO,1,-1
899,PPO_2,-1,1
900,PPO_2,-1,1
901,PPO_2,-1,1
902,PPO_2,-1,1
903,PPO_2,-1,1
904,PPO_2,-1,1
905,PPO_2,-1,1
906,PPO_2,-1,1
907,PPO,1,-1
908,PPO_2,-1,1
909,PPO_2,-1,1
910,PPO_2,-1,1
911,PPO_2,-1,1
912,PPO,1,-1
913,PPO_2,-1,1
914,PPO,1,-1
915,PPO_2,-1,1
916,PPO_2,-1,1
917,PPO_2,-1,1
918,PPO_2,-1,1
919,PPO_2,-1,1
920,PPO_2,-1,1
921,PPO_2,-1,1
922,PPO_2,-1,1
923,PPO_2,-1,1
924,PPO,1,-1
925,PPO_2,-1,1
926,PPO_2,-1,1
927,PPO,1,-1
928,PPO,1,-1
929,PPO,1,-1
930,PPO_2,-1,1
931,PPO,1,-1
932,PPO_2,-1,1
933,PPO,1,-1
934,PPO_2,-1,1
935,PPO_2,-1,1
936,PPO_2,-1,1
937,PPO_2,-1,1
938,PPO_2,-1,1
939,PPO,1,-1
940,PPO_2,-1,1
941,PPO_2,-1,1
942,draw,0,0
943,PPO,1,-1
944,PPO_2,-1,1
945,PPO_2,-1,1
946,PPO_2,-1,1
947,PPO_2,-1,1
948,PPO_2,-1,1
949,PPO,1,-1
950,PPO_2,-1,1
951,PPO_2,-1,1
952,PPO_2,-1,1
953,PPO,1,-1
954,PPO,1,-1
955,PPO,1,-1
956,PPO,1,-1
957,PPO_2,-1,1
958,PPO,1,-1
959,PPO_2,-1,1
960,PPO_2,-1,1
961,PPO,1,-1
962,PPO_2,-1,1
963,PPO_2,-1,1
964,PPO_2,-1,1
965,PPO_2,-1,1
966,PPO_2,-1,1
967,PPO,1,-1
968,PPO,1,-1
969,PPO_2,-1,1
970,PPO_2,-1,1
971,PPO,1,-1
972,PPO_2,-1,1
973,PPO_2,-1,1
974,PPO_2,-1,1
975,PPO_2,-1,1
976,PPO,1,-1
977,PPO_2,-1,1
978,PPO_2,-1,1
979,PPO_2,-1,1
980,PPO_2,-1,1
981,PPO_2,-1,1
982,PPO,1,-1
983,PPO_2,-1,1
984,PPO,1,-1
985,PPO_2,-1,1
986,PPO,1,-1
987,PPO_2,-1,1
988,PPO_2,-1,1
989,PPO_2,-1,1
990,PPO,1,-1
991,PPO_2,-1,1
992,PPO,1,-1
993,PPO_2,-1,1
994,PPO_2,-1,1
995,PPO_2,-1,1
996,PPO_2,-1,1
997,PPO,1,-1
998,PPO_2,-1,1
999,PPO_2,-1,1
1000,PPO_2,-1,1
1001,PPO_2,-1,1
1002,PPO_2,-1,1
1003,PPO_2,-1,1
1004,PPO_2,-1,1
1005,PPO_2,-1,1
1006,PPO_2,-1,1
1007,PPO_2,-1,1
1008,PPO_2,-1,1
1009,PPO_2,-1,1
1010,PPO,1,-1
1011,PPO_2,-1,1
1012,PPO,1,-1
1013,PPO_2,-1,1
1014,PPO_2,-1,1
1015,PPO,1,-1
1016,PPO_2,-1,1
1017,PPO_2,-1,1
1018,PPO_2,-1,1
1019,PPO,1,-1
1020,PPO_2,-1,1
1021,PPO_2,-1,1
1022,PPO_2,-1,1
1023,PPO,1,-1
1024,PPO_2,-1,1
1025,PPO,1,-1
1026,PPO,1,-1
1027,PPO,1,-1
1028,PPO_2,-1,1
1029,PPO,1,-1
1030,PPO_2,-1,1
1031,PPO_2,-1,1
1032,PPO_2,-1,1
1033,PPO_2,-1,1
1034,PPO_2,-1,1
1035,PPO_2,-1,1
1036,PPO_2,-1,1
1037,PPO_2,-1,1
1038,PPO_2,-1,1
1039,PPO_2,-1,1
1040,PPO_2,-1,1
1041,PPO_2,-1,1
1042,PPO,1,-1
1043,PPO_2,-1,1
1044,PPO_2,-1,1
1045,PPO_2,-1,1
1046,PPO_2,-1,1
1047,PPO_2,-1,1
1048,PPO_2,-1,1
1049,PPO_2,-1,1
1050,PPO,1,-1
1051,PPO,1,-1
1052,PPO_2,-1,1
1053,PPO,1,-1
1054,PPO_2,-1,1
1055,PPO_2,-1,1
1056,PPO_2,-1,1
1057,PPO_2,-1,1
1058,PPO_2,-1,1
1059,PPO_2,-1,1
1060,PPO_2,-1,1
1061,PPO_2,-1,1
1062,PPO_2,-1,1
1063,PPO_2,-1,1
1064,PPO,1,-1
1065,PPO_2,-1,1
1066,PPO,1,-1
1067,PPO,1,-1
1068,PPO_2,-1,1
1069,PPO_2,-1,1
1070,PPO_2,-1,1
1071,PPO_2,-1,1
1072,PPO_2,-1,1
1073,PPO,1,-1
1074,PPO_2,-1,1
1075,PPO_2,-1,1
1076,PPO_2,-1,1
1077,PPO,1,-1
1078,PPO,1,-1
1079,PPO,1,-1
1080,PPO_2,-1,1
1081,PPO_2,-1,1
1082,PPO_2,-1,1
1083,PPO,1,-1
1084,PPO_2,-1,1
1085,PPO,1,-1
1086,PPO_2,-1,1
1087,PPO_2,-1,1
1088,PPO_2,-1,1
1089,PPO_2,-1,1
1090,PPO,1,-1
1091,PPO_2,-1,1
1092,PPO,1,-1
1093,PPO_2,-1,1
1094,PPO_2,-1,1
1095,PPO_2,-1,1
1096,PPO_2,-1,1
1097,PPO_2,-1,1
1098,PPO_2,-1,1
1099,PPO_2,-1,1
1100,PPO_2,-1,1
1101,PPO,1,-1
1102,PPO,1,-1
1103,PPO_2,-1,1
1104,PPO_2,-1,1
1105,PPO_2,-1,1
1106,PPO_2,-1,1
1107,PPO_2,-1,1
1108,PPO,1,-1
1109,PPO_2,-1,1
1110,PPO_2,-1,1
1111,PPO_2,-1,1
1112,PPO,1,-1
1113,PPO_2,-1,1
1114,PPO_2,-1,1
1115,PPO_2,-1,1
1116,PPO_2,-1,1
1117,PPO_2,-1,1
1118,PPO,1,-1
1119,PPO_2,-1,1
1120,PPO_2,-1,1
1121,PPO,1,-1
1122,PPO_2,-1,1
1123,PPO_2,-1,1
1124,PPO,1,-1
1125,PPO_2,-1,1
1126,PPO_2,-1,1
1127,PPO,1,-1
1128,PPO_2,-1,1
1129,PPO_2,-1,1
1130,PPO_2,-1,1
1131,PPO,1,-1
1132,PPO_2,-1,1
1133,PPO_2,-1,1
1134,PPO,1,-1
1135,PPO,1,-1
1136,PPO_2,-1,1
1137,PPO_2,-1,1
1138,PPO_2,-1,1
1139,PPO_2,-1,1
1140,PPO_2,-1,1
1141,PPO,1,-1
1142,PPO,1,-1
1143,PPO,1,-1
1144,PPO_2,-1,1
1145,PPO,1,-1
1146,PPO_2,-1,1
1147,PPO,1,-1
1148,PPO_2,-1,1
1149,PPO_2,-1,1
1150,PPO,1,-1
1151,PPO,1,-1
1152,PPO,1,-1
1153,PPO,1,-1
1154,PPO_2,-1,1
1155,PPO,1,-1
1156,PPO_2,-1,1
1157,PPO,1,-1
1158,PPO_2,-1,1
1159,PPO,1,-1
1160,PPO,1,-1
1161,PPO,1,-1
1162,PPO_2,-1,1
1163,PPO_2,-1,1
1164,PPO_2,-1,1
1165,PPO,1,-1
1166,PPO,1,-1
1167,PPO_2,-1,1
1168,PPO_2,-1,1
1169,PPO_2,-1,1
1170,PPO_2,-1,1
1171,PPO,1,-1
1172,PPO_2,-1,1
1173,PPO,1,-1
1174,PPO_2,-1,1
1175,PPO_2,-1,1
1176,PPO_2,-1,1
1177,PPO,1,-1
1178,PPO_2,-1,1
1179,PPO_2,-1,1
1180,PPO_2,-1,1
1181,PPO,1,-1
1182,PPO_2,-1,1
1183,PPO,1,-1
1184,PPO_2,-1,1
1185,PPO,1,-1
1186,PPO,1,-1
1187,PPO_2,-1,1
1188,PPO,1,-1
1189,PPO_2,-1,1
1190,PPO,1,-1
1191,PPO,1,-1
1192,PPO,1,-1
1193,PPO_2,-1,1
1194,PPO,1,-1
1195,PPO_2,-1,1
1196,PPO_2,-1,1
1197,PPO,1,-1
1198,PPO_2,-1,1
1199,PPO,1,-1
1200,PPO_2,-1,1
1201,PPO,1,-1
1202,PPO,1,-1
1203,PPO_2,-1,1
1204,PPO_2,-1,1
1205,PPO,1,-1
1206,PPO_2,-1,1
1207,PPO_2,-1,1
1208,PPO,1,-1
1209,PPO_2,-1,1
1210,PPO,1,-1
1211,PPO_2,-1,1
1212,PPO,1,-1
1213,PPO,1,-1
1214,PPO_2,-1,1
1215,PPO_2,-1,1
1216,PPO_2,-1,1
1217,PPO_2,-1,1
1218,PPO_2,-1,1
1219,PPO,1,-1
1220,PPO_2,-1,1
1221,PPO_2,-1,1
1222,PPO_2,-1,1
1223,PPO,1,-1
1224,PPO,1,-1
1225,PPO_2,-1,1
1226,PPO_2,-1,1
1227,PPO_2,-1,1
1228,PPO_2,-1,1
1229,PPO_2,-1,1
1230,PPO_2,-1,1
1231,PPO_2,-1,1
1232,PPO,1,-1
1233,PPO_2,-1,1
1234,PPO_2,-1,1
1235,PPO,1,-1
1236,PPO_2,-1,1
1237,PPO_2,-1,1
1238,PPO_2,-1,1
1239,PPO_2,-1,1
1240,PPO_2,-1,1
1241,PPO_2,-1,1
1242,PPO,1,-1
1243,PPO_2,-1,1
1244,PPO,1,-1
1245,PPO,1,-1
1246,PPO,1,-1
1247,PPO,1,-1
1248,PPO,1,-1
1249,PPO,1,-1
1250,PPO,1,-1
1251,PPO_2,-1,1
1252,PPO_2,-1,1
1253,PPO,1,-1
1254,PPO_2,-1,1
1255,PPO,1,-1
1256,PPO_2,-1,1
1257,PPO_2,-1,1
1258,PPO_2,-1,1
1259,PPO_2,-1,1
1260,PPO,1,-1
1261,PPO_2,-1,1
1262,PPO_2,-1,1
1263,PPO_2,-1,1
1264,PPO_2,-1,1
1265,PPO,1,-1
1266,PPO_2,-1,1
1267,PPO_2,-1,1
1268,PPO_2,-1,1
1269,PPO_2,-1,1
1270,PPO,1,-1
1271,PPO_2,-1,1
1272,PPO,1,-1
1273,PPO,1,-1
1274,PPO_2,-1,1
1275,PPO_2,-1,1
1276,PPO_2,-1,1
1277,PPO,1,-1
1278,PPO,1,-1
1279,PPO_2,-1,1
1280,PPO_2,-1,1
1281,PPO_2,-1,1
1282,PPO,1,-1
1283,PPO_2,-1,1
1284,PPO_2,-1,1
1285,PPO,1,-1
1286,PPO,1,-1
1287,PPO,1,-1
1288,PPO_2,-1,1
1289,PPO_2,-1,1
1290,PPO_2,-1,1
1291,PPO,1,-1
1292,PPO_2,-1,1
1293,PPO,1,-1
1294,PPO,1,-1
1295,PPO_2,-1,1
1296,PPO_2,-1,1
1297,PPO,1,-1
1298,PPO,1,-1
1299,PPO_2,-1,1
1300,PPO_2,-1,1
1301,PPO_2,-1,1
1302,PPO_2,-1,1
1303,PPO,1,-1
1304,PPO_2,-1,1
1305,PPO,1,-1
1306,PPO,1,-1
1307,PPO_2,-1,1
1308,PPO_2,-1,1
1309,PPO_2,-1,1
1310,PPO_2,-1,1
1311,PPO,1,-1
1312,PPO_2,-1,1
1313,PPO_2,-1,1
1314,PPO,1,-1
1315,PPO_2,-1,1
1316,PPO_2,-1,1
1317,PPO,1,-1
1318,PPO_2,-1,1
1319,PPO,1,-1
1320,PPO_2,-1,1
1321,PPO_2,-1,1
1322,PPO,1,-1
1323,PPO_2,-1,1
1324,PPO,1,-1
1325,PPO,1,-1
1326,PPO,1,-1
1327,PPO_2,-1,1
1328,PPO_2,-1,1
1329,PPO_2,-1,1
1330,PPO,1,-1
1331,PPO,1,-1
1332,PPO_2,-1,1
1333,PPO_2,-1,1
1334,PPO_2,-1,1
1335,PPO,1,-1
1336,PPO_2,-1,1
1337,PPO,1,-1
1338,PPO_2,-1,1
1339,PPO_2,-1,1
1340,PPO_2,-1,1
1341,PPO_2,-1,1
1342,PPO_2,-1,1
1343,PPO,1,-1
1344,PPO_2,-1,1
1345,PPO_2,-1,1
1346,PPO_2,-1,1
1347,PPO_2,-1,1
1348,PPO_2,-1,1
1349,PPO_2,-1,1
1350,PPO,1,-1
1351,PPO_2,-1,1
1352,PPO,1,-1
1353,PPO_2,-1,1
1354,PPO_2,-1,1
1355,PPO,1,-1
1356,PPO,1,-1
1357,PPO_2,-1,1
1358,PPO,1,-1
1359,PPO,1,-1
1360,PPO,1,-1
1361,PPO_2,-1,1
1362,PPO,1,-1
1363,PPO_2,-1,1
1364,PPO,1,-1
1365,PPO_2,-1,1
1366,PPO_2,-1,1
1367,PPO_2,-1,1
1368,PPO_2,-1,1
1369,PPO_2,-1,1
1370,PPO_2,-1,1
1371,PPO_2,-1,1
1372,PPO_2,-1,1
1373,PPO,1,-1
1374,PPO_2,-1,1
1375,PPO_2,-1,1
1376,PPO_2,-1,1
1377,PPO_2,-1,1
1378,PPO_2,-1,1
1379,PPO_2,-1,1
1380,PPO_2,-1,1
1381,PPO_2,-1,1
1382,PPO_2,-1,1
1383,PPO_2,-1,1
1384,PPO_2,-1,1
1385,PPO,1,-1
1386,PPO_2,-1,1
1387,PPO_2,-1,1
1388,PPO_2,-1,1
1389,PPO_2,-1,1
1390,PPO_2,-1,1
1391,PPO_2,-1,1
1392,PPO_2,-1,1
1393,PPO,1,-1
1394,PPO_2,-1,1
1395,PPO_2,-1,1
1396,PPO_2,-1,1
1397,PPO_2,-1,1
1398,PPO_2,-1,1
1399,PPO_2,-1,1
1400,PPO_2,-1,1
1401,PPO_2,-1,1
1402,PPO_2,-1,1
1403,PPO_2,-1,1
1404,PPO_2,-1,1
1405,PPO_2,-1,1
1406,PPO,1,-1
1407,PPO_2,-1,1
1408,PPO_2,-1,1
1409,PPO_2,-1,1
1410,PPO_2,-1,1
1411,PPO,1,-1
1412,PPO_2,-1,1
1413,PPO,1,-1
1414,PPO,1,-1
1415,PPO_2,-1,1
1416,PPO_2,-1,1
1417,PPO_2,-1,1
1418,PPO_2,-1,1
1419,PPO,1,-1
1420,PPO_2,-1,1
1421,PPO_2,-1,1
1422,PPO_2,-1,1
1423,PPO_2,-1,1
1424,PPO_2,-1,1
1425,PPO_2,-1,1
1426,PPO,1,-1
1427,PPO,1,-1
1428,PPO_2,-1,1
1429,PPO_2,-1,1
1430,PPO_2,-1,1
1431,PPO_2,-1,1
1432,PPO_2,-1,1
1433,PPO_2,-1,1
1434,PPO_2,-1,1
1435,PPO_2,-1,1
1436,PPO_2,-1,1
1437,PPO_2,-1,1
1438,PPO,1,-1
1439,PPO_2,-1,1
1440,PPO_2,-1,1
1441,PPO_2,-1,1
1442,PPO,1,-1
1443,PPO_2,-1,1
1444,PPO_2,-1,1
1445,PPO_2,-1,1
1446,PPO_2,-1,1
1447,PPO_2,-1,1
1448,PPO,1,-1
1449,PPO_2,-1,1
1450,PPO_2,-1,1
1451,PPO_2,-1,1
1452,PPO,1,-1
1453,PPO_2,-1,1
1454,PPO_2,-1,1
1455,PPO_2,-1,1
1456,PPO,1,-1
1457,PPO_2,-1,1
1458,PPO,1,-1
1459,PPO_2,-1,1
1460,PPO_2,-1,1
1461,PPO_2,-1,1
1462,PPO_2,-1,1
1463,PPO_2,-1,1
1464,PPO,1,-1
1465,PPO,1,-1
1466,PPO_2,-1,1
1467,PPO,1,-1
1468,PPO_2,-1,1
1469,PPO_2,-1,1
1470,PPO_2,-1,1
1471,PPO_2,-1,1
1472,PPO,1,-1
1473,PPO_2,-1,1
1474,PPO_2,-1,1
1475,PPO,1,-1
1476,PPO_2,-1,1
1477,PPO_2,-1,1
1478,PPO_2,-1,1
1479,PPO_2,-1,1
1480,PPO_2,-1,1
1481,PPO_2,-1,1
1482,PPO_2,-1,1
1483,PPO_2,-1,1
1484,PPO_2,-1,1
1485,PPO_2,-1,1
1486,PPO_2,-1,1
1487,PPO_2,-1,1
1488,PPO_2,-1,1
1489,PPO,1,-1
1490,PPO_2,-1,1
1491,PPO_2,-1,1
1492,PPO_2,-1,1
1493,PPO_2,-1,1
1494,PPO_2,-1,1
1495,PPO_2,-1,1
1496,PPO_2,-1,1
1497,PPO_2,-1,1
1498,PPO_2,-1,1
1499,PPO,1,-1
1500,PPO,1,-1
1501,PPO_2,-1,1
1502,PPO,1,-1
1503,PPO_2,-1,1
1504,PPO,1,-1
1505,PPO_2,-1,1
1506,PPO_2,-1,1
1507,PPO_2,-1,1
1508,PPO,1,-1
1509,PPO_2,-1,1
1510,PPO_2,-1,1
1511,PPO_2,-1,1
1512,PPO_2,-1,1
1513,PPO_2,-1,1
1514,PPO_2,-1,1
1515,PPO,1,-1
1516,PPO_2,-1,1
1517,PPO,1,-1
1518,PPO_2,-1,1
1519,PPO_2,-1,1
1520,PPO_2,-1,1
1521,PPO_2,-1,1
1522,PPO,1,-1
1523,PPO,1,-1
1524,PPO_2,-1,1
1525,PPO,1,-1
1526,PPO_2,-1,1
1527,PPO_2,-1,1
1528,PPO,1,-1
1529,PPO_2,-1,1
1530,PPO,1,-1
1531,PPO,1,-1
1532,PPO,1,-1
1533,PPO_2,-1,1
1534,PPO_2,-1,1
1535,PPO_2,-1,1
1536,PPO_2,-1,1
1537,PPO,1,-1
1538,PPO_2,-1,1
1539,PPO_2,-1,1
1540,PPO,1,-1
1541,PPO,1,-1
1542,PPO,1,-1
1543,PPO_2,-1,1
1544,PPO_2,-1,1
1545,PPO_2,-1,1
1546,PPO,1,-1
1547,PPO,1,-1
1548,PPO_2,-1,1
1549,PPO_2,-1,1
1550,PPO_2,-1,1
1551,PPO,1,-1
1552,PPO,1,-1
1553,PPO,1,-1
1554,PPO_2,-1,1
1555,PPO_2,-1,1
1556,PPO_2,-1,1
1557,PPO_2,-1,1
1558,PPO_2,-1,1
1559,PPO_2,-1,1
1560,PPO_2,-1,1
1561,PPO_2,-1,1
1562,PPO_2,-1,1
1563,PPO_2,-1,1
1564,PPO_2,-1,1
1565,PPO,1,-1
1566,PPO_2,-1,1
1567,PPO_2,-1,1
1568,PPO_2,-1,1
1569,PPO_2,-1,1
1570,PPO_2,-1,1
1571,PPO,1,-1
1572,PPO_2,-1,1
1573,PPO_2,-1,1
1574,PPO_2,-1,1
1575,PPO_2,-1,1
1576,PPO_2,-1,1
1577,PPO_2,-1,1
1578,PPO_2,-1,1
1579,PPO,1,-1
1580,PPO,1,-1
1581,PPO_2,-1,1
1582,PPO_2,-1,1
1583,PPO,1,-1
1584,PPO_2,-1,1
1585,PPO_2,-1,1
1586,PPO_2,-1,1
1587,PPO_2,-1,1
1588,PPO,1,-1
1589,PPO_2,-1,1
1590,PPO_2,-1,1
1591,PPO,1,-1
1592,PPO_2,-1,1
1593,PPO,1,-1
1594,PPO,1,-1
1595,PPO,1,-1
1596,PPO_2,-1,1
1597,PPO_2,-1,1
1598,PPO_2,-1,1
1599,PPO_2,-1,1
1600,PPO,1,-1
1601,PPO_2,-1,1
1602,PPO_2,-1,1
1603,PPO_2,-1,1
1604,PPO_2,-1,1
1605,PPO_2,-1,1
1606,PPO,1,-1
1607,PPO,1,-1
1608,PPO_2,-1,1
1609,PPO_2,-1,1
1610,PPO,1,-1
1611,PPO_2,-1,1
1612,PPO_2,-1,1
1613,PPO_2,-1,1
1614,PPO_2,-1,1
1615,PPO_2,-1,1
1616,PPO_2,-1,1
1617,PPO_2,-1,1
1618,PPO,1,-1
1619,PPO,1,-1
1620,PPO_2,-1,1
1621,PPO,1,-1
1622,PPO_2,-1,1
1623,PPO_2,-1,1
1624,PPO_2,-1,1
1625,PPO_2,-1,1
1626,PPO_2,-1,1
1627,PPO_2,-1,1
1628,PPO_2,-1,1
1629,PPO,1,-1
1630,PPO_2,-1,1
1631,PPO_2,-1,1
1632,PPO_2,-1,1
1633,PPO_2,-1,1
1634,PPO_2,-1,1
1635,PPO,1,-1
1636,PPO_2,-1,1
1637,PPO_2,-1,1
1638,PPO_2,-1,1
1639,PPO_2,-1,1
1640,PPO,1,-1
1641,PPO_2,-1,1
1642,PPO_2,-1,1
1643,PPO_2,-1,1
1644,PPO_2,-1,1
1645,PPO,1,-1
1646,PPO,1,-1
1647,PPO_2,-1,1
1648,PPO_2,-1,1
1649,PPO_2,-1,1
1650,PPO_2,-1,1
1651,PPO,1,-1
1652,PPO_2,-1,1
1653,PPO_2,-1,1
1654,PPO,1,-1
1655,PPO_2,-1,1
1656,PPO_2,-1,1
1657,PPO_2,-1,1
1658,PPO,1,-1
1659,PPO,1,-1
1660,PPO_2,-1,1
1661,PPO_2,-1,1
1662,PPO_2,-1,1
1663,PPO,1,-1
1664,PPO_2,-1,1
1665,PPO_2,-1,1
1666,PPO_2,-1,1
1667,PPO_2,-1,1
1668,PPO_2,-1,1
1669,PPO_2,-1,1
1670,PPO,1,-1
1671,PPO,1,-1
1672,PPO_2,-1,1
1673,PPO_2,-1,1
1674,PPO_2,-1,1
1675,PPO_2,-1,1
1676,PPO_2,-1,1
1677,PPO_2,-1,1
1678,PPO,1,-1
1679,PPO_2,-1,1
1680,PPO_2,-1,1
1681,PPO,1,-1
1682,PPO,1,-1
1683,PPO_2,-1,1
1684,PPO,1,-1
1685,PPO,1,-1
1686,PPO_2,-1,1
1687,PPO,1,-1
1688,PPO_2,-1,1
1689,PPO,1,-1
1690,PPO,1,-1
1691,PPO,1,-1
1692,PPO,1,-1
1693,PPO,1,-1
1694,PPO_2,-1,1
1695,PPO,1,-1
1696,PPO,1,-1
1697,PPO_2,-1,1
1698,PPO,1,-1
1699,PPO_2,-1,1
1700,PPO_2,-1,1
1701,PPO,1,-1
1702,PPO,1,-1
1703,PPO_2,-1,1
1704,PPO_2,-1,1
1705,PPO,1,-1
1706,PPO_2,-1,1
1707,PPO_2,-1,1
1708,PPO_2,-1,1
1709,PPO_2,-1,1
1710,PPO_2,-1,1
1711,PPO_2,-1,1
1712,PPO_2,-1,1
1713,PPO_2,-1,1
1714,PPO,1,-1
1715,PPO_2,-1,1
1716,PPO,1,-1
1717,PPO_2,-1,1
1718,PPO_2,-1,1
1719,PPO_2,-1,1
1720,PPO,1,-1
1721,PPO,1,-1
1722,PPO_2,-1,1
1723,PPO,1,-1
1724,PPO_2,-1,1
1725,PPO,1,-1
1726,PPO_2,-1,1
1727,PPO_2,-1,1
1728,PPO,1,-1
1729,PPO,1,-1
1730,PPO_2,-1,1
1731,PPO,1,-1
1732,PPO,1,-1
1733,PPO_2,-1,1
1734,PPO,1,-1
1735,PPO,1,-1
1736,PPO_2,-1,1
1737,PPO,1,-1
1738,PPO,1,-1
1739,PPO_2,-1,1
1740,PPO_2,-1,1
1741,PPO_2,-1,1
1742,PPO,1,-1
1743,PPO_2,-1,1
1744,PPO_2,-1,1
1745,PPO,1,-1
1746,PPO,1,-1
1747,PPO_2,-1,1
1748,PPO_2,-1,1
1749,PPO_2,-1,1
1750,PPO_2,-1,1
1751,PPO,1,-1
1752,PPO_2,-1,1
1753,PPO_2,-1,1
1754,PPO_2,-1,1
1755,PPO,1,-1
1756,PPO_2,-1,1
1757,PPO_2,-1,1
1758,PPO,1,-1
1759,PPO_2,-1,1
1760,PPO,1,-1
1761,PPO,1,-1
1762,PPO,1,-1
1763,PPO_2,-1,1
1764,PPO_2,-1,1
1765,PPO_2,-1,1
1766,PPO_2,-1,1
1767,PPO_2,-1,1
1768,PPO_2,-1,1
1769,PPO_2,-1,1
1770,PPO_2,-1,1
1771,PPO_2,-1,1
1772,PPO_2,-1,1
1773,PPO_2,-1,1
1774,PPO_2,-1,1
1775,PPO_2,-1,1
1776,PPO_2,-1,1
1777,PPO_2,-1,1
1778,PPO_2,-1,1
1779,PPO,1,-1
1780,PPO_2,-1,1
1781,PPO_2,-1,1
1782,PPO_2,-1,1
1783,PPO_2,-1,1
1784,PPO,1,-1
1785,PPO_2,-1,1
1786,PPO_2,-1,1
1787,PPO_2,-1,1
1788,PPO_2,-1,1
1789,PPO_2,-1,1
1790,PPO_2,-1,1
1791,PPO_2,-1,1
1792,PPO,1,-1
1793,PPO_2,-1,1
1794,PPO_2,-1,1
1795,PPO,1,-1
1796,PPO_2,-1,1
1797,PPO_2,-1,1
1798,PPO,1,-1
1799,PPO_2,-1,1
1800,PPO_2,-1,1
1801,PPO,1,-1
1802,PPO_2,-1,1
1803,PPO_2,-1,1
1804,PPO_2,-1,1
1805,PPO,1,-1
1806,PPO_2,-1,1
1807,PPO_2,-1,1
1808,PPO_2,-1,1
1809,PPO_2,-1,1
1810,PPO,1,-1
1811,PPO_2,-1,1
1812,PPO_2,-1,1
1813,PPO,1,-1
1814,PPO_2,-1,1
1815,PPO_2,-1,1
1816,PPO,1,-1
1817,PPO_2,-1,1
1818,PPO_2,-1,1
1819,PPO_2,-1,1
1820,PPO_2,-1,1
1821,PPO_2,-1,1
1822,PPO_2,-1,1
1823,PPO_2,-1,1
1824,PPO_2,-1,1
1825,PPO_2,-1,1
1826,PPO_2,-1,1
1827,PPO_2,-1,1
1828,PPO_2,-1,1
1829,PPO_2,-1,1
1830,PPO_2,-1,1
1831,PPO,1,-1
1832,PPO,1,-1
1833,PPO,1,-1
1834,PPO,1,-1
1835,PPO_2,-1,1
1836,PPO_2,-1,1
1837,PPO,1,-1
1838,PPO,1,-1
1839,PPO_2,-1,1
1840,PPO_2,-1,1
1841,PPO_2,-1,1
1842,PPO_2,-1,1
1843,PPO_2,-1,1
1844,PPO,1,-1
1845,PPO,1,-1
1846,PPO,1,-1
1847,PPO_2,-1,1
1848,PPO_2,-1,1
1849,PPO_2,-1,1
1850,PPO_2,-1,1
1851,PPO_2,-1,1
1852,PPO_2,-1,1
1853,PPO_2,-1,1
1854,PPO,1,-1
1855,PPO_2,-1,1
1856,PPO_2,-1,1
1857,PPO_2,-1,1
1858,PPO,1,-1
1859,PPO_2,-1,1
1860,PPO_2,-1,1
1861,PPO,1,-1
1862,PPO,1,-1
1863,PPO_2,-1,1
1864,PPO_2,-1,1
1865,PPO_2,-1,1
1866,PPO_2,-1,1
1867,PPO,1,-1
1868,PPO_2,-1,1
1869,PPO_2,-1,1
1870,PPO,1,-1
1871,PPO,1,-1
1872,PPO,1,-1
1873,PPO,1,-1
1874,PPO,1,-1
1875,PPO,1,-1
1876,PPO_2,-1,1
1877,PPO,1,-1
1878,PPO_2,-1,1
1879,PPO_2,-1,1
1880,PPO,1,-1
1881,PPO_2,-1,1
1882,PPO_2,-1,1
1883,PPO_2,-1,1
1884,PPO_2,-1,1
1885,PPO_2,-1,1
1886,PPO_2,-1,1
1887,PPO,1,-1
1888,PPO_2,-1,1
1889,PPO,1,-1
1890,PPO_2,-1,1
1891,PPO_2,-1,1
1892,PPO_2,-1,1
1893,PPO_2,-1,1
1894,PPO_2,-1,1
1895,PPO,1,-1
1896,PPO_2,-1,1
1897,PPO_2,-1,1
1898,PPO_2,-1,1
1899,PPO_2,-1,1
1900,PPO,1,-1
1901,PPO_2,-1,1
1902,PPO_2,-1,1
1903,PPO_2,-1,1
1904,PPO_2,-1,1
1905,PPO,1,-1
1906,PPO_2,-1,1
1907,PPO,1,-1
1908,PPO_2,-1,1
1909,PPO_2,-1,1
1910,PPO_2,-1,1
1911,PPO,1,-1
1912,PPO_2,-1,1
1913,PPO_2,-1,1
1914,PPO_2,-1,1
1915,PPO_2,-1,1
1916,PPO_2,-1,1
1917,PPO_2,-1,1
1918,PPO_2,-1,1
1919,PPO_2,-1,1
1920,PPO_2,-1,1
1921,PPO_2,-1,1
1922,PPO_2,-1,1
1923,PPO,1,-1
1924,PPO_2,-1,1
1925,PPO_2,-1,1
1926,PPO_2,-1,1
1927,PPO_2,-1,1
1928,PPO_2,-1,1
1929,PPO_2,-1,1
1930,PPO,1,-1
1931,PPO_2,-1,1
1932,PPO_2,-1,1
1933,PPO_2,-1,1
1934,PPO_2,-1,1
1935,PPO_2,-1,1
1936,PPO_2,-1,1
1937,PPO,1,-1
1938,PPO_2,-1,1
1939,PPO,1,-1
1940,PPO_2,-1,1
1941,PPO_2,-1,1
1942,PPO_2,-1,1
1943,PPO,1,-1
1944,PPO_2,-1,1
1945,PPO_2,-1,1
1946,PPO,1,-1
1947,PPO_2,-1,1
1948,PPO,1,-1
1949,PPO_2,-1,1
1950,PPO,1,-1
1951,PPO,1,-1
1952,PPO,1,-1
1953,PPO_2,-1,1
1954,PPO,1,-1
1955,PPO_2,-1,1
1956,PPO_2,-1,1
1957,PPO_2,-1,1
1958,PPO_2,-1,1
1959,PPO,1,-1
1960,PPO_2,-1,1
1961,PPO,1,-1
1962,PPO_2,-1,1
1963,PPO_2,-1,1
1964,PPO,1,-1
1965,PPO,1,-1
1966,PPO_2,-1,1
1967,PPO_2,-1,1
1968,PPO_2,-1,1
1969,PPO,1,-1
1970,PPO,1,-1
1971,PPO_2,-1,1
1972,PPO,1,-1
1973,PPO_2,-1,1
1974,PPO_2,-1,1
1975,PPO,1,-1
1976,PPO_2,-1,1
1977,PPO,1,-1
1978,PPO_2,-1,1
1979,PPO,1,-1
1980,PPO,1,-1
1981,PPO,1,-1
1982,PPO_2,-1,1
1983,PPO_2,-1,1
1984,PPO,1,-1
1985,PPO,1,-1
1986,PPO_2,-1,1
1987,PPO,1,-1
1988,PPO_2,-1,1
1989,PPO_2,-1,1
1990,PPO_2,-1,1
1991,PPO_2,-1,1
1992,PPO_2,-1,1
1993,PPO,1,-1
1994,PPO_2,-1,1
1995,PPO,1,-1
1996,PPO,1,-1
1997,PPO,1,-1
1998,PPO,1,-1
1999,PPO_2,-1,1
2000,PPO_2,-1,1
2001,PPO_2,-1,1
2002,PPO_2,-1,1
2003,PPO_2,-1,1
2004,PPO_2,-1,1
2005,PPO_2,-1,1
2006,PPO_2,-1,1
2007,PPO,1,-1
2008,PPO_2,-1,1
2009,PPO_2,-1,1
2010,PPO,1,-1
2011,PPO_2,-1,1
2012,PPO_2,-1,1
2013,PPO,1,-1
2014,PPO,1,-1
2015,PPO,1,-1
2016,PPO,1,-1
2017,PPO_2,-1,1
2018,PPO,1,-1
2019,PPO_2,-1,1
2020,PPO_2,-1,1
2021,PPO_2,-1,1
2022,PPO,1,-1
2023,PPO,1,-1
2024,PPO_2,-1,1
2025,PPO_2,-1,1
2026,PPO,1,-1
2027,PPO_2,-1,1
2028,PPO,1,-1
2029,PPO_2,-1,1
2030,PPO_2,-1,1
2031,PPO,1,-1
2032,PPO,1,-1
2033,PPO,1,-1
2034,PPO,1,-1
2035,PPO_2,-1,1
2036,PPO,1,-1
2037,PPO_2,-1,1
2038,PPO_2,-1,1
2039,PPO,1,-1
2040,PPO_2,-1,1
2041,PPO,1,-1
2042,PPO,1,-1
2043,PPO_2,-1,1
2044,PPO_2,-1,1
2045,PPO_2,-1,1
2046,PPO_2,-1,1
2047,PPO,1,-1
2048,PPO,1,-1
2049,PPO,1,-1
2050,PPO_2,-1,1
2051,PPO_2,-1,1
2052,PPO_2,-1,1
2053,PPO_2,-1,1
2054,PPO_2,-1,1
2055,PPO_2,-1,1
2056,PPO,1,-1
2057,PPO_2,-1,1
2058,PPO,1,-1
2059,PPO,1,-1
2060,PPO,1,-1
2061,PPO,1,-1
2062,PPO,1,-1
2063,PPO_2,-1,1
2064,PPO_2,-1,1
2065,PPO_2,-1,1
2066,PPO,1,-1
2067,PPO_2,-1,1
2068,PPO_2,-1,1
2069,PPO_2,-1,1
2070,PPO_2,-1,1
2071,draw,0,0
2072,PPO,1,-1
2073,PPO_2,-1,1
2074,PPO_2,-1,1
2075,PPO_2,-1,1
2076,PPO_2,-1,1
2077,PPO_2,-1,1
2078,PPO_2,-1,1
2079,PPO_2,-1,1
2080,PPO_2,-1,1
2081,draw,0,0
2082,PPO,1,-1
2083,PPO_2,-1,1
2084,PPO,1,-1
2085,PPO_2,-1,1
2086,PPO_2,-1,1
2087,PPO,1,-1
2088,PPO,1,-1
2089,PPO,1,-1
2090,PPO_2,-1,1
2091,PPO_2,-1,1
2092,PPO_2,-1,1
2093,PPO_2,-1,1
2094,PPO_2,-1,1
2095,PPO_2,-1,1
2096,PPO_2,-1,1
2097,PPO_2,-1,1
2098,PPO_2,-1,1
2099,PPO,1,-1
2100,PPO_2,-1,1
2101,PPO_2,-1,1
2102,PPO,1,-1
2103,PPO_2,-1,1
2104,PPO_2,-1,1
2105,PPO_2,-1,1
2106,PPO_2,-1,1
2107,PPO_2,-1,1
2108,PPO_2,-1,1
2109,PPO_2,-1,1
2110,PPO_2,-1,1
2111,PPO_2,-1,1
2112,PPO,1,-1
2113,PPO,1,-1
2114,PPO_2,-1,1
2115,PPO_2,-1,1
2116,draw,0,0
2117,draw,0,0
2118,PPO_2,-1,1
2119,PPO_2,-1,1
2120,PPO,1,-1
2121,PPO,1,-1
2122,PPO_2,-1,1
2123,PPO_2,-1,1
2124,PPO,1,-1
2125,PPO_2,-1,1
2126,PPO_2,-1,1
2127,PPO,1,-1
2128,PPO,1,-1
2129,PPO_2,-1,1
2130,PPO,1,-1
2131,PPO,1,-1
2132,PPO_2,-1,1
2133,PPO_2,-1,1
2134,PPO_2,-1,1
2135,PPO_2,-1,1
2136,PPO,1,-1
2137,PPO_2,-1,1
2138,PPO_2,-1,1
2139,PPO,1,-1
2140,PPO,1,-1
2141,PPO_2,-1,1
2142,PPO,1,-1
2143,PPO_2,-1,1
2144,PPO,1,-1
2145,PPO_2,-1,1
2146,PPO,1,-1
2147,PPO_2,-1,1
2148,PPO_2,-1,1
2149,PPO_2,-1,1
2150,PPO,1,-1
2151,PPO_2,-1,1
2152,PPO_2,-1,1
2153,PPO_2,-1,1
2154,PPO_2,-1,1
2155,PPO,1,-1
2156,PPO,1,-1
2157,PPO_2,-1,1
2158,PPO_2,-1,1
2159,PPO_2,-1,1
2160,PPO_2,-1,1
2161,PPO_2,-1,1
2162,PPO_2,-1,1
2163,PPO_2,-1,1
2164,PPO,1,-1
2165,PPO,1,-1
2166,PPO_2,-1,1
2167,PPO,1,-1
2168,PPO_2,-1,1
2169,PPO,1,-1
2170,PPO,1,-1
2171,PPO,1,-1
2172,PPO_2,-1,1
2173,PPO,1,-1
2174,PPO_2,-1,1
2175,PPO_2,-1,1
2176,PPO_2,-1,1
2177,PPO,1,-1
2178,PPO_2,-1,1
2179,draw,0,0
2180,draw,0,0
2181,PPO,1,-1
2182,PPO,1,-1
2183,PPO_2,-1,1
2184,PPO_2,-1,1
2185,PPO_2,-1,1
2186,PPO_2,-1,1
2187,PPO_2,-1,1
2188,PPO_2,-1,1
2189,draw,0,0
2190,PPO_2,-1,1
2191,PPO_2,-1,1
2192,PPO_2,-1,1
2193,PPO,1,-1
2194,PPO_2,-1,1
2195,PPO_2,-1,1
2196,PPO_2,-1,1
2197,PPO_2,-1,1
2198,PPO_2,-1,1
2199,PPO_2,-1,1
2200,PPO,1,-1
2201,PPO_2,-1,1
2202,PPO,1,-1
2203,PPO_2,-1,1
2204,PPO_2,-1,1
2205,PPO,1,-1
2206,PPO_2,-1,1
2207,PPO,1,-1
2208,PPO,1,-1
2209,PPO,1,-1
2210,PPO_2,-1,1
2211,PPO_2,-1,1
2212,PPO,1,-1
2213,PPO_2,-1,1
2214,PPO,1,-1
2215,PPO_2,-1,1
2216,PPO,1,-1
2217,PPO,1,-1
2218,PPO_2,-1,1
2219,PPO,1,-1
2220,PPO_2,-1,1
2221,PPO_2,-1,1
2222,PPO_2,-1,1
2223,PPO_2,-1,1
2224,PPO,1,-1
2225,PPO_2,-1,1
2226,PPO,1,-1
2227,PPO_2,-1,1
2228,PPO,1,-1
2229,PPO_2,-1,1
2230,PPO,1,-1
2231,PPO_2,-1,1
2232,PPO_2,-1,1
2233,PPO_2,-1,1
2234,PPO,1,-1
2235,PPO_2,-1,1
2236,PPO_2,-1,1
2237,PPO,1,-1
2238,PPO,1,-1
2239,PPO_2,-1,1
2240,PPO,1,-1
2241,PPO,1,-1
2242,PPO_2,-1,1
2243,PPO,1,-1
2244,PPO_2,-1,1
2245,PPO_2,-1,1
2246,PPO,1,-1
2247,PPO,1,-1
2248,PPO_2,-1,1
2249,PPO_2,-1,1
2250,PPO_2,-1,1
2251,PPO_2,-1,1
2252,PPO,1,-1
2253,PPO_2,-1,1
2254,PPO_2,-1,1
2255,PPO_2,-1,1
2256,PPO,1,-1
2257,PPO,1,-1
2258,PPO,1,-1
2259,PPO_2,-1,1
2260,PPO_2,-1,1
2261,PPO,1,-1
2262,PPO_2,-1,1
2263,PPO_2,-1,1
2264,PPO,1,-1
2265,PPO_2,-1,1
2266,PPO,1,-1
2267,PPO,1,-1
2268,PPO,1,-1
2269,PPO,1,-1
2270,PPO,1,-1
2271,PPO,1,-1
2272,PPO,1,-1
2273,PPO_2,-1,1
2274,PPO_2,-1,1
2275,PPO,1,-1
2276,PPO_2,-1,1
2277,PPO_2,-1,1
2278,PPO_2,-1,1
2279,PPO_2,-1,1
2280,PPO,1,-1
2281,PPO_2,-1,1
2282,PPO_2,-1,1
2283,PPO,1,-1
2284,PPO,1,-1
2285,PPO,1,-1
2286,PPO_2,-1,1
2287,PPO_2,-1,1
2288,PPO,1,-1
2289,PPO,1,-1
2290,PPO,1,-1
2291,PPO_2,-1,1
2292,PPO_2,-1,1
2293,PPO,1,-1
2294,PPO,1,-1
2295,PPO_2,-1,1
2296,PPO_2,-1,1
2297,PPO,1,-1
2298,PPO,1,-1
2299,PPO_2,-1,1
2300,draw,0,0
2301,PPO,1,-1
2302,PPO,1,-1
2303,PPO_2,-1,1
2304,PPO_2,-1,1
2305,PPO,1,-1
2306,PPO_2,-1,1
2307,PPO_2,-1,1
2308,PPO,1,-1
2309,PPO,1,-1
2310,PPO,1,-1
2311,PPO_2,-1,1
2312,PPO_2,-1,1
2313,PPO,1,-1
2314,PPO,1,-1
2315,PPO,1,-1
2316,PPO,1,-1
2317,PPO,1,-1
2318,PPO_2,-1,1
2319,PPO_2,-1,1
2320,PPO,1,-1
2321,PPO_2,-1,1
2322,PPO,1,-1
2323,PPO,1,-1
2324,PPO,1,-1
2325,PPO_2,-1,1
2326,PPO_2,-1,1
2327,PPO,1,-1
2328,PPO_2,-1,1
2329,PPO,1,-1
2330,PPO,1,-1
2331,PPO,1,-1
2332,PPO,1,-1
2333,PPO,1,-1
2334,PPO,1,-1
2335,PPO,1,-1
2336,PPO_2,-1,1
2337,PPO_2,-1,1
2338,PPO,1,-1
2339,PPO_2,-1,1
2340,PPO,1,-1
2341,PPO_2,-1,1
2342,PPO,1,-1
2343,PPO,1,-1
2344,PPO_2,-1,1
2345,PPO_2,-1,1
2346,draw,0,0
2347,draw,0,0
2348,PPO_2,-1,1
2349,PPO,1,-1
2350,PPO_2,-1,1
2351,draw,0,0
2352,PPO,1,-1
2353,PPO,1,-1
2354,draw,0,0
2355,draw,0,0
2356,PPO_2,-1,1
2357,PPO_2,-1,1
2358,draw,0,0
2359,PPO,1,-1
2360,PPO,1,-1
2361,draw,0,0
2362,PPO_2,-1,1
2363,PPO,1,-1
2364,draw,0,0
2365,PPO,1,-1
2366,draw,0,0
2367,PPO,1,-1
2368,draw,0,0
2369,draw,0,0
2370,PPO,1,-1
2371,PPO,1,-1
2372,PPO_2,-1,1
2373,PPO,1,-1
2374,draw,0,0
2375,PPO,1,-1
2376,draw,0,0
2377,PPO,1,-1
2378,draw,0,0
2379,PPO_2,-1,1
2380,PPO,1,-1
2381,PPO_2,-1,1
2382,PPO_2,-1,1
2383,PPO,1,-1
2384,PPO,1,-1
2385,PPO,1,-1
2386,PPO,1,-1
2387,PPO,1,-1
2388,PPO,1,-1
2389,PPO,1,-1
2390,PPO_2,-1,1
2391,PPO,1,-1
2392,PPO,1,-1
2393,draw,0,0
2394,PPO,1,-1
2395,PPO,1,-1
2396,PPO,1,-1
2397,PPO,1,-1
2398,PPO,1,-1
2399,PPO,1,-1
2400,PPO_2,-1,1
2401,PPO_2,-1,1
2402,PPO,1,-1
2403,PPO,1,-1
2404,PPO_2,-1,1
2405,PPO,1,-1
2406,PPO_2,-1,1
2407,PPO,1,-1
2408,PPO,1,-1
2409,PPO,1,-1
2410,PPO,1,-1
2411,draw,0,0
2412,PPO,1,-1
2413,PPO,1,-1
2414,PPO_2,-1,1
2415,PPO_2,-1,1
2416,PPO,1,-1
2417,PPO,1,-1
2418,PPO,1,-1
2419,PPO,1,-1
2420,PPO,1,-1
2421,PPO_2,-1,1
2422,PPO,1,-1
2423,PPO_2,-1,1
2424,PPO,1,-1
2425,PPO,1,-1
2426,PPO_2,-1,1
2427,PPO,1,-1
2428,PPO_2,-1,1
2429,PPO,1,-1
2430,draw,0,0
2431,PPO,1,-1
2432,PPO_2,-1,1
2433,PPO_2,-1,1
2434,PPO,1,-1
2435,PPO,1,-1
2436,PPO_2,-1,1
2437,PPO,1,-1
2438,PPO,1,-1
2439,PPO_2,-1,1
2440,PPO_2,-1,1
2441,PPO,1,-1
2442,PPO_2,-1,1
2443,PPO_2,-1,1
2444,PPO,1,-1
2445,PPO,1,-1
2446,PPO,1,-1
2447,PPO,1,-1
2448,PPO_2,-1,1
2449,PPO_2,-1,1
2450,PPO_2,-1,1
2451,PPO,1,-1
2452,PPO,1,-1
2453,PPO_2,-1,1
2454,PPO,1,-1
2455,PPO_2,-1,1
2456,PPO,1,-1
2457,PPO_2,-1,1
2458,draw,0,0
2459,PPO_2,-1,1
2460,PPO_2,-1,1
2461,PPO_2,-1,1
2462,PPO,1,-1
2463,PPO,1,-1
2464,PPO,1,-1
2465,PPO,1,-1
2466,PPO_2,-1,1
2467,PPO,1,-1
2468,PPO,1,-1
2469,PPO,1,-1
2470,PPO,1,-1
2471,PPO_2,-1,1
2472,PPO,1,-1
2473,PPO_2,-1,1
2474,PPO_2,-1,1
2475,PPO,1,-1
2476,PPO,1,-1
2477,PPO,1,-1
2478,PPO,1,-1
2479,PPO,1,-1
2480,PPO,1,-1
2481,PPO,1,-1
2482,PPO,1,-1
2483,PPO_2,-1,1
2484,PPO,1,-1
2485,PPO,1,-1
2486,PPO_2,-1,1
2487,PPO,1,-1
2488,PPO_2,-1,1
2489,PPO,1,-1
2490,PPO,1,-1
2491,PPO,1,-1
2492,PPO_2,-1,1
2493,PPO_2,-1,1
2494,PPO_2,-1,1
2495,PPO,1,-1
2496,PPO_2,-1,1
2497,PPO_2,-1,1
2498,PPO,1,-1
2499,PPO,1,-1
2500,PPO,1,-1
2501,PPO,1,-1
2502,PPO,1,-1
2503,PPO,1,-1
2504,PPO_2,-1,1
2505,PPO,1,-1
2506,PPO,1,-1
2507,PPO,1,-1
2508,PPO,1,-1
2509,PPO,1,-1
2510,PPO,1,-1
2511,PPO,1,-1
2512,draw,0,0
2513,PPO_2,-1,1
2514,PPO,1,-1
2515,PPO,1,-1
2516,PPO,1,-1
2517,PPO,1,-1
2518,PPO,1,-1
2519,PPO,1,-1
2520,PPO,1,-1
2521,PPO_2,-1,1
2522,PPO_2,-1,1
2523,PPO_2,-1,1
2524,PPO,1,-1
2525,PPO_2,-1,1
2526,PPO,1,-1
2527,PPO,1,-1
2528,PPO,1,-1
2529,PPO_2,-1,1
2530,PPO,1,-1
2531,PPO_2,-1,1
2532,PPO,1,-1
2533,PPO,1,-1
2534,PPO_2,-1,1
2535,PPO_2,-1,1
2536,PPO,1,-1
2537,PPO,1,-1
2538,PPO,1,-1
2539,PPO,1,-1
2540,PPO_2,-1,1
2541,PPO_2,-1,1
2542,PPO_2,-1,1
2543,PPO,1,-1
2544,PPO,1,-1
2545,PPO,1,-1
2546,PPO_2,-1,1
2547,PPO,1,-1
2548,PPO,1,-1
2549,PPO,1,-1
2550,PPO,1,-1
2551,PPO_2,-1,1
2552,PPO_2,-1,1
2553,PPO_2,-1,1
2554,draw,0,0
2555,PPO_2,-1,1
2556,PPO,1,-1
2557,PPO_2,-1,1
2558,draw,0,0
2559,PPO,1,-1
2560,PPO,1,-1
2561,PPO_2,-1,1
2562,PPO_2,-1,1
2563,PPO,1,-1
2564,draw,0,0
2565,PPO,1,-1
2566,PPO_2,-1,1
2567,PPO,1,-1
2568,PPO,1,-1
2569,PPO,1,-1
2570,PPO,1,-1
2571,PPO_2,-1,1
2572,PPO,1,-1
2573,PPO,1,-1
2574,PPO,1,-1
2575,PPO,1,-1
2576,PPO_2,-1,1
2577,PPO,1,-1
2578,PPO_2,-1,1
2579,PPO,1,-1
2580,PPO_2,-1,1
2581,PPO,1,-1
2582,PPO_2,-1,1
2583,PPO,1,-1
2584,PPO_2,-1,1
2585,PPO,1,-1
2586,PPO_2,-1,1
2587,PPO_2,-1,1
2588,PPO_2,-1,1
2589,draw,0,0
2590,PPO,1,-1
2591,PPO,1,-1
2592,PPO,1,-1
2593,draw,0,0
2594,PPO_2,-1,1
2595,PPO_2,-1,1
2596,PPO,1,-1
2597,PPO,1,-1
2598,PPO,1,-1
2599,PPO,1,-1
2600,PPO,1,-1
2601,PPO,1,-1
2602,PPO,1,-1
2603,PPO_2,-1,1
2604,PPO,1,-1
2605,PPO,1,-1
2606,PPO,1,-1
2607,PPO,1,-1
2608,PPO,1,-1
2609,PPO,1,-1
2610,PPO_2,-1,1
2611,PPO,1,-1
2612,PPO,1,-1
2613,draw,0,0
2614,PPO,1,-1
2615,PPO,1,-1
2616,PPO,1,-1
2617,PPO,1,-1
2618,PPO,1,-1
2619,PPO_2,-1,1
2620,PPO_2,-1,1
2621,PPO_2,-1,1
2622,PPO,1,-1
2623,PPO_2,-1,1
2624,PPO,1,-1
2625,PPO_2,-1,1
2626,PPO,1,-1
2627,PPO,1,-1
2628,PPO,1,-1
2629,PPO_2,-1,1
2630,PPO,1,-1
2631,PPO,1,-1
2632,PPO,1,-1
2633,PPO,1,-1
2634,PPO,1,-1
2635,PPO,1,-1
2636,PPO,1,-1
2637,PPO,1,-1
2638,PPO_2,-1,1
2639,PPO,1,-1
2640,PPO_2,-1,1
2641,draw,0,0
2642,PPO,1,-1
2643,PPO_2,-1,1
2644,PPO_2,-1,1
2645,PPO,1,-1
2646,PPO,1,-1
2647,PPO_2,-1,1
2648,PPO,1,-1
2649,PPO,1,-1
2650,PPO_2,-1,1
2651,PPO_2,-1,1
2652,PPO,1,-1
2653,PPO_2,-1,1
2654,PPO_2,-1,1
2655,draw,0,0
2656,draw,0,0
2657,PPO,1,-1
2658,PPO,1,-1
2659,draw,0,0
2660,PPO,1,-1
2661,PPO,1,-1
2662,PPO_2,-1,1
2663,PPO_2,-1,1
2664,PPO,1,-1
2665,PPO,1,-1
2666,draw,0,0
2667,PPO,1,-1
2668,draw,0,0
2669,PPO_2,-1,1
2670,PPO,1,-1
2671,PPO,1,-1
2672,PPO_2,-1,1
2673,PPO,1,-1
2674,PPO_2,-1,1
2675,PPO,1,-1
2676,PPO,1,-1
2677,PPO,1,-1
2678,PPO,1,-1
2679,PPO,1,-1
2680,PPO,1,-1
2681,PPO,1,-1
2682,PPO,1,-1
2683,PPO,1,-1
2684,PPO,1,-1
2685,PPO,1,-1
2686,PPO_2,-1,1
2687,PPO,1,-1
2688,draw,0,0
2689,PPO_2,-1,1
2690,PPO,1,-1
2691,PPO,1,-1
2692,PPO_2,-1,1
2693,PPO,1,-1
2694,PPO,1,-1
2695,PPO_2,-1,1
2696,PPO,1,-1
2697,PPO_2,-1,1
2698,PPO_2,-1,1
2699,PPO,1,-1
2700,PPO_2,-1,1
2701,PPO_2,-1,1
2702,PPO,1,-1
2703,PPO,1,-1
2704,PPO_2,-1,1
2705,PPO,1,-1
2706,PPO_2,-1,1
2707,PPO_2,-1,1
2708,PPO,1,-1
2709,PPO,1,-1
2710,PPO,1,-1
2711,PPO,1,-1
2712,PPO,1,-1
2713,PPO,1,-1
2714,PPO,1,-1
2715,PPO,1,-1
2716,PPO,1,-1
2717,draw,0,0
2718,PPO,1,-1
2719,draw,0,0
2720,PPO,1,-1
2721,PPO,1,-1
2722,draw,0,0
2723,PPO,1,-1
2724,draw,0,0
2725,PPO,1,-1
2726,PPO_2,-1,1
2727,PPO,1,-1
2728,PPO,1,-1
2729,PPO,1,-1
2730,PPO,1,-1
2731,PPO,1,-1
2732,PPO,1,-1
2733,PPO,1,-1
2734,PPO,1,-1
2735,PPO,1,-1
2736,PPO,1,-1
2737,draw,0,0
2738,draw,0,0
2739,PPO,1,-1
2740,draw,0,0
2741,PPO,1,-1
2742,PPO,1,-1
2743,draw,0,0
2744,PPO,1,-1
2745,PPO,1,-1
2746,PPO,1,-1
2747,PPO,1,-1
2748,PPO,1,-1
2749,PPO,1,-1
2750,draw,0,0
2751,PPO,1,-1
2752,PPO,1,-1
2753,draw,0,0
2754,PPO,1,-1
2755,draw,0,0
2756,draw,0,0
2757,draw,0,0
2758,PPO,1,-1
2759,draw,0,0
2760,PPO,1,-1
2761,PPO,1,-1
2762,draw,0,0
2763,draw,0,0
2764,PPO,1,-1
2765,PPO,1,-1
2766,draw,0,0
2767,draw,0,0
2768,draw,0,0
2769,draw,0,0
2770,draw,0,0
2771,draw,0,0
2772,draw,0,0
2773,PPO,1,-1
2774,PPO_2,-1,1
2775,draw,0,0
2776,draw,0,0
2777,draw,0,0
2778,draw,0,0
2779,PPO,1,-1
2780,PPO,1,-1
2781,draw,0,0
2782,PPO_2,-1,1
2783,draw,0,0
2784,draw,0,0
2785,PPO,1,-1
2786,draw,0,0
2787,draw,0,0
2788,draw,0,0
2789,draw,0,0
2790,PPO,1,-1
2791,draw,0,0
2792,draw,0,0
2793,PPO,1,-1
2794,PPO_2,-1,1
2795,draw,0,0
2796,draw,0,0
2797,PPO_2,-1,1
2798,PPO,1,-1
2799,PPO,1,-1
2800,PPO,1,-1
2801,draw,0,0
2802,PPO,1,-1
2803,PPO,1,-1
2804,draw,0,0
2805,draw,0,0
2806,PPO_2,-1,1
2807,draw,0,0
2808,PPO,1,-1
2809,PPO_2,-1,1
2810,PPO_2,-1,1
2811,draw,0,0
2812,draw,0,0
2813,PPO,1,-1
2814,draw,0,0
2815,PPO,1,-1
2816,PPO,1,-1
2817,PPO,1,-1
2818,PPO_2,-1,1
2819,PPO_2,-1,1
2820,PPO,1,-1
2821,PPO,1,-1
2822,PPO,1,-1
2823,PPO_2,-1,1
2824,PPO,1,-1
2825,PPO,1,-1
2826,PPO,1,-1
2827,PPO_2,-1,1
2828,PPO_2,-1,1
2829,PPO_2,-1,1
2830,PPO,1,-1
2831,PPO_2,-1,1
2832,PPO_2,-1,1
2833,PPO_2,-1,1
2834,PPO_2,-1,1
2835,PPO,1,-1
2836,PPO,1,-1
2837,PPO,1,-1
2838,PPO,1,-1
2839,PPO_2,-1,1
2840,PPO_2,-1,1
2841,PPO,1,-1
2842,PPO,1,-1
2843,PPO_2,-1,1
2844,PPO_2,-1,1
2845,PPO,1,-1
2846,PPO,1,-1
2847,PPO_2,-1,1
2848,PPO_2,-1,1
2849,PPO_2,-1,1
2850,PPO,1,-1
2851,PPO_2,-1,1
2852,PPO,1,-1
2853,PPO,1,-1
2854,PPO,1,-1
2855,PPO_2,-1,1
2856,PPO_2,-1,1
2857,PPO_2,-1,1
2858,PPO,1,-1
2859,PPO,1,-1
2860,PPO_2,-1,1
2861,PPO,1,-1
2862,PPO,1,-1
2863,PPO,1,-1
2864,PPO,1,-1
2865,PPO_2,-1,1
2866,PPO_2,-1,1
2867,PPO_2,-1,1
2868,PPO,1,-1
2869,PPO,1,-1
2870,PPO_2,-1,1
2871,PPO,1,-1
2872,PPO,1,-1
2873,PPO,1,-1
2874,PPO_2,-1,1
2875,PPO,1,-1
2876,PPO_2,-1,1
2877,PPO_2,-1,1
2878,PPO,1,-1
2879,PPO_2,-1,1
2880,PPO,1,-1
2881,PPO,1,-1
2882,PPO_2,-1,1
2883,PPO_2,-1,1
2884,PPO,1,-1
2885,PPO,1,-1
2886,PPO_2,-1,1
2887,PPO_2,-1,1
2888,PPO,1,-1
2889,PPO,1,-1
2890,PPO_2,-1,1
2891,PPO_2,-1,1
2892,PPO,1,-1
2893,PPO_2,-1,1
2894,PPO,1,-1
2895,PPO,1,-1
2896,PPO,1,-1
2897,PPO_2,-1,1
2898,PPO_2,-1,1
2899,PPO,1,-1
2900,PPO_2,-1,1
2901,PPO_2,-1,1
2902,PPO,1,-1
2903,PPO_2,-1,1
2904,PPO,1,-1
2905,PPO,1,-1
2906,PPO,1,-1
2907,PPO,1,-1
2908,PPO,1,-1
2909,PPO,1,-1
2910,PPO,1,-1
2911,PPO,1,-1
2912,PPO,1,-1
2913,PPO,1,-1
2914,PPO,1,-1
2915,PPO_2,-1,1
2916,PPO,1,-1
2917,PPO,1,-1
2918,PPO_2,-1,1
2919,PPO_2,-1,1
2920,PPO_2,-1,1
2921,PPO_2,-1,1
2922,PPO,1,-1
2923,PPO_2,-1,1
2924,PPO_2,-1,1
2925,PPO,1,-1
2926,PPO,1,-1
2927,PPO_2,-1,1
2928,PPO_2,-1,1
2929,PPO_2,-1,1
2930,PPO_2,-1,1
2931,PPO,1,-1
2932,PPO_2,-1,1
2933,PPO,1,-1
2934,PPO_2,-1,1
2935,PPO_2,-1,1
2936,PPO,1,-1
2937,PPO_2,-1,1
2938,PPO,1,-1
2939,PPO_2,-1,1
2940,PPO,1,-1
2941,PPO_2,-1,1
2942,PPO_2,-1,1
2943,PPO,1,-1
2944,PPO,1,-1
2945,PPO_2,-1,1
2946,PPO_2,-1,1
2947,PPO,1,-1
2948,PPO_2,-1,1
2949,PPO,1,-1
2950,PPO,1,-1
2951,PPO,1,-1
2952,PPO,1,-1
2953,PPO_2,-1,1
2954,PPO,1,-1
2955,PPO,1,-1
2956,PPO_2,-1,1
2957,PPO,1,-1
2958,PPO_2,-1,1
2959,PPO,1,-1
2960,PPO_2,-1,1
2961,PPO_2,-1,1
2962,PPO,1,-1
2963,PPO,1,-1
2964,PPO,1,-1
2965,PPO_2,-1,1
2966,PPO_2,-1,1
2967,PPO_2,-1,1
2968,PPO,1,-1
2969,PPO,1,-1
2970,PPO,1,-1
2971,PPO_2,-1,1
2972,PPO,1,-1
2973,PPO,1,-1
2974,PPO_2,-1,1
2975,PPO_2,-1,1
2976,PPO_2,-1,1
2977,PPO,1,-1
2978,PPO_2,-1,1
2979,PPO,1,-1
2980,PPO_2,-1,1
2981,PPO_2,-1,1
2982,PPO_2,-1,1
2983,PPO,1,-1
2984,PPO_2,-1,1
2985,PPO,1,-1
2986,PPO_2,-1,1
2987,PPO,1,-1
2988,PPO,1,-1
2989,PPO_2,-1,1
2990,PPO,1,-1
2991,PPO,1,-1
2992,PPO_2,-1,1
2993,PPO,1,-1
2994,PPO_2,-1,1
2995,PPO_2,-1,1
2996,PPO_2,-1,1
2997,PPO,1,-1
2998,PPO_2,-1,1
2999,PPO,1,-1
3000,PPO_2,-1,1
3001,draw,0,0
3002,PPO,1,-1
3003,PPO_2,-1,1
3004,PPO,1,-1
3005,PPO_2,-1,1
3006,PPO_2,-1,1
3007,PPO_2,-1,1
3008,draw,0,0
3009,PPO_2,-1,1
3010,PPO,1,-1
3011,PPO,1,-1
3012,PPO_2,-1,1
3013,PPO,1,-1
3014,PPO,1,-1
3015,PPO_2,-1,1
3016,PPO_2,-1,1
3017,PPO,1,-1
3018,PPO_2,-1,1
3019,PPO,1,-1
3020,PPO,1,-1
3021,PPO_2,-1,1
3022,draw,0,0
3023,PPO_2,-1,1
3024,PPO_2,-1,1
3025,PPO_2,-1,1
3026,PPO_2,-1,1
3027,PPO_2,-1,1
3028,PPO,1,-1
3029,PPO_2,-1,1
3030,draw,0,0
3031,PPO_2,-1,1
3032,PPO,1,-1
3033,PPO_2,-1,1
3034,PPO_2,-1,1
3035,PPO_2,-1,1
3036,PPO,1,-1
3037,PPO_2,-1,1
3038,PPO,1,-1
3039,draw,0,0
3040,draw,0,0
3041,draw,0,0
3042,draw,0,0
3043,PPO,1,-1
3044,PPO_2,-1,1
3045,draw,0,0
3046,draw,0,0
3047,draw,0,0
3048,draw,0,0
3049,PPO_2,-1,1
3050,PPO_2,-1,1
3051,PPO_2,-1,1
3052,PPO,1,-1
3053,PPO_2,-1,1
3054,PPO,1,-1
3055,PPO_2,-1,1
3056,PPO_2,-1,1
3057,PPO_2,-1,1
3058,PPO,1,-1
3059,PPO_2,-1,1
3060,PPO,1,-1
3061,PPO,1,-1
3062,PPO_2,-1,1
3063,draw,0,0
3064,PPO,1,-1
3065,draw,0,0
3066,PPO_2,-1,1
3067,PPO_2,-1,1
3068,draw,0,0
3069,PPO,1,-1
3070,draw,0,0
3071,PPO_2,-1,1
3072,draw,0,0
3073,draw,0,0
3074,PPO,1,-1
3075,PPO,1,-1
3076,PPO_2,-1,1
3077,draw,0,0
3078,draw,0,0
3079,PPO_2,-1,1
3080,draw,0,0
3081,PPO_2,-1,1
3082,PPO_2,-1,1
3083,PPO_2,-1,1
3084,PPO_2,-1,1
3085,PPO_2,-1,1
3086,draw,0,0
3087,PPO,1,-1
3088,PPO_2,-1,1
3089,draw,0,0
3090,draw,0,0
3091,draw,0,0
3092,draw,0,0
3093,draw,0,0
3094,draw,0,0
3095,PPO,1,-1
3096,PPO_2,-1,1
3097,draw,0,0
3098,draw,0,0
3099,draw,0,0
3100,PPO_2,-1,1
3101,draw,0,0
3102,PPO_2,-1,1
3103,draw,0,0
3104,draw,0,0
3105,PPO_2,-1,1
3106,draw,0,0
3107,draw,0,0
3108,draw,0,0
3109,draw,0,0
3110,PPO_2,-1,1
3111,draw,0,0
3112,PPO_2,-1,1
3113,PPO_2,-1,1
3114,PPO_2,-1,1
3115,draw,0,0
3116,draw,0,0
3117,PPO_2,-1,1
3118,PPO,1,-1
3119,draw,0,0
3120,PPO_2,-1,1
3121,PPO_2,-1,1
3122,draw,0,0
3123,PPO_2,-1,1
3124,PPO_2,-1,1
3125,draw,0,0
3126,draw,0,0
3127,draw,0,0
3128,draw,0,0
3129,PPO_2,-1,1
3130,draw,0,0
3131,PPO_2,-1,1
3132,draw,0,0
3133,draw,0,0
3134,draw,0,0
3135,PPO_2,-1,1
3136,draw,0,0
3137,PPO_2,-1,1
3138,draw,0,0
3139,PPO_2,-1,1
3140,PPO_2,-1,1
3141,draw,0,0
3142,PPO_2,-1,1
3143,PPO_2,-1,1
3144,PPO_2,-1,1
3145,draw,0,0
3146,draw,0,0
3147,draw,0,0
3148,draw,0,0
3149,draw,0,0
3150,PPO,1,-1
3151,PPO_2,-1,1
3152,PPO,1,-1
3153,draw,0,0
3154,draw,0,0
3155,PPO_2,-1,1
3156,PPO_2,-1,1
3157,PPO,1,-1
3158,PPO,1,-1
3159,PPO_2,-1,1
3160,PPO,1,-1
3161,PPO_2,-1,1
3162,draw,0,0
3163,PPO_2,-1,1
3164,draw,0,0
3165,PPO,1,-1
3166,PPO_2,-1,1
3167,PPO,1,-1
3168,PPO,1,-1
3169,draw,0,0
3170,draw,0,0
3171,PPO_2,-1,1
3172,PPO_2,-1,1
3173,PPO_2,-1,1
3174,PPO,1,-1
3175,PPO_2,-1,1
3176,PPO_2,-1,1
3177,PPO_2,-1,1
3178,PPO,1,-1
3179,draw,0,0
3180,PPO_2,-1,1
3181,PPO,1,-1
3182,PPO_2,-1,1
3183,PPO,1,-1
3184,PPO,1,-1
3185,PPO,1,-1
3186,PPO_2,-1,1
3187,PPO,1,-1
3188,PPO_2,-1,1
3189,PPO,1,-1
3190,PPO,1,-1
3191,PPO_2,-1,1
3192,PPO_2,-1,1
3193,PPO,1,-1
3194,PPO,1,-1
3195,PPO_2,-1,1
3196,PPO,1,-1
3197,PPO_2,-1,1
3198,PPO,1,-1
3199,PPO_2,-1,1
3200,PPO,1,-1
3201,PPO_2,-1,1
3202,PPO_2,-1,1
3203,PPO,1,-1
3204,PPO,1,-1
3205,PPO_2,-1,1
3206,PPO,1,-1
3207,PPO_2,-1,1
3208,PPO_2,-1,1
3209,PPO_2,-1,1
3210,PPO,1,-1
3211,PPO,1,-1
3212,PPO,1,-1
3213,PPO,1,-1
3214,PPO_2,-1,1
3215,PPO_2,-1,1
3216,PPO_2,-1,1
3217,PPO,1,-1
3218,PPO,1,-1
3219,PPO,1,-1
3220,PPO,1,-1
3221,PPO,1,-1
3222,PPO,1,-1
3223,PPO,1,-1
3224,PPO,1,-1
3225,PPO,1,-1
3226,PPO,1,-1
3227,PPO_2,-1,1
3228,PPO_2,-1,1
3229,PPO,1,-1
3230,PPO_2,-1,1
3231,PPO_2,-1,1
3232,PPO,1,-1
3233,PPO,1,-1
3234,PPO_2,-1,1
3235,PPO,1,-1
3236,PPO_2,-1,1
3237,PPO_2,-1,1
3238,PPO,1,-1
3239,PPO_2,-1,1
3240,PPO_2,-1,1
3241,PPO,1,-1
3242,PPO,1,-1
3243,PPO,1,-1
3244,PPO,1,-1
3245,PPO_2,-1,1
3246,PPO_2,-1,1
3247,PPO_2,-1,1
3248,PPO,1,-1
3249,PPO,1,-1
3250,PPO,1,-1
3251,PPO_2,-1,1
3252,PPO,1,-1
3253,PPO,1,-1
3254,PPO_2,-1,1
3255,PPO_2,-1,1
3256,PPO,1,-1
3257,PPO_2,-1,1
3258,PPO,1,-1
3259,PPO,1,-1
3260,PPO_2,-1,1
3261,PPO_2,-1,1
3262,PPO_2,-1,1
3263,PPO,1,-1
3264,PPO_2,-1,1
3265,PPO,1,-1
3266,PPO_2,-1,1
3267,PPO,1,-1
3268,PPO_2,-1,1
3269,PPO,1,-1
3270,PPO,1,-1
3271,PPO_2,-1,1
3272,PPO_2,-1,1
3273,PPO,1,-1
3274,PPO_2,-1,1
3275,PPO_2,-1,1
3276,PPO_2,-1,1
3277,PPO_2,-1,1
3278,PPO,1,-1
3279,PPO_2,-1,1
3280,PPO,1,-1
3281,PPO_2,-1,1
3282,PPO,1,-1
3283,PPO_2,-1,1
3284,PPO,1,-1
3285,PPO_2,-1,1
3286,PPO_2,-1,1
3287,PPO_2,-1,1
3288,PPO,1,-1
3289,PPO_2,-1,1
3290,PPO_2,-1,1
3291,PPO,1,-1
3292,PPO_2,-1,1
3293,PPO,1,-1
3294,PPO_2,-1,1
3295,PPO,1,-1
3296,PPO_2,-1,1
3297,PPO_2,-1,1
3298,PPO_2,-1,1
3299,PPO_2,-1,1
3300,PPO_2,-1,1
3301,PPO,1,-1
3302,PPO_2,-1,1
3303,PPO,1,-1
3304,PPO,1,-1
3305,PPO,1,-1
3306,PPO_2,-1,1
3307,PPO_2,-1,1
3308,PPO_2,-1,1
3309,PPO,1,-1
3310,PPO_2,-1,1
3311,PPO,1,-1
3312,PPO_2,-1,1
3313,PPO,1,-1
3314,PPO,1,-1
3315,PPO_2,-1,1
3316,PPO,1,-1
3317,PPO_2,-1,1
3318,PPO,1,-1
3319,PPO,1,-1
3320,PPO,1,-1
3321,PPO,1,-1
3322,PPO,1,-1
3323,PPO,1,-1
3324,PPO_2,-1,1
3325,PPO,1,-1
3326,PPO_2,-1,1
3327,PPO_2,-1,1
3328,PPO,1,-1
3329,PPO_2,-1,1
3330,PPO_2,-1,1
3331,PPO,1,-1
3332,PPO,1,-1
3333,PPO,1,-1
3334,PPO_2,-1,1
3335,PPO,1,-1
3336,PPO,1,-1
3337,PPO,1,-1
3338,PPO_2,-1,1
3339,PPO_2,-1,1
3340,PPO,1,-1
3341,PPO,1,-1
3342,PPO,1,-1
3343,PPO_2,-1,1
3344,PPO_2,-1,1
3345,PPO_2,-1,1
3346,PPO_2,-1,1
3347,PPO_2,-1,1
3348,PPO,1,-1
3349,PPO,1,-1
3350,PPO_2,-1,1
3351,PPO_2,-1,1
3352,PPO,1,-1
3353,PPO,1,-1
3354,PPO,1,-1
3355,PPO_2,-1,1
3356,PPO,1,-1
3357,PPO,1,-1
3358,PPO,1,-1
3359,PPO,1,-1
3360,PPO_2,-1,1
3361,PPO_2,-1,1
3362,PPO_2,-1,1
3363,PPO,1,-1
3364,PPO,1,-1
3365,PPO,1,-1
3366,PPO,1,-1
3367,PPO,1,-1
3368,PPO_2,-1,1
3369,PPO_2,-1,1
3370,PPO,1,-1
3371,PPO_2,-1,1
3372,PPO,1,-1
3373,PPO_2,-1,1
3374,PPO,1,-1
3375,PPO,1,-1
3376,PPO,1,-1
3377,PPO,1,-1
3378,PPO,1,-1
3379,PPO,1,-1
3380,PPO,1,-1
3381,PPO_2,-1,1
3382,PPO,1,-1
3383,PPO_2,-1,1
3384,PPO,1,-1
3385,PPO_2,-1,1
3386,PPO,1,-1
3387,PPO_2,-1,1
3388,PPO,1,-1
3389,PPO,1,-1
3390,PPO_2,-1,1
3391,PPO_2,-1,1
3392,PPO,1,-1
3393,PPO_2,-1,1
3394,PPO_2,-1,1
3395,PPO,1,-1
3396,PPO_2,-1,1
3397,PPO,1,-1
3398,PPO,1,-1
3399,PPO_2,-1,1
3400,PPO_2,-1,1
3401,PPO_2,-1,1
3402,PPO,1,-1
3403,PPO,1,-1
3404,PPO,1,-1
3405,PPO_2,-1,1
3406,PPO,1,-1
3407,PPO,1,-1
3408,PPO,1,-1
3409,PPO,1,-1
3410,PPO,1,-1
3411,PPO_2,-1,1
3412,PPO_2,-1,1
3413,PPO_2,-1,1
3414,PPO,1,-1
3415,PPO,1,-1
3416,PPO,1,-1
3417,PPO_2,-1,1
3418,PPO,1,-1
3419,PPO_2,-1,1
3420,PPO,1,-1
3421,PPO_2,-1,1
3422,PPO,1,-1
3423,PPO,1,-1
3424,PPO,1,-1
3425,PPO,1,-1
3426,PPO,1,-1
3427,PPO,1,-1
3428,PPO,1,-1
3429,PPO,1,-1
3430,PPO_2,-1,1
3431,PPO_2,-1,1
3432,PPO,1,-1
3433,PPO_2,-1,1
3434,PPO,1,-1
3435,PPO,1,-1
3436,PPO_2,-1,1
3437,PPO_2,-1,1
3438,PPO,1,-1
3439,PPO_2,-1,1
3440,PPO,1,-1
3441,PPO,1,-1
3442,PPO,1,-1
3443,PPO_2,-1,1
3444,PPO,1,-1
3445,PPO_2,-1,1
3446,PPO_2,-1,1
3447,PPO_2,-1,1
3448,PPO,1,-1
3449,PPO,1,-1
3450,PPO_2,-1,1
3451,PPO,1,-1
3452,PPO,1,-1
3453,PPO_2,-1,1
3454,PPO,1,-1
3455,PPO,1,-1
3456,PPO,1,-1
3457,PPO,1,-1
3458,PPO,1,-1
3459,PPO_2,-1,1
3460,PPO,1,-1
3461,PPO_2,-1,1
3462,PPO_2,-1,1
3463,PPO,1,-1
3464,PPO,1,-1
3465,PPO_2,-1,1
3466,PPO_2,-1,1
3467,PPO,1,-1
3468,PPO,1,-1
3469,PPO,1,-1
3470,PPO_2,-1,1
3471,PPO,1,-1
3472,PPO,1,-1
3473,PPO,1,-1
3474,PPO,1,-1
3475,PPO,1,-1
3476,PPO,1,-1
3477,PPO,1,-1
3478,PPO,1,-1
3479,PPO_2,-1,1
3480,PPO,1,-1
3481,PPO,1,-1
3482,PPO,1,-1
3483,PPO,1,-1
3484,PPO,1,-1
3485,PPO,1,-1
3486,PPO,1,-1
3487,PPO_2,-1,1
3488,PPO,1,-1
3489,PPO_2,-1,1
3490,PPO,1,-1
3491,PPO_2,-1,1
3492,PPO,1,-1
3493,PPO_2,-1,1
3494,PPO,1,-1
3495,PPO_2,-1,1
3496,PPO,1,-1
3497,PPO,1,-1
3498,PPO,1,-1
3499,PPO,1,-1
3500,PPO,1,-1
3501,PPO,1,-1
3502,PPO_2,-1,1
3503,PPO,1,-1
3504,PPO,1,-1
3505,PPO_2,-1,1
3506,PPO_2,-1,1
3507,PPO_2,-1,1
3508,PPO,1,-1
3509,PPO_2,-1,1
3510,PPO,1,-1
3511,PPO_2,-1,1
3512,PPO,1,-1
3513,PPO_2,-1,1
3514,PPO,1,-1
3515,PPO,1,-1
3516,PPO,1,-1
3517,PPO,1,-1
3518,PPO_2,-1,1
3519,PPO_2,-1,1
3520,PPO_2,-1,1
3521,PPO,1,-1
3522,PPO,1,-1
3523,PPO_2,-1,1
3524,PPO,1,-1
3525,PPO,1,-1
3526,PPO,1,-1
3527,PPO_2,-1,1
3528,PPO_2,-1,1
3529,PPO,1,-1
3530,PPO,1,-1
3531,PPO_2,-1,1
3532,PPO_2,-1,1
3533,PPO,1,-1
3534,PPO_2,-1,1
3535,PPO,1,-1
3536,PPO_2,-1,1
3537,PPO_2,-1,1
3538,PPO_2,-1,1
3539,PPO,1,-1
3540,PPO,1,-1
3541,PPO,1,-1
3542,PPO_2,-1,1
3543,PPO_2,-1,1
3544,PPO,1,-1
3545,PPO,1,-1
3546,PPO_2,-1,1
3547,PPO,1,-1
3548,PPO_2,-1,1
3549,PPO,1,-1
3550,PPO_2,-1,1
3551,PPO,1,-1
3552,PPO_2,-1,1
3553,PPO,1,-1
3554,PPO,1,-1
3555,PPO_2,-1,1
3556,PPO_2,-1,1
3557,PPO,1,-1
3558,PPO_2,-1,1
3559,PPO,1,-1
3560,PPO,1,-1
3561,PPO_2,-1,1
3562,PPO,1,-1
3563,PPO_2,-1,1
3564,PPO_2,-1,1
3565,PPO_2,-1,1
3566,PPO_2,-1,1
3567,PPO,1,-1
3568,PPO_2,-1,1
3569,PPO_2,-1,1
3570,PPO_2,-1,1
3571,PPO_2,-1,1
3572,PPO_2,-1,1
3573,PPO,1,-1
3574,PPO_2,-1,1
3575,PPO,1,-1
3576,PPO,1,-1
3577,PPO,1,-1
3578,PPO_2,-1,1
3579,PPO,1,-1
3580,PPO,1,-1
3581,PPO,1,-1
3582,PPO,1,-1
3583,PPO_2,-1,1
3584,PPO,1,-1
3585,PPO,1,-1
3586,PPO,1,-1
3587,PPO,1,-1
3588,PPO,1,-1
3589,PPO,1,-1
3590,PPO,1,-1
3591,PPO_2,-1,1
3592,PPO_2,-1,1
3593,PPO_2,-1,1
3594,PPO,1,-1
3595,PPO,1,-1
3596,PPO_2,-1,1
3597,PPO_2,-1,1
3598,PPO_2,-1,1
3599,PPO_2,-1,1
3600,PPO_2,-1,1
3601,PPO_2,-1,1
3602,PPO,1,-1
3603,PPO_2,-1,1
3604,PPO,1,-1
3605,PPO_2,-1,1
3606,PPO_2,-1,1
3607,PPO_2,-1,1
3608,PPO,1,-1
3609,PPO_2,-1,1
3610,PPO,1,-1
3611,PPO,1,-1
3612,PPO,1,-1
3613,PPO,1,-1
3614,PPO_2,-1,1
3615,PPO_2,-1,1
3616,PPO,1,-1
3617,PPO,1,-1
3618,PPO_2,-1,1
3619,PPO,1,-1
3620,PPO_2,-1,1
3621,PPO_2,-1,1
3622,PPO,1,-1
3623,PPO,1,-1
3624,PPO,1,-1
3625,PPO_2,-1,1
3626,PPO,1,-1
3627,PPO,1,-1
3628,PPO_2,-1,1
3629,PPO_2,-1,1
3630,PPO,1,-1
3631,PPO,1,-1
3632,PPO,1,-1
3633,PPO_2,-1,1
3634,PPO,1,-1
3635,PPO,1,-1
3636,PPO,1,-1
3637,PPO,1,-1
3638,PPO_2,-1,1
3639,PPO_2,-1,1
3640,PPO,1,-1
3641,PPO,1,-1
3642,PPO_2,-1,1
3643,PPO,1,-1
3644,PPO,1,-1
3645,PPO_2,-1,1
3646,PPO,1,-1
3647,PPO_2,-1,1
3648,PPO_2,-1,1
3649,PPO,1,-1
3650,PPO,1,-1
3651,PPO,1,-1
3652,PPO,1,-1
3653,PPO,1,-1
3654,PPO_2,-1,1
3655,PPO_2,-1,1
3656,PPO_2,-1,1
3657,PPO,1,-1
3658,PPO_2,-1,1
3659,PPO,1,-1
3660,PPO_2,-1,1
3661,PPO_2,-1,1
3662,PPO_2,-1,1
3663,PPO_2,-1,1
3664,PPO,1,-1
3665,PPO,1,-1
3666,PPO,1,-1
3667,PPO,1,-1
3668,PPO,1,-1
3669,PPO_2,-1,1
3670,PPO_2,-1,1
3671,PPO_2,-1,1
3672,PPO_2,-1,1
3673,PPO_2,-1,1
3674,PPO,1,-1
3675,PPO_2,-1,1
3676,PPO,1,-1
3677,PPO,1,-1
3678,PPO,1,-1
3679,PPO,1,-1
3680,PPO,1,-1
3681,PPO_2,-1,1
3682,PPO,1,-1
3683,PPO,1,-1
3684,PPO_2,-1,1
3685,PPO,1,-1
3686,PPO,1,-1
3687,PPO_2,-1,1
3688,PPO_2,-1,1
3689,PPO_2,-1,1
3690,PPO,1,-1
3691,PPO_2,-1,1
3692,PPO,1,-1
3693,PPO_2,-1,1
3694,PPO,1,-1
3695,PPO_2,-1,1
3696,PPO_2,-1,1
3697,PPO_2,-1,1
3698,PPO,1,-1
3699,PPO_2,-1,1
3700,PPO,1,-1
3701,PPO_2,-1,1
3702,PPO_2,-1,1
3703,PPO,1,-1
3704,PPO_2,-1,1
3705,PPO,1,-1
3706,PPO,1,-1
3707,PPO_2,-1,1
3708,PPO,1,-1
3709,PPO,1,-1
3710,PPO_2,-1,1
3711,PPO_2,-1,1
3712,PPO,1,-1
3713,PPO_2,-1,1
3714,PPO,1,-1
3715,PPO,1,-1
3716,PPO_2,-1,1
3717,PPO_2,-1,1
3718,PPO_2,-1,1
3719,PPO_2,-1,1
3720,PPO_2,-1,1
3721,PPO,1,-1
3722,PPO,1,-1
3723,PPO,1,-1
3724,PPO_2,-1,1
3725,PPO,1,-1
3726,PPO,1,-1
3727,PPO_2,-1,1
3728,PPO_2,-1,1
3729,PPO,1,-1
3730,PPO,1,-1
3731,PPO_2,-1,1
3732,PPO_2,-1,1
3733,PPO,1,-1
3734,PPO_2,-1,1
3735,PPO,1,-1
3736,PPO,1,-1
3737,PPO,1,-1
3738,PPO,1,-1
3739,PPO,1,-1
3740,PPO_2,-1,1
3741,PPO,1,-1
3742,PPO_2,-1,1
3743,PPO_2,-1,1
3744,PPO,1,-1
3745,PPO,1,-1
3746,PPO_2,-1,1
3747,PPO,1,-1
3748,PPO,1,-1
3749,PPO,1,-1
3750,PPO_2,-1,1
3751,PPO,1,-1
3752,PPO_2,-1,1
3753,PPO,1,-1
3754,PPO_2,-1,1
3755,PPO,1,-1
3756,PPO,1,-1
3757,PPO_2,-1,1
3758,PPO_2,-1,1
3759,PPO,1,-1
3760,PPO_2,-1,1
3761,PPO,1,-1
3762,PPO_2,-1,1
3763,PPO,1,-1
3764,PPO_2,-1,1
3765,PPO_2,-1,1
3766,PPO_2,-1,1
3767,PPO_2,-1,1
3768,PPO,1,-1
3769,PPO,1,-1
3770,PPO,1,-1
3771,PPO,1,-1
3772,PPO,1,-1
3773,PPO,1,-1
3774,PPO_2,-1,1
3775,PPO,1,-1
3776,PPO,1,-1
3777,PPO_2,-1,1
3778,PPO,1,-1
3779,PPO,1,-1
3780,PPO_2,-1,1
3781,PPO,1,-1
3782,PPO_2,-1,1
3783,PPO,1,-1
3784,PPO,1,-1
3785,PPO_2,-1,1
3786,PPO_2,-1,1
3787,PPO_2,-1,1
3788,PPO_2,-1,1
3789,PPO_2,-1,1
3790,PPO,1,-1
3791,PPO,1,-1
3792,PPO_2,-1,1
3793,PPO_2,-1,1
3794,PPO_2,-1,1
3795,PPO,1,-1
3796,PPO_2,-1,1
3797,PPO_2,-1,1
3798,PPO_2,-1,1
3799,PPO,1,-1
3800,PPO_2,-1,1
3801,PPO,1,-1
3802,PPO,1,-1
3803,PPO_2,-1,1
3804,PPO,1,-1
3805,PPO,1,-1
3806,PPO,1,-1
3807,PPO,1,-1
3808,PPO,1,-1
3809,PPO,1,-1
3810,PPO_2,-1,1
3811,PPO_2,-1,1
3812,PPO,1,-1
3813,PPO,1,-1
3814,PPO_2,-1,1
3815,PPO_2,-1,1
3816,PPO,1,-1
3817,PPO,1,-1
3818,PPO_2,-1,1
3819,PPO_2,-1,1
3820,PPO_2,-1,1
3821,PPO,1,-1
3822,PPO,1,-1
3823,PPO,1,-1
3824,PPO,1,-1
3825,PPO,1,-1
3826,PPO,1,-1
3827,PPO,1,-1
3828,PPO,1,-1
3829,PPO_2,-1,1
3830,PPO,1,-1
3831,PPO_2,-1,1
3832,PPO_2,-1,1
3833,PPO,1,-1
3834,PPO_2,-1,1
3835,PPO_2,-1,1
3836,PPO_2,-1,1
3837,PPO_2,-1,1
3838,PPO,1,-1
3839,PPO,1,-1
3840,PPO,1,-1
3841,PPO_2,-1,1
3842,PPO_2,-1,1
3843,PPO,1,-1
3844,PPO_2,-1,1
3845,PPO,1,-1
3846,PPO,1,-1
3847,PPO,1,-1
3848,PPO_2,-1,1
3849,PPO_2,-1,1
3850,PPO,1,-1
3851,PPO,1,-1
3852,PPO_2,-1,1
3853,PPO,1,-1
3854,PPO_2,-1,1
3855,PPO_2,-1,1
3856,PPO,1,-1
3857,PPO,1,-1
3858,PPO,1,-1
3859,PPO,1,-1
3860,PPO_2,-1,1
3861,PPO_2,-1,1
3862,PPO_2,-1,1
3863,PPO,1,-1
3864,PPO_2,-1,1
3865,PPO,1,-1
3866,PPO,1,-1
3867,PPO_2,-1,1
3868,PPO,1,-1
3869,PPO_2,-1,1
3870,PPO,1,-1
3871,PPO_2,-1,1
3872,PPO_2,-1,1
3873,PPO,1,-1
3874,PPO,1,-1
3875,PPO_2,-1,1
3876,PPO,1,-1
3877,PPO_2,-1,1
3878,PPO,1,-1
3879,PPO,1,-1
3880,PPO_2,-1,1
3881,PPO_2,-1,1
3882,PPO_2,-1,1
3883,PPO_2,-1,1
3884,PPO,1,-1
3885,PPO_2,-1,1
3886,PPO,1,-1
3887,PPO_2,-1,1
3888,PPO,1,-1
3889,PPO,1,-1
3890,PPO_2,-1,1
3891,PPO,1,-1
3892,PPO,1,-1
3893,PPO_2,-1,1
3894,PPO_2,-1,1
3895,PPO,1,-1
3896,PPO,1,-1
3897,PPO,1,-1
3898,PPO_2,-1,1
3899,PPO,1,-1
3900,PPO,1,-1
3901,PPO,1,-1
3902,PPO,1,-1
3903,PPO_2,-1,1
3904,PPO,1,-1
3905,PPO_2,-1,1
3906,PPO,1,-1
3907,PPO_2,-1,1
3908,PPO_2,-1,1
3909,PPO,1,-1
3910,PPO_2,-1,1
3911,PPO_2,-1,1
3912,PPO,1,-1
3913,PPO,1,-1
3914,PPO,1,-1
3915,PPO,1,-1
3916,PPO_2,-1,1
3917,PPO_2,-1,1
3918,PPO_2,-1,1
3919,PPO_2,-1,1
3920,PPO,1,-1
3921,PPO_2,-1,1
3922,PPO_2,-1,1
3923,PPO_2,-1,1
3924,PPO,1,-1
3925,PPO,1,-1
3926,PPO_2,-1,1
3927,PPO_2,-1,1
3928,PPO,1,-1
3929,PPO,1,-1
3930,PPO,1,-1
3931,PPO,1,-1
3932,PPO_2,-1,1
3933,PPO,1,-1
3934,PPO_2,-1,1
3935,PPO,1,-1
3936,PPO_2,-1,1
3937,PPO,1,-1
3938,PPO,1,-1
3939,PPO,1,-1
3940,PPO,1,-1
3941,PPO_2,-1,1
3942,PPO,1,-1
3943,PPO,1,-1
3944,PPO_2,-1,1
3945,PPO_2,-1,1
3946,PPO,1,-1
3947,PPO_2,-1,1
3948,PPO,1,-1
3949,PPO_2,-1,1
3950,PPO,1,-1
3951,PPO_2,-1,1
3952,PPO_2,-1,1
3953,PPO_2,-1,1
3954,PPO_2,-1,1
3955,PPO_2,-1,1
3956,PPO,1,-1
3957,PPO_2,-1,1
3958,PPO,1,-1
3959,PPO_2,-1,1
3960,PPO_2,-1,1
3961,PPO_2,-1,1
3962,PPO_2,-1,1
3963,PPO_2,-1,1
3964,PPO_2,-1,1
3965,PPO_2,-1,1
3966,PPO,1,-1
3967,PPO,1,-1
3968,PPO_2,-1,1
3969,PPO,1,-1
3970,PPO,1,-1
3971,PPO,1,-1
3972,PPO,1,-1
3973,PPO,1,-1
3974,PPO,1,-1
3975,PPO,1,-1
3976,PPO_2,-1,1
3977,PPO,1,-1
3978,PPO_2,-1,1
3979,PPO,1,-1
3980,PPO_2,-1,1
3981,PPO_2,-1,1
3982,PPO,1,-1
3983,PPO_2,-1,1
3984,PPO_2,-1,1
3985,PPO_2,-1,1
3986,PPO_2,-1,1
3987,PPO_2,-1,1
3988,PPO,1,-1
3989,PPO,1,-1
3990,PPO,1,-1
3991,PPO,1,-1
3992,PPO,1,-1
3993,PPO,1,-1
3994,PPO,1,-1
3995,PPO_2,-1,1
3996,PPO,1,-1
3997,PPO_2,-1,1
3998,PPO,1,-1
3999,PPO,1,-1
4000,PPO,1,-1
4001,PPO_2,-1,1
4002,PPO_2,-1,1
4003,PPO_2,-1,1
4004,PPO_2,-1,1
4005,PPO,1,-1
4006,PPO_2,-1,1
4007,PPO_2,-1,1
4008,PPO,1,-1
4009,PPO_2,-1,1
4010,PPO_2,-1,1
4011,PPO_2,-1,1
4012,PPO_2,-1,1
4013,PPO_2,-1,1
4014,PPO,1,-1
4015,PPO_2,-1,1
4016,PPO,1,-1
4017,PPO,1,-1
4018,PPO_2,-1,1
4019,PPO_2,-1,1
4020,PPO,1,-1
4021,PPO,1,-1
4022,PPO,1,-1
4023,PPO_2,-1,1
4024,PPO_2,-1,1
4025,PPO,1,-1
4026,PPO,1,-1
4027,PPO_2,-1,1
4028,PPO,1,-1
4029,PPO,1,-1
4030,PPO_2,-1,1
4031,PPO,1,-1
4032,PPO_2,-1,1
4033,PPO,1,-1
4034,PPO,1,-1
4035,PPO_2,-1,1
4036,PPO,1,-1
4037,PPO_2,-1,1
4038,PPO_2,-1,1
4039,PPO_2,-1,1
4040,PPO,1,-1
4041,PPO,1,-1
4042,PPO,1,-1
4043,PPO,1,-1
4044,PPO,1,-1
4045,PPO,1,-1
4046,PPO,1,-1
4047,PPO_2,-1,1
4048,PPO,1,-1
4049,PPO,1,-1
4050,PPO,1,-1
4051,PPO_2,-1,1
4052,PPO,1,-1
4053,PPO,1,-1
4054,PPO_2,-1,1
4055,PPO_2,-1,1
4056,PPO_2,-1,1
4057,PPO_2,-1,1
4058,PPO_2,-1,1
4059,PPO_2,-1,1
4060,PPO,1,-1
4061,PPO,1,-1
4062,PPO,1,-1
4063,PPO_2,-1,1
4064,PPO_2,-1,1
4065,PPO_2,-1,1
4066,PPO_2,-1,1
4067,PPO_2,-1,1
4068,PPO_2,-1,1
4069,PPO,1,-1
4070,PPO_2,-1,1
4071,PPO_2,-1,1
4072,PPO,1,-1
4073,PPO_2,-1,1
4074,PPO_2,-1,1
4075,PPO,1,-1
4076,PPO,1,-1
4077,PPO,1,-1
4078,PPO_2,-1,1
4079,PPO_2,-1,1
4080,PPO_2,-1,1
4081,PPO,1,-1
4082,PPO_2,-1,1
4083,PPO_2,-1,1
4084,PPO,1,-1
4085,PPO_2,-1,1
4086,PPO_2,-1,1
4087,PPO_2,-1,1
4088,PPO,1,-1
4089,PPO,1,-1
4090,PPO_2,-1,1
4091,PPO_2,-1,1
4092,PPO_2,-1,1
4093,PPO_2,-1,1
4094,PPO_2,-1,1
4095,PPO,1,-1
4096,PPO,1,-1
4097,PPO_2,-1,1
4098,PPO_2,-1,1
4099,PPO_2,-1,1
4100,PPO,1,-1
4101,PPO,1,-1
4102,PPO_2,-1,1
4103,PPO_2,-1,1
4104,PPO,1,-1
4105,PPO,1,-1
4106,PPO_2,-1,1
4107,PPO_2,-1,1
4108,PPO_2,-1,1
4109,PPO_2,-1,1
4110,PPO,1,-1
4111,PPO_2,-1,1
4112,PPO,1,-1
4113,PPO,1,-1
4114,PPO_2,-1,1
4115,PPO,1,-1
4116,PPO_2,-1,1
4117,PPO,1,-1
4118,PPO_2,-1,1
4119,PPO,1,-1
4120,PPO_2,-1,1
4121,PPO,1,-1
4122,PPO,1,-1
4123,PPO_2,-1,1
4124,PPO,1,-1
4125,PPO,1,-1
4126,PPO_2,-1,1
4127,PPO_2,-1,1
4128,PPO_2,-1,1
4129,PPO_2,-1,1
4130,PPO,1,-1
4131,PPO_2,-1,1
4132,PPO_2,-1,1
4133,PPO,1,-1
4134,PPO,1,-1
4135,PPO_2,-1,1
4136,PPO_2,-1,1
4137,PPO,1,-1
4138,PPO,1,-1
4139,PPO,1,-1
4140,PPO_2,-1,1
4141,PPO_2,-1,1
4142,PPO,1,-1
4143,PPO_2,-1,1
4144,PPO,1,-1
4145,PPO,1,-1
4146,PPO_2,-1,1
4147,PPO_2,-1,1
4148,PPO,1,-1
4149,PPO_2,-1,1
4150,PPO,1,-1
4151,PPO_2,-1,1
4152,PPO,1,-1
4153,PPO,1,-1
4154,PPO_2,-1,1
4155,PPO,1,-1
4156,PPO,1,-1
4157,PPO,1,-1
4158,PPO,1,-1
4159,PPO,1,-1
4160,PPO,1,-1
4161,PPO,1,-1
4162,PPO,1,-1
4163,PPO,1,-1
4164,PPO_2,-1,1
4165,PPO_2,-1,1
4166,PPO_2,-1,1
4167,PPO,1,-1
4168,PPO,1,-1
4169,PPO_2,-1,1
4170,PPO,1,-1
4171,PPO_2,-1,1
4172,PPO,1,-1
4173,PPO,1,-1
4174,PPO,1,-1
4175,PPO_2,-1,1
4176,PPO,1,-1
4177,PPO,1,-1
4178,PPO,1,-1
4179,PPO,1,-1
4180,PPO_2,-1,1
4181,PPO_2,-1,1
4182,PPO_2,-1,1
4183,PPO,1,-1
4184,PPO_2,-1,1
4185,PPO_2,-1,1
4186,PPO_2,-1,1
4187,PPO,1,-1
4188,PPO,1,-1
4189,PPO,1,-1
4190,PPO,1,-1
4191,PPO,1,-1
4192,PPO_2,-1,1
4193,PPO,1,-1
4194,PPO_2,-1,1
4195,PPO,1,-1
4196,PPO,1,-1
4197,PPO,1,-1
4198,PPO_2,-1,1
4199,PPO,1,-1
4200,PPO,1,-1
4201,PPO_2,-1,1
4202,PPO_2,-1,1
4203,PPO_2,-1,1
4204,PPO,1,-1
4205,PPO,1,-1
4206,PPO_2,-1,1
4207,PPO_2,-1,1
4208,PPO_2,-1,1
4209,PPO,1,-1
4210,draw,0,0
4211,PPO_2,-1,1
4212,PPO,1,-1
4213,draw,0,0
4214,PPO,1,-1
4215,PPO,1,-1
4216,PPO,1,-1
4217,PPO,1,-1
4218,draw,0,0
4219,draw,0,0
4220,PPO,1,-1
4221,PPO_2,-1,1
4222,PPO_2,-1,1
4223,PPO_2,-1,1
4224,PPO_2,-1,1
4225,PPO_2,-1,1
4226,PPO,1,-1
4227,PPO,1,-1
4228,PPO,1,-1
4229,PPO_2,-1,1
4230,draw,0,0
4231,PPO_2,-1,1
4232,PPO,1,-1
4233,PPO_2,-1,1
4234,PPO_2,-1,1
4235,PPO_2,-1,1
4236,PPO,1,-1
4237,PPO_2,-1,1
4238,PPO,1,-1
4239,PPO_2,-1,1
4240,PPO_2,-1,1
4241,PPO,1,-1
4242,PPO_2,-1,1
4243,PPO_2,-1,1
4244,PPO,1,-1
4245,PPO_2,-1,1
4246,PPO,1,-1
4247,PPO,1,-1
4248,PPO,1,-1
4249,PPO,1,-1
4250,PPO,1,-1
4251,PPO,1,-1
4252,PPO,1,-1
4253,PPO,1,-1
4254,PPO_2,-1,1
4255,PPO,1,-1
4256,PPO,1,-1
4257,PPO,1,-1
4258,PPO_2,-1,1
4259,PPO_2,-1,1
4260,PPO_2,-1,1
4261,PPO_2,-1,1
4262,PPO,1,-1
4263,PPO,1,-1
4264,PPO_2,-1,1
4265,PPO_2,-1,1
4266,PPO_2,-1,1
4267,PPO,1,-1
4268,PPO,1,-1
4269,PPO_2,-1,1
4270,PPO,1,-1
4271,PPO,1,-1
4272,PPO,1,-1
4273,PPO,1,-1
4274,PPO,1,-1
4275,PPO,1,-1
4276,PPO_2,-1,1
4277,draw,0,0
4278,PPO_2,-1,1
4279,PPO_2,-1,1
4280,PPO,1,-1
4281,PPO,1,-1
4282,PPO,1,-1
4283,PPO_2,-1,1
4284,PPO_2,-1,1
4285,PPO,1,-1
4286,PPO,1,-1
4287,PPO,1,-1
4288,PPO,1,-1
4289,PPO_2,-1,1
4290,PPO_2,-1,1
4291,PPO_2,-1,1
4292,PPO,1,-1
4293,PPO,1,-1
4294,PPO_2,-1,1
4295,PPO,1,-1
4296,PPO_2,-1,1
4297,PPO_2,-1,1
4298,PPO,1,-1
4299,PPO_2,-1,1
4300,PPO_2,-1,1
4301,PPO_2,-1,1
4302,PPO,1,-1
4303,PPO,1,-1
4304,PPO_2,-1,1
4305,PPO,1,-1
4306,PPO,1,-1
4307,PPO_2,-1,1
4308,PPO_2,-1,1
4309,PPO_2,-1,1
4310,PPO,1,-1
4311,PPO,1,-1
4312,PPO,1,-1
4313,PPO_2,-1,1
4314,PPO,1,-1
4315,PPO_2,-1,1
4316,PPO,1,-1
4317,PPO,1,-1
4318,PPO_2,-1,1
4319,draw,0,0
4320,PPO,1,-1
4321,PPO,1,-1
4322,draw,0,0
4323,draw,0,0
4324,PPO,1,-1
4325,draw,0,0
4326,draw,0,0
4327,PPO,1,-1
4328,draw,0,0
4329,PPO,1,-1
4330,draw,0,0
4331,PPO,1,-1
4332,draw,0,0
4333,draw,0,0
4334,PPO,1,-1
4335,PPO,1,-1
4336,PPO,1,-1
4337,PPO,1,-1
4338,draw,0,0
4339,draw,0,0
4340,PPO,1,-1
4341,draw,0,0
4342,PPO,1,-1
4343,draw,0,0
4344,PPO,1,-1
4345,PPO,1,-1
4346,draw,0,0
4347,draw,0,0
4348,PPO,1,-1
4349,draw,0,0
4350,PPO_2,-1,1
4351,draw,0,0
4352,draw,0,0
4353,PPO,1,-1
4354,PPO,1,-1
4355,PPO,1,-1
4356,PPO,1,-1
4357,PPO,1,-1
4358,PPO_2,-1,1
4359,PPO,1,-1
4360,draw,0,0
4361,draw,0,0
4362,PPO_2,-1,1
4363,PPO_2,-1,1
4364,PPO_2,-1,1
4365,PPO_2,-1,1
4366,PPO,1,-1
4367,draw,0,0
4368,draw,0,0
4369,PPO,1,-1
4370,PPO_2,-1,1
4371,PPO,1,-1
4372,PPO,1,-1
4373,PPO_2,-1,1
4374,PPO_2,-1,1
4375,draw,0,0
4376,PPO,1,-1
4377,PPO_2,-1,1
4378,PPO,1,-1
4379,PPO,1,-1
4380,PPO_2,-1,1
4381,PPO_2,-1,1
4382,PPO,1,-1
4383,PPO,1,-1
4384,PPO_2,-1,1
4385,PPO_2,-1,1
4386,PPO,1,-1
4387,PPO_2,-1,1
4388,PPO_2,-1,1
4389,PPO_2,-1,1
4390,PPO_2,-1,1
4391,PPO_2,-1,1
4392,PPO,1,-1
4393,PPO_2,-1,1
4394,PPO_2,-1,1
4395,PPO,1,-1
4396,PPO_2,-1,1
4397,PPO_2,-1,1
4398,PPO,1,-1
4399,PPO_2,-1,1
4400,PPO,1,-1
4401,PPO_2,-1,1
4402,PPO,1,-1
4403,PPO,1,-1
4404,PPO_2,-1,1
4405,PPO,1,-1
4406,PPO_2,-1,1
4407,PPO_2,-1,1
4408,PPO,1,-1
4409,PPO_2,-1,1
4410,PPO,1,-1
4411,PPO_2,-1,1
4412,PPO,1,-1
4413,PPO,1,-1
4414,PPO_2,-1,1
4415,PPO_2,-1,1
4416,PPO_2,-1,1
4417,PPO,1,-1
4418,PPO,1,-1
4419,PPO_2,-1,1
4420,PPO,1,-1
4421,PPO,1,-1
4422,PPO,1,-1
4423,PPO,1,-1
4424,PPO_2,-1,1
4425,PPO,1,-1
4426,PPO,1,-1
4427,PPO,1,-1
4428,PPO_2,-1,1
4429,PPO_2,-1,1
4430,PPO,1,-1
4431,PPO_2,-1,1
4432,PPO_2,-1,1
4433,PPO_2,-1,1
4434,PPO,1,-1
4435,PPO,1,-1
4436,PPO,1,-1
4437,PPO_2,-1,1
4438,PPO_2,-1,1
4439,PPO_2,-1,1
4440,PPO_2,-1,1
4441,PPO,1,-1
4442,PPO,1,-1
4443,PPO,1,-1
4444,PPO_2,-1,1
4445,PPO_2,-1,1
4446,PPO_2,-1,1
4447,PPO,1,-1
4448,PPO,1,-1
4449,PPO,1,-1
4450,PPO,1,-1
4451,PPO,1,-1
4452,PPO,1,-1
4453,PPO_2,-1,1
4454,PPO_2,-1,1
4455,PPO,1,-1
4456,PPO_2,-1,1
4457,PPO,1,-1
4458,PPO_2,-1,1
4459,PPO_2,-1,1
4460,PPO_2,-1,1
4461,PPO_2,-1,1
4462,PPO,1,-1
4463,PPO,1,-1
4464,PPO,1,-1
4465,PPO_2,-1,1
4466,PPO,1,-1
4467,PPO,1,-1
4468,PPO_2,-1,1
4469,PPO_2,-1,1
4470,PPO,1,-1
4471,PPO_2,-1,1
4472,PPO,1,-1
4473,PPO,1,-1
4474,PPO,1,-1
4475,PPO,1,-1
4476,PPO_2,-1,1
4477,PPO_2,-1,1
4478,PPO_2,-1,1
4479,PPO_2,-1,1
4480,PPO_2,-1,1
4481,PPO_2,-1,1
4482,PPO_2,-1,1
4483,PPO_2,-1,1
4484,PPO,1,-1
4485,PPO_2,-1,1
4486,PPO,1,-1
4487,PPO_2,-1,1
4488,PPO,1,-1
4489,PPO_2,-1,1
4490,PPO_2,-1,1
4491,PPO,1,-1
4492,PPO,1,-1
4493,PPO,1,-1
4494,PPO_2,-1,1
4495,PPO_2,-1,1
4496,PPO_2,-1,1
4497,PPO_2,-1,1
4498,PPO,1,-1
4499,PPO,1,-1
4500,PPO_2,-1,1
4501,PPO_2,-1,1
4502,PPO_2,-1,1
4503,PPO_2,-1,1
4504,PPO_2,-1,1
4505,PPO_2,-1,1
4506,PPO_2,-1,1
4507,PPO_2,-1,1
4508,PPO,1,-1
4509,PPO,1,-1
4510,PPO_2,-1,1
4511,PPO_2,-1,1
4512,PPO,1,-1
4513,PPO_2,-1,1
4514,PPO,1,-1
4515,PPO_2,-1,1
4516,PPO,1,-1
4517,PPO,1,-1
4518,PPO_2,-1,1
4519,PPO_2,-1,1
4520,PPO_2,-1,1
4521,PPO,1,-1
4522,PPO,1,-1
4523,PPO_2,-1,1
4524,PPO,1,-1
4525,PPO,1,-1
4526,PPO_2,-1,1
4527,PPO,1,-1
4528,PPO,1,-1
4529,PPO,1,-1
4530,PPO,1,-1
4531,PPO,1,-1
4532,PPO_2,-1,1
4533,PPO_2,-1,1
4534,PPO_2,-1,1
4535,PPO,1,-1
4536,PPO,1,-1
4537,PPO_2,-1,1
4538,PPO_2,-1,1
4539,PPO_2,-1,1
4540,PPO,1,-1
4541,PPO,1,-1
4542,PPO,1,-1
4543,PPO,1,-1
4544,PPO_2,-1,1
4545,PPO,1,-1
4546,PPO,1,-1
4547,PPO,1,-1
4548,PPO_2,-1,1
4549,PPO_2,-1,1
4550,PPO_2,-1,1
4551,PPO,1,-1
4552,PPO_2,-1,1
4553,PPO_2,-1,1
4554,PPO,1,-1
4555,PPO_2,-1,1
4556,PPO,1,-1
4557,PPO,1,-1
4558,PPO_2,-1,1
4559,PPO,1,-1
4560,PPO_2,-1,1
4561,PPO,1,-1
4562,PPO,1,-1
4563,PPO,1,-1
4564,PPO,1,-1
4565,PPO,1,-1
4566,PPO,1,-1
4567,PPO_2,-1,1
4568,PPO_2,-1,1
4569,PPO,1,-1
4570,PPO_2,-1,1
4571,PPO_2,-1,1
4572,PPO_2,-1,1
4573,PPO_2,-1,1
4574,PPO_2,-1,1
4575,PPO,1,-1
4576,PPO_2,-1,1
4577,PPO,1,-1
4578,PPO,1,-1
4579,PPO_2,-1,1
4580,PPO,1,-1
4581,PPO_2,-1,1
4582,PPO,1,-1
4583,PPO,1,-1
4584,PPO,1,-1
4585,PPO,1,-1
4586,PPO_2,-1,1
4587,PPO_2,-1,1
4588,PPO_2,-1,1
4589,PPO_2,-1,1
4590,PPO_2,-1,1
4591,PPO,1,-1
4592,PPO_2,-1,1
4593,PPO_2,-1,1
4594,PPO,1,-1
4595,PPO_2,-1,1
4596,PPO,1,-1
4597,PPO_2,-1,1
4598,PPO_2,-1,1
4599,PPO,1,-1
4600,PPO_2,-1,1
4601,PPO_2,-1,1
4602,PPO,1,-1
4603,PPO_2,-1,1
4604,PPO,1,-1
4605,PPO,1,-1
4606,PPO_2,-1,1
4607,PPO_2,-1,1
4608,PPO,1,-1
4609,PPO_2,-1,1
4610,PPO_2,-1,1
4611,PPO_2,-1,1
4612,PPO_2,-1,1
4613,PPO_2,-1,1
4614,PPO_2,-1,1
4615,PPO,1,-1
4616,PPO,1,-1
4617,PPO_2,-1,1
4618,PPO_2,-1,1
4619,PPO_2,-1,1
4620,PPO,1,-1
4621,PPO,1,-1
4622,PPO_2,-1,1
4623,PPO_2,-1,1
4624,PPO_2,-1,1
4625,PPO_2,-1,1
4626,PPO_2,-1,1
4627,PPO_2,-1,1
4628,PPO_2,-1,1
4629,PPO,1,-1
4630,PPO,1,-1
4631,PPO_2,-1,1
4632,PPO_2,-1,1
4633,PPO,1,-1
4634,PPO_2,-1,1
4635,PPO,1,-1
4636,PPO,1,-1
4637,PPO_2,-1,1
4638,PPO,1,-1
4639,PPO_2,-1,1
4640,PPO,1,-1
4641,PPO_2,-1,1
4642,PPO_2,-1,1
4643,PPO,1,-1
4644,PPO,1,-1
4645,PPO,1,-1
4646,PPO_2,-1,1
4647,PPO_2,-1,1
4648,PPO_2,-1,1
4649,PPO,1,-1
4650,PPO_2,-1,1
4651,PPO_2,-1,1
4652,PPO_2,-1,1
4653,PPO,1,-1
4654,PPO,1,-1
4655,PPO_2,-1,1
4656,PPO,1,-1
4657,PPO,1,-1
4658,PPO_2,-1,1
4659,PPO_2,-1,1
4660,PPO,1,-1
4661,PPO_2,-1,1
4662,PPO,1,-1
4663,PPO_2,-1,1
4664,PPO_2,-1,1
4665,PPO_2,-1,1
4666,PPO,1,-1
4667,PPO,1,-1
4668,PPO_2,-1,1
4669,PPO_2,-1,1
4670,PPO_2,-1,1
4671,PPO_2,-1,1
4672,PPO_2,-1,1
4673,PPO,1,-1
4674,PPO_2,-1,1
4675,PPO,1,-1
4676,PPO,1,-1
4677,PPO,1,-1
4678,PPO_2,-1,1
4679,PPO_2,-1,1
4680,PPO,1,-1
4681,PPO_2,-1,1
4682,PPO_2,-1,1
4683,PPO,1,-1
4684,PPO_2,-1,1
4685,PPO_2,-1,1
4686,PPO_2,-1,1
4687,PPO,1,-1
4688,PPO,1,-1
4689,PPO,1,-1
4690,PPO,1,-1
4691,PPO,1,-1
4692,PPO,1,-1
4693,PPO,1,-1
4694,PPO,1,-1
4695,PPO,1,-1
4696,PPO_2,-1,1
4697,PPO_2,-1,1
4698,PPO_2,-1,1
4699,PPO_2,-1,1
4700,PPO_2,-1,1
4701,PPO,1,-1
4702,PPO,1,-1
4703,PPO_2,-1,1
4704,PPO_2,-1,1
4705,PPO_2,-1,1
4706,PPO,1,-1
4707,PPO,1,-1
4708,PPO_2,-1,1
4709,PPO,1,-1
4710,PPO_2,-1,1
4711,PPO,1,-1
4712,PPO_2,-1,1
4713,PPO,1,-1
4714,PPO_2,-1,1
4715,PPO,1,-1
4716,PPO_2,-1,1
4717,PPO,1,-1
4718,PPO,1,-1
4719,PPO,1,-1
4720,PPO,1,-1
4721,PPO_2,-1,1
4722,PPO_2,-1,1
4723,PPO_2,-1,1
4724,PPO,1,-1
4725,PPO,1,-1
4726,PPO_2,-1,1
4727,PPO_2,-1,1
4728,PPO_2,-1,1
4729,PPO_2,-1,1
4730,PPO,1,-1
4731,PPO_2,-1,1
4732,PPO_2,-1,1
4733,PPO_2,-1,1
4734,PPO,1,-1
4735,PPO_2,-1,1
4736,PPO,1,-1
4737,PPO_2,-1,1
4738,PPO,1,-1
4739,PPO_2,-1,1
4740,PPO_2,-1,1
4741,PPO_2,-1,1
4742,PPO,1,-1
4743,PPO,1,-1
4744,PPO,1,-1
4745,PPO,1,-1
4746,PPO_2,-1,1
4747,PPO_2,-1,1
4748,PPO_2,-1,1
4749,PPO,1,-1
4750,PPO_2,-1,1
4751,PPO_2,-1,1
4752,PPO,1,-1
4753,PPO_2,-1,1
4754,PPO_2,-1,1
4755,PPO,1,-1
4756,PPO,1,-1
4757,PPO_2,-1,1
4758,PPO_2,-1,1
4759,PPO_2,-1,1
4760,PPO_2,-1,1
4761,PPO_2,-1,1
4762,PPO,1,-1
4763,PPO_2,-1,1
4764,PPO,1,-1
4765,PPO_2,-1,1
4766,PPO_2,-1,1
4767,PPO_2,-1,1
4768,PPO,1,-1
4769,PPO,1,-1
4770,PPO,1,-1
4771,PPO,1,-1
4772,PPO,1,-1
4773,PPO,1,-1
4774,PPO,1,-1
4775,PPO_2,-1,1
4776,PPO_2,-1,1
4777,PPO,1,-1
4778,PPO,1,-1
4779,PPO,1,-1
4780,PPO,1,-1
4781,PPO,1,-1
4782,PPO_2,-1,1
4783,PPO,1,-1
4784,PPO,1,-1
4785,PPO_2,-1,1
4786,PPO,1,-1
4787,PPO,1,-1
4788,PPO_2,-1,1
4789,PPO_2,-1,1
4790,PPO_2,-1,1
4791,PPO_2,-1,1
4792,PPO,1,-1
4793,PPO,1,-1
4794,PPO_2,-1,1
4795,PPO,1,-1
4796,PPO_2,-1,1
4797,PPO,1,-1
4798,PPO,1,-1
4799,PPO_2,-1,1
4800,PPO_2,-1,1
4801,PPO,1,-1
4802,PPO,1,-1
4803,PPO,1,-1
4804,PPO_2,-1,1
4805,PPO_2,-1,1
4806,PPO_2,-1,1
4807,PPO_2,-1,1
4808,PPO,1,-1
4809,PPO_2,-1,1
4810,PPO_2,-1,1
4811,PPO,1,-1
4812,PPO,1,-1
4813,PPO,1,-1
4814,PPO,1,-1
4815,PPO,1,-1
4816,PPO,1,-1
4817,PPO,1,-1
4818,PPO_2,-1,1
4819,PPO,1,-1
4820,PPO_2,-1,1
4821,PPO,1,-1
4822,PPO,1,-1
4823,PPO_2,-1,1
4824,PPO,1,-1
4825,PPO_2,-1,1
4826,PPO_2,-1,1
4827,PPO_2,-1,1
4828,PPO,1,-1
4829,PPO_2,-1,1
4830,PPO_2,-1,1
4831,PPO_2,-1,1
4832,PPO_2,-1,1
4833,PPO,1,-1
4834,PPO,1,-1
4835,PPO_2,-1,1
4836,PPO_2,-1,1
4837,PPO_2,-1,1
4838,PPO_2,-1,1
4839,PPO_2,-1,1
4840,PPO,1,-1
4841,PPO,1,-1
4842,PPO,1,-1
4843,PPO_2,-1,1
4844,PPO_2,-1,1
4845,PPO_2,-1,1
4846,PPO_2,-1,1
4847,PPO,1,-1
4848,PPO_2,-1,1
4849,PPO_2,-1,1
4850,PPO_2,-1,1
4851,PPO_2,-1,1
4852,PPO_2,-1,1
4853,PPO,1,-1
4854,PPO_2,-1,1
4855,PPO,1,-1
4856,PPO,1,-1
4857,PPO_2,-1,1
4858,PPO_2,-1,1
4859,PPO,1,-1
4860,PPO,1,-1
4861,PPO,1,-1
4862,PPO_2,-1,1
4863,PPO,1,-1
4864,PPO_2,-1,1
4865,PPO,1,-1
4866,PPO,1,-1
4867,PPO_2,-1,1
4868,PPO_2,-1,1
4869,PPO,1,-1
4870,PPO_2,-1,1
4871,PPO_2,-1,1
4872,PPO_2,-1,1
4873,PPO,1,-1
4874,PPO,1,-1
4875,PPO,1,-1
4876,PPO,1,-1
4877,PPO,1,-1
4878,PPO_2,-1,1
4879,PPO,1,-1
4880,PPO,1,-1
4881,PPO,1,-1
4882,PPO_2,-1,1
4883,PPO,1,-1
4884,PPO_2,-1,1
4885,PPO,1,-1
4886,PPO_2,-1,1
4887,PPO,1,-1
4888,PPO,1,-1
4889,PPO_2,-1,1
4890,PPO_2,-1,1
4891,PPO,1,-1
4892,PPO,1,-1
4893,PPO_2,-1,1
4894,PPO_2,-1,1
4895,PPO,1,-1
4896,PPO_2,-1,1
4897,PPO,1,-1
4898,PPO_2,-1,1
4899,PPO_2,-1,1
4900,PPO,1,-1
4901,PPO,1,-1
4902,PPO_2,-1,1
4903,PPO_2,-1,1
4904,PPO_2,-1,1
4905,PPO_2,-1,1
4906,PPO,1,-1
4907,PPO,1,-1
4908,PPO,1,-1
4909,PPO,1,-1
4910,PPO_2,-1,1
4911,PPO_2,-1,1
4912,PPO,1,-1
4913,PPO,1,-1
4914,PPO,1,-1
4915,PPO_2,-1,1
4916,PPO,1,-1
4917,PPO_2,-1,1
4918,PPO_2,-1,1
4919,PPO_2,-1,1
4920,PPO,1,-1
4921,PPO,1,-1
4922,PPO_2,-1,1
4923,PPO,1,-1
4924,PPO,1,-1
4925,PPO,1,-1
4926,PPO,1,-1
4927,PPO,1,-1
4928,PPO_2,-1,1
4929,PPO_2,-1,1
4930,PPO,1,-1
4931,PPO_2,-1,1
4932,PPO,1,-1
4933,PPO,1,-1
4934,PPO_2,-1,1
4935,PPO_2,-1,1
4936,PPO_2,-1,1
4937,PPO_2,-1,1
4938,PPO_2,-1,1
4939,PPO_2,-1,1
4940,PPO_2,-1,1
4941,PPO,1,-1
4942,PPO,1,-1
4943,PPO,1,-1
4944,PPO,1,-1
4945,PPO,1,-1
4946,PPO_2,-1,1
4947,PPO,1,-1
4948,PPO,1,-1
4949,PPO,1,-1
4950,PPO_2,-1,1
4951,PPO_2,-1,1
4952,PPO,1,-1
4953,PPO,1,-1
4954,PPO,1,-1
4955,PPO,1,-1
4956,PPO_2,-1,1
4957,PPO_2,-1,1
4958,PPO,1,-1
4959,PPO,1,-1
4960,PPO_2,-1,1
4961,PPO_2,-1,1
4962,PPO_2,-1,1
4963,PPO,1,-1
4964,PPO_2,-1,1
4965,PPO_2,-1,1
4966,PPO,1,-1
4967,PPO,1,-1
4968,PPO_2,-1,1
4969,PPO_2,-1,1
4970,PPO_2,-1,1
4971,PPO,1,-1
4972,PPO_2,-1,1
4973,PPO,1,-1
4974,PPO,1,-1
4975,PPO,1,-1
4976,PPO_2,-1,1
4977,PPO_2,-1,1
4978,PPO,1,-1
4979,PPO_2,-1,1
4980,PPO,1,-1
4981,PPO,1,-1
4982,PPO_2,-1,1
4983,PPO_2,-1,1
4984,PPO,1,-1
4985,PPO_2,-1,1
4986,PPO,1,-1
4987,PPO_2,-1,1
4988,PPO,1,-1
4989,PPO_2,-1,1
4990,PPO,1,-1
4991,PPO,1,-1
4992,PPO,1,-1
4993,PPO,1,-1
4994,PPO_2,-1,1
4995,PPO,1,-1
4996,PPO_2,-1,1
4997,PPO,1,-1
4998,PPO,1,-1
4999,PPO_2,-1,1
5000,PPO_2,-1,1
5001,PPO,1,-1
5002,PPO_2,-1,1
5003,PPO,1,-1
5004,PPO,1,-1
5005,PPO,1,-1
5006,PPO_2,-1,1
5007,PPO,1,-1
5008,PPO,1,-1
5009,PPO,1,-1
5010,PPO,1,-1
5011,PPO,1,-1
5012,PPO,1,-1
5013,PPO,1,-1
5014,PPO,1,-1
5015,PPO,1,-1
5016,PPO_2,-1,1
5017,PPO,1,-1
5018,PPO_2,-1,1
5019,PPO_2,-1,1
5020,PPO,1,-1
5021,PPO,1,-1
5022,PPO,1,-1
5023,PPO_2,-1,1
5024,PPO_2,-1,1
5025,PPO_2,-1,1
5026,PPO,1,-1
5027,PPO,1,-1
5028,PPO_2,-1,1
5029,PPO_2,-1,1
5030,PPO,1,-1
5031,PPO_2,-1,1
5032,PPO,1,-1
5033,PPO,1,-1
5034,PPO,1,-1
5035,PPO_2,-1,1
5036,PPO,1,-1
5037,PPO,1,-1
5038,PPO_2,-1,1
5039,PPO_2,-1,1
5040,PPO_2,-1,1
5041,PPO,1,-1
5042,PPO_2,-1,1
5043,PPO_2,-1,1
5044,PPO_2,-1,1
5045,PPO_2,-1,1
5046,PPO_2,-1,1
5047,PPO,1,-1
5048,PPO_2,-1,1
5049,PPO_2,-1,1
5050,PPO_2,-1,1
5051,PPO_2,-1,1
5052,PPO_2,-1,1
5053,PPO_2,-1,1
5054,PPO_2,-1,1
5055,PPO,1,-1
5056,PPO_2,-1,1
5057,PPO,1,-1
5058,PPO,1,-1
5059,PPO,1,-1
5060,PPO_2,-1,1
5061,PPO_2,-1,1
5062,PPO_2,-1,1
5063,PPO,1,-1
5064,PPO_2,-1,1
5065,PPO,1,-1
5066,PPO_2,-1,1
5067,PPO,1,-1
5068,PPO,1,-1
5069,PPO,1,-1
5070,PPO,1,-1
5071,PPO_2,-1,1
5072,PPO_2,-1,1
5073,PPO,1,-1
5074,PPO_2,-1,1
5075,PPO,1,-1
5076,PPO,1,-1
5077,PPO_2,-1,1
5078,PPO_2,-1,1
5079,PPO,1,-1
5080,PPO,1,-1
5081,PPO_2,-1,1
5082,PPO_2,-1,1
5083,PPO,1,-1
5084,PPO,1,-1
5085,PPO_2,-1,1
5086,PPO_2,-1,1
5087,PPO_2,-1,1
5088,PPO,1,-1
5089,PPO,1,-1
5090,PPO,1,-1
5091,PPO,1,-1
5092,PPO,1,-1
5093,PPO,1,-1
5094,PPO,1,-1
5095,PPO_2,-1,1
5096,PPO_2,-1,1
5097,PPO_2,-1,1
5098,PPO_2,-1,1
5099,PPO,1,-1
5100,PPO,1,-1
5101,PPO,1,-1
5102,PPO,1,-1
5103,PPO_2,-1,1
5104,PPO,1,-1
5105,PPO_2,-1,1
5106,PPO,1,-1
5107,PPO_2,-1,1
5108,PPO_2,-1,1
5109,PPO_2,-1,1
5110,PPO_2,-1,1
5111,PPO,1,-1
5112,PPO_2,-1,1
5113,PPO_2,-1,1
5114,PPO_2,-1,1
5115,PPO,1,-1
5116,PPO_2,-1,1
5117,PPO_2,-1,1
5118,PPO_2,-1,1
5119,PPO_2,-1,1
5120,PPO_2,-1,1
5121,PPO,1,-1
5122,PPO_2,-1,1
5123,PPO,1,-1
5124,PPO,1,-1
5125,PPO_2,-1,1
5126,PPO_2,-1,1
5127,PPO,1,-1
5128,PPO_2,-1,1
5129,PPO,1,-1
5130,PPO,1,-1
5131,PPO_2,-1,1
5132,PPO,1,-1
5133,PPO_2,-1,1
5134,PPO_2,-1,1
5135,PPO,1,-1
5136,PPO_2,-1,1
5137,PPO,1,-1
5138,PPO,1,-1
5139,PPO_2,-1,1
5140,PPO,1,-1
5141,PPO,1,-1
5142,PPO_2,-1,1
5143,PPO_2,-1,1
5144,PPO_2,-1,1
5145,PPO,1,-1
5146,PPO_2,-1,1
5147,PPO,1,-1
5148,PPO_2,-1,1
5149,PPO_2,-1,1
5150,PPO_2,-1,1
5151,PPO,1,-1
5152,PPO_2,-1,1
5153,PPO,1,-1
5154,PPO_2,-1,1
5155,PPO_2,-1,1
5156,PPO,1,-1
5157,PPO,1,-1
5158,PPO,1,-1
5159,PPO_2,-1,1
5160,PPO_2,-1,1
5161,PPO_2,-1,1
5162,PPO_2,-1,1
5163,PPO,1,-1
5164,PPO_2,-1,1
5165,PPO_2,-1,1
5166,PPO_2,-1,1
5167,PPO,1,-1
5168,PPO,1,-1
5169,PPO,1,-1
5170,PPO_2,-1,1
5171,PPO_2,-1,1
5172,PPO_2,-1,1
5173,PPO_2,-1,1
5174,PPO,1,-1
5175,PPO,1,-1
5176,PPO_2,-1,1
5177,PPO,1,-1
5178,PPO,1,-1
5179,PPO,1,-1
5180,PPO,1,-1
5181,PPO,1,-1
5182,PPO_2,-1,1
5183,PPO,1,-1
5184,PPO_2,-1,1
5185,PPO_2,-1,1
5186,PPO,1,-1
5187,PPO,1,-1
5188,PPO,1,-1
5189,PPO_2,-1,1
5190,PPO,1,-1
5191,PPO,1,-1
5192,PPO_2,-1,1
5193,PPO,1,-1
5194,PPO_2,-1,1
5195,PPO_2,-1,1
5196,PPO_2,-1,1
5197,PPO_2,-1,1
5198,PPO_2,-1,1
5199,PPO,1,-1
5200,PPO_2,-1,1
5201,PPO_2,-1,1
5202,PPO_2,-1,1
5203,PPO,1,-1
5204,PPO_2,-1,1
5205,PPO,1,-1
5206,PPO,1,-1
5207,PPO,1,-1
5208,PPO,1,-1
5209,PPO_2,-1,1
5210,PPO,1,-1
5211,PPO,1,-1
5212,PPO_2,-1,1
5213,PPO_2,-1,1
5214,PPO,1,-1
5215,PPO,1,-1
5216,PPO_2,-1,1
5217,PPO_2,-1,1
5218,PPO,1,-1
5219,PPO,1,-1
5220,PPO_2,-1,1
5221,PPO,1,-1
5222,PPO_2,-1,1
5223,PPO_2,-1,1
5224,PPO_2,-1,1
5225,PPO_2,-1,1
5226,PPO,1,-1
5227,PPO_2,-1,1
5228,PPO,1,-1
5229,PPO,1,-1
5230,PPO,1,-1
5231,PPO,1,-1
5232,PPO,1,-1
5233,PPO,1,-1
5234,PPO_2,-1,1
5235,PPO_2,-1,1
5236,PPO_2,-1,1
5237,PPO_2,-1,1
5238,PPO,1,-1
5239,PPO,1,-1
5240,PPO,1,-1
5241,PPO_2,-1,1
5242,PPO,1,-1
5243,PPO,1,-1
5244,PPO_2,-1,1
5245,PPO_2,-1,1
5246,PPO_2,-1,1
5247,PPO_2,-1,1
5248,PPO_2,-1,1
5249,PPO,1,-1
5250,PPO,1,-1
5251,PPO,1,-1
5252,PPO_2,-1,1
5253,PPO_2,-1,1
5254,PPO,1,-1
5255,PPO,1,-1
5256,PPO,1,-1
5257,PPO,1,-1
5258,PPO_2,-1,1
5259,PPO,1,-1
5260,PPO_2,-1,1
5261,PPO,1,-1
5262,PPO,1,-1
5263,PPO,1,-1
5264,PPO_2,-1,1
5265,PPO,1,-1
5266,PPO_2,-1,1
5267,PPO,1,-1
5268,PPO,1,-1
5269,PPO,1,-1
5270,PPO_2,-1,1
5271,PPO_2,-1,1
5272,PPO_2,-1,1
5273,PPO_2,-1,1
5274,PPO_2,-1,1
5275,PPO_2,-1,1
5276,PPO_2,-1,1
5277,PPO_2,-1,1
5278,PPO,1,-1
5279,PPO,1,-1
5280,PPO,1,-1
5281,PPO_2,-1,1
5282,PPO,1,-1
5283,PPO,1,-1
5284,PPO_2,-1,1
5285,PPO_2,-1,1
5286,PPO_2,-1,1
5287,PPO_2,-1,1
5288,PPO_2,-1,1
5289,PPO,1,-1
5290,PPO,1,-1
5291,PPO,1,-1
5292,PPO_2,-1,1
5293,PPO,1,-1
5294,PPO_2,-1,1
5295,PPO_2,-1,1
5296,PPO_2,-1,1
5297,PPO,1,-1
5298,PPO,1,-1
5299,PPO_2,-1,1
5300,PPO_2,-1,1
5301,PPO_2,-1,1
5302,PPO,1,-1
5303,PPO,1,-1
5304,PPO,1,-1
5305,PPO,1,-1
5306,PPO_2,-1,1
5307,PPO,1,-1
5308,PPO,1,-1
5309,PPO_2,-1,1
5310,PPO_2,-1,1
5311,PPO,1,-1
5312,PPO,1,-1
5313,PPO,1,-1
5314,PPO,1,-1
5315,PPO_2,-1,1
5316,PPO_2,-1,1
5317,PPO,1,-1
5318,PPO_2,-1,1
5319,PPO_2,-1,1
5320,PPO_2,-1,1
5321,PPO,1,-1
5322,PPO_2,-1,1
5323,PPO,1,-1
5324,PPO,1,-1
5325,PPO,1,-1
5326,PPO_2,-1,1
5327,PPO_2,-1,1
5328,PPO_2,-1,1
5329,PPO,1,-1
5330,PPO,1,-1
5331,PPO,1,-1
5332,PPO_2,-1,1
5333,PPO_2,-1,1
5334,PPO_2,-1,1
5335,PPO,1,-1
5336,PPO,1,-1
5337,PPO,1,-1
5338,PPO_2,-1,1
5339,PPO_2,-1,1
5340,PPO_2,-1,1
5341,PPO_2,-1,1
5342,PPO,1,-1
5343,PPO_2,-1,1
5344,PPO,1,-1
5345,PPO,1,-1
5346,PPO,1,-1
5347,PPO,1,-1
5348,PPO,1,-1
5349,PPO_2,-1,1
5350,PPO,1,-1
5351,PPO,1,-1
5352,PPO,1,-1
5353,PPO_2,-1,1
5354,PPO_2,-1,1
5355,PPO,1,-1
5356,PPO_2,-1,1
5357,PPO,1,-1
5358,PPO_2,-1,1
5359,PPO,1,-1
5360,PPO_2,-1,1
5361,PPO_2,-1,1
5362,PPO_2,-1,1
5363,PPO,1,-1
5364,PPO,1,-1
5365,PPO_2,-1,1
5366,PPO,1,-1
5367,PPO,1,-1
5368,PPO_2,-1,1
5369,PPO_2,-1,1
5370,PPO,1,-1
5371,PPO_2,-1,1
5372,PPO,1,-1
5373,PPO_2,-1,1
5374,PPO_2,-1,1
5375,PPO_2,-1,1
5376,PPO,1,-1
5377,PPO,1,-1
5378,PPO_2,-1,1
5379,PPO,1,-1
5380,PPO_2,-1,1
5381,PPO,1,-1
5382,PPO_2,-1,1
5383,PPO_2,-1,1
5384,PPO_2,-1,1
5385,PPO,1,-1
5386,PPO_2,-1,1
5387,PPO_2,-1,1
5388,PPO_2,-1,1
5389,PPO,1,-1
5390,PPO_2,-1,1
5391,PPO,1,-1
5392,PPO,1,-1
5393,PPO_2,-1,1
5394,PPO,1,-1
5395,PPO_2,-1,1
5396,PPO,1,-1
5397,PPO,1,-1
5398,PPO,1,-1
5399,PPO_2,-1,1
5400,PPO,1,-1
5401,PPO,1,-1
5402,PPO,1,-1
5403,PPO,1,-1
5404,PPO_2,-1,1
5405,PPO,1,-1
5406,PPO_2,-1,1
5407,PPO_2,-1,1
5408,PPO,1,-1
5409,PPO,1,-1
5410,PPO_2,-1,1
5411,PPO_2,-1,1
5412,PPO,1,-1
5413,PPO_2,-1,1
5414,PPO_2,-1,1
5415,PPO_2,-1,1
5416,PPO_2,-1,1
5417,PPO,1,-1
5418,PPO,1,-1
5419,PPO_2,-1,1
5420,PPO,1,-1
5421,PPO_2,-1,1
5422,PPO_2,-1,1
5423,PPO_2,-1,1
5424,PPO,1,-1
5425,PPO,1,-1
5426,PPO_2,-1,1
5427,PPO,1,-1
5428,PPO,1,-1
5429,PPO_2,-1,1
5430,PPO_2,-1,1
5431,PPO_2,-1,1
5432,PPO,1,-1
5433,PPO,1,-1
5434,PPO_2,-1,1
5435,PPO_2,-1,1
5436,PPO_2,-1,1
5437,PPO_2,-1,1
5438,PPO,1,-1
5439,PPO_2,-1,1
5440,PPO_2,-1,1
5441,PPO_2,-1,1
5442,PPO,1,-1
5443,PPO_2,-1,1
5444,PPO_2,-1,1
5445,PPO,1,-1
5446,PPO_2,-1,1
5447,PPO_2,-1,1
5448,PPO_2,-1,1
5449,PPO_2,-1,1
5450,PPO_2,-1,1
5451,PPO_2,-1,1
5452,PPO,1,-1
5453,PPO,1,-1
5454,PPO_2,-1,1
5455,PPO_2,-1,1
5456,PPO,1,-1
5457,PPO_2,-1,1
5458,PPO,1,-1
5459,PPO_2,-1,1
5460,PPO,1,-1
5461,PPO_2,-1,1
5462,PPO,1,-1
5463,PPO_2,-1,1
5464,PPO_2,-1,1
5465,PPO_2,-1,1
5466,PPO_2,-1,1
5467,PPO,1,-1
5468,PPO_2,-1,1
5469,PPO,1,-1
5470,PPO,1,-1
5471,PPO_2,-1,1
5472,PPO_2,-1,1
5473,PPO_2,-1,1
5474,PPO_2,-1,1
5475,PPO,1,-1
5476,PPO,1,-1
5477,PPO,1,-1
5478,PPO,1,-1
5479,PPO_2,-1,1
5480,PPO,1,-1
5481,PPO_2,-1,1
5482,PPO,1,-1
5483,PPO_2,-1,1
5484,PPO,1,-1
5485,PPO,1,-1
5486,PPO_2,-1,1
5487,PPO_2,-1,1
5488,PPO,1,-1
5489,PPO_2,-1,1
5490,PPO_2,-1,1
5491,PPO_2,-1,1
5492,PPO,1,-1
5493,PPO,1,-1
5494,PPO,1,-1
5495,PPO_2,-1,1
5496,PPO_2,-1,1
5497,PPO_2,-1,1
5498,PPO,1,-1
5499,PPO,1,-1
5500,PPO,1,-1
5501,PPO_2,-1,1
5502,PPO_2,-1,1
5503,PPO_2,-1,1
5504,PPO_2,-1,1
5505,PPO_2,-1,1
5506,PPO_2,-1,1
5507,PPO,1,-1
5508,PPO_2,-1,1
5509,PPO,1,-1
5510,PPO,1,-1
5511,PPO,1,-1
5512,PPO,1,-1
5513,PPO,1,-1
5514,PPO_2,-1,1
5515,PPO_2,-1,1
5516,PPO,1,-1
5517,PPO,1,-1
5518,PPO_2,-1,1
5519,PPO_2,-1,1
5520,PPO_2,-1,1
5521,PPO,1,-1
5522,PPO,1,-1
5523,PPO_2,-1,1
5524,PPO_2,-1,1
5525,PPO_2,-1,1
5526,PPO_2,-1,1
5527,PPO,1,-1
5528,PPO,1,-1
5529,PPO_2,-1,1
5530,PPO_2,-1,1
5531,PPO_2,-1,1
5532,PPO_2,-1,1
5533,PPO,1,-1
5534,PPO_2,-1,1
5535,PPO_2,-1,1
5536,PPO,1,-1
5537,PPO_2,-1,1
5538,PPO_2,-1,1
5539,PPO,1,-1
5540,PPO_2,-1,1
5541,PPO,1,-1
5542,PPO_2,-1,1
5543,PPO_2,-1,1
5544,PPO_2,-1,1
5545,PPO_2,-1,1
5546,PPO_2,-1,1
5547,PPO_2,-1,1
5548,PPO_2,-1,1
5549,PPO_2,-1,1
5550,PPO,1,-1
5551,PPO_2,-1,1
5552,PPO_2,-1,1
5553,PPO,1,-1
5554,PPO,1,-1
5555,PPO,1,-1
5556,PPO,1,-1
5557,PPO_2,-1,1
5558,PPO_2,-1,1
5559,PPO,1,-1
5560,PPO,1,-1
5561,PPO,1,-1
5562,PPO,1,-1
5563,PPO_2,-1,1
5564,PPO_2,-1,1
5565,PPO,1,-1
5566,PPO_2,-1,1
5567,PPO,1,-1
5568,PPO,1,-1
5569,PPO_2,-1,1
5570,PPO_2,-1,1
5571,PPO_2,-1,1
5572,PPO_2,-1,1
5573,PPO_2,-1,1
5574,PPO,1,-1
5575,PPO_2,-1,1
5576,PPO_2,-1,1
5577,PPO,1,-1
5578,PPO,1,-1
5579,PPO_2,-1,1
5580,PPO_2,-1,1
5581,PPO,1,-1
5582,PPO_2,-1,1
5583,PPO_2,-1,1
5584,PPO_2,-1,1
5585,PPO,1,-1
5586,PPO,1,-1
5587,PPO_2,-1,1
5588,PPO,1,-1
5589,PPO_2,-1,1
5590,PPO,1,-1
5591,PPO,1,-1
5592,PPO,1,-1
5593,PPO_2,-1,1
5594,PPO,1,-1
5595,PPO_2,-1,1
5596,PPO_2,-1,1
5597,PPO,1,-1
5598,PPO_2,-1,1
5599,PPO,1,-1
5600,PPO,1,-1
5601,PPO,1,-1
5602,PPO_2,-1,1
5603,PPO,1,-1
5604,PPO_2,-1,1
5605,PPO,1,-1
5606,PPO,1,-1
5607,PPO_2,-1,1
5608,PPO,1,-1
5609,PPO,1,-1
5610,PPO_2,-1,1
5611,PPO,1,-1
5612,PPO_2,-1,1
5613,PPO_2,-1,1
5614,PPO_2,-1,1
5615,PPO_2,-1,1
5616,PPO,1,-1
5617,PPO_2,-1,1
5618,PPO_2,-1,1
5619,PPO_2,-1,1
5620,PPO,1,-1
5621,PPO,1,-1
5622,PPO,1,-1
5623,PPO_2,-1,1
5624,PPO_2,-1,1
5625,PPO,1,-1
5626,PPO,1,-1
5627,PPO_2,-1,1
5628,PPO_2,-1,1
5629,PPO,1,-1
5630,PPO_2,-1,1
5631,PPO_2,-1,1
5632,PPO,1,-1
5633,PPO,1,-1
5634,PPO_2,-1,1
5635,PPO_2,-1,1
5636,PPO_2,-1,1
5637,PPO_2,-1,1
5638,PPO_2,-1,1
5639,PPO_2,-1,1
5640,PPO,1,-1
5641,PPO_2,-1,1
5642,PPO,1,-1
5643,PPO,1,-1
5644,PPO,1,-1
5645,PPO,1,-1
5646,PPO_2,-1,1
5647,PPO,1,-1
5648,PPO,1,-1
5649,PPO,1,-1
5650,PPO,1,-1
5651,PPO_2,-1,1
5652,PPO,1,-1
5653,PPO_2,-1,1
5654,PPO,1,-1
5655,PPO,1,-1
5656,PPO_2,-1,1
5657,PPO_2,-1,1
5658,PPO_2,-1,1
5659,PPO,1,-1
5660,PPO_2,-1,1
5661,PPO_2,-1,1
5662,PPO,1,-1
5663,PPO_2,-1,1
5664,PPO,1,-1
5665,PPO_2,-1,1
5666,PPO_2,-1,1
5667,PPO,1,-1
5668,PPO_2,-1,1
5669,PPO,1,-1
5670,PPO,1,-1
5671,PPO_2,-1,1
5672,PPO,1,-1
5673,PPO,1,-1
5674,PPO_2,-1,1
5675,PPO_2,-1,1
5676,PPO,1,-1
5677,PPO,1,-1
5678,PPO,1,-1
5679,PPO_2,-1,1
5680,PPO_2,-1,1
5681,PPO,1,-1
5682,PPO,1,-1
5683,PPO,1,-1
5684,PPO,1,-1
5685,PPO,1,-1
5686,PPO,1,-1
5687,PPO_2,-1,1
5688,PPO,1,-1
5689,PPO,1,-1
5690,PPO_2,-1,1
5691,PPO,1,-1
5692,PPO,1,-1
5693,PPO_2,-1,1
5694,PPO,1,-1
5695,PPO_2,-1,1
5696,PPO,1,-1
5697,PPO,1,-1
5698,PPO,1,-1
5699,PPO_2,-1,1
5700,PPO_2,-1,1
5701,PPO_2,-1,1
5702,PPO,1,-1
5703,PPO,1,-1
5704,PPO,1,-1
5705,PPO_2,-1,1
5706,PPO_2,-1,1
5707,PPO_2,-1,1
5708,PPO_2,-1,1
5709,PPO,1,-1
5710,PPO,1,-1
5711,PPO,1,-1
5712,PPO,1,-1
5713,PPO,1,-1
5714,PPO,1,-1
5715,PPO_2,-1,1
5716,PPO_2,-1,1
5717,PPO,1,-1
5718,PPO_2,-1,1
5719,PPO,1,-1
5720,PPO_2,-1,1
5721,PPO,1,-1
5722,PPO_2,-1,1
5723,PPO_2,-1,1
5724,PPO,1,-1
5725,PPO,1,-1
5726,PPO,1,-1
5727,PPO,1,-1
5728,PPO,1,-1
5729,PPO,1,-1
5730,PPO,1,-1
5731,PPO,1,-1
5732,PPO_2,-1,1
5733,PPO,1,-1
5734,PPO_2,-1,1
5735,PPO_2,-1,1
5736,PPO_2,-1,1
5737,PPO,1,-1
5738,PPO,1,-1
5739,PPO,1,-1
5740,PPO_2,-1,1
5741,PPO_2,-1,1
5742,PPO_2,-1,1
5743,PPO,1,-1
5744,PPO_2,-1,1
5745,PPO_2,-1,1
5746,PPO,1,-1
5747,PPO_2,-1,1
5748,PPO_2,-1,1
5749,PPO,1,-1
5750,PPO,1,-1
5751,PPO_2,-1,1
5752,PPO,1,-1
5753,PPO,1,-1
5754,PPO_2,-1,1
5755,PPO,1,-1
5756,PPO,1,-1
5757,PPO,1,-1
5758,PPO,1,-1
5759,PPO,1,-1
5760,PPO_2,-1,1
5761,PPO_2,-1,1
5762,PPO_2,-1,1
5763,PPO,1,-1
5764,PPO,1,-1
5765,PPO_2,-1,1
5766,PPO,1,-1
5767,PPO,1,-1
5768,PPO,1,-1
5769,PPO_2,-1,1
5770,PPO,1,-1
5771,PPO,1,-1
5772,PPO,1,-1
5773,PPO_2,-1,1
5774,PPO_2,-1,1
5775,PPO_2,-1,1
5776,PPO_2,-1,1
5777,PPO_2,-1,1
5778,PPO_2,-1,1
5779,PPO,1,-1
5780,PPO,1,-1
5781,PPO,1,-1
5782,PPO,1,-1
5783,PPO,1,-1
5784,PPO_2,-1,1
5785,PPO_2,-1,1
5786,PPO_2,-1,1
5787,PPO,1,-1
5788,PPO_2,-1,1
5789,PPO,1,-1
5790,PPO,1,-1
5791,PPO,1,-1
5792,PPO,1,-1
5793,PPO,1,-1
5794,PPO_2,-1,1
5795,PPO,1,-1
5796,PPO,1,-1
5797,PPO,1,-1
5798,PPO_2,-1,1
5799,PPO,1,-1
5800,PPO,1,-1
5801,PPO_2,-1,1
5802,PPO_2,-1,1
5803,PPO,1,-1
5804,PPO_2,-1,1
5805,PPO,1,-1
5806,PPO_2,-1,1
5807,PPO,1,-1
5808,PPO_2,-1,1
5809,PPO,1,-1
5810,PPO_2,-1,1
5811,PPO_2,-1,1
5812,PPO_2,-1,1
5813,PPO_2,-1,1
5814,PPO_2,-1,1
5815,PPO_2,-1,1
5816,PPO_2,-1,1
5817,PPO_2,-1,1
5818,PPO,1,-1
5819,PPO_2,-1,1
5820,PPO_2,-1,1
5821,PPO_2,-1,1
5822,PPO,1,-1
5823,PPO_2,-1,1
5824,PPO_2,-1,1
5825,PPO_2,-1,1
5826,PPO_2,-1,1
5827,PPO,1,-1
5828,PPO_2,-1,1
5829,PPO_2,-1,1
5830,PPO,1,-1
5831,PPO,1,-1
5832,PPO_2,-1,1
5833,PPO,1,-1
5834,PPO_2,-1,1
5835,PPO,1,-1
5836,PPO_2,-1,1
5837,PPO,1,-1
5838,PPO_2,-1,1
5839,PPO,1,-1
5840,PPO,1,-1
5841,PPO,1,-1
5842,PPO_2,-1,1
5843,PPO,1,-1
5844,PPO,1,-1
5845,PPO_2,-1,1
5846,PPO,1,-1
5847,PPO,1,-1
5848,PPO,1,-1
5849,PPO_2,-1,1
5850,PPO_2,-1,1
5851,PPO_2,-1,1
5852,PPO_2,-1,1
5853,PPO_2,-1,1
5854,PPO,1,-1
5855,PPO,1,-1
5856,PPO,1,-1
5857,PPO_2,-1,1
5858,PPO_2,-1,1
5859,PPO_2,-1,1
5860,PPO_2,-1,1
5861,PPO,1,-1
5862,PPO_2,-1,1
5863,PPO_2,-1,1
5864,PPO,1,-1
5865,PPO_2,-1,1
5866,PPO_2,-1,1
5867,PPO_2,-1,1
5868,PPO,1,-1
5869,PPO,1,-1
5870,PPO_2,-1,1
5871,PPO,1,-1
5872,PPO_2,-1,1
5873,PPO_2,-1,1
5874,PPO_2,-1,1
5875,PPO_2,-1,1
5876,PPO_2,-1,1
5877,PPO_2,-1,1
5878,PPO_2,-1,1
5879,PPO,1,-1
5880,PPO,1,-1
5881,PPO,1,-1
5882,PPO,1,-1
5883,PPO,1,-1
5884,PPO,1,-1
5885,PPO_2,-1,1
5886,PPO,1,-1
5887,PPO_2,-1,1
5888,PPO,1,-1
5889,PPO,1,-1
5890,PPO_2,-1,1
5891,PPO_2,-1,1
5892,PPO_2,-1,1
5893,PPO,1,-1
5894,PPO_2,-1,1
5895,PPO,1,-1
5896,PPO_2,-1,1
5897,PPO_2,-1,1
5898,PPO,1,-1
5899,PPO_2,-1,1
5900,PPO,1,-1
5901,PPO_2,-1,1
5902,PPO,1,-1
5903,PPO,1,-1
5904,PPO_2,-1,1
5905,PPO,1,-1
5906,PPO_2,-1,1
5907,PPO,1,-1
5908,PPO,1,-1
5909,PPO_2,-1,1
5910,PPO,1,-1
5911,PPO_2,-1,1
5912,PPO_2,-1,1
5913,PPO,1,-1
5914,PPO,1,-1
5915,PPO_2,-1,1
5916,PPO,1,-1
5917,PPO_2,-1,1
5918,PPO,1,-1
5919,PPO_2,-1,1
5920,PPO,1,-1
5921,PPO,1,-1
5922,PPO_2,-1,1
5923,PPO,1,-1
5924,PPO,1,-1
5925,PPO_2,-1,1
5926,PPO,1,-1
5927,PPO,1,-1
5928,PPO_2,-1,1
5929,PPO,1,-1
5930,PPO_2,-1,1
5931,PPO_2,-1,1
5932,PPO,1,-1
5933,PPO,1,-1
5934,PPO_2,-1,1
5935,PPO_2,-1,1
5936,PPO_2,-1,1
5937,PPO_2,-1,1
5938,PPO_2,-1,1
5939,PPO,1,-1
5940,PPO_2,-1,1
5941,PPO_2,-1,1
5942,PPO_2,-1,1
5943,PPO,1,-1
5944,PPO,1,-1
5945,PPO_2,-1,1
5946,PPO_2,-1,1
5947,PPO_2,-1,1
5948,PPO,1,-1
5949,PPO_2,-1,1
5950,PPO_2,-1,1
5951,PPO,1,-1
5952,PPO,1,-1
5953,PPO,1,-1
5954,PPO_2,-1,1
5955,PPO_2,-1,1
5956,PPO_2,-1,1
5957,PPO,1,-1
5958,PPO,1,-1
5959,PPO,1,-1
5960,PPO_2,-1,1
5961,PPO_2,-1,1
5962,PPO_2,-1,1
5963,PPO_2,-1,1
5964,PPO,1,-1
5965,PPO,1,-1
5966,PPO,1,-1
5967,PPO_2,-1,1
5968,PPO_2,-1,1
5969,PPO_2,-1,1
5970,PPO,1,-1
5971,PPO_2,-1,1
5972,PPO_2,-1,1
5973,PPO,1,-1
5974,PPO_2,-1,1
5975,PPO,1,-1
5976,PPO_2,-1,1
5977,PPO,1,-1
5978,PPO_2,-1,1
5979,PPO_2,-1,1
5980,PPO,1,-1
5981,PPO,1,-1
5982,PPO,1,-1
5983,PPO,1,-1
5984,PPO_2,-1,1
5985,PPO,1,-1
5986,PPO_2,-1,1
5987,PPO_2,-1,1
5988,PPO,1,-1
5989,PPO_2,-1,1
5990,PPO,1,-1
5991,PPO_2,-1,1
5992,PPO,1,-1
5993,PPO_2,-1,1
5994,PPO,1,-1
5995,PPO_2,-1,1
5996,PPO,1,-1
5997,PPO_2,-1,1
5998,PPO_2,-1,1
5999,PPO_2,-1,1
6000,PPO,1,-1
6001,PPO,1,-1
6002,PPO_2,-1,1
6003,PPO_2,-1,1
6004,PPO_2,-1,1
6005,PPO,1,-1
6006,PPO_2,-1,1
6007,PPO_2,-1,1
6008,PPO,1,-1
6009,PPO,1,-1
6010,PPO_2,-1,1
6011,PPO_2,-1,1
6012,PPO,1,-1
6013,PPO_2,-1,1
6014,PPO_2,-1,1
6015,PPO,1,-1
6016,PPO,1,-1
6017,PPO_2,-1,1
6018,PPO_2,-1,1
6019,PPO_2,-1,1
6020,PPO_2,-1,1
6021,PPO_2,-1,1
6022,PPO_2,-1,1
6023,PPO_2,-1,1
6024,PPO_2,-1,1
6025,PPO_2,-1,1
6026,PPO_2,-1,1
6027,PPO,1,-1
6028,PPO_2,-1,1
6029,PPO,1,-1
6030,PPO,1,-1
6031,PPO,1,-1
6032,PPO_2,-1,1
6033,PPO_2,-1,1
6034,PPO_2,-1,1
6035,PPO,1,-1
6036,PPO_2,-1,1
6037,PPO_2,-1,1
6038,PPO_2,-1,1
6039,PPO,1,-1
6040,PPO,1,-1
6041,PPO,1,-1
6042,PPO_2,-1,1
6043,PPO_2,-1,1
6044,PPO_2,-1,1
6045,PPO_2,-1,1
6046,PPO,1,-1
6047,PPO_2,-1,1
6048,PPO_2,-1,1
6049,PPO,1,-1
6050,PPO,1,-1
6051,PPO,1,-1
6052,PPO_2,-1,1
6053,PPO,1,-1
6054,PPO,1,-1
6055,PPO,1,-1
6056,PPO_2,-1,1
6057,PPO,1,-1
6058,PPO_2,-1,1
6059,PPO,1,-1
6060,PPO_2,-1,1
6061,PPO_2,-1,1
6062,PPO,1,-1
6063,PPO,1,-1
6064,PPO,1,-1
6065,PPO,1,-1
6066,PPO_2,-1,1
6067,PPO,1,-1
6068,PPO,1,-1
6069,PPO,1,-1
6070,PPO_2,-1,1
6071,PPO_2,-1,1
6072,PPO,1,-1
6073,PPO_2,-1,1
6074,PPO,1,-1
6075,PPO,1,-1
6076,PPO_2,-1,1
6077,PPO,1,-1
6078,PPO,1,-1
6079,PPO,1,-1
6080,PPO_2,-1,1
6081,PPO,1,-1
6082,PPO,1,-1
6083,PPO,1,-1
6084,PPO_2,-1,1
6085,PPO_2,-1,1
6086,PPO_2,-1,1
6087,PPO,1,-1
6088,PPO_2,-1,1
6089,PPO,1,-1
6090,PPO_2,-1,1
6091,PPO_2,-1,1
6092,PPO_2,-1,1
6093,PPO,1,-1
6094,PPO,1,-1
6095,PPO,1,-1
6096,PPO,1,-1
6097,PPO_2,-1,1
6098,PPO,1,-1
6099,PPO,1,-1
6100,PPO_2,-1,1
6101,PPO,1,-1
6102,PPO_2,-1,1
6103,PPO_2,-1,1
6104,PPO,1,-1
6105,PPO,1,-1
6106,PPO_2,-1,1
6107,PPO,1,-1
6108,PPO_2,-1,1
6109,PPO_2,-1,1
6110,PPO,1,-1
6111,PPO_2,-1,1
6112,PPO,1,-1
6113,PPO_2,-1,1
6114,PPO,1,-1
6115,PPO,1,-1
6116,PPO_2,-1,1
6117,PPO_2,-1,1
6118,PPO_2,-1,1
6119,PPO_2,-1,1
6120,PPO_2,-1,1
6121,PPO_2,-1,1
6122,PPO_2,-1,1
6123,PPO,1,-1
6124,PPO,1,-1
6125,PPO,1,-1
6126,PPO,1,-1
6127,PPO_2,-1,1
6128,PPO_2,-1,1
6129,PPO,1,-1
6130,PPO_2,-1,1
6131,PPO_2,-1,1
6132,PPO_2,-1,1
6133,PPO,1,-1
6134,PPO_2,-1,1
6135,PPO,1,-1
6136,PPO_2,-1,1
6137,PPO_2,-1,1
6138,PPO,1,-1
6139,PPO_2,-1,1
6140,PPO,1,-1
6141,PPO,1,-1
6142,PPO_2,-1,1
6143,PPO_2,-1,1
6144,PPO,1,-1
6145,PPO,1,-1
6146,PPO,1,-1
6147,PPO,1,-1
6148,PPO_2,-1,1
6149,PPO_2,-1,1
6150,PPO,1,-1
6151,PPO_2,-1,1
6152,PPO,1,-1
6153,PPO,1,-1
6154,PPO,1,-1
6155,PPO_2,-1,1
6156,PPO_2,-1,1
6157,PPO,1,-1
6158,PPO,1,-1
6159,PPO_2,-1,1
6160,PPO,1,-1
6161,PPO_2,-1,1
6162,PPO_2,-1,1
6163,PPO_2,-1,1
6164,PPO,1,-1
6165,PPO_2,-1,1
6166,PPO_2,-1,1
6167,PPO_2,-1,1
6168,PPO_2,-1,1
6169,PPO,1,-1
6170,PPO_2,-1,1
6171,PPO_2,-1,1
6172,PPO,1,-1
6173,PPO,1,-1
6174,PPO_2,-1,1
6175,PPO_2,-1,1
6176,PPO,1,-1
6177,PPO,1,-1
6178,PPO_2,-1,1
6179,PPO_2,-1,1
6180,PPO,1,-1
6181,PPO_2,-1,1
6182,PPO_2,-1,1
6183,PPO,1,-1
6184,PPO_2,-1,1
6185,PPO,1,-1
6186,PPO_2,-1,1
6187,PPO_2,-1,1
6188,PPO_2,-1,1
6189,PPO_2,-1,1
6190,PPO_2,-1,1
6191,PPO_2,-1,1
6192,PPO_2,-1,1
6193,PPO_2,-1,1
6194,PPO,1,-1
6195,PPO_2,-1,1
6196,PPO_2,-1,1
6197,PPO_2,-1,1
6198,PPO_2,-1,1
6199,PPO,1,-1
6200,PPO,1,-1
6201,PPO,1,-1
6202,PPO,1,-1
6203,PPO_2,-1,1
6204,PPO,1,-1
6205,PPO,1,-1
6206,PPO,1,-1
6207,PPO_2,-1,1
6208,PPO,1,-1
6209,PPO,1,-1
6210,PPO,1,-1
6211,PPO_2,-1,1
6212,PPO_2,-1,1
6213,PPO,1,-1
6214,PPO,1,-1
6215,PPO,1,-1
6216,PPO_2,-1,1
6217,PPO,1,-1
6218,PPO,1,-1
6219,PPO,1,-1
6220,PPO_2,-1,1
6221,PPO,1,-1
6222,PPO,1,-1
6223,PPO_2,-1,1
6224,PPO_2,-1,1
6225,PPO,1,-1
6226,PPO,1,-1
6227,PPO_2,-1,1
6228,PPO_2,-1,1
6229,PPO_2,-1,1
6230,PPO,1,-1
6231,PPO,1,-1
6232,PPO_2,-1,1
6233,PPO_2,-1,1
6234,PPO,1,-1
6235,PPO_2,-1,1
6236,PPO,1,-1
6237,PPO_2,-1,1
6238,PPO,1,-1
6239,PPO,1,-1
6240,PPO_2,-1,1
6241,PPO,1,-1
6242,PPO,1,-1
6243,PPO,1,-1
6244,PPO_2,-1,1
6245,PPO,1,-1
6246,PPO,1,-1
6247,PPO,1,-1
6248,PPO_2,-1,1
6249,PPO_2,-1,1
6250,PPO_2,-1,1
6251,PPO_2,-1,1
6252,PPO,1,-1
6253,PPO_2,-1,1
6254,PPO,1,-1
6255,PPO_2,-1,1
6256,PPO,1,-1
6257,PPO,1,-1
6258,PPO,1,-1
6259,PPO,1,-1
6260,PPO,1,-1
6261,PPO,1,-1
6262,PPO,1,-1
6263,PPO,1,-1
6264,PPO_2,-1,1
6265,PPO,1,-1
6266,PPO_2,-1,1
6267,PPO,1,-1
6268,PPO,1,-1
6269,PPO_2,-1,1
6270,PPO_2,-1,1
6271,PPO_2,-1,1
6272,PPO,1,-1
6273,PPO_2,-1,1
6274,PPO_2,-1,1
6275,PPO_2,-1,1
6276,PPO,1,-1
6277,PPO_2,-1,1
6278,PPO,1,-1
6279,PPO,1,-1
6280,PPO_2,-1,1
6281,PPO,1,-1
6282,PPO,1,-1
6283,PPO,1,-1
6284,PPO_2,-1,1
6285,PPO_2,-1,1
6286,PPO_2,-1,1
6287,PPO_2,-1,1
6288,PPO_2,-1,1
6289,PPO,1,-1
6290,PPO_2,-1,1
6291,PPO_2,-1,1
6292,PPO_2,-1,1
6293,PPO_2,-1,1
6294,PPO_2,-1,1
6295,PPO_2,-1,1
6296,PPO_2,-1,1
6297,PPO_2,-1,1
6298,PPO,1,-1
6299,PPO,1,-1
6300,PPO,1,-1
6301,PPO,1,-1
6302,PPO,1,-1
6303,PPO,1,-1
6304,PPO_2,-1,1
6305,PPO_2,-1,1
6306,PPO_2,-1,1
6307,PPO,1,-1
6308,PPO_2,-1,1
6309,PPO_2,-1,1
6310,PPO,1,-1
6311,PPO,1,-1
6312,PPO,1,-1
6313,PPO,1,-1
6314,PPO_2,-1,1
6315,PPO_2,-1,1
6316,PPO,1,-1
6317,PPO_2,-1,1
6318,PPO,1,-1
6319,PPO,1,-1
6320,PPO,1,-1
6321,PPO,1,-1
6322,PPO,1,-1
6323,PPO,1,-1
6324,PPO,1,-1
6325,PPO,1,-1
6326,PPO,1,-1
6327,PPO_2,-1,1
6328,PPO,1,-1
6329,PPO,1,-1
6330,PPO_2,-1,1
6331,PPO_2,-1,1
6332,PPO,1,-1
6333,PPO,1,-1
6334,PPO,1,-1
6335,PPO,1,-1
6336,PPO,1,-1
6337,PPO_2,-1,1
6338,PPO_2,-1,1
6339,PPO_2,-1,1
6340,PPO_2,-1,1
6341,PPO_2,-1,1
6342,PPO_2,-1,1
6343,PPO_2,-1,1
6344,PPO_2,-1,1
6345,PPO,1,-1
6346,PPO_2,-1,1
6347,PPO,1,-1
6348,PPO,1,-1
6349,PPO,1,-1
6350,PPO_2,-1,1
6351,PPO,1,-1
6352,PPO,1,-1
6353,PPO,1,-1
6354,PPO,1,-1
6355,PPO,1,-1
6356,PPO,1,-1
6357,PPO_2,-1,1
6358,PPO,1,-1
6359,PPO,1,-1
6360,PPO,1,-1
6361,PPO_2,-1,1
6362,PPO_2,-1,1
6363,PPO_2,-1,1
6364,PPO_2,-1,1
6365,PPO,1,-1
6366,PPO,1,-1
6367,PPO_2,-1,1
6368,PPO_2,-1,1
6369,PPO_2,-1,1
6370,PPO,1,-1
6371,PPO,1,-1
6372,PPO,1,-1
6373,PPO,1,-1
6374,PPO,1,-1
6375,PPO_2,-1,1
6376,PPO,1,-1
6377,PPO_2,-1,1
6378,PPO,1,-1
6379,PPO_2,-1,1
6380,PPO_2,-1,1
6381,PPO,1,-1
6382,PPO,1,-1
6383,PPO_2,-1,1
6384,PPO,1,-1
6385,PPO,1,-1
6386,PPO_2,-1,1
6387,PPO_2,-1,1
6388,PPO_2,-1,1
6389,PPO,1,-1
6390,PPO,1,-1
6391,PPO_2,-1,1
6392,PPO,1,-1
6393,PPO_2,-1,1
6394,PPO,1,-1
6395,PPO,1,-1
6396,PPO_2,-1,1
6397,PPO_2,-1,1
6398,PPO,1,-1
6399,PPO,1,-1
6400,PPO,1,-1
6401,PPO_2,-1,1
6402,PPO_2,-1,1
6403,PPO_2,-1,1
6404,PPO,1,-1
6405,PPO_2,-1,1
6406,PPO_2,-1,1
6407,PPO,1,-1
6408,PPO_2,-1,1
6409,PPO,1,-1
6410,PPO,1,-1
6411,PPO,1,-1
6412,PPO,1,-1
6413,PPO,1,-1
6414,PPO_2,-1,1
6415,PPO,1,-1
6416,PPO,1,-1
6417,PPO,1,-1
6418,PPO_2,-1,1
6419,PPO,1,-1
6420,PPO_2,-1,1
6421,PPO,1,-1
6422,PPO,1,-1
6423,PPO_2,-1,1
6424,PPO_2,-1,1
6425,PPO,1,-1
6426,PPO,1,-1
6427,PPO_2,-1,1
6428,PPO_2,-1,1
6429,PPO,1,-1
6430,PPO_2,-1,1
6431,PPO_2,-1,1
6432,PPO,1,-1
6433,PPO_2,-1,1
6434,PPO,1,-1
6435,PPO,1,-1
6436,PPO,1,-1
6437,PPO,1,-1
6438,PPO,1,-1
6439,PPO_2,-1,1
6440,PPO_2,-1,1
6441,PPO,1,-1
6442,PPO_2,-1,1
6443,PPO,1,-1
6444,PPO_2,-1,1
6445,PPO_2,-1,1
6446,PPO,1,-1
6447,PPO,1,-1
6448,PPO_2,-1,1
6449,PPO,1,-1
6450,PPO,1,-1
6451,PPO,1,-1
6452,PPO,1,-1
6453,PPO,1,-1
6454,PPO,1,-1
6455,PPO,1,-1
6456,PPO,1,-1
6457,PPO_2,-1,1
6458,PPO,1,-1
6459,PPO_2,-1,1
6460,PPO_2,-1,1
6461,PPO,1,-1
6462,PPO_2,-1,1
6463,PPO_2,-1,1
6464,PPO,1,-1
6465,PPO_2,-1,1
6466,PPO_2,-1,1
6467,PPO,1,-1
6468,PPO,1,-1
6469,PPO,1,-1
6470,PPO_2,-1,1
6471,PPO,1,-1
6472,PPO_2,-1,1
6473,PPO,1,-1
6474,PPO,1,-1
6475,PPO_2,-1,1
6476,PPO,1,-1
6477,PPO,1,-1
6478,PPO,1,-1
6479,PPO_2,-1,1
6480,PPO_2,-1,1
6481,PPO,1,-1
6482,PPO_2,-1,1
6483,PPO,1,-1
6484,PPO_2,-1,1
6485,PPO_2,-1,1
6486,PPO_2,-1,1
6487,PPO_2,-1,1
6488,PPO_2,-1,1
6489,PPO,1,-1
6490,PPO,1,-1
6491,PPO_2,-1,1
6492,PPO_2,-1,1
6493,PPO_2,-1,1
6494,PPO,1,-1
6495,PPO,1,-1
6496,PPO_2,-1,1
6497,PPO_2,-1,1
6498,PPO,1,-1
6499,PPO,1,-1
6500,PPO_2,-1,1
6501,PPO,1,-1
6502,PPO_2,-1,1
6503,PPO_2,-1,1
6504,PPO_2,-1,1
6505,PPO,1,-1
6506,PPO,1,-1
6507,PPO,1,-1
6508,PPO,1,-1
6509,PPO,1,-1
6510,PPO,1,-1
6511,PPO,1,-1
6512,PPO,1,-1
6513,PPO_2,-1,1
6514,PPO,1,-1
6515,PPO_2,-1,1
6516,PPO_2,-1,1
6517,PPO_2,-1,1
6518,PPO,1,-1
6519,PPO,1,-1
6520,PPO,1,-1
6521,PPO,1,-1
6522,PPO,1,-1
6523,PPO,1,-1
6524,PPO,1,-1
6525,PPO,1,-1
6526,PPO,1,-1
6527,PPO_2,-1,1
6528,PPO,1,-1
6529,PPO,1,-1
6530,PPO,1,-1
6531,PPO,1,-1
6532,PPO,1,-1
6533,PPO,1,-1
6534,PPO,1,-1
6535,PPO,1,-1
6536,PPO_2,-1,1
6537,PPO,1,-1
6538,PPO_2,-1,1
6539,PPO,1,-1
6540,PPO,1,-1
6541,PPO,1,-1
6542,PPO,1,-1
6543,PPO,1,-1
6544,PPO,1,-1
6545,PPO,1,-1
6546,PPO,1,-1
6547,PPO,1,-1
6548,PPO,1,-1
6549,PPO,1,-1
6550,PPO,1,-1
6551,PPO,1,-1
6552,PPO,1,-1
6553,PPO,1,-1
6554,PPO,1,-1
6555,PPO,1,-1
6556,PPO,1,-1
6557,PPO,1,-1
6558,PPO,1,-1
6559,PPO,1,-1
6560,PPO_2,-1,1
6561,PPO,1,-1
6562,PPO,1,-1
6563,PPO_2,-1,1
6564,PPO,1,-1
6565,PPO,1,-1
6566,PPO_2,-1,1
6567,PPO,1,-1
6568,PPO_2,-1,1
6569,PPO,1,-1
6570,PPO,1,-1
6571,PPO,1,-1
6572,PPO,1,-1
6573,PPO,1,-1
6574,PPO,1,-1
6575,PPO,1,-1
6576,PPO,1,-1
6577,PPO,1,-1
6578,PPO,1,-1
6579,PPO,1,-1
6580,PPO,1,-1
6581,PPO_2,-1,1
6582,PPO,1,-1
6583,PPO,1,-1
6584,PPO,1,-1
6585,PPO,1,-1
6586,PPO,1,-1
6587,PPO,1,-1
6588,PPO_2,-1,1
6589,PPO,1,-1
6590,PPO_2,-1,1
6591,PPO_2,-1,1
6592,PPO,1,-1
6593,PPO,1,-1
6594,PPO,1,-1
6595,PPO,1,-1
6596,PPO,1,-1
6597,PPO,1,-1
6598,PPO,1,-1
6599,PPO,1,-1
6600,PPO_2,-1,1
6601,PPO,1,-1
6602,PPO,1,-1
6603,PPO,1,-1
6604,PPO_2,-1,1
6605,PPO,1,-1
6606,PPO,1,-1
6607,PPO_2,-1,1
6608,PPO,1,-1
6609,PPO,1,-1
6610,PPO,1,-1
6611,PPO_2,-1,1
6612,PPO,1,-1
6613,PPO_2,-1,1
6614,PPO,1,-1
6615,PPO,1,-1
6616,PPO,1,-1
6617,PPO,1,-1
6618,PPO,1,-1
6619,PPO,1,-1
6620,PPO,1,-1
6621,PPO,1,-1
6622,PPO,1,-1
6623,PPO,1,-1
6624,PPO_2,-1,1
6625,PPO,1,-1
6626,PPO,1,-1
6627,PPO,1,-1
6628,PPO_2,-1,1
6629,PPO,1,-1
6630,PPO_2,-1,1
6631,PPO,1,-1
6632,PPO,1,-1
6633,PPO,1,-1
6634,PPO_2,-1,1
6635,PPO,1,-1
6636,PPO_2,-1,1
6637,PPO,1,-1
6638,PPO,1,-1
6639,PPO_2,-1,1
6640,PPO_2,-1,1
6641,PPO,1,-1
6642,PPO_2,-1,1
6643,PPO,1,-1
6644,PPO,1,-1
6645,PPO,1,-1
6646,PPO,1,-1
6647,PPO,1,-1
6648,PPO_2,-1,1
6649,PPO_2,-1,1
6650,PPO_2,-1,1
6651,PPO,1,-1
6652,PPO_2,-1,1
6653,PPO,1,-1
6654,PPO_2,-1,1
6655,PPO,1,-1
6656,PPO_2,-1,1
6657,PPO,1,-1
6658,PPO,1,-1
6659,PPO_2,-1,1
6660,PPO,1,-1
6661,PPO,1,-1
6662,PPO_2,-1,1
6663,PPO_2,-1,1
6664,PPO,1,-1
6665,PPO,1,-1
6666,PPO,1,-1
6667,PPO,1,-1
6668,PPO,1,-1
6669,PPO,1,-1
6670,PPO_2,-1,1
6671,PPO_2,-1,1
6672,PPO,1,-1
6673,PPO,1,-1
6674,PPO_2,-1,1
6675,PPO,1,-1
6676,PPO_2,-1,1
6677,PPO,1,-1
6678,PPO_2,-1,1
6679,PPO_2,-1,1
6680,PPO,1,-1
6681,PPO,1,-1
6682,PPO_2,-1,1
6683,PPO,1,-1
6684,PPO_2,-1,1
6685,PPO_2,-1,1
6686,PPO_2,-1,1
6687,PPO,1,-1
6688,PPO_2,-1,1
6689,PPO,1,-1
6690,PPO_2,-1,1
6691,PPO_2,-1,1
6692,PPO,1,-1
6693,PPO_2,-1,1
6694,PPO,1,-1
6695,PPO,1,-1
6696,PPO,1,-1
6697,PPO_2,-1,1
6698,PPO,1,-1
6699,PPO_2,-1,1
6700,PPO,1,-1
6701,PPO_2,-1,1
6702,PPO_2,-1,1
6703,PPO_2,-1,1
6704,PPO_2,-1,1
6705,PPO_2,-1,1
6706,PPO_2,-1,1
6707,PPO,1,-1
6708,PPO,1,-1
6709,PPO_2,-1,1
6710,PPO,1,-1
6711,PPO_2,-1,1
6712,PPO,1,-1
6713,PPO_2,-1,1
6714,PPO_2,-1,1
6715,PPO,1,-1
6716,PPO_2,-1,1
6717,PPO_2,-1,1
6718,PPO_2,-1,1
6719,PPO,1,-1
6720,PPO,1,-1
6721,PPO,1,-1
6722,PPO,1,-1
6723,PPO_2,-1,1
6724,PPO_2,-1,1
6725,PPO,1,-1
6726,PPO,1,-1
6727,PPO_2,-1,1
6728,PPO,1,-1
6729,PPO,1,-1
6730,PPO_2,-1,1
6731,PPO_2,-1,1
6732,PPO,1,-1
6733,PPO_2,-1,1
6734,PPO,1,-1
6735,PPO,1,-1
6736,PPO,1,-1
6737,PPO_2,-1,1
6738,PPO_2,-1,1
6739,PPO_2,-1,1
6740,PPO,1,-1
6741,PPO,1,-1
6742,PPO,1,-1
6743,PPO,1,-1
6744,PPO,1,-1
6745,PPO_2,-1,1
6746,PPO_2,-1,1
6747,PPO,1,-1
6748,PPO,1,-1
6749,PPO,1,-1
6750,PPO,1,-1
6751,PPO_2,-1,1
6752,PPO_2,-1,1
6753,PPO_2,-1,1
6754,PPO,1,-1
6755,PPO_2,-1,1
6756,PPO,1,-1
6757,PPO_2,-1,1
6758,PPO_2,-1,1
6759,PPO_2,-1,1
6760,PPO_2,-1,1
6761,PPO,1,-1
6762,PPO_2,-1,1
6763,PPO_2,-1,1
6764,PPO_2,-1,1
6765,PPO_2,-1,1
6766,PPO_2,-1,1
6767,PPO_2,-1,1
6768,PPO,1,-1
6769,PPO_2,-1,1
6770,PPO_2,-1,1
6771,PPO_2,-1,1
6772,PPO_2,-1,1
6773,PPO,1,-1
6774,PPO_2,-1,1
6775,PPO,1,-1
6776,PPO_2,-1,1
6777,PPO,1,-1
6778,PPO_2,-1,1
6779,PPO,1,-1
6780,PPO,1,-1
6781,PPO,1,-1
6782,PPO,1,-1
6783,PPO_2,-1,1
6784,PPO,1,-1
6785,PPO_2,-1,1
6786,PPO_2,-1,1
6787,PPO,1,-1
6788,PPO_2,-1,1
6789,PPO_2,-1,1
6790,PPO,1,-1
6791,PPO_2,-1,1
6792,PPO_2,-1,1
6793,PPO,1,-1
6794,PPO_2,-1,1
6795,PPO,1,-1
6796,PPO,1,-1
6797,PPO,1,-1
6798,PPO,1,-1
6799,PPO,1,-1
6800,PPO,1,-1
6801,PPO,1,-1
6802,PPO,1,-1
6803,PPO,1,-1
6804,PPO,1,-1
6805,PPO,1,-1
6806,PPO,1,-1
6807,PPO,1,-1
6808,PPO,1,-1
6809,PPO_2,-1,1
6810,PPO,1,-1
6811,PPO,1,-1
6812,PPO,1,-1
6813,PPO_2,-1,1
6814,PPO_2,-1,1
6815,PPO_2,-1,1
6816,PPO,1,-1
6817,PPO_2,-1,1
6818,PPO,1,-1
6819,PPO,1,-1
6820,PPO,1,-1
6821,PPO_2,-1,1
6822,PPO,1,-1
6823,PPO,1,-1
6824,PPO,1,-1
6825,PPO,1,-1
6826,PPO_2,-1,1
6827,PPO,1,-1
6828,PPO,1,-1
6829,PPO_2,-1,1
6830,PPO,1,-1
6831,PPO,1,-1
6832,PPO_2,-1,1
6833,PPO,1,-1
6834,PPO_2,-1,1
6835,PPO_2,-1,1
6836,PPO,1,-1
6837,PPO,1,-1
6838,PPO_2,-1,1
6839,PPO_2,-1,1
6840,PPO_2,-1,1
6841,PPO,1,-1
6842,PPO,1,-1
6843,PPO_2,-1,1
6844,PPO_2,-1,1
6845,PPO,1,-1
6846,PPO,1,-1
6847,PPO,1,-1
6848,PPO,1,-1
6849,PPO_2,-1,1
6850,PPO,1,-1
6851,PPO_2,-1,1
6852,PPO_2,-1,1
6853,PPO,1,-1
6854,PPO,1,-1
6855,PPO_2,-1,1
6856,PPO_2,-1,1
6857,PPO_2,-1,1
6858,PPO,1,-1
6859,PPO_2,-1,1
6860,PPO,1,-1
6861,PPO,1,-1
6862,PPO,1,-1
6863,PPO_2,-1,1
6864,PPO,1,-1
6865,PPO,1,-1
6866,PPO_2,-1,1
6867,PPO,1,-1
6868,PPO,1,-1
6869,PPO,1,-1
6870,PPO_2,-1,1
6871,PPO_2,-1,1
6872,PPO,1,-1
6873,PPO,1,-1
6874,PPO,1,-1
6875,PPO,1,-1
6876,PPO_2,-1,1
6877,PPO_2,-1,1
6878,PPO,1,-1
6879,PPO,1,-1
6880,PPO_2,-1,1
6881,PPO,1,-1
6882,PPO,1,-1
6883,PPO,1,-1
6884,PPO,1,-1
6885,PPO_2,-1,1
6886,PPO_2,-1,1
6887,PPO,1,-1
6888,PPO_2,-1,1
6889,PPO_2,-1,1
6890,PPO,1,-1
6891,PPO_2,-1,1
6892,PPO_2,-1,1
6893,PPO,1,-1
6894,PPO,1,-1
6895,PPO,1,-1
6896,PPO,1,-1
6897,PPO_2,-1,1
6898,PPO_2,-1,1
6899,PPO,1,-1
6900,PPO_2,-1,1
6901,PPO,1,-1
6902,PPO,1,-1
6903,PPO,1,-1
6904,PPO_2,-1,1
6905,PPO,1,-1
6906,PPO,1,-1
6907,PPO,1,-1
6908,PPO_2,-1,1
6909,PPO,1,-1
6910,PPO_2,-1,1
6911,PPO_2,-1,1
6912,PPO_2,-1,1
6913,PPO,1,-1
6914,PPO_2,-1,1
6915,PPO_2,-1,1
6916,PPO,1,-1
6917,PPO,1,-1
6918,PPO_2,-1,1
6919,PPO,1,-1
6920,PPO_2,-1,1
6921,PPO_2,-1,1
6922,PPO,1,-1
6923,PPO,1,-1
6924,PPO_2,-1,1
6925,PPO,1,-1
6926,PPO_2,-1,1
6927,PPO,1,-1
6928,PPO_2,-1,1
6929,PPO,1,-1
6930,PPO,1,-1
6931,PPO_2,-1,1
6932,PPO,1,-1
6933,PPO_2,-1,1
6934,PPO,1,-1
6935,PPO_2,-1,1
6936,PPO,1,-1
6937,PPO,1,-1
6938,PPO,1,-1
6939,PPO,1,-1
6940,PPO_2,-1,1
6941,PPO,1,-1
6942,PPO_2,-1,1
6943,PPO_2,-1,1
6944,PPO_2,-1,1
6945,PPO,1,-1
6946,PPO,1,-1
6947,PPO_2,-1,1
6948,PPO,1,-1
6949,PPO_2,-1,1
6950,PPO,1,-1
6951,PPO,1,-1
6952,PPO_2,-1,1
6953,PPO,1,-1
6954,PPO,1,-1
6955,PPO,1,-1
6956,PPO_2,-1,1
6957,PPO_2,-1,1
6958,PPO,1,-1
6959,PPO,1,-1
6960,PPO_2,-1,1
6961,PPO,1,-1
6962,PPO_2,-1,1
6963,PPO_2,-1,1
6964,PPO,1,-1
6965,PPO,1,-1
6966,PPO,1,-1
6967,PPO_2,-1,1
6968,PPO,1,-1
6969,PPO_2,-1,1
6970,PPO_2,-1,1
6971,PPO_2,-1,1
6972,PPO,1,-1
6973,PPO,1,-1
6974,PPO,1,-1
6975,PPO_2,-1,1
6976,PPO_2,-1,1
6977,PPO_2,-1,1
6978,PPO_2,-1,1
6979,PPO,1,-1
6980,PPO_2,-1,1
6981,PPO,1,-1
6982,PPO_2,-1,1
6983,PPO_2,-1,1
6984,PPO,1,-1
6985,PPO_2,-1,1
6986,PPO_2,-1,1
6987,PPO,1,-1
6988,PPO,1,-1
6989,PPO,1,-1
6990,PPO,1,-1
6991,PPO_2,-1,1
6992,PPO,1,-1
6993,PPO,1,-1
6994,PPO_2,-1,1
6995,PPO,1,-1
6996,PPO,1,-1
6997,PPO_2,-1,1
6998,PPO,1,-1
6999,PPO,1,-1
7000,PPO,1,-1
7001,PPO,1,-1
7002,PPO,1,-1
7003,PPO_2,-1,1
7004,PPO_2,-1,1
7005,PPO,1,-1
7006,PPO_2,-1,1
7007,PPO_2,-1,1
7008,PPO,1,-1
7009,PPO_2,-1,1
7010,PPO,1,-1
7011,PPO,1,-1
7012,PPO_2,-1,1
7013,PPO,1,-1
7014,PPO_2,-1,1
7015,PPO_2,-1,1
7016,PPO,1,-1
7017,PPO_2,-1,1
7018,PPO,1,-1
7019,PPO_2,-1,1
7020,PPO,1,-1
7021,PPO_2,-1,1
7022,PPO_2,-1,1
7023,PPO,1,-1
7024,PPO_2,-1,1
7025,PPO_2,-1,1
7026,PPO_2,-1,1
7027,PPO,1,-1
7028,PPO,1,-1
7029,PPO_2,-1,1
7030,PPO_2,-1,1
7031,PPO_2,-1,1
7032,PPO_2,-1,1
7033,PPO,1,-1
7034,PPO,1,-1
7035,PPO_2,-1,1
7036,PPO_2,-1,1
7037,PPO_2,-1,1
7038,PPO_2,-1,1
7039,PPO_2,-1,1
7040,PPO,1,-1
7041,PPO,1,-1
7042,PPO,1,-1
7043,PPO,1,-1
7044,PPO_2,-1,1
7045,PPO_2,-1,1
7046,PPO_2,-1,1
7047,PPO_2,-1,1
7048,PPO_2,-1,1
7049,PPO_2,-1,1
7050,PPO_2,-1,1
7051,PPO_2,-1,1
7052,PPO_2,-1,1
7053,PPO_2,-1,1
7054,PPO,1,-1
7055,PPO_2,-1,1
7056,PPO_2,-1,1
7057,PPO,1,-1
7058,PPO_2,-1,1
7059,PPO_2,-1,1
7060,PPO,1,-1
7061,PPO_2,-1,1
7062,PPO_2,-1,1
7063,PPO,1,-1
7064,PPO,1,-1
7065,PPO,1,-1
7066,PPO_2,-1,1
7067,PPO,1,-1
7068,PPO,1,-1
7069,PPO_2,-1,1
7070,PPO_2,-1,1
7071,PPO,1,-1
7072,PPO,1,-1
7073,PPO,1,-1
7074,PPO_2,-1,1
7075,PPO_2,-1,1
7076,PPO_2,-1,1
7077,PPO,1,-1
7078,PPO,1,-1
7079,PPO_2,-1,1
7080,PPO,1,-1
7081,PPO,1,-1
7082,PPO_2,-1,1
7083,PPO,1,-1
7084,PPO,1,-1
7085,PPO,1,-1
7086,PPO_2,-1,1
7087,PPO,1,-1
7088,PPO_2,-1,1
7089,PPO,1,-1
7090,PPO,1,-1
7091,PPO_2,-1,1
7092,PPO_2,-1,1
7093,PPO_2,-1,1
7094,PPO,1,-1
7095,PPO_2,-1,1
7096,PPO_2,-1,1
7097,PPO_2,-1,1
7098,PPO,1,-1
7099,PPO,1,-1
7100,PPO,1,-1
7101,PPO_2,-1,1
7102,PPO,1,-1
7103,PPO,1,-1
7104,PPO_2,-1,1
7105,PPO_2,-1,1
7106,PPO,1,-1
7107,PPO_2,-1,1
7108,PPO,1,-1
7109,PPO_2,-1,1
7110,PPO_2,-1,1
7111,PPO,1,-1
7112,PPO,1,-1
7113,PPO,1,-1
7114,PPO_2,-1,1
7115,PPO,1,-1
7116,PPO,1,-1
7117,PPO_2,-1,1
7118,PPO,1,-1
7119,PPO,1,-1
7120,PPO,1,-1
7121,PPO_2,-1,1
7122,PPO,1,-1
7123,PPO_2,-1,1
7124,PPO_2,-1,1
7125,PPO,1,-1
7126,PPO,1,-1
7127,PPO,1,-1
7128,PPO_2,-1,1
7129,PPO,1,-1
7130,PPO,1,-1
7131,PPO_2,-1,1
7132,PPO_2,-1,1
7133,PPO_2,-1,1
7134,PPO,1,-1
7135,PPO_2,-1,1
7136,PPO_2,-1,1
7137,PPO,1,-1
7138,PPO_2,-1,1
7139,PPO_2,-1,1
7140,PPO,1,-1
7141,PPO_2,-1,1
7142,PPO_2,-1,1
7143,PPO,1,-1
7144,PPO,1,-1
7145,PPO,1,-1
7146,PPO,1,-1
7147,PPO_2,-1,1
7148,PPO,1,-1
7149,PPO,1,-1
7150,PPO,1,-1
7151,PPO_2,-1,1
7152,PPO,1,-1
7153,PPO,1,-1
7154,PPO,1,-1
7155,PPO,1,-1
7156,PPO_2,-1,1
7157,PPO_2,-1,1
7158,PPO_2,-1,1
7159,PPO_2,-1,1
7160,PPO,1,-1
7161,PPO_2,-1,1
7162,PPO,1,-1
7163,PPO_2,-1,1
7164,PPO,1,-1
7165,PPO,1,-1
7166,PPO,1,-1
7167,PPO_2,-1,1
7168,PPO,1,-1
7169,PPO,1,-1
7170,PPO_2,-1,1
7171,PPO,1,-1
7172,PPO_2,-1,1
7173,PPO_2,-1,1
7174,PPO_2,-1,1
7175,PPO,1,-1
7176,PPO,1,-1
7177,PPO_2,-1,1
7178,PPO,1,-1
7179,PPO,1,-1
7180,PPO,1,-1
7181,PPO,1,-1
7182,PPO_2,-1,1
7183,PPO,1,-1
7184,PPO,1,-1
7185,PPO_2,-1,1
7186,PPO_2,-1,1
7187,PPO_2,-1,1
7188,PPO,1,-1
7189,PPO_2,-1,1
7190,PPO,1,-1
7191,PPO_2,-1,1
7192,PPO_2,-1,1
7193,PPO,1,-1
7194,PPO,1,-1
7195,PPO_2,-1,1
7196,PPO_2,-1,1
7197,PPO_2,-1,1
7198,PPO_2,-1,1
7199,PPO_2,-1,1
7200,PPO_2,-1,1
7201,PPO,1,-1
7202,PPO_2,-1,1
7203,PPO,1,-1
7204,PPO,1,-1
7205,PPO,1,-1
7206,PPO,1,-1
7207,PPO_2,-1,1
7208,PPO_2,-1,1
7209,PPO_2,-1,1
7210,PPO_2,-1,1
7211,PPO,1,-1
7212,PPO_2,-1,1
7213,PPO_2,-1,1
7214,PPO_2,-1,1
7215,PPO_2,-1,1
7216,PPO_2,-1,1
7217,PPO_2,-1,1
7218,PPO_2,-1,1
7219,PPO,1,-1
7220,PPO_2,-1,1
7221,PPO_2,-1,1
7222,PPO,1,-1
7223,PPO_2,-1,1
7224,PPO_2,-1,1
7225,PPO,1,-1
7226,PPO,1,-1
7227,PPO,1,-1
7228,PPO,1,-1
7229,PPO,1,-1
7230,PPO_2,-1,1
7231,PPO_2,-1,1
7232,PPO_2,-1,1
7233,PPO_2,-1,1
7234,PPO,1,-1
7235,PPO_2,-1,1
7236,PPO,1,-1
7237,PPO,1,-1
7238,PPO,1,-1
7239,PPO_2,-1,1
7240,PPO,1,-1
7241,PPO_2,-1,1
7242,PPO_2,-1,1
7243,PPO_2,-1,1
7244,PPO_2,-1,1
7245,PPO,1,-1
7246,PPO_2,-1,1
7247,PPO,1,-1
7248,PPO_2,-1,1
7249,PPO_2,-1,1
7250,PPO,1,-1
7251,PPO_2,-1,1
7252,PPO,1,-1
7253,PPO,1,-1
7254,PPO_2,-1,1
7255,PPO,1,-1
7256,PPO_2,-1,1
7257,PPO_2,-1,1
7258,PPO_2,-1,1
7259,PPO,1,-1
7260,PPO_2,-1,1
7261,PPO_2,-1,1
7262,PPO,1,-1
7263,PPO,1,-1
7264,PPO,1,-1
7265,PPO_2,-1,1
7266,PPO_2,-1,1
7267,PPO,1,-1
7268,PPO,1,-1
7269,PPO,1,-1
7270,PPO_2,-1,1
7271,PPO_2,-1,1
7272,PPO_2,-1,1
7273,PPO,1,-1
7274,PPO_2,-1,1
7275,PPO,1,-1
7276,PPO,1,-1
7277,PPO_2,-1,1
7278,PPO_2,-1,1
7279,PPO_2,-1,1
7280,PPO_2,-1,1
7281,PPO_2,-1,1
7282,PPO_2,-1,1
7283,PPO,1,-1
7284,PPO_2,-1,1
7285,PPO_2,-1,1
7286,PPO_2,-1,1
7287,PPO_2,-1,1
7288,PPO_2,-1,1
7289,PPO,1,-1
7290,PPO,1,-1
7291,PPO,1,-1
7292,PPO_2,-1,1
7293,PPO,1,-1
7294,PPO,1,-1
7295,PPO,1,-1
7296,PPO_2,-1,1
7297,PPO_2,-1,1
7298,PPO_2,-1,1
7299,PPO,1,-1
7300,PPO,1,-1
7301,PPO,1,-1
7302,PPO_2,-1,1
7303,PPO,1,-1
7304,PPO_2,-1,1
7305,PPO,1,-1
7306,PPO_2,-1,1
7307,PPO_2,-1,1
7308,PPO,1,-1
7309,PPO_2,-1,1
7310,PPO_2,-1,1
7311,PPO_2,-1,1
7312,PPO,1,-1
7313,PPO_2,-1,1
7314,PPO,1,-1
7315,PPO,1,-1
7316,PPO_2,-1,1
7317,PPO_2,-1,1
7318,PPO,1,-1
7319,PPO,1,-1
7320,PPO_2,-1,1
7321,PPO_2,-1,1
7322,PPO_2,-1,1
7323,PPO_2,-1,1
7324,PPO_2,-1,1
7325,PPO,1,-1
7326,PPO_2,-1,1
7327,PPO,1,-1
7328,PPO_2,-1,1
7329,PPO,1,-1
7330,PPO,1,-1
7331,PPO,1,-1
7332,PPO_2,-1,1
7333,PPO,1,-1
7334,PPO_2,-1,1
7335,PPO,1,-1
7336,PPO,1,-1
7337,PPO_2,-1,1
7338,PPO_2,-1,1
7339,PPO,1,-1
7340,PPO,1,-1
7341,PPO_2,-1,1
7342,PPO_2,-1,1
7343,PPO_2,-1,1
7344,PPO,1,-1
7345,PPO,1,-1
7346,PPO,1,-1
7347,PPO,1,-1
7348,PPO,1,-1
7349,PPO_2,-1,1
7350,PPO_2,-1,1
7351,PPO,1,-1
7352,PPO,1,-1
7353,PPO_2,-1,1
7354,PPO_2,-1,1
7355,PPO_2,-1,1
7356,PPO,1,-1
7357,PPO_2,-1,1
7358,PPO_2,-1,1
7359,PPO,1,-1
7360,PPO_2,-1,1
7361,PPO,1,-1
7362,PPO,1,-1
7363,PPO_2,-1,1
7364,PPO,1,-1
7365,PPO,1,-1
7366,PPO,1,-1
7367,PPO,1,-1
7368,PPO_2,-1,1
7369,PPO_2,-1,1
7370,PPO_2,-1,1
7371,PPO,1,-1
7372,PPO_2,-1,1
7373,PPO_2,-1,1
7374,PPO,1,-1
7375,PPO,1,-1
7376,PPO_2,-1,1
7377,PPO,1,-1
7378,PPO,1,-1
7379,PPO_2,-1,1
7380,PPO,1,-1
7381,PPO,1,-1
7382,PPO_2,-1,1
7383,PPO_2,-1,1
7384,PPO_2,-1,1
7385,PPO_2,-1,1
7386,PPO_2,-1,1
7387,PPO_2,-1,1
7388,PPO,1,-1
7389,PPO,1,-1
7390,PPO_2,-1,1
7391,PPO_2,-1,1
7392,PPO_2,-1,1
7393,PPO_2,-1,1
7394,PPO_2,-1,1
7395,PPO_2,-1,1
7396,PPO,1,-1
7397,PPO_2,-1,1
7398,PPO_2,-1,1
7399,PPO_2,-1,1
7400,PPO_2,-1,1
7401,PPO,1,-1
7402,PPO_2,-1,1
7403,PPO_2,-1,1
7404,PPO,1,-1
7405,PPO,1,-1
7406,PPO_2,-1,1
7407,PPO_2,-1,1
7408,PPO_2,-1,1
7409,PPO_2,-1,1
7410,PPO,1,-1
7411,PPO,1,-1
7412,PPO_2,-1,1
7413,PPO_2,-1,1
7414,PPO_2,-1,1
7415,PPO_2,-1,1
7416,PPO,1,-1
7417,PPO_2,-1,1
7418,PPO_2,-1,1
7419,PPO_2,-1,1
7420,PPO_2,-1,1
7421,PPO,1,-1
7422,PPO,1,-1
7423,PPO_2,-1,1
7424,PPO_2,-1,1
7425,PPO,1,-1
7426,PPO_2,-1,1
7427,PPO_2,-1,1
7428,PPO_2,-1,1
7429,PPO_2,-1,1
7430,PPO_2,-1,1
7431,PPO,1,-1
7432,PPO_2,-1,1
7433,PPO_2,-1,1
7434,PPO,1,-1
7435,PPO,1,-1
7436,PPO_2,-1,1
7437,PPO,1,-1
7438,PPO_2,-1,1
7439,PPO_2,-1,1
7440,PPO,1,-1
7441,PPO_2,-1,1
7442,PPO_2,-1,1
7443,PPO_2,-1,1
7444,PPO_2,-1,1
7445,PPO,1,-1
7446,PPO_2,-1,1
7447,PPO_2,-1,1
7448,PPO,1,-1
7449,PPO_2,-1,1
7450,PPO_2,-1,1
7451,PPO_2,-1,1
7452,PPO_2,-1,1
7453,PPO,1,-1
7454,PPO,1,-1
7455,PPO_2,-1,1
7456,PPO_2,-1,1
7457,PPO,1,-1
7458,PPO,1,-1
7459,PPO_2,-1,1
7460,PPO_2,-1,1
7461,PPO_2,-1,1
7462,PPO,1,-1
7463,PPO_2,-1,1
7464,PPO,1,-1
7465,PPO_2,-1,1
7466,PPO,1,-1
7467,PPO,1,-1
7468,PPO_2,-1,1
7469,PPO,1,-1
7470,PPO_2,-1,1
7471,PPO_2,-1,1
7472,PPO_2,-1,1
7473,PPO,1,-1
7474,PPO_2,-1,1
7475,PPO,1,-1
7476,PPO,1,-1
7477,PPO_2,-1,1
7478,PPO_2,-1,1
7479,PPO_2,-1,1
7480,PPO_2,-1,1
7481,PPO_2,-1,1
7482,PPO,1,-1
7483,PPO_2,-1,1
7484,PPO,1,-1
7485,PPO_2,-1,1
7486,PPO_2,-1,1
7487,PPO,1,-1
7488,PPO,1,-1
7489,PPO_2,-1,1
7490,PPO_2,-1,1
7491,PPO_2,-1,1
7492,PPO_2,-1,1
7493,PPO,1,-1
7494,PPO,1,-1
7495,PPO_2,-1,1
7496,PPO,1,-1
7497,PPO_2,-1,1
7498,PPO_2,-1,1
7499,PPO_2,-1,1
7500,PPO_2,-1,1
7501,PPO,1,-1
7502,PPO,1,-1
7503,PPO_2,-1,1
7504,PPO_2,-1,1
7505,PPO_2,-1,1
7506,PPO,1,-1
7507,PPO,1,-1
7508,PPO_2,-1,1
7509,PPO_2,-1,1
7510,PPO,1,-1
7511,PPO,1,-1
7512,PPO_2,-1,1
7513,PPO_2,-1,1
7514,PPO,1,-1
7515,PPO,1,-1
7516,PPO_2,-1,1
7517,PPO,1,-1
7518,PPO_2,-1,1
7519,PPO_2,-1,1
7520,PPO_2,-1,1
7521,PPO,1,-1
7522,PPO,1,-1
7523,PPO,1,-1
7524,PPO_2,-1,1
7525,PPO_2,-1,1
7526,PPO_2,-1,1
7527,PPO_2,-1,1
7528,PPO,1,-1
7529,PPO_2,-1,1
7530,PPO_2,-1,1
7531,PPO_2,-1,1
7532,PPO_2,-1,1
7533,PPO,1,-1
7534,PPO_2,-1,1
7535,PPO_2,-1,1
7536,PPO_2,-1,1
7537,PPO_2,-1,1
7538,PPO,1,-1
7539,PPO_2,-1,1
7540,PPO_2,-1,1
7541,PPO_2,-1,1
7542,PPO,1,-1
7543,PPO_2,-1,1
7544,PPO_2,-1,1
7545,PPO,1,-1
7546,PPO_2,-1,1
7547,PPO,1,-1
7548,PPO,1,-1
7549,PPO_2,-1,1
7550,PPO,1,-1
7551,PPO_2,-1,1
7552,PPO_2,-1,1
7553,PPO,1,-1
7554,PPO,1,-1
7555,PPO_2,-1,1
7556,PPO_2,-1,1
7557,PPO_2,-1,1
7558,PPO_2,-1,1
7559,PPO_2,-1,1
7560,PPO,1,-1
7561,PPO_2,-1,1
7562,PPO,1,-1
7563,PPO,1,-1
7564,PPO_2,-1,1
7565,PPO,1,-1
7566,PPO_2,-1,1
7567,PPO,1,-1
7568,PPO,1,-1
7569,PPO,1,-1
7570,PPO_2,-1,1
7571,PPO_2,-1,1
7572,PPO,1,-1
7573,PPO_2,-1,1
7574,PPO_2,-1,1
7575,PPO_2,-1,1
7576,PPO_2,-1,1
7577,PPO_2,-1,1
7578,PPO,1,-1
7579,PPO,1,-1
7580,PPO_2,-1,1
7581,PPO_2,-1,1
7582,PPO,1,-1
7583,PPO_2,-1,1
7584,PPO,1,-1
7585,PPO,1,-1
7586,PPO,1,-1
7587,PPO_2,-1,1
7588,PPO_2,-1,1
7589,PPO,1,-1
7590,PPO,1,-1
7591,PPO_2,-1,1
7592,PPO_2,-1,1
7593,PPO,1,-1
7594,PPO_2,-1,1
7595,PPO,1,-1
7596,PPO_2,-1,1
7597,PPO_2,-1,1
7598,PPO,1,-1
7599,PPO,1,-1
7600,PPO,1,-1
7601,PPO_2,-1,1
7602,PPO,1,-1
7603,PPO,1,-1
7604,PPO_2,-1,1
7605,PPO_2,-1,1
7606,PPO,1,-1
7607,PPO,1,-1
7608,PPO,1,-1
7609,PPO_2,-1,1
7610,PPO_2,-1,1
7611,PPO_2,-1,1
7612,PPO,1,-1
7613,PPO,1,-1
7614,PPO,1,-1
7615,PPO,1,-1
7616,PPO_2,-1,1
7617,PPO_2,-1,1
7618,PPO,1,-1
7619,PPO_2,-1,1
7620,PPO,1,-1
7621,PPO,1,-1
7622,PPO_2,-1,1
7623,PPO_2,-1,1
7624,PPO,1,-1
7625,PPO,1,-1
7626,PPO,1,-1
7627,PPO_2,-1,1
7628,PPO,1,-1
7629,PPO,1,-1
7630,PPO_2,-1,1
7631,PPO,1,-1
7632,PPO,1,-1
7633,PPO,1,-1
7634,PPO,1,-1
7635,PPO_2,-1,1
7636,PPO_2,-1,1
7637,PPO,1,-1
7638,PPO_2,-1,1
7639,PPO_2,-1,1
7640,PPO_2,-1,1
7641,PPO,1,-1
7642,PPO_2,-1,1
7643,PPO_2,-1,1
7644,PPO,1,-1
7645,PPO,1,-1
7646,PPO_2,-1,1
7647,PPO_2,-1,1
7648,PPO,1,-1
7649,PPO,1,-1
7650,PPO,1,-1
7651,PPO,1,-1
7652,PPO,1,-1
7653,PPO,1,-1
7654,PPO_2,-1,1
7655,PPO_2,-1,1
7656,PPO,1,-1
7657,PPO_2,-1,1
7658,PPO_2,-1,1
7659,PPO_2,-1,1
7660,PPO_2,-1,1
7661,PPO,1,-1
7662,PPO_2,-1,1
7663,PPO_2,-1,1
7664,PPO,1,-1
7665,PPO,1,-1
7666,PPO,1,-1
7667,PPO,1,-1
7668,PPO,1,-1
7669,PPO_2,-1,1
7670,PPO_2,-1,1
7671,PPO,1,-1
7672,PPO,1,-1
7673,PPO,1,-1
7674,PPO,1,-1
7675,PPO_2,-1,1
7676,PPO_2,-1,1
7677,PPO,1,-1
7678,PPO_2,-1,1
7679,PPO,1,-1
7680,PPO_2,-1,1
7681,PPO_2,-1,1
7682,PPO_2,-1,1
7683,PPO_2,-1,1
7684,PPO,1,-1
7685,PPO,1,-1
7686,PPO_2,-1,1
7687,PPO,1,-1
7688,PPO_2,-1,1
7689,PPO,1,-1
7690,PPO,1,-1
7691,PPO,1,-1
7692,PPO_2,-1,1
7693,PPO,1,-1
7694,PPO_2,-1,1
7695,PPO,1,-1
7696,PPO,1,-1
7697,PPO,1,-1
7698,PPO_2,-1,1
7699,PPO,1,-1
7700,PPO_2,-1,1
7701,PPO,1,-1
7702,PPO_2,-1,1
7703,PPO,1,-1
7704,PPO,1,-1
7705,PPO_2,-1,1
7706,PPO,1,-1
7707,PPO_2,-1,1
7708,PPO,1,-1
7709,PPO_2,-1,1
7710,PPO,1,-1
7711,PPO,1,-1
7712,PPO,1,-1
7713,PPO_2,-1,1
7714,PPO,1,-1
7715,PPO_2,-1,1
7716,PPO,1,-1
7717,PPO_2,-1,1
7718,PPO_2,-1,1
7719,PPO,1,-1
7720,PPO,1,-1
7721,PPO,1,-1
7722,PPO_2,-1,1
7723,PPO_2,-1,1
7724,PPO_2,-1,1
7725,PPO_2,-1,1
7726,PPO,1,-1
7727,PPO_2,-1,1
7728,PPO_2,-1,1
7729,PPO_2,-1,1
7730,PPO,1,-1
7731,PPO_2,-1,1
7732,PPO_2,-1,1
7733,PPO_2,-1,1
7734,PPO_2,-1,1
7735,PPO_2,-1,1
7736,PPO_2,-1,1
7737,PPO_2,-1,1
7738,PPO,1,-1
7739,PPO_2,-1,1
7740,PPO,1,-1
7741,PPO_2,-1,1
7742,PPO,1,-1
7743,PPO,1,-1
7744,PPO,1,-1
7745,PPO_2,-1,1
7746,PPO,1,-1
7747,PPO_2,-1,1
7748,PPO,1,-1
7749,PPO_2,-1,1
7750,PPO_2,-1,1
7751,PPO,1,-1
7752,PPO_2,-1,1
7753,PPO,1,-1
7754,PPO,1,-1
7755,PPO,1,-1
7756,PPO_2,-1,1
7757,PPO_2,-1,1
7758,PPO,1,-1
7759,PPO,1,-1
7760,PPO,1,-1
7761,PPO,1,-1
7762,PPO_2,-1,1
7763,PPO_2,-1,1
7764,PPO,1,-1
7765,PPO,1,-1
7766,PPO_2,-1,1
7767,PPO,1,-1
7768,PPO_2,-1,1
7769,PPO,1,-1
7770,PPO,1,-1
7771,PPO_2,-1,1
7772,PPO,1,-1
7773,PPO_2,-1,1
7774,PPO,1,-1
7775,PPO,1,-1
7776,PPO,1,-1
7777,PPO,1,-1
7778,PPO,1,-1
7779,PPO_2,-1,1
7780,PPO,1,-1
7781,PPO,1,-1
7782,PPO,1,-1
7783,PPO,1,-1
7784,PPO,1,-1
7785,PPO_2,-1,1
7786,PPO,1,-1
7787,PPO,1,-1
7788,PPO,1,-1
7789,PPO,1,-1
7790,PPO,1,-1
7791,PPO,1,-1
7792,PPO,1,-1
7793,PPO_2,-1,1
7794,PPO,1,-1
7795,PPO_2,-1,1
7796,PPO,1,-1
7797,PPO,1,-1
7798,PPO,1,-1
7799,PPO_2,-1,1
7800,PPO_2,-1,1
7801,PPO,1,-1
7802,PPO,1,-1
7803,PPO_2,-1,1
7804,PPO,1,-1
7805,PPO,1,-1
7806,PPO,1,-1
7807,PPO_2,-1,1
7808,PPO,1,-1
7809,PPO_2,-1,1
7810,PPO_2,-1,1
7811,PPO,1,-1
7812,PPO,1,-1
7813,PPO_2,-1,1
7814,PPO,1,-1
7815,PPO,1,-1
7816,PPO,1,-1
7817,PPO_2,-1,1
7818,PPO,1,-1
7819,PPO,1,-1
7820,PPO,1,-1
7821,PPO,1,-1
7822,PPO_2,-1,1
7823,PPO,1,-1
7824,PPO,1,-1
7825,PPO,1,-1
7826,PPO,1,-1
7827,PPO_2,-1,1
7828,PPO,1,-1
7829,PPO,1,-1
7830,PPO_2,-1,1
7831,PPO_2,-1,1
7832,PPO_2,-1,1
7833,PPO_2,-1,1
7834,PPO_2,-1,1
7835,PPO,1,-1
7836,PPO,1,-1
7837,PPO,1,-1
7838,PPO_2,-1,1
7839,PPO_2,-1,1
7840,PPO_2,-1,1
7841,PPO,1,-1
7842,PPO,1,-1
7843,PPO_2,-1,1
7844,PPO,1,-1
7845,PPO,1,-1
7846,PPO_2,-1,1
7847,PPO_2,-1,1
7848,PPO_2,-1,1
7849,PPO_2,-1,1
7850,PPO,1,-1
7851,PPO,1,-1
7852,PPO_2,-1,1
7853,PPO_2,-1,1
7854,PPO_2,-1,1
7855,PPO,1,-1
7856,PPO,1,-1
7857,PPO_2,-1,1
7858,PPO,1,-1
7859,PPO,1,-1
7860,PPO,1,-1
7861,PPO,1,-1
7862,PPO,1,-1
7863,PPO_2,-1,1
7864,PPO,1,-1
7865,PPO,1,-1
7866,PPO,1,-1
7867,PPO,1,-1
7868,PPO,1,-1
7869,PPO,1,-1
7870,PPO,1,-1
7871,PPO,1,-1
7872,PPO,1,-1
7873,PPO_2,-1,1
7874,PPO,1,-1
7875,PPO_2,-1,1
7876,PPO,1,-1
7877,PPO_2,-1,1
7878,PPO,1,-1
7879,PPO_2,-1,1
7880,PPO_2,-1,1
7881,PPO_2,-1,1
7882,PPO,1,-1
7883,PPO_2,-1,1
7884,PPO_2,-1,1
7885,PPO_2,-1,1
7886,PPO,1,-1
7887,PPO,1,-1
7888,PPO_2,-1,1
7889,PPO_2,-1,1
7890,PPO_2,-1,1
7891,PPO,1,-1
7892,PPO_2,-1,1
7893,PPO_2,-1,1
7894,PPO,1,-1
7895,PPO_2,-1,1
7896,PPO_2,-1,1
7897,PPO,1,-1
7898,PPO,1,-1
7899,PPO,1,-1
7900,PPO_2,-1,1
7901,PPO,1,-1
7902,PPO_2,-1,1
7903,PPO,1,-1
7904,PPO_2,-1,1
7905,PPO_2,-1,1
7906,PPO_2,-1,1
7907,PPO,1,-1
7908,PPO_2,-1,1
7909,PPO_2,-1,1
7910,PPO_2,-1,1
7911,PPO_2,-1,1
7912,PPO,1,-1
7913,PPO,1,-1
7914,PPO_2,-1,1
7915,PPO,1,-1
7916,PPO_2,-1,1
7917,PPO,1,-1
7918,PPO_2,-1,1
7919,PPO,1,-1
7920,PPO_2,-1,1
7921,PPO,1,-1
7922,PPO_2,-1,1
7923,PPO,1,-1
7924,PPO,1,-1
7925,PPO_2,-1,1
7926,PPO_2,-1,1
7927,PPO,1,-1
7928,PPO_2,-1,1
7929,PPO_2,-1,1
7930,PPO,1,-1
7931,PPO,1,-1
7932,PPO_2,-1,1
7933,PPO_2,-1,1
7934,PPO_2,-1,1
7935,PPO,1,-1
7936,PPO_2,-1,1
7937,PPO,1,-1
7938,PPO_2,-1,1
7939,PPO_2,-1,1
7940,PPO,1,-1
7941,PPO_2,-1,1
7942,PPO,1,-1
7943,PPO,1,-1
7944,PPO,1,-1
7945,PPO_2,-1,1
7946,PPO_2,-1,1
7947,PPO,1,-1
7948,PPO,1,-1
7949,PPO,1,-1
7950,PPO,1,-1
7951,PPO,1,-1
7952,PPO_2,-1,1
7953,PPO,1,-1
7954,PPO,1,-1
7955,PPO,1,-1
7956,PPO_2,-1,1
7957,PPO_2,-1,1
7958,PPO,1,-1
7959,PPO,1,-1
7960,PPO_2,-1,1
7961,PPO,1,-1
7962,PPO_2,-1,1
7963,PPO_2,-1,1
7964,PPO_2,-1,1
7965,PPO_2,-1,1
7966,PPO_2,-1,1
7967,PPO,1,-1
7968,PPO_2,-1,1
7969,PPO,1,-1
7970,PPO_2,-1,1
7971,PPO_2,-1,1
7972,PPO_2,-1,1
7973,PPO,1,-1
7974,PPO,1,-1
7975,PPO_2,-1,1
7976,PPO_2,-1,1
7977,PPO,1,-1
7978,PPO,1,-1
7979,PPO,1,-1
7980,PPO,1,-1
7981,PPO,1,-1
7982,PPO,1,-1
7983,PPO_2,-1,1
7984,PPO_2,-1,1
7985,PPO_2,-1,1
7986,PPO_2,-1,1
7987,PPO,1,-1
7988,PPO,1,-1
7989,PPO_2,-1,1
7990,PPO_2,-1,1
7991,PPO,1,-1
7992,PPO,1,-1
7993,PPO_2,-1,1
7994,PPO,1,-1
7995,PPO,1,-1
7996,PPO,1,-1
7997,PPO_2,-1,1
7998,PPO_2,-1,1
7999,PPO_2,-1,1
8000,PPO,1,-1
8001,PPO_2,-1,1
8002,PPO_2,-1,1
8003,PPO_2,-1,1
8004,PPO_2,-1,1
8005,PPO,1,-1
8006,PPO,1,-1
8007,PPO,1,-1
8008,PPO,1,-1
8009,PPO_2,-1,1
8010,PPO,1,-1
8011,PPO_2,-1,1
8012,PPO,1,-1
8013,PPO,1,-1
8014,PPO_2,-1,1
8015,PPO_2,-1,1
8016,PPO,1,-1
8017,PPO,1,-1
8018,PPO_2,-1,1
8019,PPO_2,-1,1
8020,PPO_2,-1,1
8021,PPO_2,-1,1
8022,PPO_2,-1,1
8023,PPO,1,-1
8024,PPO,1,-1
8025,PPO,1,-1
8026,PPO,1,-1
8027,PPO_2,-1,1
8028,PPO,1,-1
8029,PPO,1,-1
8030,PPO_2,-1,1
8031,PPO_2,-1,1
8032,PPO_2,-1,1
8033,PPO,1,-1
8034,PPO_2,-1,1
8035,PPO,1,-1
8036,PPO,1,-1
8037,PPO_2,-1,1
8038,PPO_2,-1,1
8039,PPO,1,-1
8040,PPO_2,-1,1
8041,PPO,1,-1
8042,PPO_2,-1,1
8043,PPO_2,-1,1
8044,PPO,1,-1
8045,PPO_2,-1,1
8046,PPO_2,-1,1
8047,PPO,1,-1
8048,PPO_2,-1,1
8049,PPO_2,-1,1
8050,PPO,1,-1
8051,PPO_2,-1,1
8052,PPO_2,-1,1
8053,PPO,1,-1
8054,PPO_2,-1,1
8055,PPO,1,-1
8056,PPO_2,-1,1
8057,PPO_2,-1,1
8058,PPO_2,-1,1
8059,PPO,1,-1
8060,PPO,1,-1
8061,PPO_2,-1,1
8062,PPO,1,-1
8063,PPO_2,-1,1
8064,PPO,1,-1
8065,PPO,1,-1
8066,PPO_2,-1,1
8067,PPO_2,-1,1
8068,PPO_2,-1,1
8069,PPO,1,-1
8070,PPO_2,-1,1
8071,PPO,1,-1
8072,PPO,1,-1
8073,PPO_2,-1,1
8074,PPO,1,-1
8075,PPO,1,-1
8076,PPO_2,-1,1
8077,PPO_2,-1,1
8078,PPO,1,-1
8079,PPO,1,-1
8080,PPO_2,-1,1
8081,PPO,1,-1
8082,PPO,1,-1
8083,PPO,1,-1
8084,PPO_2,-1,1
8085,PPO_2,-1,1
8086,PPO_2,-1,1
8087,PPO_2,-1,1
8088,PPO,1,-1
8089,PPO_2,-1,1
8090,PPO,1,-1
8091,PPO,1,-1
8092,PPO,1,-1
8093,PPO,1,-1
8094,PPO,1,-1
8095,PPO,1,-1
8096,PPO,1,-1
8097,PPO_2,-1,1
8098,PPO,1,-1
8099,PPO,1,-1
8100,PPO_2,-1,1
8101,PPO,1,-1
8102,PPO,1,-1
8103,PPO_2,-1,1
8104,PPO_2,-1,1
8105,PPO,1,-1
8106,PPO,1,-1
8107,PPO,1,-1
8108,PPO,1,-1
8109,PPO,1,-1
8110,PPO_2,-1,1
8111,PPO_2,-1,1
8112,PPO_2,-1,1
8113,PPO,1,-1
8114,PPO_2,-1,1
8115,PPO_2,-1,1
8116,PPO,1,-1
8117,PPO_2,-1,1
8118,PPO_2,-1,1
8119,PPO,1,-1
8120,PPO,1,-1
8121,PPO_2,-1,1
8122,PPO,1,-1
8123,PPO_2,-1,1
8124,PPO,1,-1
8125,PPO,1,-1
8126,PPO_2,-1,1
8127,PPO,1,-1
8128,PPO_2,-1,1
8129,PPO_2,-1,1
8130,PPO_2,-1,1
8131,PPO_2,-1,1
8132,PPO_2,-1,1
8133,PPO,1,-1
8134,PPO_2,-1,1
8135,PPO,1,-1
8136,PPO,1,-1
8137,PPO_2,-1,1
8138,PPO,1,-1
8139,PPO_2,-1,1
8140,PPO,1,-1
8141,PPO,1,-1
8142,PPO_2,-1,1
8143,PPO_2,-1,1
8144,PPO,1,-1
8145,PPO_2,-1,1
8146,PPO,1,-1
8147,PPO_2,-1,1
8148,PPO,1,-1
8149,PPO,1,-1
8150,PPO,1,-1
8151,PPO_2,-1,1
8152,PPO,1,-1
8153,PPO,1,-1
8154,PPO_2,-1,1
8155,PPO_2,-1,1
8156,PPO,1,-1
8157,PPO,1,-1
8158,PPO,1,-1
8159,PPO,1,-1
8160,PPO_2,-1,1
8161,PPO_2,-1,1
8162,PPO,1,-1
8163,PPO,1,-1
8164,PPO,1,-1
8165,PPO_2,-1,1
8166,PPO,1,-1
8167,PPO_2,-1,1
8168,PPO,1,-1
8169,PPO,1,-1
8170,PPO,1,-1
8171,PPO,1,-1
8172,PPO,1,-1
8173,PPO,1,-1
8174,PPO,1,-1
8175,PPO,1,-1
8176,PPO_2,-1,1
8177,PPO,1,-1
8178,PPO,1,-1
8179,PPO_2,-1,1
8180,PPO,1,-1
8181,PPO_2,-1,1
8182,PPO_2,-1,1
8183,PPO,1,-1
8184,PPO_2,-1,1
8185,PPO_2,-1,1
8186,PPO_2,-1,1
8187,PPO_2,-1,1
8188,PPO_2,-1,1
8189,PPO_2,-1,1
8190,PPO_2,-1,1
8191,PPO_2,-1,1
8192,PPO,1,-1
8193,PPO_2,-1,1
8194,PPO,1,-1
8195,PPO,1,-1
8196,PPO_2,-1,1
8197,PPO_2,-1,1
8198,PPO_2,-1,1
8199,PPO,1,-1
8200,PPO_2,-1,1
8201,PPO_2,-1,1
8202,PPO_2,-1,1
8203,PPO_2,-1,1
8204,PPO_2,-1,1
8205,PPO_2,-1,1
8206,PPO_2,-1,1
8207,PPO_2,-1,1
8208,PPO,1,-1
8209,PPO_2,-1,1
8210,PPO,1,-1
8211,PPO,1,-1
8212,PPO,1,-1
8213,PPO,1,-1
8214,PPO,1,-1
8215,PPO_2,-1,1
8216,PPO_2,-1,1
8217,PPO,1,-1
8218,PPO_2,-1,1
8219,PPO,1,-1
8220,PPO,1,-1
8221,PPO,1,-1
8222,PPO_2,-1,1
8223,PPO,1,-1
8224,PPO,1,-1
8225,PPO,1,-1
8226,PPO,1,-1
8227,PPO_2,-1,1
8228,PPO_2,-1,1
8229,PPO,1,-1
8230,PPO,1,-1
8231,PPO,1,-1
8232,PPO_2,-1,1
8233,PPO_2,-1,1
8234,PPO,1,-1
8235,PPO,1,-1
8236,PPO,1,-1
8237,PPO,1,-1
8238,PPO,1,-1
8239,PPO_2,-1,1
8240,PPO_2,-1,1
8241,PPO_2,-1,1
8242,PPO_2,-1,1
8243,PPO_2,-1,1
8244,PPO_2,-1,1
8245,PPO_2,-1,1
8246,PPO_2,-1,1
8247,PPO,1,-1
8248,PPO,1,-1
8249,PPO_2,-1,1
8250,PPO_2,-1,1
8251,PPO,1,-1
8252,PPO,1,-1
8253,PPO,1,-1
8254,PPO,1,-1
8255,PPO,1,-1
8256,PPO_2,-1,1
8257,PPO_2,-1,1
8258,PPO,1,-1
8259,PPO_2,-1,1
8260,PPO,1,-1
8261,PPO_2,-1,1
8262,PPO_2,-1,1
8263,PPO,1,-1
8264,PPO,1,-1
8265,PPO_2,-1,1
8266,PPO,1,-1
8267,PPO_2,-1,1
8268,PPO_2,-1,1
8269,PPO,1,-1
8270,PPO,1,-1
8271,PPO,1,-1
8272,PPO_2,-1,1
8273,PPO_2,-1,1
8274,PPO,1,-1
8275,PPO_2,-1,1
8276,PPO,1,-1
8277,PPO,1,-1
8278,PPO_2,-1,1
8279,PPO_2,-1,1
8280,PPO_2,-1,1
8281,PPO,1,-1
8282,PPO_2,-1,1
8283,PPO_2,-1,1
8284,PPO_2,-1,1
8285,PPO,1,-1
8286,PPO_2,-1,1
8287,PPO_2,-1,1
8288,PPO_2,-1,1
8289,PPO_2,-1,1
8290,PPO,1,-1
8291,PPO,1,-1
8292,PPO_2,-1,1
8293,PPO_2,-1,1
8294,PPO,1,-1
8295,PPO,1,-1
8296,PPO_2,-1,1
8297,PPO,1,-1
8298,PPO_2,-1,1
8299,PPO,1,-1
8300,PPO_2,-1,1
8301,PPO,1,-1
8302,PPO,1,-1
8303,PPO_2,-1,1
8304,PPO,1,-1
8305,PPO,1,-1
8306,PPO,1,-1
8307,PPO,1,-1
8308,PPO_2,-1,1
8309,PPO_2,-1,1
8310,PPO,1,-1
8311,PPO,1,-1
8312,PPO,1,-1
8313,PPO,1,-1
8314,PPO,1,-1
8315,PPO_2,-1,1
8316,PPO_2,-1,1
8317,PPO,1,-1
8318,PPO,1,-1
8319,PPO_2,-1,1
8320,PPO_2,-1,1
8321,PPO_2,-1,1
8322,PPO_2,-1,1
8323,PPO_2,-1,1
8324,PPO,1,-1
8325,PPO_2,-1,1
8326,PPO,1,-1
8327,PPO,1,-1
8328,PPO_2,-1,1
8329,PPO_2,-1,1
8330,PPO_2,-1,1
8331,PPO,1,-1
8332,PPO_2,-1,1
8333,PPO,1,-1
8334,PPO,1,-1
8335,PPO_2,-1,1
8336,PPO_2,-1,1
8337,PPO_2,-1,1
8338,PPO_2,-1,1
8339,PPO,1,-1
8340,PPO_2,-1,1
8341,PPO,1,-1
8342,PPO_2,-1,1
8343,PPO_2,-1,1
8344,PPO,1,-1
8345,PPO,1,-1
8346,PPO_2,-1,1
8347,PPO,1,-1
8348,PPO_2,-1,1
8349,PPO_2,-1,1
8350,PPO_2,-1,1
8351,PPO,1,-1
8352,PPO_2,-1,1
8353,PPO_2,-1,1
8354,PPO_2,-1,1
8355,PPO_2,-1,1
8356,PPO_2,-1,1
8357,PPO_2,-1,1
8358,PPO_2,-1,1
8359,PPO,1,-1
8360,PPO,1,-1
8361,PPO_2,-1,1
8362,PPO_2,-1,1
8363,PPO_2,-1,1
8364,PPO,1,-1
8365,PPO_2,-1,1
8366,PPO,1,-1
8367,PPO_2,-1,1
8368,PPO,1,-1
8369,PPO,1,-1
8370,PPO_2,-1,1
8371,PPO_2,-1,1
8372,PPO_2,-1,1
8373,PPO,1,-1
8374,PPO,1,-1
8375,PPO_2,-1,1
8376,PPO_2,-1,1
8377,PPO_2,-1,1
8378,PPO,1,-1
8379,PPO,1,-1
8380,PPO_2,-1,1
8381,PPO,1,-1
8382,PPO,1,-1
8383,PPO,1,-1
8384,PPO,1,-1
8385,PPO,1,-1
8386,PPO_2,-1,1
8387,PPO,1,-1
8388,PPO,1,-1
8389,PPO_2,-1,1
8390,PPO,1,-1
8391,PPO_2,-1,1
8392,PPO,1,-1
8393,PPO,1,-1
8394,PPO,1,-1
8395,PPO,1,-1
8396,PPO_2,-1,1
8397,PPO_2,-1,1
8398,PPO,1,-1
8399,PPO,1,-1
8400,PPO_2,-1,1
8401,PPO_2,-1,1
8402,PPO,1,-1
8403,PPO,1,-1
8404,PPO_2,-1,1
8405,PPO_2,-1,1
8406,PPO,1,-1
8407,PPO,1,-1
8408,PPO_2,-1,1
8409,PPO,1,-1
8410,PPO,1,-1
8411,PPO_2,-1,1
8412,PPO,1,-1
8413,PPO_2,-1,1
8414,PPO,1,-1
8415,PPO,1,-1
8416,PPO,1,-1
8417,PPO,1,-1
8418,PPO,1,-1
8419,PPO,1,-1
8420,PPO_2,-1,1
8421,PPO_2,-1,1
8422,PPO_2,-1,1
8423,PPO_2,-1,1
8424,PPO,1,-1
8425,PPO_2,-1,1
8426,PPO,1,-1
8427,PPO_2,-1,1
8428,PPO_2,-1,1
8429,PPO,1,-1
8430,PPO_2,-1,1
8431,PPO,1,-1
8432,PPO,1,-1
8433,PPO,1,-1
8434,PPO_2,-1,1
8435,PPO,1,-1
8436,PPO,1,-1
8437,PPO,1,-1
8438,PPO_2,-1,1
8439,PPO,1,-1
8440,PPO_2,-1,1
8441,PPO,1,-1
8442,PPO_2,-1,1
8443,PPO_2,-1,1
8444,PPO_2,-1,1
8445,PPO_2,-1,1
8446,PPO_2,-1,1
8447,PPO,1,-1
8448,PPO,1,-1
8449,PPO_2,-1,1
8450,PPO,1,-1
8451,PPO,1,-1
8452,PPO_2,-1,1
8453,PPO,1,-1
8454,PPO,1,-1
8455,PPO_2,-1,1
8456,PPO,1,-1
8457,PPO,1,-1
8458,PPO_2,-1,1
8459,PPO_2,-1,1
8460,PPO_2,-1,1
8461,PPO_2,-1,1
8462,PPO,1,-1
8463,PPO,1,-1
8464,PPO_2,-1,1
8465,PPO,1,-1
8466,PPO_2,-1,1
8467,PPO,1,-1
8468,PPO_2,-1,1
8469,PPO,1,-1
8470,PPO_2,-1,1
8471,PPO,1,-1
8472,PPO,1,-1
8473,PPO,1,-1
8474,PPO,1,-1
8475,PPO_2,-1,1
8476,PPO_2,-1,1
8477,PPO_2,-1,1
8478,PPO_2,-1,1
8479,PPO_2,-1,1
8480,PPO_2,-1,1
8481,PPO_2,-1,1
8482,PPO,1,-1
8483,PPO_2,-1,1
8484,PPO_2,-1,1
8485,PPO,1,-1
8486,PPO_2,-1,1
8487,PPO,1,-1
8488,PPO_2,-1,1
8489,PPO,1,-1
8490,PPO_2,-1,1
8491,PPO,1,-1
8492,PPO_2,-1,1
8493,PPO,1,-1
8494,PPO_2,-1,1
8495,PPO_2,-1,1
8496,PPO_2,-1,1
8497,PPO_2,-1,1
8498,PPO_2,-1,1
8499,PPO_2,-1,1
8500,PPO_2,-1,1
8501,PPO,1,-1
8502,PPO,1,-1
8503,PPO_2,-1,1
8504,PPO,1,-1
8505,PPO,1,-1
8506,PPO,1,-1
8507,PPO,1,-1
8508,PPO,1,-1
8509,PPO_2,-1,1
8510,PPO,1,-1
8511,PPO,1,-1
8512,PPO,1,-1
8513,PPO,1,-1
8514,PPO_2,-1,1
8515,PPO,1,-1
8516,PPO,1,-1
8517,PPO_2,-1,1
8518,PPO_2,-1,1
8519,PPO_2,-1,1
8520,PPO,1,-1
8521,PPO,1,-1
8522,PPO,1,-1
8523,PPO,1,-1
8524,PPO,1,-1
8525,PPO,1,-1
8526,PPO,1,-1
8527,PPO,1,-1
8528,PPO,1,-1
8529,PPO,1,-1
8530,PPO_2,-1,1
8531,PPO_2,-1,1
8532,PPO_2,-1,1
8533,PPO,1,-1
8534,PPO_2,-1,1
8535,PPO,1,-1
8536,PPO_2,-1,1
8537,PPO_2,-1,1
8538,PPO_2,-1,1
8539,PPO_2,-1,1
8540,PPO,1,-1
8541,PPO_2,-1,1
8542,PPO,1,-1
8543,PPO,1,-1
8544,PPO_2,-1,1
8545,PPO,1,-1
8546,PPO_2,-1,1
8547,PPO_2,-1,1
8548,PPO_2,-1,1
8549,PPO_2,-1,1
8550,PPO,1,-1
8551,PPO,1,-1
8552,PPO_2,-1,1
8553,PPO_2,-1,1
8554,PPO_2,-1,1
8555,PPO_2,-1,1
8556,PPO,1,-1
8557,PPO,1,-1
8558,PPO_2,-1,1
8559,PPO_2,-1,1
8560,PPO_2,-1,1
8561,PPO_2,-1,1
8562,PPO,1,-1
8563,PPO,1,-1
8564,PPO,1,-1
8565,PPO,1,-1
8566,PPO_2,-1,1
8567,PPO,1,-1
8568,PPO_2,-1,1
8569,PPO_2,-1,1
8570,PPO_2,-1,1
8571,PPO_2,-1,1
8572,PPO,1,-1
8573,PPO,1,-1
8574,PPO_2,-1,1
8575,PPO,1,-1
8576,PPO_2,-1,1
8577,PPO,1,-1
8578,PPO_2,-1,1
8579,PPO,1,-1
8580,PPO,1,-1
8581,PPO_2,-1,1
8582,PPO_2,-1,1
8583,PPO,1,-1
8584,PPO_2,-1,1
8585,PPO,1,-1
8586,PPO_2,-1,1
8587,PPO_2,-1,1
8588,PPO_2,-1,1
8589,PPO,1,-1
8590,PPO_2,-1,1
8591,PPO_2,-1,1
8592,PPO,1,-1
8593,PPO,1,-1
8594,PPO,1,-1
8595,PPO,1,-1
8596,PPO_2,-1,1
8597,PPO_2,-1,1
8598,PPO_2,-1,1
8599,PPO_2,-1,1
8600,PPO_2,-1,1
8601,PPO_2,-1,1
8602,PPO_2,-1,1
8603,PPO,1,-1
8604,PPO_2,-1,1
8605,PPO,1,-1
8606,PPO_2,-1,1
8607,PPO,1,-1
8608,PPO_2,-1,1
8609,PPO,1,-1
8610,PPO,1,-1
8611,PPO_2,-1,1
8612,PPO_2,-1,1
8613,PPO_2,-1,1
8614,PPO_2,-1,1
8615,PPO,1,-1
8616,PPO_2,-1,1
8617,PPO_2,-1,1
8618,PPO_2,-1,1
8619,PPO,1,-1
8620,PPO_2,-1,1
8621,PPO_2,-1,1
8622,PPO_2,-1,1
8623,PPO_2,-1,1
8624,PPO,1,-1
8625,PPO,1,-1
8626,PPO,1,-1
8627,PPO_2,-1,1
8628,PPO,1,-1
8629,PPO_2,-1,1
8630,PPO,1,-1
8631,PPO,1,-1
8632,PPO_2,-1,1
8633,PPO,1,-1
8634,PPO_2,-1,1
8635,PPO_2,-1,1
8636,PPO,1,-1
8637,PPO_2,-1,1
8638,PPO_2,-1,1
8639,PPO_2,-1,1
8640,PPO_2,-1,1
8641,PPO_2,-1,1
8642,PPO,1,-1
8643,PPO,1,-1
8644,PPO_2,-1,1
8645,PPO_2,-1,1
8646,PPO_2,-1,1
8647,PPO_2,-1,1
8648,PPO,1,-1
8649,PPO_2,-1,1
8650,PPO_2,-1,1
8651,PPO_2,-1,1
8652,PPO,1,-1
8653,PPO,1,-1
8654,PPO_2,-1,1
8655,PPO_2,-1,1
8656,PPO,1,-1
8657,PPO,1,-1
8658,PPO,1,-1
8659,PPO_2,-1,1
8660,PPO_2,-1,1
8661,PPO_2,-1,1
8662,PPO_2,-1,1
8663,PPO_2,-1,1
8664,PPO_2,-1,1
8665,PPO_2,-1,1
8666,PPO,1,-1
8667,PPO_2,-1,1
8668,PPO,1,-1
8669,PPO_2,-1,1
8670,PPO_2,-1,1
8671,PPO,1,-1
8672,PPO,1,-1
8673,PPO,1,-1
8674,PPO,1,-1
8675,PPO_2,-1,1
8676,PPO_2,-1,1
8677,PPO_2,-1,1
8678,PPO_2,-1,1
8679,PPO_2,-1,1
8680,PPO_2,-1,1
8681,PPO_2,-1,1
8682,PPO_2,-1,1
8683,PPO_2,-1,1
8684,PPO,1,-1
8685,PPO,1,-1
8686,PPO_2,-1,1
8687,PPO_2,-1,1
8688,PPO,1,-1
8689,PPO_2,-1,1
8690,PPO,1,-1
8691,PPO_2,-1,1
8692,PPO,1,-1
8693,PPO_2,-1,1
8694,PPO,1,-1
8695,PPO,1,-1
8696,PPO_2,-1,1
8697,PPO,1,-1
8698,PPO_2,-1,1
8699,PPO,1,-1
8700,PPO,1,-1
8701,PPO_2,-1,1
8702,PPO_2,-1,1
8703,PPO_2,-1,1
8704,PPO,1,-1
8705,PPO,1,-1
8706,PPO_2,-1,1
8707,PPO,1,-1
8708,PPO_2,-1,1
8709,PPO_2,-1,1
8710,PPO,1,-1
8711,PPO,1,-1
8712,PPO,1,-1
8713,PPO_2,-1,1
8714,PPO,1,-1
8715,PPO_2,-1,1
8716,PPO_2,-1,1
8717,PPO_2,-1,1
8718,PPO_2,-1,1
8719,PPO,1,-1
8720,PPO,1,-1
8721,PPO,1,-1
8722,PPO,1,-1
8723,PPO,1,-1
8724,PPO,1,-1
8725,PPO_2,-1,1
8726,PPO_2,-1,1
8727,PPO_2,-1,1
8728,PPO,1,-1
8729,PPO_2,-1,1
8730,PPO_2,-1,1
8731,PPO,1,-1
8732,PPO,1,-1
8733,PPO,1,-1
8734,PPO_2,-1,1
8735,PPO_2,-1,1
8736,PPO,1,-1
8737,PPO_2,-1,1
8738,PPO,1,-1
8739,PPO_2,-1,1
8740,PPO,1,-1
8741,PPO,1,-1
8742,PPO_2,-1,1
8743,PPO_2,-1,1
8744,PPO_2,-1,1
8745,PPO_2,-1,1
8746,PPO,1,-1
8747,PPO,1,-1
8748,PPO,1,-1
8749,PPO,1,-1
8750,PPO_2,-1,1
8751,PPO,1,-1
8752,PPO_2,-1,1
8753,PPO,1,-1
8754,PPO,1,-1
8755,PPO_2,-1,1
8756,PPO_2,-1,1
8757,PPO_2,-1,1
8758,PPO_2,-1,1
8759,PPO,1,-1
8760,PPO_2,-1,1
8761,PPO,1,-1
8762,PPO_2,-1,1
8763,PPO,1,-1
8764,PPO,1,-1
8765,PPO,1,-1
8766,PPO_2,-1,1
8767,PPO_2,-1,1
8768,PPO,1,-1
8769,PPO_2,-1,1
8770,PPO,1,-1
8771,PPO_2,-1,1
8772,PPO_2,-1,1
8773,PPO,1,-1
8774,PPO_2,-1,1
8775,PPO_2,-1,1
8776,PPO_2,-1,1
8777,PPO_2,-1,1
8778,PPO,1,-1
8779,PPO,1,-1
8780,PPO_2,-1,1
8781,PPO,1,-1
8782,PPO_2,-1,1
8783,PPO_2,-1,1
8784,PPO,1,-1
8785,PPO_2,-1,1
8786,PPO,1,-1
8787,PPO,1,-1
8788,PPO,1,-1
8789,PPO_2,-1,1
8790,PPO,1,-1
8791,PPO,1,-1
8792,PPO,1,-1
8793,PPO,1,-1
8794,PPO_2,-1,1
8795,PPO,1,-1
8796,PPO,1,-1
8797,PPO,1,-1
8798,PPO_2,-1,1
8799,PPO_2,-1,1
8800,PPO_2,-1,1
8801,PPO,1,-1
8802,PPO,1,-1
8803,PPO_2,-1,1
8804,PPO_2,-1,1
8805,PPO_2,-1,1
8806,PPO,1,-1
8807,PPO,1,-1
8808,PPO,1,-1
8809,PPO_2,-1,1
8810,PPO,1,-1
8811,PPO_2,-1,1
8812,PPO,1,-1
8813,PPO_2,-1,1
8814,PPO,1,-1
8815,PPO_2,-1,1
8816,PPO,1,-1
8817,PPO,1,-1
8818,PPO,1,-1
8819,PPO_2,-1,1
8820,PPO_2,-1,1
8821,PPO_2,-1,1
8822,PPO_2,-1,1
8823,PPO_2,-1,1
8824,PPO_2,-1,1
8825,PPO,1,-1
8826,PPO,1,-1
8827,PPO,1,-1
8828,PPO_2,-1,1
8829,PPO_2,-1,1
8830,PPO,1,-1
8831,PPO_2,-1,1
8832,PPO,1,-1
8833,PPO,1,-1
8834,PPO_2,-1,1
8835,PPO,1,-1
8836,PPO,1,-1
8837,PPO_2,-1,1
8838,PPO_2,-1,1
8839,PPO,1,-1
8840,PPO_2,-1,1
8841,PPO_2,-1,1
8842,PPO,1,-1
8843,PPO,1,-1
8844,PPO,1,-1
8845,PPO,1,-1
8846,PPO_2,-1,1
8847,PPO_2,-1,1
8848,PPO,1,-1
8849,PPO,1,-1
8850,PPO_2,-1,1
8851,PPO_2,-1,1
8852,PPO,1,-1
8853,PPO_2,-1,1
8854,PPO,1,-1
8855,PPO,1,-1
8856,PPO_2,-1,1
8857,PPO_2,-1,1
8858,PPO_2,-1,1
8859,PPO_2,-1,1
8860,PPO_2,-1,1
8861,PPO_2,-1,1
8862,PPO_2,-1,1
8863,PPO_2,-1,1
8864,PPO_2,-1,1
8865,PPO_2,-1,1
8866,PPO,1,-1
8867,PPO,1,-1
8868,PPO_2,-1,1
8869,PPO_2,-1,1
8870,PPO_2,-1,1
8871,PPO,1,-1
8872,PPO,1,-1
8873,PPO,1,-1
8874,PPO,1,-1
8875,PPO_2,-1,1
8876,PPO_2,-1,1
8877,PPO_2,-1,1
8878,PPO,1,-1
8879,PPO,1,-1
8880,PPO_2,-1,1
8881,PPO_2,-1,1
8882,PPO_2,-1,1
8883,PPO_2,-1,1
8884,PPO_2,-1,1
8885,PPO,1,-1
8886,PPO_2,-1,1
8887,PPO_2,-1,1
8888,PPO,1,-1
8889,PPO_2,-1,1
8890,PPO,1,-1
8891,PPO_2,-1,1
8892,PPO,1,-1
8893,PPO,1,-1
8894,PPO_2,-1,1
8895,PPO,1,-1
8896,PPO_2,-1,1
8897,PPO_2,-1,1
8898,PPO,1,-1
8899,PPO_2,-1,1
8900,PPO_2,-1,1
8901,PPO_2,-1,1
8902,PPO_2,-1,1
8903,PPO_2,-1,1
8904,PPO,1,-1
8905,PPO,1,-1
8906,PPO,1,-1
8907,PPO,1,-1
8908,PPO,1,-1
8909,PPO,1,-1
8910,PPO,1,-1
8911,PPO,1,-1
8912,PPO,1,-1
8913,PPO,1,-1
8914,PPO_2,-1,1
8915,PPO_2,-1,1
8916,PPO,1,-1
8917,PPO,1,-1
8918,PPO,1,-1
8919,PPO_2,-1,1
8920,PPO,1,-1
8921,PPO,1,-1
8922,PPO,1,-1
8923,PPO_2,-1,1
8924,PPO_2,-1,1
8925,PPO_2,-1,1
8926,PPO,1,-1
8927,PPO_2,-1,1
8928,PPO,1,-1
8929,PPO_2,-1,1
8930,PPO,1,-1
8931,PPO,1,-1
8932,PPO,1,-1
8933,PPO,1,-1
8934,PPO_2,-1,1
8935,PPO,1,-1
8936,PPO,1,-1
8937,PPO_2,-1,1
8938,PPO,1,-1
8939,PPO_2,-1,1
8940,PPO,1,-1
8941,PPO,1,-1
8942,PPO_2,-1,1
8943,PPO,1,-1
8944,PPO_2,-1,1
8945,PPO,1,-1
8946,PPO_2,-1,1
8947,PPO_2,-1,1
8948,PPO,1,-1
8949,PPO_2,-1,1
8950,PPO,1,-1
8951,PPO,1,-1
8952,PPO,1,-1
8953,PPO_2,-1,1
8954,PPO_2,-1,1
8955,PPO,1,-1
8956,PPO,1,-1
8957,PPO,1,-1
8958,PPO_2,-1,1
8959,PPO_2,-1,1
8960,PPO,1,-1
8961,PPO,1,-1
8962,PPO_2,-1,1
8963,PPO_2,-1,1
8964,PPO_2,-1,1
8965,PPO,1,-1
8966,PPO,1,-1
8967,PPO,1,-1
8968,PPO,1,-1
8969,PPO_2,-1,1
8970,PPO,1,-1
8971,PPO_2,-1,1
8972,PPO_2,-1,1
8973,PPO_2,-1,1
8974,PPO,1,-1
8975,PPO,1,-1
8976,PPO_2,-1,1
8977,PPO,1,-1
8978,PPO_2,-1,1
8979,PPO,1,-1
8980,PPO,1,-1
8981,PPO_2,-1,1
8982,PPO_2,-1,1
8983,PPO_2,-1,1
8984,PPO,1,-1
8985,PPO_2,-1,1
8986,PPO,1,-1
8987,PPO,1,-1
8988,PPO,1,-1
8989,PPO,1,-1
8990,PPO_2,-1,1
8991,PPO_2,-1,1
8992,PPO,1,-1
8993,PPO,1,-1
8994,PPO,1,-1
8995,PPO_2,-1,1
8996,PPO_2,-1,1
8997,PPO,1,-1
8998,PPO_2,-1,1
8999,PPO_2,-1,1
9000,PPO_2,-1,1
9001,PPO,1,-1
9002,PPO_2,-1,1
9003,PPO,1,-1
9004,PPO_2,-1,1
9005,PPO,1,-1
9006,PPO,1,-1
9007,PPO,1,-1
9008,PPO,1,-1
9009,PPO,1,-1
9010,PPO_2,-1,1
9011,PPO,1,-1
9012,PPO_2,-1,1
9013,PPO,1,-1
9014,PPO_2,-1,1
9015,PPO_2,-1,1
9016,PPO,1,-1
9017,PPO,1,-1
9018,PPO_2,-1,1
9019,PPO_2,-1,1
9020,PPO_2,-1,1
9021,PPO_2,-1,1
9022,PPO_2,-1,1
9023,PPO,1,-1
9024,PPO,1,-1
9025,PPO,1,-1
9026,PPO,1,-1
9027,PPO_2,-1,1
9028,PPO,1,-1
9029,PPO,1,-1
9030,PPO_2,-1,1
9031,PPO,1,-1
9032,PPO,1,-1
9033,PPO_2,-1,1
9034,PPO_2,-1,1
9035,PPO,1,-1
9036,PPO,1,-1
9037,PPO_2,-1,1
9038,PPO,1,-1
9039,PPO,1,-1
9040,PPO_2,-1,1
9041,PPO,1,-1
9042,PPO_2,-1,1
9043,PPO,1,-1
9044,PPO,1,-1
9045,PPO,1,-1
9046,PPO,1,-1
9047,PPO,1,-1
9048,PPO,1,-1
9049,PPO_2,-1,1
9050,PPO_2,-1,1
9051,PPO,1,-1
9052,PPO,1,-1
9053,PPO_2,-1,1
9054,PPO_2,-1,1
9055,PPO_2,-1,1
9056,PPO_2,-1,1
9057,PPO,1,-1
9058,PPO,1,-1
9059,PPO_2,-1,1
9060,PPO_2,-1,1
9061,PPO,1,-1
9062,PPO_2,-1,1
9063,PPO_2,-1,1
9064,PPO_2,-1,1
9065,PPO,1,-1
9066,PPO_2,-1,1
9067,PPO_2,-1,1
9068,PPO_2,-1,1
9069,PPO_2,-1,1
9070,PPO,1,-1
9071,PPO_2,-1,1
9072,PPO_2,-1,1
9073,PPO,1,-1
9074,PPO,1,-1
9075,PPO_2,-1,1
9076,PPO,1,-1
9077,PPO_2,-1,1
9078,PPO_2,-1,1
9079,PPO,1,-1
9080,PPO,1,-1
9081,PPO_2,-1,1
9082,PPO_2,-1,1
9083,PPO,1,-1
9084,PPO,1,-1
9085,PPO,1,-1
9086,PPO,1,-1
9087,PPO_2,-1,1
9088,PPO_2,-1,1
9089,PPO,1,-1
9090,PPO,1,-1
9091,PPO_2,-1,1
9092,PPO,1,-1
9093,PPO,1,-1
9094,PPO_2,-1,1
9095,PPO,1,-1
9096,PPO,1,-1
9097,PPO,1,-1
9098,PPO_2,-1,1
9099,PPO,1,-1
9100,PPO_2,-1,1
9101,PPO,1,-1
9102,PPO_2,-1,1
9103,PPO_2,-1,1
9104,PPO_2,-1,1
9105,PPO_2,-1,1
9106,PPO,1,-1
9107,PPO,1,-1
9108,PPO,1,-1
9109,PPO_2,-1,1
9110,PPO_2,-1,1
9111,PPO_2,-1,1
9112,PPO_2,-1,1
9113,PPO,1,-1
9114,PPO,1,-1
9115,PPO,1,-1
9116,PPO_2,-1,1
9117,PPO_2,-1,1
9118,PPO,1,-1
9119,PPO_2,-1,1
9120,PPO,1,-1
9121,PPO_2,-1,1
9122,PPO,1,-1
9123,PPO_2,-1,1
9124,PPO_2,-1,1
9125,PPO_2,-1,1
9126,PPO,1,-1
9127,PPO_2,-1,1
9128,PPO,1,-1
9129,PPO_2,-1,1
9130,PPO_2,-1,1
9131,PPO,1,-1
9132,PPO,1,-1
9133,PPO,1,-1
9134,PPO_2,-1,1
9135,PPO,1,-1
9136,PPO,1,-1
9137,PPO,1,-1
9138,PPO_2,-1,1
9139,PPO_2,-1,1
9140,PPO,1,-1
9141,PPO,1,-1
9142,PPO_2,-1,1
9143,PPO_2,-1,1
9144,PPO_2,-1,1
9145,PPO,1,-1
9146,PPO_2,-1,1
9147,PPO,1,-1
9148,PPO,1,-1
9149,PPO,1,-1
9150,PPO,1,-1
9151,PPO,1,-1
9152,PPO_2,-1,1
9153,PPO,1,-1
9154,PPO,1,-1
9155,PPO,1,-1
9156,PPO_2,-1,1
9157,PPO,1,-1
9158,PPO,1,-1
9159,PPO,1,-1
9160,PPO,1,-1
9161,PPO_2,-1,1
9162,PPO,1,-1
9163,PPO,1,-1
9164,PPO_2,-1,1
9165,PPO_2,-1,1
9166,PPO_2,-1,1
9167,PPO,1,-1
9168,PPO,1,-1
9169,PPO,1,-1
9170,PPO_2,-1,1
9171,PPO,1,-1
9172,PPO_2,-1,1
9173,PPO,1,-1
9174,PPO,1,-1
9175,PPO_2,-1,1
9176,PPO_2,-1,1
9177,PPO_2,-1,1
9178,PPO_2,-1,1
9179,PPO_2,-1,1
9180,PPO_2,-1,1
9181,PPO_2,-1,1
9182,PPO_2,-1,1
9183,PPO,1,-1
9184,PPO,1,-1
9185,PPO,1,-1
9186,PPO,1,-1
9187,PPO,1,-1
9188,PPO,1,-1
9189,PPO_2,-1,1
9190,PPO,1,-1
9191,PPO_2,-1,1
9192,PPO_2,-1,1
9193,PPO,1,-1
9194,PPO,1,-1
9195,PPO_2,-1,1
9196,PPO_2,-1,1
9197,PPO,1,-1
9198,PPO,1,-1
9199,PPO_2,-1,1
9200,PPO_2,-1,1
9201,PPO_2,-1,1
9202,PPO_2,-1,1
9203,PPO_2,-1,1
9204,PPO,1,-1
9205,PPO,1,-1
9206,PPO_2,-1,1
9207,PPO_2,-1,1
9208,PPO,1,-1
9209,PPO,1,-1
9210,PPO_2,-1,1
9211,PPO,1,-1
9212,PPO_2,-1,1
9213,PPO,1,-1
9214,PPO_2,-1,1
9215,PPO,1,-1
9216,PPO,1,-1
9217,PPO,1,-1
9218,PPO_2,-1,1
9219,PPO_2,-1,1
9220,PPO_2,-1,1
9221,PPO_2,-1,1
9222,PPO,1,-1
9223,PPO_2,-1,1
9224,PPO_2,-1,1
9225,PPO_2,-1,1
9226,PPO,1,-1
9227,PPO_2,-1,1
9228,PPO,1,-1
9229,PPO,1,-1
9230,PPO_2,-1,1
9231,PPO,1,-1
9232,PPO_2,-1,1
9233,PPO_2,-1,1
9234,PPO_2,-1,1
9235,PPO,1,-1
9236,PPO,1,-1
9237,PPO_2,-1,1
9238,PPO_2,-1,1
9239,PPO,1,-1
9240,PPO_2,-1,1
9241,PPO,1,-1
9242,PPO_2,-1,1
9243,PPO,1,-1
9244,PPO_2,-1,1
9245,PPO_2,-1,1
9246,PPO_2,-1,1
9247,PPO_2,-1,1
9248,PPO,1,-1
9249,PPO,1,-1
9250,PPO,1,-1
9251,PPO,1,-1
9252,PPO,1,-1
9253,PPO_2,-1,1
9254,PPO_2,-1,1
9255,PPO,1,-1
9256,PPO,1,-1
9257,PPO_2,-1,1
9258,PPO,1,-1
9259,PPO_2,-1,1
9260,PPO,1,-1
9261,PPO_2,-1,1
9262,PPO_2,-1,1
9263,PPO,1,-1
9264,PPO_2,-1,1
9265,PPO_2,-1,1
9266,PPO_2,-1,1
9267,PPO,1,-1
9268,PPO,1,-1
9269,PPO,1,-1
9270,PPO,1,-1
9271,PPO,1,-1
9272,PPO,1,-1
9273,PPO,1,-1
9274,PPO,1,-1
9275,PPO_2,-1,1
9276,PPO,1,-1
9277,PPO_2,-1,1
9278,PPO,1,-1
9279,PPO,1,-1
9280,PPO,1,-1
9281,PPO_2,-1,1
9282,PPO_2,-1,1
9283,PPO_2,-1,1
9284,PPO_2,-1,1
9285,PPO,1,-1
9286,PPO,1,-1
9287,PPO_2,-1,1
9288,PPO,1,-1
9289,PPO,1,-1
9290,PPO,1,-1
9291,PPO_2,-1,1
9292,PPO_2,-1,1
9293,PPO,1,-1
9294,PPO,1,-1
9295,PPO,1,-1
9296,PPO_2,-1,1
9297,PPO,1,-1
9298,PPO_2,-1,1
9299,PPO_2,-1,1
9300,PPO,1,-1
9301,PPO,1,-1
9302,PPO_2,-1,1
9303,PPO,1,-1
9304,PPO_2,-1,1
9305,PPO_2,-1,1
9306,PPO,1,-1
9307,PPO_2,-1,1
9308,PPO,1,-1
9309,PPO_2,-1,1
9310,PPO_2,-1,1
9311,PPO_2,-1,1
9312,PPO,1,-1
9313,PPO,1,-1
9314,PPO_2,-1,1
9315,PPO,1,-1
9316,PPO_2,-1,1
9317,PPO_2,-1,1
9318,PPO,1,-1
9319,PPO_2,-1,1
9320,PPO_2,-1,1
9321,PPO_2,-1,1
9322,PPO,1,-1
9323,PPO,1,-1
9324,PPO_2,-1,1
9325,PPO_2,-1,1
9326,PPO,1,-1
9327,PPO_2,-1,1
9328,PPO_2,-1,1
9329,PPO_2,-1,1
9330,PPO,1,-1
9331,PPO_2,-1,1
9332,PPO,1,-1
9333,PPO_2,-1,1
9334,PPO,1,-1
9335,PPO_2,-1,1
9336,PPO_2,-1,1
9337,PPO_2,-1,1
9338,PPO,1,-1
9339,PPO,1,-1
9340,PPO_2,-1,1
9341,PPO,1,-1
9342,PPO,1,-1
9343,PPO,1,-1
9344,PPO,1,-1
9345,PPO,1,-1
9346,PPO,1,-1
9347,PPO_2,-1,1
9348,PPO,1,-1
9349,PPO_2,-1,1
9350,PPO,1,-1
9351,PPO_2,-1,1
9352,PPO,1,-1
9353,PPO_2,-1,1
9354,PPO,1,-1
9355,PPO_2,-1,1
9356,PPO,1,-1
9357,PPO,1,-1
9358,PPO_2,-1,1
9359,PPO_2,-1,1
9360,PPO_2,-1,1
9361,PPO,1,-1
9362,PPO_2,-1,1
9363,PPO_2,-1,1
9364,PPO_2,-1,1
9365,PPO,1,-1
9366,PPO,1,-1
9367,PPO_2,-1,1
9368,PPO,1,-1
9369,PPO_2,-1,1
9370,PPO_2,-1,1
9371,PPO,1,-1
9372,PPO_2,-1,1
9373,PPO,1,-1
9374,PPO_2,-1,1
9375,PPO,1,-1
9376,PPO,1,-1
9377,PPO,1,-1
9378,PPO,1,-1
9379,PPO,1,-1
9380,PPO,1,-1
9381,PPO_2,-1,1
9382,PPO_2,-1,1
9383,PPO_2,-1,1
9384,PPO_2,-1,1
9385,PPO_2,-1,1
9386,PPO,1,-1
9387,PPO_2,-1,1
9388,PPO_2,-1,1
9389,PPO_2,-1,1
9390,PPO,1,-1
9391,PPO_2,-1,1
9392,PPO_2,-1,1
9393,PPO,1,-1
9394,PPO_2,-1,1
9395,PPO_2,-1,1
9396,PPO_2,-1,1
9397,PPO,1,-1
9398,PPO,1,-1
9399,PPO_2,-1,1
9400,PPO,1,-1
9401,PPO,1,-1
9402,PPO,1,-1
9403,PPO_2,-1,1
9404,PPO,1,-1
9405,PPO,1,-1
9406,PPO_2,-1,1
9407,PPO_2,-1,1
9408,PPO,1,-1
9409,PPO,1,-1
9410,PPO_2,-1,1
9411,PPO,1,-1
9412,PPO_2,-1,1
9413,PPO_2,-1,1
9414,PPO_2,-1,1
9415,PPO_2,-1,1
9416,PPO,1,-1
9417,PPO,1,-1
9418,PPO,1,-1
9419,PPO_2,-1,1
9420,PPO,1,-1
9421,PPO_2,-1,1
9422,PPO_2,-1,1
9423,PPO_2,-1,1
9424,PPO,1,-1
9425,PPO_2,-1,1
9426,PPO,1,-1
9427,PPO,1,-1
9428,PPO_2,-1,1
9429,PPO_2,-1,1
9430,PPO_2,-1,1
9431,PPO_2,-1,1
9432,PPO_2,-1,1
9433,PPO_2,-1,1
9434,PPO_2,-1,1
9435,PPO,1,-1
9436,PPO_2,-1,1
9437,PPO_2,-1,1
9438,PPO_2,-1,1
9439,PPO,1,-1
9440,PPO,1,-1
9441,PPO,1,-1
9442,PPO_2,-1,1
9443,PPO_2,-1,1
9444,PPO,1,-1
9445,PPO,1,-1
9446,PPO,1,-1
9447,PPO,1,-1
9448,PPO_2,-1,1
9449,PPO_2,-1,1
9450,PPO,1,-1
9451,PPO,1,-1
9452,PPO,1,-1
9453,PPO_2,-1,1
9454,PPO_2,-1,1
9455,PPO,1,-1
9456,PPO,1,-1
9457,PPO_2,-1,1
9458,PPO,1,-1
9459,PPO,1,-1
9460,PPO,1,-1
9461,PPO,1,-1
9462,PPO_2,-1,1
9463,PPO_2,-1,1
9464,PPO_2,-1,1
9465,PPO,1,-1
9466,PPO_2,-1,1
9467,PPO_2,-1,1
9468,PPO,1,-1
9469,PPO_2,-1,1
9470,PPO_2,-1,1
9471,PPO_2,-1,1
9472,PPO_2,-1,1
9473,PPO_2,-1,1
9474,PPO,1,-1
9475,PPO_2,-1,1
9476,PPO,1,-1
9477,PPO,1,-1
9478,PPO,1,-1
9479,PPO,1,-1
9480,PPO_2,-1,1
9481,PPO,1,-1
9482,PPO_2,-1,1
9483,PPO,1,-1
9484,PPO,1,-1
9485,PPO_2,-1,1
9486,PPO,1,-1
9487,PPO_2,-1,1
9488,PPO,1,-1
9489,PPO,1,-1
9490,PPO,1,-1
9491,PPO_2,-1,1
9492,PPO_2,-1,1
9493,PPO_2,-1,1
9494,PPO,1,-1
9495,PPO,1,-1
9496,PPO,1,-1
9497,PPO_2,-1,1
9498,PPO_2,-1,1
9499,PPO,1,-1
9500,PPO_2,-1,1
9501,PPO_2,-1,1
9502,PPO_2,-1,1
9503,PPO_2,-1,1
9504,PPO,1,-1
9505,PPO_2,-1,1
9506,PPO,1,-1
9507,PPO_2,-1,1
9508,PPO_2,-1,1
9509,PPO,1,-1
9510,PPO,1,-1
9511,PPO_2,-1,1
9512,PPO_2,-1,1
9513,PPO_2,-1,1
9514,PPO,1,-1
9515,PPO,1,-1
9516,PPO,1,-1
9517,PPO,1,-1
9518,PPO_2,-1,1
9519,PPO_2,-1,1
9520,PPO_2,-1,1
9521,PPO,1,-1
9522,PPO,1,-1
9523,PPO_2,-1,1
9524,PPO_2,-1,1
9525,PPO,1,-1
9526,PPO,1,-1
9527,PPO,1,-1
9528,PPO_2,-1,1
9529,PPO_2,-1,1
9530,PPO_2,-1,1
9531,PPO,1,-1
9532,PPO,1,-1
9533,PPO_2,-1,1
9534,PPO_2,-1,1
9535,PPO,1,-1
9536,PPO_2,-1,1
9537,PPO_2,-1,1
9538,PPO,1,-1
9539,PPO_2,-1,1
9540,PPO_2,-1,1
9541,PPO_2,-1,1
9542,PPO,1,-1
9543,PPO_2,-1,1
9544,PPO_2,-1,1
9545,PPO_2,-1,1
9546,PPO_2,-1,1
9547,PPO_2,-1,1
9548,PPO_2,-1,1
9549,PPO,1,-1
9550,PPO_2,-1,1
9551,PPO_2,-1,1
9552,PPO_2,-1,1
9553,PPO,1,-1
9554,PPO_2,-1,1
9555,PPO_2,-1,1
9556,PPO_2,-1,1
9557,PPO,1,-1
9558,PPO,1,-1
9559,PPO_2,-1,1
9560,PPO,1,-1
9561,PPO_2,-1,1
9562,PPO_2,-1,1
9563,PPO,1,-1
9564,PPO_2,-1,1
9565,PPO_2,-1,1
9566,PPO_2,-1,1
9567,PPO_2,-1,1
9568,PPO_2,-1,1
9569,PPO,1,-1
9570,PPO_2,-1,1
9571,PPO_2,-1,1
9572,PPO,1,-1
9573,PPO_2,-1,1
9574,PPO,1,-1
9575,PPO,1,-1
9576,PPO_2,-1,1
9577,PPO_2,-1,1
9578,PPO_2,-1,1
9579,PPO,1,-1
9580,PPO_2,-1,1
9581,PPO_2,-1,1
9582,PPO,1,-1
9583,PPO_2,-1,1
9584,PPO_2,-1,1
9585,PPO_2,-1,1
9586,PPO_2,-1,1
9587,PPO_2,-1,1
9588,PPO_2,-1,1
9589,PPO,1,-1
9590,PPO_2,-1,1
9591,PPO,1,-1
9592,PPO,1,-1
9593,PPO_2,-1,1
9594,PPO,1,-1
9595,PPO,1,-1
9596,PPO,1,-1
9597,PPO,1,-1
9598,PPO_2,-1,1
9599,PPO,1,-1
9600,PPO,1,-1
9601,PPO_2,-1,1
9602,PPO_2,-1,1
9603,PPO,1,-1
9604,PPO_2,-1,1
9605,PPO,1,-1
9606,PPO_2,-1,1
9607,PPO_2,-1,1
9608,PPO_2,-1,1
9609,PPO,1,-1
9610,PPO_2,-1,1
9611,PPO,1,-1
9612,PPO,1,-1
9613,PPO_2,-1,1
9614,PPO_2,-1,1
9615,PPO_2,-1,1
9616,PPO_2,-1,1
9617,PPO_2,-1,1
9618,PPO,1,-1
9619,PPO,1,-1
9620,PPO,1,-1
9621,PPO_2,-1,1
9622,PPO,1,-1
9623,PPO,1,-1
9624,PPO_2,-1,1
9625,PPO_2,-1,1
9626,PPO_2,-1,1
9627,PPO,1,-1
9628,PPO_2,-1,1
9629,PPO_2,-1,1
9630,PPO,1,-1
9631,PPO,1,-1
9632,PPO_2,-1,1
9633,PPO,1,-1
9634,PPO_2,-1,1
9635,PPO,1,-1
9636,PPO,1,-1
9637,PPO_2,-1,1
9638,PPO_2,-1,1
9639,PPO,1,-1
9640,PPO_2,-1,1
9641,PPO,1,-1
9642,PPO_2,-1,1
9643,PPO,1,-1
9644,PPO,1,-1
9645,PPO_2,-1,1
9646,PPO_2,-1,1
9647,PPO_2,-1,1
9648,PPO,1,-1
9649,PPO_2,-1,1
9650,PPO_2,-1,1
9651,PPO_2,-1,1
9652,PPO_2,-1,1
9653,PPO_2,-1,1
9654,PPO,1,-1
9655,PPO_2,-1,1
9656,PPO_2,-1,1
9657,PPO,1,-1
9658,PPO,1,-1
9659,PPO_2,-1,1
9660,PPO_2,-1,1
9661,PPO_2,-1,1
9662,PPO_2,-1,1
9663,PPO_2,-1,1
9664,PPO_2,-1,1
9665,PPO,1,-1
9666,PPO_2,-1,1
9667,PPO_2,-1,1
9668,PPO,1,-1
9669,PPO,1,-1
9670,PPO_2,-1,1
9671,PPO,1,-1
9672,PPO,1,-1
9673,PPO,1,-1
9674,PPO,1,-1
9675,PPO_2,-1,1
9676,PPO,1,-1
9677,PPO_2,-1,1
9678,PPO,1,-1
9679,PPO_2,-1,1
9680,PPO,1,-1
9681,PPO_2,-1,1
9682,PPO_2,-1,1
9683,PPO_2,-1,1
9684,PPO,1,-1
9685,PPO,1,-1
9686,PPO_2,-1,1
9687,PPO_2,-1,1
9688,PPO,1,-1
9689,PPO_2,-1,1
9690,PPO,1,-1
9691,PPO_2,-1,1
9692,PPO_2,-1,1
9693,PPO,1,-1
9694,PPO,1,-1
9695,PPO,1,-1
9696,PPO_2,-1,1
9697,PPO,1,-1
9698,PPO_2,-1,1
9699,PPO_2,-1,1
9700,PPO,1,-1
9701,PPO_2,-1,1
9702,PPO_2,-1,1
9703,PPO_2,-1,1
9704,PPO,1,-1
9705,PPO,1,-1
9706,PPO,1,-1
9707,PPO,1,-1
9708,PPO,1,-1
9709,PPO,1,-1
9710,PPO_2,-1,1
9711,PPO_2,-1,1
9712,PPO_2,-1,1
9713,PPO_2,-1,1
9714,PPO_2,-1,1
9715,PPO_2,-1,1
9716,PPO_2,-1,1
9717,PPO_2,-1,1
9718,PPO,1,-1
9719,PPO_2,-1,1
9720,PPO,1,-1
9721,PPO,1,-1
9722,PPO_2,-1,1
9723,PPO_2,-1,1
9724,PPO_2,-1,1
9725,PPO_2,-1,1
9726,PPO_2,-1,1
9727,PPO_2,-1,1
9728,PPO,1,-1
9729,PPO,1,-1
9730,PPO_2,-1,1
9731,PPO,1,-1
9732,PPO,1,-1
9733,PPO_2,-1,1
9734,PPO_2,-1,1
9735,PPO_2,-1,1
9736,PPO,1,-1
9737,PPO_2,-1,1
9738,PPO,1,-1
9739,PPO_2,-1,1
9740,PPO,1,-1
9741,PPO,1,-1
9742,PPO,1,-1
9743,PPO_2,-1,1
9744,PPO_2,-1,1
9745,PPO_2,-1,1
9746,PPO_2,-1,1
9747,PPO,1,-1
9748,PPO_2,-1,1
9749,PPO,1,-1
9750,PPO,1,-1
9751,PPO_2,-1,1
9752,PPO_2,-1,1
9753,PPO_2,-1,1
9754,PPO_2,-1,1
9755,PPO_2,-1,1
9756,PPO,1,-1
9757,PPO_2,-1,1
9758,PPO,1,-1
9759,PPO_2,-1,1
9760,PPO_2,-1,1
9761,PPO,1,-1
9762,PPO,1,-1
9763,PPO,1,-1
9764,PPO_2,-1,1
9765,PPO,1,-1
9766,PPO,1,-1
9767,PPO_2,-1,1
9768,PPO_2,-1,1
9769,PPO,1,-1
9770,PPO_2,-1,1
9771,PPO,1,-1
9772,PPO_2,-1,1
9773,PPO_2,-1,1
9774,PPO,1,-1
9775,PPO,1,-1
9776,PPO_2,-1,1
9777,PPO,1,-1
9778,PPO_2,-1,1
9779,PPO,1,-1
9780,PPO_2,-1,1
9781,PPO,1,-1
9782,PPO,1,-1
9783,PPO_2,-1,1
9784,PPO_2,-1,1
9785,PPO_2,-1,1
9786,PPO_2,-1,1
9787,PPO_2,-1,1
9788,PPO_2,-1,1
9789,PPO_2,-1,1
9790,PPO_2,-1,1
9791,PPO_2,-1,1
9792,PPO_2,-1,1
9793,PPO,1,-1
9794,PPO_2,-1,1
9795,PPO_2,-1,1
9796,PPO_2,-1,1
9797,PPO,1,-1
9798,PPO_2,-1,1
9799,PPO,1,-1
9800,PPO_2,-1,1
9801,PPO,1,-1
9802,PPO,1,-1
9803,PPO,1,-1
9804,PPO,1,-1
9805,PPO,1,-1
9806,PPO_2,-1,1
9807,PPO_2,-1,1
9808,PPO_2,-1,1
9809,PPO_2,-1,1
9810,PPO_2,-1,1
9811,PPO_2,-1,1
9812,PPO_2,-1,1
9813,PPO,1,-1
9814,PPO,1,-1
9815,PPO,1,-1
9816,PPO_2,-1,1
9817,PPO_2,-1,1
9818,PPO_2,-1,1
9819,PPO_2,-1,1
9820,PPO,1,-1
9821,PPO_2,-1,1
9822,PPO_2,-1,1
9823,PPO,1,-1
9824,PPO,1,-1
9825,PPO,1,-1
9826,PPO_2,-1,1
9827,PPO,1,-1
9828,PPO,1,-1
9829,PPO_2,-1,1
9830,PPO,1,-1
9831,PPO_2,-1,1
9832,PPO,1,-1
9833,PPO_2,-1,1
9834,PPO_2,-1,1
9835,PPO_2,-1,1
9836,PPO,1,-1
9837,PPO_2,-1,1
9838,PPO,1,-1
9839,PPO,1,-1
9840,PPO,1,-1
9841,PPO,1,-1
9842,PPO_2,-1,1
9843,PPO,1,-1
9844,PPO,1,-1
9845,PPO,1,-1
9846,PPO,1,-1
9847,PPO_2,-1,1
9848,PPO_2,-1,1
9849,PPO_2,-1,1
9850,PPO,1,-1
9851,PPO,1,-1
9852,PPO,1,-1
9853,PPO_2,-1,1
9854,PPO_2,-1,1
9855,PPO,1,-1
9856,PPO_2,-1,1
9857,PPO_2,-1,1
9858,PPO_2,-1,1
9859,PPO,1,-1
9860,PPO,1,-1
9861,PPO_2,-1,1
9862,PPO_2,-1,1
9863,PPO,1,-1
9864,PPO_2,-1,1
9865,PPO,1,-1
9866,PPO,1,-1
9867,PPO_2,-1,1
9868,PPO_2,-1,1
9869,PPO_2,-1,1
9870,PPO_2,-1,1
9871,PPO_2,-1,1
9872,PPO_2,-1,1
9873,PPO,1,-1
9874,PPO_2,-1,1
9875,PPO,1,-1
9876,PPO,1,-1
9877,PPO_2,-1,1
9878,PPO,1,-1
9879,PPO,1,-1
9880,PPO_2,-1,1
9881,PPO_2,-1,1
9882,PPO_2,-1,1
9883,PPO_2,-1,1
9884,PPO,1,-1
9885,PPO_2,-1,1
9886,PPO,1,-1
9887,PPO_2,-1,1
9888,PPO,1,-1
9889,PPO_2,-1,1
9890,PPO,1,-1
9891,PPO,1,-1
9892,PPO,1,-1
9893,PPO_2,-1,1
9894,PPO,1,-1
9895,PPO,1,-1
9896,PPO_2,-1,1
9897,PPO_2,-1,1
9898,PPO_2,-1,1
9899,PPO,1,-1
9900,PPO,1,-1
9901,PPO,1,-1
9902,PPO,1,-1
9903,PPO_2,-1,1
9904,PPO_2,-1,1
9905,PPO,1,-1
9906,PPO,1,-1
9907,PPO,1,-1
9908,PPO_2,-1,1
9909,PPO,1,-1
9910,PPO,1,-1
9911,PPO,1,-1
9912,PPO_2,-1,1
9913,PPO,1,-1
9914,PPO_2,-1,1
9915,PPO,1,-1
9916,PPO_2,-1,1
9917,PPO_2,-1,1
9918,PPO_2,-1,1
9919,PPO_2,-1,1
9920,PPO,1,-1
9921,PPO_2,-1,1
9922,PPO_2,-1,1
9923,PPO_2,-1,1
9924,PPO_2,-1,1
9925,PPO_2,-1,1
9926,PPO_2,-1,1
9927,PPO,1,-1
9928,PPO_2,-1,1
9929,PPO,1,-1
9930,PPO,1,-1
9931,PPO,1,-1
9932,PPO,1,-1
9933,PPO_2,-1,1
9934,PPO_2,-1,1
9935,PPO_2,-1,1
9936,PPO,1,-1
9937,PPO,1,-1
9938,PPO,1,-1
9939,PPO_2,-1,1
9940,PPO,1,-1
9941,PPO,1,-1
9942,PPO,1,-1
9943,PPO,1,-1
9944,PPO_2,-1,1
9945,PPO,1,-1
9946,PPO,1,-1
9947,PPO,1,-1
9948,PPO,1,-1
9949,PPO_2,-1,1
9950,PPO_2,-1,1
9951,PPO_2,-1,1
9952,PPO_2,-1,1
9953,PPO,1,-1
9954,PPO,1,-1
9955,PPO,1,-1
9956,PPO_2,-1,1
9957,PPO_2,-1,1
9958,PPO,1,-1
9959,PPO_2,-1,1
9960,PPO_2,-1,1
9961,PPO_2,-1,1
9962,PPO,1,-1
9963,PPO,1,-1
9964,PPO,1,-1
9965,PPO,1,-1
9966,PPO_2,-1,1
9967,PPO_2,-1,1
9968,PPO_2,-1,1
9969,PPO_2,-1,1
9970,PPO_2,-1,1
9971,PPO_2,-1,1
9972,PPO_2,-1,1
9973,PPO,1,-1
9974,PPO_2,-1,1
9975,PPO,1,-1
9976,PPO,1,-1
9977,PPO_2,-1,1
9978,PPO,1,-1
9979,PPO_2,-1,1
9980,PPO_2,-1,1
9981,PPO,1,-1
9982,PPO_2,-1,1
9983,PPO_2,-1,1
9984,PPO,1,-1
9985,PPO_2,-1,1
9986,PPO,1,-1
9987,PPO,1,-1
9988,PPO_2,-1,1
9989,PPO,1,-1
9990,PPO_2,-1,1
9991,PPO_2,-1,1
9992,PPO_2,-1,1
9993,PPO,1,-1
9994,PPO_2,-1,1
9995,PPO,1,-1
9996,PPO_2,-1,1
9997,PPO,1,-1
9998,PPO,1,-1
9999,PPO_2,-1,1
10000,PPO,1,-1
