episode,winner,PHC,Random
1,PHC,1,-1
2,draw,0,0
3,PHC,1,-1
4,PHC,1,-1
5,Random,-1,1
6,PHC,1,-1
7,PHC,1,-1
8,PHC,1,-1
9,PHC,1,-1
10,Random,-1,1
11,PHC,1,-1
12,PHC,1,-1
13,draw,0,0
14,Random,-1,1
15,Random,-1,1
16,PHC,1,-1
17,Random,-1,1
18,PHC,1,-1
19,draw,0,0
20,Random,-1,1
21,PHC,1,-1
22,PHC,1,-1
23,Random,-1,1
24,Random,-1,1
25,PHC,1,-1
26,Random,-1,1
27,draw,0,0
28,Random,-1,1
29,draw,0,0
30,draw,0,0
31,PHC,1,-1
32,Random,-1,1
33,PHC,1,-1
34,PHC,1,-1
35,PHC,1,-1
36,Random,-1,1
37,Random,-1,1
38,draw,0,0
39,PHC,1,-1
40,PHC,1,-1
41,Random,-1,1
42,Random,-1,1
43,PHC,1,-1
44,Random,-1,1
45,PHC,1,-1
46,Random,-1,1
47,PHC,1,-1
48,PHC,1,-1
49,Random,-1,1
50,Random,-1,1
51,Random,-1,1
52,Random,-1,1
53,PHC,1,-1
54,Random,-1,1
55,Random,-1,1
56,PHC,1,-1
57,draw,0,0
58,PHC,1,-1
59,Random,-1,1
60,PHC,1,-1
61,PHC,1,-1
62,PHC,1,-1
63,Random,-1,1
64,PHC,1,-1
65,Random,-1,1
66,Random,-1,1
67,draw,0,0
68,draw,0,0
69,Random,-1,1
70,Random,-1,1
71,Random,-1,1
72,Random,-1,1
73,Random,-1,1
74,PHC,1,-1
75,PHC,1,-1
76,Random,-1,1
77,Random,-1,1
78,PHC,1,-1
79,Random,-1,1
80,Random,-1,1
81,Random,-1,1
82,Random,-1,1
83,Random,-1,1
84,PHC,1,-1
85,PHC,1,-1
86,PHC,1,-1
87,PHC,1,-1
88,Random,-1,1
89,Random,-1,1
90,Random,-1,1
91,Random,-1,1
92,Random,-1,1
93,draw,0,0
94,PHC,1,-1
95,Random,-1,1
96,Random,-1,1
97,PHC,1,-1
98,PHC,1,-1
99,Random,-1,1
100,Random,-1,1
101,Random,-1,1
102,PHC,1,-1
103,PHC,1,-1
104,Random,-1,1
105,PHC,1,-1
106,PHC,1,-1
107,Random,-1,1
108,Random,-1,1
109,draw,0,0
110,PHC,1,-1
111,PHC,1,-1
112,PHC,1,-1
113,Random,-1,1
114,Random,-1,1
115,Random,-1,1
116,PHC,1,-1
117,PHC,1,-1
118,PHC,1,-1
119,PHC,1,-1
120,Random,-1,1
121,PHC,1,-1
122,Random,-1,1
123,PHC,1,-1
124,Random,-1,1
125,PHC,1,-1
126,Random,-1,1
127,PHC,1,-1
128,Random,-1,1
129,Random,-1,1
130,PHC,1,-1
131,PHC,1,-1
132,draw,0,0
133,PHC,1,-1
134,PHC,1,-1
135,PHC,1,-1
136,PHC,1,-1
137,draw,0,0
138,PHC,1,-1
139,PHC,1,-1
140,PHC,1,-1
141,Random,-1,1
142,Random,-1,1
143,Random,-1,1
144,Random,-1,1
145,PHC,1,-1
146,PHC,1,-1
147,PHC,1,-1
148,PHC,1,-1
149,Random,-1,1
150,draw,0,0
151,PHC,1,-1
152,Random,-1,1
153,draw,0,0
154,Random,-1,1
155,Random,-1,1
156,PHC,1,-1
157,PHC,1,-1
158,Random,-1,1
159,Random,-1,1
160,Random,-1,1
161,PHC,1,-1
162,Random,-1,1
163,PHC,1,-1
164,PHC,1,-1
165,PHC,1,-1
166,Random,-1,1
167,draw,0,0
168,Random,-1,1
169,PHC,1,-1
170,PHC,1,-1
171,PHC,1,-1
172,PHC,1,-1
173,PHC,1,-1
174,Random,-1,1
175,PHC,1,-1
176,Random,-1,1
177,PHC,1,-1
178,Random,-1,1
179,Random,-1,1
180,PHC,1,-1
181,PHC,1,-1
182,Random,-1,1
183,Random,-1,1
184,PHC,1,-1
185,PHC,1,-1
186,Random,-1,1
187,Random,-1,1
188,PHC,1,-1
189,PHC,1,-1
190,PHC,1,-1
191,PHC,1,-1
192,Random,-1,1
193,PHC,1,-1
194,PHC,1,-1
195,Random,-1,1
196,Random,-1,1
197,Random,-1,1
198,PHC,1,-1
199,Random,-1,1
200,Random,-1,1
201,PHC,1,-1
202,Random,-1,1
203,Random,-1,1
204,Random,-1,1
205,Random,-1,1
206,Random,-1,1
207,Random,-1,1
208,PHC,1,-1
209,PHC,1,-1
210,Random,-1,1
211,Random,-1,1
212,Random,-1,1
213,Random,-1,1
214,PHC,1,-1
215,Random,-1,1
216,PHC,1,-1
217,Random,-1,1
218,Random,-1,1
219,PHC,1,-1
220,PHC,1,-1
221,PHC,1,-1
222,PHC,1,-1
223,PHC,1,-1
224,Random,-1,1
225,PHC,1,-1
226,Random,-1,1
227,PHC,1,-1
228,Random,-1,1
229,Random,-1,1
230,Random,-1,1
231,Random,-1,1
232,draw,0,0
233,PHC,1,-1
234,Random,-1,1
235,Random,-1,1
236,Random,-1,1
237,PHC,1,-1
238,PHC,1,-1
239,draw,0,0
240,PHC,1,-1
241,Random,-1,1
242,PHC,1,-1
243,PHC,1,-1
244,Random,-1,1
245,Random,-1,1
246,Random,-1,1
247,PHC,1,-1
248,PHC,1,-1
249,Random,-1,1
250,Random,-1,1
251,Random,-1,1
252,PHC,1,-1
253,PHC,1,-1
254,Random,-1,1
255,PHC,1,-1
256,PHC,1,-1
257,Random,-1,1
258,PHC,1,-1
259,Random,-1,1
260,Random,-1,1
261,Random,-1,1
262,Random,-1,1
263,Random,-1,1
264,PHC,1,-1
265,PHC,1,-1
266,PHC,1,-1
267,PHC,1,-1
268,PHC,1,-1
269,Random,-1,1
270,Random,-1,1
271,Random,-1,1
272,PHC,1,-1
273,PHC,1,-1
274,PHC,1,-1
275,PHC,1,-1
276,Random,-1,1
277,Random,-1,1
278,PHC,1,-1
279,PHC,1,-1
280,Random,-1,1
281,PHC,1,-1
282,PHC,1,-1
283,PHC,1,-1
284,PHC,1,-1
285,Random,-1,1
286,PHC,1,-1
287,Random,-1,1
288,PHC,1,-1
289,PHC,1,-1
290,PHC,1,-1
291,Random,-1,1
292,PHC,1,-1
293,PHC,1,-1
294,PHC,1,-1
295,PHC,1,-1
296,Random,-1,1
297,Random,-1,1
298,Random,-1,1
299,PHC,1,-1
300,PHC,1,-1
301,Random,-1,1
302,draw,0,0
303,Random,-1,1
304,Random,-1,1
305,PHC,1,-1
306,PHC,1,-1
307,PHC,1,-1
308,draw,0,0
309,Random,-1,1
310,Random,-1,1
311,PHC,1,-1
312,draw,0,0
313,PHC,1,-1
314,PHC,1,-1
315,PHC,1,-1
316,PHC,1,-1
317,Random,-1,1
318,Random,-1,1
319,PHC,1,-1
320,PHC,1,-1
321,PHC,1,-1
322,PHC,1,-1
323,PHC,1,-1
324,Random,-1,1
325,PHC,1,-1
326,PHC,1,-1
327,Random,-1,1
328,Random,-1,1
329,Random,-1,1
330,PHC,1,-1
331,Random,-1,1
332,Random,-1,1
333,PHC,1,-1
334,Random,-1,1
335,PHC,1,-1
336,Random,-1,1
337,Random,-1,1
338,Random,-1,1
339,PHC,1,-1
340,PHC,1,-1
341,PHC,1,-1
342,PHC,1,-1
343,PHC,1,-1
344,PHC,1,-1
345,Random,-1,1
346,draw,0,0
347,Random,-1,1
348,Random,-1,1
349,Random,-1,1
350,PHC,1,-1
351,Random,-1,1
352,Random,-1,1
353,Random,-1,1
354,PHC,1,-1
355,PHC,1,-1
356,Random,-1,1
357,Random,-1,1
358,PHC,1,-1
359,PHC,1,-1
360,Random,-1,1
361,Random,-1,1
362,PHC,1,-1
363,Random,-1,1
364,PHC,1,-1
365,PHC,1,-1
366,PHC,1,-1
367,Random,-1,1
368,PHC,1,-1
369,PHC,1,-1
370,Random,-1,1
371,PHC,1,-1
372,PHC,1,-1
373,PHC,1,-1
374,draw,0,0
375,PHC,1,-1
376,PHC,1,-1
377,PHC,1,-1
378,Random,-1,1
379,Random,-1,1
380,PHC,1,-1
381,PHC,1,-1
382,Random,-1,1
383,Random,-1,1
384,Random,-1,1
385,PHC,1,-1
386,Random,-1,1
387,Random,-1,1
388,PHC,1,-1
389,Random,-1,1
390,PHC,1,-1
391,PHC,1,-1
392,PHC,1,-1
393,Random,-1,1
394,PHC,1,-1
395,Random,-1,1
396,Random,-1,1
397,Random,-1,1
398,PHC,1,-1
399,Random,-1,1
400,PHC,1,-1
401,PHC,1,-1
402,PHC,1,-1
403,Random,-1,1
404,PHC,1,-1
405,Random,-1,1
406,Random,-1,1
407,draw,0,0
408,Random,-1,1
409,Random,-1,1
410,PHC,1,-1
411,PHC,1,-1
412,Random,-1,1
413,PHC,1,-1
414,PHC,1,-1
415,Random,-1,1
416,PHC,1,-1
417,PHC,1,-1
418,PHC,1,-1
419,Random,-1,1
420,PHC,1,-1
421,PHC,1,-1
422,PHC,1,-1
423,Random,-1,1
424,PHC,1,-1
425,PHC,1,-1
426,Random,-1,1
427,PHC,1,-1
428,PHC,1,-1
429,PHC,1,-1
430,PHC,1,-1
431,Random,-1,1
432,Random,-1,1
433,PHC,1,-1
434,Random,-1,1
435,PHC,1,-1
436,Random,-1,1
437,PHC,1,-1
438,Random,-1,1
439,PHC,1,-1
440,PHC,1,-1
441,PHC,1,-1
442,Random,-1,1
443,Random,-1,1
444,draw,0,0
445,Random,-1,1
446,PHC,1,-1
447,Random,-1,1
448,PHC,1,-1
449,Random,-1,1
450,PHC,1,-1
451,PHC,1,-1
452,Random,-1,1
453,PHC,1,-1
454,Random,-1,1
455,Random,-1,1
456,Random,-1,1
457,PHC,1,-1
458,Random,-1,1
459,Random,-1,1
460,Random,-1,1
461,PHC,1,-1
462,PHC,1,-1
463,PHC,1,-1
464,PHC,1,-1
465,PHC,1,-1
466,PHC,1,-1
467,PHC,1,-1
468,Random,-1,1
469,Random,-1,1
470,Random,-1,1
471,Random,-1,1
472,PHC,1,-1
473,PHC,1,-1
474,PHC,1,-1
475,PHC,1,-1
476,PHC,1,-1
477,Random,-1,1
478,Random,-1,1
479,Random,-1,1
480,PHC,1,-1
481,PHC,1,-1
482,PHC,1,-1
483,PHC,1,-1
484,PHC,1,-1
485,Random,-1,1
486,PHC,1,-1
487,PHC,1,-1
488,PHC,1,-1
489,Random,-1,1
490,Random,-1,1
491,PHC,1,-1
492,Random,-1,1
493,Random,-1,1
494,PHC,1,-1
495,PHC,1,-1
496,Random,-1,1
497,PHC,1,-1
498,Random,-1,1
499,PHC,1,-1
500,PHC,1,-1
501,PHC,1,-1
502,Random,-1,1
503,PHC,1,-1
504,PHC,1,-1
505,PHC,1,-1
506,Random,-1,1
507,PHC,1,-1
508,PHC,1,-1
509,PHC,1,-1
510,Random,-1,1
511,PHC,1,-1
512,PHC,1,-1
513,PHC,1,-1
514,Random,-1,1
515,PHC,1,-1
516,PHC,1,-1
517,PHC,1,-1
518,PHC,1,-1
519,PHC,1,-1
520,PHC,1,-1
521,Random,-1,1
522,Random,-1,1
523,PHC,1,-1
524,PHC,1,-1
525,PHC,1,-1
526,PHC,1,-1
527,PHC,1,-1
528,PHC,1,-1
529,Random,-1,1
530,PHC,1,-1
531,Random,-1,1
532,PHC,1,-1
533,PHC,1,-1
534,Random,-1,1
535,PHC,1,-1
536,PHC,1,-1
537,draw,0,0
538,PHC,1,-1
539,PHC,1,-1
540,Random,-1,1
541,Random,-1,1
542,PHC,1,-1
543,Random,-1,1
544,Random,-1,1
545,Random,-1,1
546,PHC,1,-1
547,PHC,1,-1
548,PHC,1,-1
549,PHC,1,-1
550,PHC,1,-1
551,Random,-1,1
552,PHC,1,-1
553,PHC,1,-1
554,PHC,1,-1
555,PHC,1,-1
556,Random,-1,1
557,Random,-1,1
558,Random,-1,1
559,PHC,1,-1
560,PHC,1,-1
561,Random,-1,1
562,Random,-1,1
563,PHC,1,-1
564,Random,-1,1
565,Random,-1,1
566,PHC,1,-1
567,PHC,1,-1
568,PHC,1,-1
569,PHC,1,-1
570,PHC,1,-1
571,Random,-1,1
572,Random,-1,1
573,PHC,1,-1
574,PHC,1,-1
575,PHC,1,-1
576,PHC,1,-1
577,PHC,1,-1
578,PHC,1,-1
579,Random,-1,1
580,PHC,1,-1
581,Random,-1,1
582,Random,-1,1
583,Random,-1,1
584,PHC,1,-1
585,PHC,1,-1
586,draw,0,0
587,PHC,1,-1
588,Random,-1,1
589,PHC,1,-1
590,PHC,1,-1
591,Random,-1,1
592,PHC,1,-1
593,PHC,1,-1
594,PHC,1,-1
595,PHC,1,-1
596,PHC,1,-1
597,Random,-1,1
598,Random,-1,1
599,PHC,1,-1
600,PHC,1,-1
601,Random,-1,1
602,Random,-1,1
603,PHC,1,-1
604,PHC,1,-1
605,PHC,1,-1
606,PHC,1,-1
607,Random,-1,1
608,PHC,1,-1
609,PHC,1,-1
610,PHC,1,-1
611,PHC,1,-1
612,PHC,1,-1
613,Random,-1,1
614,PHC,1,-1
615,Random,-1,1
616,Random,-1,1
617,PHC,1,-1
618,PHC,1,-1
619,PHC,1,-1
620,PHC,1,-1
621,PHC,1,-1
622,draw,0,0
623,PHC,1,-1
624,Random,-1,1
625,PHC,1,-1
626,Random,-1,1
627,PHC,1,-1
628,PHC,1,-1
629,Random,-1,1
630,PHC,1,-1
631,Random,-1,1
632,PHC,1,-1
633,Random,-1,1
634,PHC,1,-1
635,PHC,1,-1
636,Random,-1,1
637,PHC,1,-1
638,Random,-1,1
639,PHC,1,-1
640,PHC,1,-1
641,PHC,1,-1
642,Random,-1,1
643,PHC,1,-1
644,PHC,1,-1
645,Random,-1,1
646,Random,-1,1
647,PHC,1,-1
648,Random,-1,1
649,PHC,1,-1
650,PHC,1,-1
651,PHC,1,-1
652,PHC,1,-1
653,PHC,1,-1
654,Random,-1,1
655,Random,-1,1
656,Random,-1,1
657,PHC,1,-1
658,PHC,1,-1
659,PHC,1,-1
660,PHC,1,-1
661,PHC,1,-1
662,PHC,1,-1
663,Random,-1,1
664,PHC,1,-1
665,PHC,1,-1
666,PHC,1,-1
667,PHC,1,-1
668,Random,-1,1
669,PHC,1,-1
670,Random,-1,1
671,PHC,1,-1
672,Random,-1,1
673,PHC,1,-1
674,Random,-1,1
675,Random,-1,1
676,PHC,1,-1
677,PHC,1,-1
678,PHC,1,-1
679,PHC,1,-1
680,PHC,1,-1
681,PHC,1,-1
682,Random,-1,1
683,PHC,1,-1
684,Random,-1,1
685,Random,-1,1
686,PHC,1,-1
687,Random,-1,1
688,Random,-1,1
689,Random,-1,1
690,Random,-1,1
691,Random,-1,1
692,PHC,1,-1
693,PHC,1,-1
694,PHC,1,-1
695,PHC,1,-1
696,PHC,1,-1
697,Random,-1,1
698,PHC,1,-1
699,PHC,1,-1
700,PHC,1,-1
701,Random,-1,1
702,PHC,1,-1
703,Random,-1,1
704,PHC,1,-1
705,Random,-1,1
706,PHC,1,-1
707,PHC,1,-1
708,Random,-1,1
709,Random,-1,1
710,Random,-1,1
711,PHC,1,-1
712,Random,-1,1
713,Random,-1,1
714,Random,-1,1
715,Random,-1,1
716,Random,-1,1
717,PHC,1,-1
718,PHC,1,-1
719,Random,-1,1
720,PHC,1,-1
721,PHC,1,-1
722,PHC,1,-1
723,PHC,1,-1
724,PHC,1,-1
725,Random,-1,1
726,Random,-1,1
727,Random,-1,1
728,PHC,1,-1
729,Random,-1,1
730,Random,-1,1
731,PHC,1,-1
732,PHC,1,-1
733,PHC,1,-1
734,PHC,1,-1
735,Random,-1,1
736,Random,-1,1
737,PHC,1,-1
738,Random,-1,1
739,PHC,1,-1
740,Random,-1,1
741,PHC,1,-1
742,PHC,1,-1
743,PHC,1,-1
744,Random,-1,1
745,PHC,1,-1
746,PHC,1,-1
747,PHC,1,-1
748,Random,-1,1
749,PHC,1,-1
750,PHC,1,-1
751,Random,-1,1
752,Random,-1,1
753,PHC,1,-1
754,PHC,1,-1
755,Random,-1,1
756,PHC,1,-1
757,PHC,1,-1
758,PHC,1,-1
759,PHC,1,-1
760,Random,-1,1
761,Random,-1,1
762,PHC,1,-1
763,Random,-1,1
764,Random,-1,1
765,PHC,1,-1
766,Random,-1,1
767,PHC,1,-1
768,Random,-1,1
769,PHC,1,-1
770,Random,-1,1
771,Random,-1,1
772,PHC,1,-1
773,PHC,1,-1
774,PHC,1,-1
775,PHC,1,-1
776,Random,-1,1
777,PHC,1,-1
778,PHC,1,-1
779,PHC,1,-1
780,Random,-1,1
781,PHC,1,-1
782,PHC,1,-1
783,PHC,1,-1
784,PHC,1,-1
785,PHC,1,-1
786,PHC,1,-1
787,PHC,1,-1
788,PHC,1,-1
789,PHC,1,-1
790,PHC,1,-1
791,PHC,1,-1
792,PHC,1,-1
793,PHC,1,-1
794,PHC,1,-1
795,PHC,1,-1
796,Random,-1,1
797,Random,-1,1
798,PHC,1,-1
799,PHC,1,-1
800,PHC,1,-1
801,Random,-1,1
802,PHC,1,-1
803,PHC,1,-1
804,Random,-1,1
805,PHC,1,-1
806,PHC,1,-1
807,PHC,1,-1
808,PHC,1,-1
809,Random,-1,1
810,Random,-1,1
811,PHC,1,-1
812,Random,-1,1
813,Random,-1,1
814,PHC,1,-1
815,Random,-1,1
816,PHC,1,-1
817,PHC,1,-1
818,PHC,1,-1
819,Random,-1,1
820,Random,-1,1
821,PHC,1,-1
822,PHC,1,-1
823,PHC,1,-1
824,PHC,1,-1
825,PHC,1,-1
826,Random,-1,1
827,PHC,1,-1
828,Random,-1,1
829,PHC,1,-1
830,PHC,1,-1
831,PHC,1,-1
832,Random,-1,1
833,Random,-1,1
834,PHC,1,-1
835,draw,0,0
836,PHC,1,-1
837,PHC,1,-1
838,PHC,1,-1
839,PHC,1,-1
840,Random,-1,1
841,PHC,1,-1
842,Random,-1,1
843,PHC,1,-1
844,PHC,1,-1
845,Random,-1,1
846,PHC,1,-1
847,PHC,1,-1
848,PHC,1,-1
849,PHC,1,-1
850,PHC,1,-1
851,Random,-1,1
852,Random,-1,1
853,PHC,1,-1
854,PHC,1,-1
855,PHC,1,-1
856,PHC,1,-1
857,PHC,1,-1
858,Random,-1,1
859,PHC,1,-1
860,PHC,1,-1
861,PHC,1,-1
862,PHC,1,-1
863,PHC,1,-1
864,PHC,1,-1
865,PHC,1,-1
866,PHC,1,-1
867,PHC,1,-1
868,PHC,1,-1
869,Random,-1,1
870,Random,-1,1
871,PHC,1,-1
872,PHC,1,-1
873,PHC,1,-1
874,PHC,1,-1
875,Random,-1,1
876,PHC,1,-1
877,PHC,1,-1
878,PHC,1,-1
879,PHC,1,-1
880,PHC,1,-1
881,PHC,1,-1
882,PHC,1,-1
883,PHC,1,-1
884,PHC,1,-1
885,PHC,1,-1
886,Random,-1,1
887,PHC,1,-1
888,PHC,1,-1
889,PHC,1,-1
890,PHC,1,-1
891,PHC,1,-1
892,PHC,1,-1
893,Random,-1,1
894,PHC,1,-1
895,PHC,1,-1
896,PHC,1,-1
897,PHC,1,-1
898,PHC,1,-1
899,PHC,1,-1
900,PHC,1,-1
901,PHC,1,-1
902,Random,-1,1
903,Random,-1,1
904,PHC,1,-1
905,PHC,1,-1
906,Random,-1,1
907,PHC,1,-1
908,PHC,1,-1
909,PHC,1,-1
910,PHC,1,-1
911,PHC,1,-1
912,PHC,1,-1
913,PHC,1,-1
914,PHC,1,-1
915,PHC,1,-1
916,Random,-1,1
917,PHC,1,-1
918,Random,-1,1
919,Random,-1,1
920,PHC,1,-1
921,PHC,1,-1
922,PHC,1,-1
923,Random,-1,1
924,PHC,1,-1
925,PHC,1,-1
926,PHC,1,-1
927,PHC,1,-1
928,PHC,1,-1
929,PHC,1,-1
930,PHC,1,-1
931,Random,-1,1
932,PHC,1,-1
933,Random,-1,1
934,PHC,1,-1
935,PHC,1,-1
936,PHC,1,-1
937,PHC,1,-1
938,Random,-1,1
939,PHC,1,-1
940,PHC,1,-1
941,Random,-1,1
942,Random,-1,1
943,PHC,1,-1
944,Random,-1,1
945,Random,-1,1
946,PHC,1,-1
947,PHC,1,-1
948,PHC,1,-1
949,PHC,1,-1
950,PHC,1,-1
951,PHC,1,-1
952,PHC,1,-1
953,PHC,1,-1
954,PHC,1,-1
955,PHC,1,-1
956,PHC,1,-1
957,PHC,1,-1
958,PHC,1,-1
959,PHC,1,-1
960,PHC,1,-1
961,Random,-1,1
962,PHC,1,-1
963,Random,-1,1
964,Random,-1,1
965,PHC,1,-1
966,Random,-1,1
967,PHC,1,-1
968,PHC,1,-1
969,PHC,1,-1
970,Random,-1,1
971,PHC,1,-1
972,Random,-1,1
973,Random,-1,1
974,PHC,1,-1
975,PHC,1,-1
976,Random,-1,1
977,Random,-1,1
978,PHC,1,-1
979,PHC,1,-1
980,PHC,1,-1
981,PHC,1,-1
982,Random,-1,1
983,PHC,1,-1
984,Random,-1,1
985,Random,-1,1
986,Random,-1,1
987,PHC,1,-1
988,Random,-1,1
989,PHC,1,-1
990,Random,-1,1
991,PHC,1,-1
992,PHC,1,-1
993,PHC,1,-1
994,Random,-1,1
995,PHC,1,-1
996,PHC,1,-1
997,PHC,1,-1
998,Random,-1,1
999,PHC,1,-1
1000,PHC,1,-1
1001,Random,-1,1
1002,PHC,1,-1
1003,Random,-1,1
1004,Random,-1,1
1005,PHC,1,-1
1006,Random,-1,1
1007,PHC,1,-1
1008,PHC,1,-1
1009,PHC,1,-1
1010,PHC,1,-1
1011,PHC,1,-1
1012,Random,-1,1
1013,Random,-1,1
1014,Random,-1,1
1015,PHC,1,-1
1016,PHC,1,-1
1017,Random,-1,1
1018,PHC,1,-1
1019,PHC,1,-1
1020,PHC,1,-1
1021,PHC,1,-1
1022,PHC,1,-1
1023,PHC,1,-1
1024,Random,-1,1
1025,Random,-1,1
1026,Random,-1,1
1027,PHC,1,-1
1028,Random,-1,1
1029,Random,-1,1
1030,PHC,1,-1
1031,PHC,1,-1
1032,Random,-1,1
1033,PHC,1,-1
1034,Random,-1,1
1035,PHC,1,-1
1036,PHC,1,-1
1037,Random,-1,1
1038,draw,0,0
1039,PHC,1,-1
1040,Random,-1,1
1041,Random,-1,1
1042,PHC,1,-1
1043,Random,-1,1
1044,PHC,1,-1
1045,Random,-1,1
1046,PHC,1,-1
1047,PHC,1,-1
1048,PHC,1,-1
1049,PHC,1,-1
1050,Random,-1,1
1051,PHC,1,-1
1052,PHC,1,-1
1053,PHC,1,-1
1054,Random,-1,1
1055,PHC,1,-1
1056,Random,-1,1
1057,PHC,1,-1
1058,PHC,1,-1
1059,PHC,1,-1
1060,PHC,1,-1
1061,Random,-1,1
1062,Random,-1,1
1063,PHC,1,-1
1064,PHC,1,-1
1065,PHC,1,-1
1066,PHC,1,-1
1067,PHC,1,-1
1068,PHC,1,-1
1069,Random,-1,1
1070,PHC,1,-1
1071,Random,-1,1
1072,PHC,1,-1
1073,PHC,1,-1
1074,PHC,1,-1
1075,PHC,1,-1
1076,PHC,1,-1
1077,PHC,1,-1
1078,PHC,1,-1
1079,PHC,1,-1
1080,Random,-1,1
1081,PHC,1,-1
1082,PHC,1,-1
1083,Random,-1,1
1084,Random,-1,1
1085,PHC,1,-1
1086,PHC,1,-1
1087,PHC,1,-1
1088,Random,-1,1
1089,Random,-1,1
1090,Random,-1,1
1091,PHC,1,-1
1092,PHC,1,-1
1093,PHC,1,-1
1094,PHC,1,-1
1095,Random,-1,1
1096,PHC,1,-1
1097,PHC,1,-1
1098,PHC,1,-1
1099,Random,-1,1
1100,Random,-1,1
1101,PHC,1,-1
1102,PHC,1,-1
1103,PHC,1,-1
1104,Random,-1,1
1105,Random,-1,1
1106,PHC,1,-1
1107,Random,-1,1
1108,Random,-1,1
1109,PHC,1,-1
1110,PHC,1,-1
1111,PHC,1,-1
1112,PHC,1,-1
1113,PHC,1,-1
1114,Random,-1,1
1115,PHC,1,-1
1116,PHC,1,-1
1117,PHC,1,-1
1118,PHC,1,-1
1119,PHC,1,-1
1120,PHC,1,-1
1121,Random,-1,1
1122,PHC,1,-1
1123,PHC,1,-1
1124,Random,-1,1
1125,PHC,1,-1
1126,Random,-1,1
1127,PHC,1,-1
1128,Random,-1,1
1129,PHC,1,-1
1130,PHC,1,-1
1131,PHC,1,-1
1132,Random,-1,1
1133,PHC,1,-1
1134,PHC,1,-1
1135,PHC,1,-1
1136,PHC,1,-1
1137,PHC,1,-1
1138,Random,-1,1
1139,PHC,1,-1
1140,PHC,1,-1
1141,PHC,1,-1
1142,PHC,1,-1
1143,PHC,1,-1
1144,PHC,1,-1
1145,PHC,1,-1
1146,Random,-1,1
1147,PHC,1,-1
1148,PHC,1,-1
1149,PHC,1,-1
1150,PHC,1,-1
1151,Random,-1,1
1152,PHC,1,-1
1153,PHC,1,-1
1154,PHC,1,-1
1155,PHC,1,-1
1156,PHC,1,-1
1157,PHC,1,-1
1158,Random,-1,1
1159,Random,-1,1
1160,Random,-1,1
1161,PHC,1,-1
1162,PHC,1,-1
1163,Random,-1,1
1164,PHC,1,-1
1165,PHC,1,-1
1166,Random,-1,1
1167,Random,-1,1
1168,Random,-1,1
1169,PHC,1,-1
1170,PHC,1,-1
1171,Random,-1,1
1172,PHC,1,-1
1173,Random,-1,1
1174,Random,-1,1
1175,Random,-1,1
1176,PHC,1,-1
1177,PHC,1,-1
1178,Random,-1,1
1179,PHC,1,-1
1180,PHC,1,-1
1181,PHC,1,-1
1182,PHC,1,-1
1183,PHC,1,-1
1184,Random,-1,1
1185,PHC,1,-1
1186,PHC,1,-1
1187,PHC,1,-1
1188,PHC,1,-1
1189,PHC,1,-1
1190,PHC,1,-1
1191,Random,-1,1
1192,PHC,1,-1
1193,Random,-1,1
1194,Random,-1,1
1195,PHC,1,-1
1196,Random,-1,1
1197,PHC,1,-1
1198,PHC,1,-1
1199,Random,-1,1
1200,PHC,1,-1
1201,Random,-1,1
1202,PHC,1,-1
1203,Random,-1,1
1204,PHC,1,-1
1205,PHC,1,-1
1206,PHC,1,-1
1207,PHC,1,-1
1208,Random,-1,1
1209,PHC,1,-1
1210,PHC,1,-1
1211,Random,-1,1
1212,PHC,1,-1
1213,PHC,1,-1
1214,PHC,1,-1
1215,Random,-1,1
1216,PHC,1,-1
1217,PHC,1,-1
1218,PHC,1,-1
1219,PHC,1,-1
1220,Random,-1,1
1221,PHC,1,-1
1222,PHC,1,-1
1223,PHC,1,-1
1224,Random,-1,1
1225,PHC,1,-1
1226,Random,-1,1
1227,PHC,1,-1
1228,Random,-1,1
1229,PHC,1,-1
1230,PHC,1,-1
1231,Random,-1,1
1232,PHC,1,-1
1233,Random,-1,1
1234,PHC,1,-1
1235,Random,-1,1
1236,PHC,1,-1
1237,PHC,1,-1
1238,Random,-1,1
1239,Random,-1,1
1240,PHC,1,-1
1241,Random,-1,1
1242,PHC,1,-1
1243,PHC,1,-1
1244,PHC,1,-1
1245,Random,-1,1
1246,PHC,1,-1
1247,PHC,1,-1
1248,PHC,1,-1
1249,PHC,1,-1
1250,PHC,1,-1
1251,Random,-1,1
1252,PHC,1,-1
1253,PHC,1,-1
1254,PHC,1,-1
1255,PHC,1,-1
1256,Random,-1,1
1257,Random,-1,1
1258,Random,-1,1
1259,Random,-1,1
1260,PHC,1,-1
1261,PHC,1,-1
1262,PHC,1,-1
1263,PHC,1,-1
1264,Random,-1,1
1265,PHC,1,-1
1266,PHC,1,-1
1267,PHC,1,-1
1268,PHC,1,-1
1269,Random,-1,1
1270,PHC,1,-1
1271,Random,-1,1
1272,Random,-1,1
1273,PHC,1,-1
1274,PHC,1,-1
1275,PHC,1,-1
1276,PHC,1,-1
1277,PHC,1,-1
1278,PHC,1,-1
1279,Random,-1,1
1280,PHC,1,-1
1281,PHC,1,-1
1282,PHC,1,-1
1283,Random,-1,1
1284,PHC,1,-1
1285,PHC,1,-1
1286,Random,-1,1
1287,Random,-1,1
1288,PHC,1,-1
1289,draw,0,0
1290,PHC,1,-1
1291,Random,-1,1
1292,Random,-1,1
1293,PHC,1,-1
1294,Random,-1,1
1295,PHC,1,-1
1296,PHC,1,-1
1297,PHC,1,-1
1298,PHC,1,-1
1299,Random,-1,1
1300,PHC,1,-1
1301,Random,-1,1
1302,Random,-1,1
1303,PHC,1,-1
1304,PHC,1,-1
1305,Random,-1,1
1306,PHC,1,-1
1307,PHC,1,-1
1308,PHC,1,-1
1309,PHC,1,-1
1310,PHC,1,-1
1311,PHC,1,-1
1312,Random,-1,1
1313,PHC,1,-1
1314,PHC,1,-1
1315,PHC,1,-1
1316,PHC,1,-1
1317,PHC,1,-1
1318,PHC,1,-1
1319,PHC,1,-1
1320,PHC,1,-1
1321,Random,-1,1
1322,Random,-1,1
1323,PHC,1,-1
1324,PHC,1,-1
1325,PHC,1,-1
1326,PHC,1,-1
1327,Random,-1,1
1328,Random,-1,1
1329,Random,-1,1
1330,PHC,1,-1
1331,PHC,1,-1
1332,Random,-1,1
1333,PHC,1,-1
1334,Random,-1,1
1335,PHC,1,-1
1336,PHC,1,-1
1337,PHC,1,-1
1338,Random,-1,1
1339,PHC,1,-1
1340,Random,-1,1
1341,PHC,1,-1
1342,Random,-1,1
1343,PHC,1,-1
1344,PHC,1,-1
1345,PHC,1,-1
1346,PHC,1,-1
1347,Random,-1,1
1348,PHC,1,-1
1349,PHC,1,-1
1350,Random,-1,1
1351,Random,-1,1
1352,PHC,1,-1
1353,PHC,1,-1
1354,Random,-1,1
1355,Random,-1,1
1356,PHC,1,-1
1357,PHC,1,-1
1358,PHC,1,-1
1359,PHC,1,-1
1360,Random,-1,1
1361,Random,-1,1
1362,Random,-1,1
1363,PHC,1,-1
1364,PHC,1,-1
1365,PHC,1,-1
1366,PHC,1,-1
1367,Random,-1,1
1368,Random,-1,1
1369,PHC,1,-1
1370,PHC,1,-1
1371,PHC,1,-1
1372,PHC,1,-1
1373,PHC,1,-1
1374,PHC,1,-1
1375,PHC,1,-1
1376,PHC,1,-1
1377,PHC,1,-1
1378,Random,-1,1
1379,PHC,1,-1
1380,PHC,1,-1
1381,Random,-1,1
1382,PHC,1,-1
1383,PHC,1,-1
1384,Random,-1,1
1385,PHC,1,-1
1386,PHC,1,-1
1387,PHC,1,-1
1388,Random,-1,1
1389,PHC,1,-1
1390,PHC,1,-1
1391,PHC,1,-1
1392,Random,-1,1
1393,PHC,1,-1
1394,PHC,1,-1
1395,PHC,1,-1
1396,PHC,1,-1
1397,PHC,1,-1
1398,PHC,1,-1
1399,Random,-1,1
1400,PHC,1,-1
1401,PHC,1,-1
1402,Random,-1,1
1403,PHC,1,-1
1404,PHC,1,-1
1405,PHC,1,-1
1406,PHC,1,-1
1407,PHC,1,-1
1408,PHC,1,-1
1409,PHC,1,-1
1410,PHC,1,-1
1411,Random,-1,1
1412,Random,-1,1
1413,Random,-1,1
1414,PHC,1,-1
1415,Random,-1,1
1416,PHC,1,-1
1417,Random,-1,1
1418,PHC,1,-1
1419,Random,-1,1
1420,PHC,1,-1
1421,Random,-1,1
1422,PHC,1,-1
1423,PHC,1,-1
1424,Random,-1,1
1425,PHC,1,-1
1426,PHC,1,-1
1427,PHC,1,-1
1428,PHC,1,-1
1429,PHC,1,-1
1430,PHC,1,-1
1431,PHC,1,-1
1432,PHC,1,-1
1433,PHC,1,-1
1434,PHC,1,-1
1435,PHC,1,-1
1436,Random,-1,1
1437,Random,-1,1
1438,PHC,1,-1
1439,PHC,1,-1
1440,PHC,1,-1
1441,PHC,1,-1
1442,PHC,1,-1
1443,Random,-1,1
1444,Random,-1,1
1445,Random,-1,1
1446,Random,-1,1
1447,PHC,1,-1
1448,PHC,1,-1
1449,PHC,1,-1
1450,PHC,1,-1
1451,Random,-1,1
1452,PHC,1,-1
1453,Random,-1,1
1454,PHC,1,-1
1455,PHC,1,-1
1456,Random,-1,1
1457,Random,-1,1
1458,Random,-1,1
1459,PHC,1,-1
1460,PHC,1,-1
1461,PHC,1,-1
1462,PHC,1,-1
1463,Random,-1,1
1464,PHC,1,-1
1465,Random,-1,1
1466,PHC,1,-1
1467,PHC,1,-1
1468,Random,-1,1
1469,Random,-1,1
1470,PHC,1,-1
1471,PHC,1,-1
1472,Random,-1,1
1473,PHC,1,-1
1474,PHC,1,-1
1475,PHC,1,-1
1476,PHC,1,-1
1477,PHC,1,-1
1478,PHC,1,-1
1479,PHC,1,-1
1480,PHC,1,-1
1481,PHC,1,-1
1482,PHC,1,-1
1483,PHC,1,-1
1484,PHC,1,-1
1485,PHC,1,-1
1486,PHC,1,-1
1487,Random,-1,1
1488,PHC,1,-1
1489,PHC,1,-1
1490,PHC,1,-1
1491,PHC,1,-1
1492,Random,-1,1
1493,PHC,1,-1
1494,PHC,1,-1
1495,PHC,1,-1
1496,Random,-1,1
1497,PHC,1,-1
1498,PHC,1,-1
1499,PHC,1,-1
1500,PHC,1,-1
1501,PHC,1,-1
1502,Random,-1,1
1503,PHC,1,-1
1504,PHC,1,-1
1505,PHC,1,-1
1506,Random,-1,1
1507,PHC,1,-1
1508,Random,-1,1
1509,PHC,1,-1
1510,Random,-1,1
1511,PHC,1,-1
1512,Random,-1,1
1513,PHC,1,-1
1514,PHC,1,-1
1515,PHC,1,-1
1516,draw,0,0
1517,PHC,1,-1
1518,PHC,1,-1
1519,PHC,1,-1
1520,PHC,1,-1
1521,Random,-1,1
1522,PHC,1,-1
1523,PHC,1,-1
1524,PHC,1,-1
1525,Random,-1,1
1526,PHC,1,-1
1527,PHC,1,-1
1528,PHC,1,-1
1529,PHC,1,-1
1530,PHC,1,-1
1531,PHC,1,-1
1532,PHC,1,-1
1533,PHC,1,-1
1534,PHC,1,-1
1535,Random,-1,1
1536,PHC,1,-1
1537,PHC,1,-1
1538,Random,-1,1
1539,PHC,1,-1
1540,PHC,1,-1
1541,PHC,1,-1
1542,PHC,1,-1
1543,PHC,1,-1
1544,Random,-1,1
1545,Random,-1,1
1546,PHC,1,-1
1547,PHC,1,-1
1548,PHC,1,-1
1549,Random,-1,1
1550,Random,-1,1
1551,PHC,1,-1
1552,Random,-1,1
1553,Random,-1,1
1554,PHC,1,-1
1555,PHC,1,-1
1556,Random,-1,1
1557,Random,-1,1
1558,Random,-1,1
1559,PHC,1,-1
1560,PHC,1,-1
1561,PHC,1,-1
1562,PHC,1,-1
1563,Random,-1,1
1564,PHC,1,-1
1565,PHC,1,-1
1566,PHC,1,-1
1567,PHC,1,-1
1568,PHC,1,-1
1569,Random,-1,1
1570,PHC,1,-1
1571,Random,-1,1
1572,PHC,1,-1
1573,Random,-1,1
1574,PHC,1,-1
1575,PHC,1,-1
1576,PHC,1,-1
1577,PHC,1,-1
1578,PHC,1,-1
1579,PHC,1,-1
1580,PHC,1,-1
1581,PHC,1,-1
1582,Random,-1,1
1583,Random,-1,1
1584,Random,-1,1
1585,Random,-1,1
1586,Random,-1,1
1587,PHC,1,-1
1588,PHC,1,-1
1589,Random,-1,1
1590,Random,-1,1
1591,PHC,1,-1
1592,PHC,1,-1
1593,Random,-1,1
1594,PHC,1,-1
1595,PHC,1,-1
1596,Random,-1,1
1597,PHC,1,-1
1598,PHC,1,-1
1599,PHC,1,-1
1600,PHC,1,-1
1601,Random,-1,1
1602,PHC,1,-1
1603,Random,-1,1
1604,PHC,1,-1
1605,PHC,1,-1
1606,PHC,1,-1
1607,PHC,1,-1
1608,PHC,1,-1
1609,PHC,1,-1
1610,PHC,1,-1
1611,Random,-1,1
1612,PHC,1,-1
1613,Random,-1,1
1614,PHC,1,-1
1615,PHC,1,-1
1616,PHC,1,-1
1617,PHC,1,-1
1618,PHC,1,-1
1619,Random,-1,1
1620,PHC,1,-1
1621,PHC,1,-1
1622,PHC,1,-1
1623,PHC,1,-1
1624,Random,-1,1
1625,PHC,1,-1
1626,PHC,1,-1
1627,PHC,1,-1
1628,PHC,1,-1
1629,PHC,1,-1
1630,PHC,1,-1
1631,Random,-1,1
1632,PHC,1,-1
1633,PHC,1,-1
1634,PHC,1,-1
1635,PHC,1,-1
1636,PHC,1,-1
1637,PHC,1,-1
1638,PHC,1,-1
1639,PHC,1,-1
1640,Random,-1,1
1641,PHC,1,-1
1642,PHC,1,-1
1643,PHC,1,-1
1644,PHC,1,-1
1645,PHC,1,-1
1646,Random,-1,1
1647,PHC,1,-1
1648,PHC,1,-1
1649,PHC,1,-1
1650,PHC,1,-1
1651,Random,-1,1
1652,PHC,1,-1
1653,PHC,1,-1
1654,Random,-1,1
1655,Random,-1,1
1656,Random,-1,1
1657,Random,-1,1
1658,Random,-1,1
1659,Random,-1,1
1660,PHC,1,-1
1661,PHC,1,-1
1662,PHC,1,-1
1663,PHC,1,-1
1664,PHC,1,-1
1665,PHC,1,-1
1666,PHC,1,-1
1667,PHC,1,-1
1668,Random,-1,1
1669,PHC,1,-1
1670,PHC,1,-1
1671,PHC,1,-1
1672,PHC,1,-1
1673,PHC,1,-1
1674,PHC,1,-1
1675,PHC,1,-1
1676,PHC,1,-1
1677,Random,-1,1
1678,PHC,1,-1
1679,PHC,1,-1
1680,PHC,1,-1
1681,Random,-1,1
1682,PHC,1,-1
1683,PHC,1,-1
1684,PHC,1,-1
1685,PHC,1,-1
1686,PHC,1,-1
1687,PHC,1,-1
1688,PHC,1,-1
1689,PHC,1,-1
1690,Random,-1,1
1691,PHC,1,-1
1692,PHC,1,-1
1693,PHC,1,-1
1694,PHC,1,-1
1695,PHC,1,-1
1696,PHC,1,-1
1697,Random,-1,1
1698,PHC,1,-1
1699,PHC,1,-1
1700,PHC,1,-1
1701,PHC,1,-1
1702,PHC,1,-1
1703,PHC,1,-1
1704,PHC,1,-1
1705,PHC,1,-1
1706,PHC,1,-1
1707,PHC,1,-1
1708,PHC,1,-1
1709,PHC,1,-1
1710,PHC,1,-1
1711,PHC,1,-1
1712,PHC,1,-1
1713,Random,-1,1
1714,PHC,1,-1
1715,Random,-1,1
1716,PHC,1,-1
1717,PHC,1,-1
1718,PHC,1,-1
1719,Random,-1,1
1720,PHC,1,-1
1721,Random,-1,1
1722,PHC,1,-1
1723,PHC,1,-1
1724,PHC,1,-1
1725,Random,-1,1
1726,PHC,1,-1
1727,PHC,1,-1
1728,PHC,1,-1
1729,PHC,1,-1
1730,PHC,1,-1
1731,Random,-1,1
1732,PHC,1,-1
1733,Random,-1,1
1734,Random,-1,1
1735,Random,-1,1
1736,PHC,1,-1
1737,PHC,1,-1
1738,PHC,1,-1
1739,PHC,1,-1
1740,PHC,1,-1
1741,PHC,1,-1
1742,PHC,1,-1
1743,PHC,1,-1
1744,PHC,1,-1
1745,PHC,1,-1
1746,PHC,1,-1
1747,Random,-1,1
1748,PHC,1,-1
1749,Random,-1,1
1750,Random,-1,1
1751,PHC,1,-1
1752,PHC,1,-1
1753,Random,-1,1
1754,PHC,1,-1
1755,PHC,1,-1
1756,PHC,1,-1
1757,PHC,1,-1
1758,PHC,1,-1
1759,Random,-1,1
1760,PHC,1,-1
1761,Random,-1,1
1762,Random,-1,1
1763,PHC,1,-1
1764,Random,-1,1
1765,PHC,1,-1
1766,PHC,1,-1
1767,PHC,1,-1
1768,PHC,1,-1
1769,PHC,1,-1
1770,PHC,1,-1
1771,PHC,1,-1
1772,Random,-1,1
1773,PHC,1,-1
1774,Random,-1,1
1775,PHC,1,-1
1776,Random,-1,1
1777,PHC,1,-1
1778,PHC,1,-1
1779,PHC,1,-1
1780,PHC,1,-1
1781,PHC,1,-1
1782,PHC,1,-1
1783,PHC,1,-1
1784,PHC,1,-1
1785,PHC,1,-1
1786,PHC,1,-1
1787,PHC,1,-1
1788,PHC,1,-1
1789,PHC,1,-1
1790,Random,-1,1
1791,PHC,1,-1
1792,PHC,1,-1
1793,PHC,1,-1
1794,PHC,1,-1
1795,PHC,1,-1
1796,PHC,1,-1
1797,PHC,1,-1
1798,PHC,1,-1
1799,PHC,1,-1
1800,Random,-1,1
1801,PHC,1,-1
1802,Random,-1,1
1803,Random,-1,1
1804,PHC,1,-1
1805,PHC,1,-1
1806,PHC,1,-1
1807,PHC,1,-1
1808,Random,-1,1
1809,PHC,1,-1
1810,PHC,1,-1
1811,Random,-1,1
1812,PHC,1,-1
1813,PHC,1,-1
1814,PHC,1,-1
1815,Random,-1,1
1816,PHC,1,-1
1817,PHC,1,-1
1818,Random,-1,1
1819,PHC,1,-1
1820,Random,-1,1
1821,PHC,1,-1
1822,Random,-1,1
1823,PHC,1,-1
1824,PHC,1,-1
1825,PHC,1,-1
1826,PHC,1,-1
1827,PHC,1,-1
1828,PHC,1,-1
1829,PHC,1,-1
1830,Random,-1,1
1831,Random,-1,1
1832,PHC,1,-1
1833,PHC,1,-1
1834,PHC,1,-1
1835,PHC,1,-1
1836,PHC,1,-1
1837,PHC,1,-1
1838,PHC,1,-1
1839,PHC,1,-1
1840,Random,-1,1
1841,PHC,1,-1
1842,PHC,1,-1
1843,PHC,1,-1
1844,PHC,1,-1
1845,PHC,1,-1
1846,PHC,1,-1
1847,Random,-1,1
1848,PHC,1,-1
1849,PHC,1,-1
1850,PHC,1,-1
1851,PHC,1,-1
1852,PHC,1,-1
1853,PHC,1,-1
1854,PHC,1,-1
1855,PHC,1,-1
1856,PHC,1,-1
1857,PHC,1,-1
1858,Random,-1,1
1859,PHC,1,-1
1860,PHC,1,-1
1861,Random,-1,1
1862,PHC,1,-1
1863,PHC,1,-1
1864,PHC,1,-1
1865,PHC,1,-1
1866,PHC,1,-1
1867,PHC,1,-1
1868,PHC,1,-1
1869,PHC,1,-1
1870,PHC,1,-1
1871,PHC,1,-1
1872,PHC,1,-1
1873,PHC,1,-1
1874,PHC,1,-1
1875,PHC,1,-1
1876,PHC,1,-1
1877,Random,-1,1
1878,PHC,1,-1
1879,PHC,1,-1
1880,PHC,1,-1
1881,PHC,1,-1
1882,PHC,1,-1
1883,PHC,1,-1
1884,PHC,1,-1
1885,PHC,1,-1
1886,PHC,1,-1
1887,PHC,1,-1
1888,PHC,1,-1
1889,Random,-1,1
1890,PHC,1,-1
1891,PHC,1,-1
1892,PHC,1,-1
1893,PHC,1,-1
1894,PHC,1,-1
1895,PHC,1,-1
1896,PHC,1,-1
1897,PHC,1,-1
1898,PHC,1,-1
1899,PHC,1,-1
1900,Random,-1,1
1901,PHC,1,-1
1902,PHC,1,-1
1903,PHC,1,-1
1904,PHC,1,-1
1905,PHC,1,-1
1906,PHC,1,-1
1907,Random,-1,1
1908,PHC,1,-1
1909,PHC,1,-1
1910,PHC,1,-1
1911,PHC,1,-1
1912,PHC,1,-1
1913,PHC,1,-1
1914,PHC,1,-1
1915,PHC,1,-1
1916,PHC,1,-1
1917,PHC,1,-1
1918,PHC,1,-1
1919,PHC,1,-1
1920,PHC,1,-1
1921,Random,-1,1
1922,PHC,1,-1
1923,PHC,1,-1
1924,PHC,1,-1
1925,PHC,1,-1
1926,PHC,1,-1
1927,PHC,1,-1
1928,PHC,1,-1
1929,PHC,1,-1
1930,PHC,1,-1
1931,Random,-1,1
1932,PHC,1,-1
1933,PHC,1,-1
1934,Random,-1,1
1935,PHC,1,-1
1936,PHC,1,-1
1937,PHC,1,-1
1938,Random,-1,1
1939,PHC,1,-1
1940,PHC,1,-1
1941,PHC,1,-1
1942,PHC,1,-1
1943,Random,-1,1
1944,PHC,1,-1
1945,PHC,1,-1
1946,Random,-1,1
1947,PHC,1,-1
1948,PHC,1,-1
1949,PHC,1,-1
1950,Random,-1,1
1951,PHC,1,-1
1952,PHC,1,-1
1953,PHC,1,-1
1954,Random,-1,1
1955,Random,-1,1
1956,PHC,1,-1
1957,PHC,1,-1
1958,Random,-1,1
1959,Random,-1,1
1960,PHC,1,-1
1961,PHC,1,-1
1962,PHC,1,-1
1963,PHC,1,-1
1964,PHC,1,-1
1965,PHC,1,-1
1966,PHC,1,-1
1967,Random,-1,1
1968,PHC,1,-1
1969,PHC,1,-1
1970,PHC,1,-1
1971,PHC,1,-1
1972,PHC,1,-1
1973,PHC,1,-1
1974,PHC,1,-1
1975,PHC,1,-1
1976,PHC,1,-1
1977,Random,-1,1
1978,PHC,1,-1
1979,PHC,1,-1
1980,PHC,1,-1
1981,PHC,1,-1
1982,PHC,1,-1
1983,Random,-1,1
1984,PHC,1,-1
1985,PHC,1,-1
1986,PHC,1,-1
1987,PHC,1,-1
1988,PHC,1,-1
1989,PHC,1,-1
1990,PHC,1,-1
1991,PHC,1,-1
1992,PHC,1,-1
1993,PHC,1,-1
1994,PHC,1,-1
1995,PHC,1,-1
1996,PHC,1,-1
1997,PHC,1,-1
1998,PHC,1,-1
1999,PHC,1,-1
2000,PHC,1,-1
2001,PHC,1,-1
2002,PHC,1,-1
2003,PHC,1,-1
2004,PHC,1,-1
2005,PHC,1,-1
2006,PHC,1,-1
2007,PHC,1,-1
2008,PHC,1,-1
2009,PHC,1,-1
2010,PHC,1,-1
2011,PHC,1,-1
2012,Random,-1,1
2013,PHC,1,-1
2014,PHC,1,-1
2015,PHC,1,-1
2016,Random,-1,1
2017,PHC,1,-1
2018,PHC,1,-1
2019,PHC,1,-1
2020,PHC,1,-1
2021,PHC,1,-1
2022,PHC,1,-1
2023,PHC,1,-1
2024,PHC,1,-1
2025,Random,-1,1
2026,PHC,1,-1
2027,Random,-1,1
2028,PHC,1,-1
2029,PHC,1,-1
2030,PHC,1,-1
2031,PHC,1,-1
2032,PHC,1,-1
2033,PHC,1,-1
2034,PHC,1,-1
2035,PHC,1,-1
2036,PHC,1,-1
2037,Random,-1,1
2038,PHC,1,-1
2039,PHC,1,-1
2040,PHC,1,-1
2041,PHC,1,-1
2042,Random,-1,1
2043,PHC,1,-1
2044,Random,-1,1
2045,PHC,1,-1
2046,PHC,1,-1
2047,Random,-1,1
2048,PHC,1,-1
2049,PHC,1,-1
2050,PHC,1,-1
2051,PHC,1,-1
2052,PHC,1,-1
2053,PHC,1,-1
2054,PHC,1,-1
2055,PHC,1,-1
2056,PHC,1,-1
2057,PHC,1,-1
2058,PHC,1,-1
2059,PHC,1,-1
2060,PHC,1,-1
2061,Random,-1,1
2062,Random,-1,1
2063,Random,-1,1
2064,PHC,1,-1
2065,PHC,1,-1
2066,PHC,1,-1
2067,Random,-1,1
2068,PHC,1,-1
2069,Random,-1,1
2070,PHC,1,-1
2071,Random,-1,1
2072,PHC,1,-1
2073,Random,-1,1
2074,PHC,1,-1
2075,PHC,1,-1
2076,PHC,1,-1
2077,PHC,1,-1
2078,PHC,1,-1
2079,PHC,1,-1
2080,Random,-1,1
2081,PHC,1,-1
2082,PHC,1,-1
2083,PHC,1,-1
2084,PHC,1,-1
2085,PHC,1,-1
2086,PHC,1,-1
2087,PHC,1,-1
2088,Random,-1,1
2089,PHC,1,-1
2090,PHC,1,-1
2091,PHC,1,-1
2092,PHC,1,-1
2093,PHC,1,-1
2094,PHC,1,-1
2095,PHC,1,-1
2096,PHC,1,-1
2097,PHC,1,-1
2098,PHC,1,-1
2099,PHC,1,-1
2100,PHC,1,-1
2101,PHC,1,-1
2102,PHC,1,-1
2103,PHC,1,-1
2104,PHC,1,-1
2105,Random,-1,1
2106,Random,-1,1
2107,PHC,1,-1
2108,PHC,1,-1
2109,PHC,1,-1
2110,PHC,1,-1
2111,PHC,1,-1
2112,PHC,1,-1
2113,PHC,1,-1
2114,Random,-1,1
2115,PHC,1,-1
2116,PHC,1,-1
2117,PHC,1,-1
2118,PHC,1,-1
2119,PHC,1,-1
2120,PHC,1,-1
2121,PHC,1,-1
2122,PHC,1,-1
2123,PHC,1,-1
2124,PHC,1,-1
2125,Random,-1,1
2126,PHC,1,-1
2127,PHC,1,-1
2128,PHC,1,-1
2129,Random,-1,1
2130,PHC,1,-1
2131,Random,-1,1
2132,PHC,1,-1
2133,Random,-1,1
2134,PHC,1,-1
2135,PHC,1,-1
2136,Random,-1,1
2137,PHC,1,-1
2138,PHC,1,-1
2139,Random,-1,1
2140,PHC,1,-1
2141,PHC,1,-1
2142,PHC,1,-1
2143,Random,-1,1
2144,Random,-1,1
2145,PHC,1,-1
2146,PHC,1,-1
2147,PHC,1,-1
2148,PHC,1,-1
2149,PHC,1,-1
2150,PHC,1,-1
2151,PHC,1,-1
2152,PHC,1,-1
2153,Random,-1,1
2154,PHC,1,-1
2155,PHC,1,-1
2156,Random,-1,1
2157,PHC,1,-1
2158,PHC,1,-1
2159,PHC,1,-1
2160,PHC,1,-1
2161,PHC,1,-1
2162,Random,-1,1
2163,Random,-1,1
2164,PHC,1,-1
2165,PHC,1,-1
2166,Random,-1,1
2167,PHC,1,-1
2168,Random,-1,1
2169,PHC,1,-1
2170,PHC,1,-1
2171,PHC,1,-1
2172,PHC,1,-1
2173,PHC,1,-1
2174,PHC,1,-1
2175,PHC,1,-1
2176,PHC,1,-1
2177,PHC,1,-1
2178,Random,-1,1
2179,PHC,1,-1
2180,Random,-1,1
2181,PHC,1,-1
2182,PHC,1,-1
2183,PHC,1,-1
2184,PHC,1,-1
2185,PHC,1,-1
2186,PHC,1,-1
2187,Random,-1,1
2188,PHC,1,-1
2189,PHC,1,-1
2190,PHC,1,-1
2191,Random,-1,1
2192,PHC,1,-1
2193,PHC,1,-1
2194,PHC,1,-1
2195,PHC,1,-1
2196,PHC,1,-1
2197,Random,-1,1
2198,Random,-1,1
2199,PHC,1,-1
2200,PHC,1,-1
2201,PHC,1,-1
2202,PHC,1,-1
2203,PHC,1,-1
2204,Random,-1,1
2205,PHC,1,-1
2206,PHC,1,-1
2207,PHC,1,-1
2208,PHC,1,-1
2209,PHC,1,-1
2210,PHC,1,-1
2211,PHC,1,-1
2212,PHC,1,-1
2213,PHC,1,-1
2214,PHC,1,-1
2215,PHC,1,-1
2216,PHC,1,-1
2217,PHC,1,-1
2218,PHC,1,-1
2219,PHC,1,-1
2220,Random,-1,1
2221,PHC,1,-1
2222,PHC,1,-1
2223,PHC,1,-1
2224,PHC,1,-1
2225,PHC,1,-1
2226,PHC,1,-1
2227,PHC,1,-1
2228,Random,-1,1
2229,PHC,1,-1
2230,PHC,1,-1
2231,PHC,1,-1
2232,PHC,1,-1
2233,PHC,1,-1
2234,PHC,1,-1
2235,PHC,1,-1
2236,Random,-1,1
2237,PHC,1,-1
2238,Random,-1,1
2239,PHC,1,-1
2240,PHC,1,-1
2241,PHC,1,-1
2242,PHC,1,-1
2243,Random,-1,1
2244,Random,-1,1
2245,PHC,1,-1
2246,Random,-1,1
2247,Random,-1,1
2248,Random,-1,1
2249,PHC,1,-1
2250,PHC,1,-1
2251,Random,-1,1
2252,PHC,1,-1
2253,Random,-1,1
2254,PHC,1,-1
2255,PHC,1,-1
2256,PHC,1,-1
2257,PHC,1,-1
2258,PHC,1,-1
2259,PHC,1,-1
2260,PHC,1,-1
2261,PHC,1,-1
2262,PHC,1,-1
2263,Random,-1,1
2264,PHC,1,-1
2265,PHC,1,-1
2266,PHC,1,-1
2267,PHC,1,-1
2268,Random,-1,1
2269,PHC,1,-1
2270,PHC,1,-1
2271,PHC,1,-1
2272,PHC,1,-1
2273,Random,-1,1
2274,PHC,1,-1
2275,PHC,1,-1
2276,PHC,1,-1
2277,Random,-1,1
2278,PHC,1,-1
2279,PHC,1,-1
2280,PHC,1,-1
2281,PHC,1,-1
2282,PHC,1,-1
2283,PHC,1,-1
2284,PHC,1,-1
2285,PHC,1,-1
2286,PHC,1,-1
2287,PHC,1,-1
2288,Random,-1,1
2289,PHC,1,-1
2290,PHC,1,-1
2291,PHC,1,-1
2292,Random,-1,1
2293,Random,-1,1
2294,PHC,1,-1
2295,PHC,1,-1
2296,PHC,1,-1
2297,PHC,1,-1
2298,PHC,1,-1
2299,Random,-1,1
2300,PHC,1,-1
2301,PHC,1,-1
2302,PHC,1,-1
2303,PHC,1,-1
2304,PHC,1,-1
2305,PHC,1,-1
2306,PHC,1,-1
2307,PHC,1,-1
2308,PHC,1,-1
2309,PHC,1,-1
2310,PHC,1,-1
2311,PHC,1,-1
2312,PHC,1,-1
2313,PHC,1,-1
2314,Random,-1,1
2315,PHC,1,-1
2316,Random,-1,1
2317,Random,-1,1
2318,PHC,1,-1
2319,PHC,1,-1
2320,Random,-1,1
2321,PHC,1,-1
2322,Random,-1,1
2323,PHC,1,-1
2324,PHC,1,-1
2325,PHC,1,-1
2326,PHC,1,-1
2327,PHC,1,-1
2328,PHC,1,-1
2329,PHC,1,-1
2330,PHC,1,-1
2331,Random,-1,1
2332,PHC,1,-1
2333,PHC,1,-1
2334,PHC,1,-1
2335,PHC,1,-1
2336,Random,-1,1
2337,Random,-1,1
2338,Random,-1,1
2339,Random,-1,1
2340,PHC,1,-1
2341,PHC,1,-1
2342,PHC,1,-1
2343,PHC,1,-1
2344,Random,-1,1
2345,PHC,1,-1
2346,PHC,1,-1
2347,PHC,1,-1
2348,PHC,1,-1
2349,Random,-1,1
2350,Random,-1,1
2351,Random,-1,1
2352,PHC,1,-1
2353,PHC,1,-1
2354,PHC,1,-1
2355,PHC,1,-1
2356,PHC,1,-1
2357,PHC,1,-1
2358,PHC,1,-1
2359,PHC,1,-1
2360,Random,-1,1
2361,PHC,1,-1
2362,PHC,1,-1
2363,PHC,1,-1
2364,PHC,1,-1
2365,PHC,1,-1
2366,PHC,1,-1
2367,PHC,1,-1
2368,PHC,1,-1
2369,PHC,1,-1
2370,PHC,1,-1
2371,PHC,1,-1
2372,PHC,1,-1
2373,Random,-1,1
2374,PHC,1,-1
2375,PHC,1,-1
2376,Random,-1,1
2377,PHC,1,-1
2378,Random,-1,1
2379,Random,-1,1
2380,PHC,1,-1
2381,PHC,1,-1
2382,PHC,1,-1
2383,PHC,1,-1
2384,PHC,1,-1
2385,PHC,1,-1
2386,PHC,1,-1
2387,Random,-1,1
2388,Random,-1,1
2389,PHC,1,-1
2390,PHC,1,-1
2391,PHC,1,-1
2392,PHC,1,-1
2393,PHC,1,-1
2394,PHC,1,-1
2395,PHC,1,-1
2396,PHC,1,-1
2397,Random,-1,1
2398,PHC,1,-1
2399,Random,-1,1
2400,PHC,1,-1
2401,PHC,1,-1
2402,Random,-1,1
2403,PHC,1,-1
2404,Random,-1,1
2405,PHC,1,-1
2406,PHC,1,-1
2407,PHC,1,-1
2408,Random,-1,1
2409,Random,-1,1
2410,PHC,1,-1
2411,Random,-1,1
2412,PHC,1,-1
2413,PHC,1,-1
2414,Random,-1,1
2415,PHC,1,-1
2416,PHC,1,-1
2417,PHC,1,-1
2418,PHC,1,-1
2419,Random,-1,1
2420,PHC,1,-1
2421,PHC,1,-1
2422,PHC,1,-1
2423,PHC,1,-1
2424,PHC,1,-1
2425,Random,-1,1
2426,PHC,1,-1
2427,PHC,1,-1
2428,PHC,1,-1
2429,PHC,1,-1
2430,PHC,1,-1
2431,Random,-1,1
2432,PHC,1,-1
2433,PHC,1,-1
2434,PHC,1,-1
2435,PHC,1,-1
2436,Random,-1,1
2437,PHC,1,-1
2438,Random,-1,1
2439,PHC,1,-1
2440,PHC,1,-1
2441,PHC,1,-1
2442,PHC,1,-1
2443,PHC,1,-1
2444,PHC,1,-1
2445,PHC,1,-1
2446,Random,-1,1
2447,Random,-1,1
2448,Random,-1,1
2449,Random,-1,1
2450,Random,-1,1
2451,Random,-1,1
2452,PHC,1,-1
2453,PHC,1,-1
2454,PHC,1,-1
2455,PHC,1,-1
2456,PHC,1,-1
2457,PHC,1,-1
2458,PHC,1,-1
2459,PHC,1,-1
2460,PHC,1,-1
2461,Random,-1,1
2462,PHC,1,-1
2463,PHC,1,-1
2464,PHC,1,-1
2465,PHC,1,-1
2466,PHC,1,-1
2467,Random,-1,1
2468,PHC,1,-1
2469,PHC,1,-1
2470,Random,-1,1
2471,Random,-1,1
2472,PHC,1,-1
2473,PHC,1,-1
2474,PHC,1,-1
2475,PHC,1,-1
2476,PHC,1,-1
2477,PHC,1,-1
2478,PHC,1,-1
2479,PHC,1,-1
2480,Random,-1,1
2481,PHC,1,-1
2482,PHC,1,-1
2483,Random,-1,1
2484,PHC,1,-1
2485,Random,-1,1
2486,PHC,1,-1
2487,PHC,1,-1
2488,PHC,1,-1
2489,PHC,1,-1
2490,PHC,1,-1
2491,PHC,1,-1
2492,PHC,1,-1
2493,PHC,1,-1
2494,PHC,1,-1
2495,PHC,1,-1
2496,PHC,1,-1
2497,PHC,1,-1
2498,PHC,1,-1
2499,PHC,1,-1
2500,Random,-1,1
2501,PHC,1,-1
2502,Random,-1,1
2503,PHC,1,-1
2504,PHC,1,-1
2505,PHC,1,-1
2506,PHC,1,-1
2507,PHC,1,-1
2508,Random,-1,1
2509,Random,-1,1
2510,PHC,1,-1
2511,PHC,1,-1
2512,PHC,1,-1
2513,PHC,1,-1
2514,PHC,1,-1
2515,PHC,1,-1
2516,PHC,1,-1
2517,PHC,1,-1
2518,PHC,1,-1
2519,PHC,1,-1
2520,Random,-1,1
2521,PHC,1,-1
2522,PHC,1,-1
2523,PHC,1,-1
2524,PHC,1,-1
2525,PHC,1,-1
2526,PHC,1,-1
2527,PHC,1,-1
2528,PHC,1,-1
2529,PHC,1,-1
2530,PHC,1,-1
2531,PHC,1,-1
2532,PHC,1,-1
2533,PHC,1,-1
2534,Random,-1,1
2535,PHC,1,-1
2536,Random,-1,1
2537,PHC,1,-1
2538,PHC,1,-1
2539,PHC,1,-1
2540,PHC,1,-1
2541,PHC,1,-1
2542,PHC,1,-1
2543,PHC,1,-1
2544,PHC,1,-1
2545,PHC,1,-1
2546,PHC,1,-1
2547,PHC,1,-1
2548,PHC,1,-1
2549,PHC,1,-1
2550,PHC,1,-1
2551,PHC,1,-1
2552,PHC,1,-1
2553,PHC,1,-1
2554,PHC,1,-1
2555,Random,-1,1
2556,PHC,1,-1
2557,PHC,1,-1
2558,PHC,1,-1
2559,Random,-1,1
2560,Random,-1,1
2561,PHC,1,-1
2562,PHC,1,-1
2563,PHC,1,-1
2564,PHC,1,-1
2565,PHC,1,-1
2566,PHC,1,-1
2567,PHC,1,-1
2568,PHC,1,-1
2569,PHC,1,-1
2570,Random,-1,1
2571,Random,-1,1
2572,PHC,1,-1
2573,PHC,1,-1
2574,Random,-1,1
2575,PHC,1,-1
2576,PHC,1,-1
2577,PHC,1,-1
2578,PHC,1,-1
2579,PHC,1,-1
2580,Random,-1,1
2581,PHC,1,-1
2582,PHC,1,-1
2583,PHC,1,-1
2584,PHC,1,-1
2585,PHC,1,-1
2586,PHC,1,-1
2587,PHC,1,-1
2588,PHC,1,-1
2589,PHC,1,-1
2590,Random,-1,1
2591,PHC,1,-1
2592,PHC,1,-1
2593,Random,-1,1
2594,PHC,1,-1
2595,PHC,1,-1
2596,PHC,1,-1
2597,PHC,1,-1
2598,PHC,1,-1
2599,PHC,1,-1
2600,PHC,1,-1
2601,PHC,1,-1
2602,PHC,1,-1
2603,Random,-1,1
2604,PHC,1,-1
2605,PHC,1,-1
2606,PHC,1,-1
2607,PHC,1,-1
2608,Random,-1,1
2609,PHC,1,-1
2610,PHC,1,-1
2611,PHC,1,-1
2612,PHC,1,-1
2613,PHC,1,-1
2614,Random,-1,1
2615,PHC,1,-1
2616,PHC,1,-1
2617,PHC,1,-1
2618,PHC,1,-1
2619,PHC,1,-1
2620,Random,-1,1
2621,PHC,1,-1
2622,PHC,1,-1
2623,Random,-1,1
2624,PHC,1,-1
2625,PHC,1,-1
2626,PHC,1,-1
2627,PHC,1,-1
2628,PHC,1,-1
2629,PHC,1,-1
2630,PHC,1,-1
2631,PHC,1,-1
2632,PHC,1,-1
2633,Random,-1,1
2634,PHC,1,-1
2635,PHC,1,-1
2636,Random,-1,1
2637,PHC,1,-1
2638,PHC,1,-1
2639,PHC,1,-1
2640,PHC,1,-1
2641,PHC,1,-1
2642,PHC,1,-1
2643,Random,-1,1
2644,PHC,1,-1
2645,PHC,1,-1
2646,Random,-1,1
2647,PHC,1,-1
2648,Random,-1,1
2649,PHC,1,-1
2650,PHC,1,-1
2651,PHC,1,-1
2652,PHC,1,-1
2653,PHC,1,-1
2654,PHC,1,-1
2655,PHC,1,-1
2656,PHC,1,-1
2657,PHC,1,-1
2658,PHC,1,-1
2659,PHC,1,-1
2660,PHC,1,-1
2661,Random,-1,1
2662,Random,-1,1
2663,Random,-1,1
2664,PHC,1,-1
2665,PHC,1,-1
2666,PHC,1,-1
2667,PHC,1,-1
2668,PHC,1,-1
2669,PHC,1,-1
2670,Random,-1,1
2671,PHC,1,-1
2672,PHC,1,-1
2673,PHC,1,-1
2674,PHC,1,-1
2675,Random,-1,1
2676,PHC,1,-1
2677,PHC,1,-1
2678,PHC,1,-1
2679,Random,-1,1
2680,PHC,1,-1
2681,PHC,1,-1
2682,Random,-1,1
2683,PHC,1,-1
2684,PHC,1,-1
2685,PHC,1,-1
2686,PHC,1,-1
2687,PHC,1,-1
2688,PHC,1,-1
2689,Random,-1,1
2690,PHC,1,-1
2691,Random,-1,1
2692,PHC,1,-1
2693,Random,-1,1
2694,PHC,1,-1
2695,PHC,1,-1
2696,Random,-1,1
2697,PHC,1,-1
2698,PHC,1,-1
2699,PHC,1,-1
2700,PHC,1,-1
2701,PHC,1,-1
2702,PHC,1,-1
2703,PHC,1,-1
2704,PHC,1,-1
2705,PHC,1,-1
2706,PHC,1,-1
2707,PHC,1,-1
2708,PHC,1,-1
2709,PHC,1,-1
2710,PHC,1,-1
2711,PHC,1,-1
2712,PHC,1,-1
2713,Random,-1,1
2714,PHC,1,-1
2715,Random,-1,1
2716,PHC,1,-1
2717,PHC,1,-1
2718,PHC,1,-1
2719,PHC,1,-1
2720,Random,-1,1
2721,PHC,1,-1
2722,PHC,1,-1
2723,Random,-1,1
2724,PHC,1,-1
2725,Random,-1,1
2726,PHC,1,-1
2727,PHC,1,-1
2728,PHC,1,-1
2729,PHC,1,-1
2730,PHC,1,-1
2731,PHC,1,-1
2732,PHC,1,-1
2733,PHC,1,-1
2734,PHC,1,-1
2735,PHC,1,-1
2736,PHC,1,-1
2737,PHC,1,-1
2738,PHC,1,-1
2739,PHC,1,-1
2740,Random,-1,1
2741,PHC,1,-1
2742,PHC,1,-1
2743,Random,-1,1
2744,PHC,1,-1
2745,PHC,1,-1
2746,Random,-1,1
2747,Random,-1,1
2748,PHC,1,-1
2749,PHC,1,-1
2750,PHC,1,-1
2751,Random,-1,1
2752,PHC,1,-1
2753,PHC,1,-1
2754,PHC,1,-1
2755,PHC,1,-1
2756,PHC,1,-1
2757,PHC,1,-1
2758,PHC,1,-1
2759,PHC,1,-1
2760,PHC,1,-1
2761,PHC,1,-1
2762,PHC,1,-1
2763,PHC,1,-1
2764,Random,-1,1
2765,PHC,1,-1
2766,PHC,1,-1
2767,PHC,1,-1
2768,PHC,1,-1
2769,PHC,1,-1
2770,PHC,1,-1
2771,PHC,1,-1
2772,PHC,1,-1
2773,PHC,1,-1
2774,PHC,1,-1
2775,PHC,1,-1
2776,PHC,1,-1
2777,PHC,1,-1
2778,PHC,1,-1
2779,PHC,1,-1
2780,PHC,1,-1
2781,PHC,1,-1
2782,Random,-1,1
2783,PHC,1,-1
2784,Random,-1,1
2785,PHC,1,-1
2786,PHC,1,-1
2787,Random,-1,1
2788,PHC,1,-1
2789,PHC,1,-1
2790,PHC,1,-1
2791,PHC,1,-1
2792,Random,-1,1
2793,PHC,1,-1
2794,PHC,1,-1
2795,Random,-1,1
2796,PHC,1,-1
2797,PHC,1,-1
2798,PHC,1,-1
2799,PHC,1,-1
2800,PHC,1,-1
2801,PHC,1,-1
2802,PHC,1,-1
2803,PHC,1,-1
2804,PHC,1,-1
2805,PHC,1,-1
2806,PHC,1,-1
2807,PHC,1,-1
2808,PHC,1,-1
2809,PHC,1,-1
2810,PHC,1,-1
2811,PHC,1,-1
2812,Random,-1,1
2813,PHC,1,-1
2814,PHC,1,-1
2815,Random,-1,1
2816,PHC,1,-1
2817,PHC,1,-1
2818,Random,-1,1
2819,PHC,1,-1
2820,PHC,1,-1
2821,PHC,1,-1
2822,PHC,1,-1
2823,PHC,1,-1
2824,PHC,1,-1
2825,Random,-1,1
2826,PHC,1,-1
2827,PHC,1,-1
2828,PHC,1,-1
2829,PHC,1,-1
2830,Random,-1,1
2831,Random,-1,1
2832,PHC,1,-1
2833,PHC,1,-1
2834,Random,-1,1
2835,PHC,1,-1
2836,PHC,1,-1
2837,PHC,1,-1
2838,PHC,1,-1
2839,Random,-1,1
2840,PHC,1,-1
2841,PHC,1,-1
2842,PHC,1,-1
2843,PHC,1,-1
2844,PHC,1,-1
2845,Random,-1,1
2846,PHC,1,-1
2847,PHC,1,-1
2848,Random,-1,1
2849,PHC,1,-1
2850,PHC,1,-1
2851,PHC,1,-1
2852,PHC,1,-1
2853,PHC,1,-1
2854,PHC,1,-1
2855,PHC,1,-1
2856,Random,-1,1
2857,PHC,1,-1
2858,PHC,1,-1
2859,PHC,1,-1
2860,PHC,1,-1
2861,PHC,1,-1
2862,PHC,1,-1
2863,PHC,1,-1
2864,PHC,1,-1
2865,Random,-1,1
2866,PHC,1,-1
2867,PHC,1,-1
2868,Random,-1,1
2869,PHC,1,-1
2870,PHC,1,-1
2871,PHC,1,-1
2872,PHC,1,-1
2873,PHC,1,-1
2874,PHC,1,-1
2875,PHC,1,-1
2876,PHC,1,-1
2877,PHC,1,-1
2878,PHC,1,-1
2879,PHC,1,-1
2880,PHC,1,-1
2881,PHC,1,-1
2882,PHC,1,-1
2883,PHC,1,-1
2884,PHC,1,-1
2885,PHC,1,-1
2886,PHC,1,-1
2887,PHC,1,-1
2888,PHC,1,-1
2889,PHC,1,-1
2890,PHC,1,-1
2891,PHC,1,-1
2892,Random,-1,1
2893,PHC,1,-1
2894,PHC,1,-1
2895,PHC,1,-1
2896,PHC,1,-1
2897,PHC,1,-1
2898,PHC,1,-1
2899,PHC,1,-1
2900,PHC,1,-1
2901,PHC,1,-1
2902,PHC,1,-1
2903,PHC,1,-1
2904,PHC,1,-1
2905,Random,-1,1
2906,PHC,1,-1
2907,PHC,1,-1
2908,PHC,1,-1
2909,PHC,1,-1
2910,PHC,1,-1
2911,Random,-1,1
2912,PHC,1,-1
2913,PHC,1,-1
2914,Random,-1,1
2915,PHC,1,-1
2916,PHC,1,-1
2917,PHC,1,-1
2918,Random,-1,1
2919,Random,-1,1
2920,PHC,1,-1
2921,PHC,1,-1
2922,PHC,1,-1
2923,PHC,1,-1
2924,Random,-1,1
2925,PHC,1,-1
2926,PHC,1,-1
2927,PHC,1,-1
2928,Random,-1,1
2929,PHC,1,-1
2930,PHC,1,-1
2931,Random,-1,1
2932,PHC,1,-1
2933,PHC,1,-1
2934,PHC,1,-1
2935,Random,-1,1
2936,PHC,1,-1
2937,PHC,1,-1
2938,PHC,1,-1
2939,PHC,1,-1
2940,PHC,1,-1
2941,Random,-1,1
2942,Random,-1,1
2943,PHC,1,-1
2944,PHC,1,-1
2945,PHC,1,-1
2946,PHC,1,-1
2947,PHC,1,-1
2948,PHC,1,-1
2949,PHC,1,-1
2950,PHC,1,-1
2951,PHC,1,-1
2952,PHC,1,-1
2953,PHC,1,-1
2954,Random,-1,1
2955,PHC,1,-1
2956,PHC,1,-1
2957,PHC,1,-1
2958,Random,-1,1
2959,PHC,1,-1
2960,Random,-1,1
2961,PHC,1,-1
2962,PHC,1,-1
2963,PHC,1,-1
2964,PHC,1,-1
2965,PHC,1,-1
2966,PHC,1,-1
2967,PHC,1,-1
2968,PHC,1,-1
2969,PHC,1,-1
2970,PHC,1,-1
2971,PHC,1,-1
2972,PHC,1,-1
2973,PHC,1,-1
2974,PHC,1,-1
2975,Random,-1,1
2976,PHC,1,-1
2977,PHC,1,-1
2978,Random,-1,1
2979,PHC,1,-1
2980,Random,-1,1
2981,PHC,1,-1
2982,PHC,1,-1
2983,PHC,1,-1
2984,PHC,1,-1
2985,PHC,1,-1
2986,Random,-1,1
2987,PHC,1,-1
2988,PHC,1,-1
2989,Random,-1,1
2990,PHC,1,-1
2991,PHC,1,-1
2992,PHC,1,-1
2993,PHC,1,-1
2994,PHC,1,-1
2995,Random,-1,1
2996,PHC,1,-1
2997,PHC,1,-1
2998,PHC,1,-1
2999,PHC,1,-1
3000,Random,-1,1
3001,PHC,1,-1
3002,PHC,1,-1
3003,PHC,1,-1
3004,PHC,1,-1
3005,PHC,1,-1
3006,PHC,1,-1
3007,PHC,1,-1
3008,PHC,1,-1
3009,PHC,1,-1
3010,PHC,1,-1
3011,PHC,1,-1
3012,PHC,1,-1
3013,PHC,1,-1
3014,PHC,1,-1
3015,PHC,1,-1
3016,PHC,1,-1
3017,PHC,1,-1
3018,PHC,1,-1
3019,Random,-1,1
3020,PHC,1,-1
3021,PHC,1,-1
3022,PHC,1,-1
3023,PHC,1,-1
3024,PHC,1,-1
3025,PHC,1,-1
3026,PHC,1,-1
3027,PHC,1,-1
3028,PHC,1,-1
3029,PHC,1,-1
3030,Random,-1,1
3031,Random,-1,1
3032,PHC,1,-1
3033,PHC,1,-1
3034,PHC,1,-1
3035,PHC,1,-1
3036,Random,-1,1
3037,PHC,1,-1
3038,PHC,1,-1
3039,Random,-1,1
3040,PHC,1,-1
3041,PHC,1,-1
3042,PHC,1,-1
3043,Random,-1,1
3044,PHC,1,-1
3045,PHC,1,-1
3046,PHC,1,-1
3047,PHC,1,-1
3048,PHC,1,-1
3049,PHC,1,-1
3050,Random,-1,1
3051,PHC,1,-1
3052,Random,-1,1
3053,PHC,1,-1
3054,Random,-1,1
3055,Random,-1,1
3056,PHC,1,-1
3057,Random,-1,1
3058,PHC,1,-1
3059,PHC,1,-1
3060,PHC,1,-1
3061,PHC,1,-1
3062,PHC,1,-1
3063,PHC,1,-1
3064,PHC,1,-1
3065,PHC,1,-1
3066,PHC,1,-1
3067,PHC,1,-1
3068,PHC,1,-1
3069,PHC,1,-1
3070,PHC,1,-1
3071,PHC,1,-1
3072,PHC,1,-1
3073,PHC,1,-1
3074,PHC,1,-1
3075,PHC,1,-1
3076,PHC,1,-1
3077,PHC,1,-1
3078,PHC,1,-1
3079,PHC,1,-1
3080,PHC,1,-1
3081,PHC,1,-1
3082,PHC,1,-1
3083,PHC,1,-1
3084,PHC,1,-1
3085,PHC,1,-1
3086,PHC,1,-1
3087,Random,-1,1
3088,Random,-1,1
3089,PHC,1,-1
3090,PHC,1,-1
3091,PHC,1,-1
3092,Random,-1,1
3093,PHC,1,-1
3094,PHC,1,-1
3095,PHC,1,-1
3096,PHC,1,-1
3097,PHC,1,-1
3098,PHC,1,-1
3099,PHC,1,-1
3100,PHC,1,-1
3101,PHC,1,-1
3102,PHC,1,-1
3103,PHC,1,-1
3104,PHC,1,-1
3105,PHC,1,-1
3106,PHC,1,-1
3107,Random,-1,1
3108,PHC,1,-1
3109,PHC,1,-1
3110,PHC,1,-1
3111,PHC,1,-1
3112,PHC,1,-1
3113,PHC,1,-1
3114,PHC,1,-1
3115,PHC,1,-1
3116,PHC,1,-1
3117,PHC,1,-1
3118,Random,-1,1
3119,PHC,1,-1
3120,PHC,1,-1
3121,PHC,1,-1
3122,PHC,1,-1
3123,PHC,1,-1
3124,PHC,1,-1
3125,PHC,1,-1
3126,PHC,1,-1
3127,PHC,1,-1
3128,PHC,1,-1
3129,PHC,1,-1
3130,PHC,1,-1
3131,PHC,1,-1
3132,Random,-1,1
3133,PHC,1,-1
3134,PHC,1,-1
3135,Random,-1,1
3136,PHC,1,-1
3137,PHC,1,-1
3138,Random,-1,1
3139,PHC,1,-1
3140,PHC,1,-1
3141,PHC,1,-1
3142,Random,-1,1
3143,PHC,1,-1
3144,PHC,1,-1
3145,PHC,1,-1
3146,PHC,1,-1
3147,PHC,1,-1
3148,Random,-1,1
3149,Random,-1,1
3150,PHC,1,-1
3151,PHC,1,-1
3152,PHC,1,-1
3153,Random,-1,1
3154,Random,-1,1
3155,PHC,1,-1
3156,PHC,1,-1
3157,PHC,1,-1
3158,Random,-1,1
3159,PHC,1,-1
3160,PHC,1,-1
3161,PHC,1,-1
3162,Random,-1,1
3163,PHC,1,-1
3164,Random,-1,1
3165,PHC,1,-1
3166,PHC,1,-1
3167,PHC,1,-1
3168,PHC,1,-1
3169,PHC,1,-1
3170,PHC,1,-1
3171,Random,-1,1
3172,PHC,1,-1
3173,PHC,1,-1
3174,Random,-1,1
3175,PHC,1,-1
3176,PHC,1,-1
3177,Random,-1,1
3178,PHC,1,-1
3179,PHC,1,-1
3180,PHC,1,-1
3181,PHC,1,-1
3182,PHC,1,-1
3183,PHC,1,-1
3184,PHC,1,-1
3185,PHC,1,-1
3186,PHC,1,-1
3187,PHC,1,-1
3188,Random,-1,1
3189,Random,-1,1
3190,PHC,1,-1
3191,PHC,1,-1
3192,Random,-1,1
3193,PHC,1,-1
3194,PHC,1,-1
3195,Random,-1,1
3196,Random,-1,1
3197,Random,-1,1
3198,Random,-1,1
3199,Random,-1,1
3200,PHC,1,-1
3201,PHC,1,-1
3202,PHC,1,-1
3203,PHC,1,-1
3204,PHC,1,-1
3205,PHC,1,-1
3206,Random,-1,1
3207,PHC,1,-1
3208,PHC,1,-1
3209,PHC,1,-1
3210,PHC,1,-1
3211,PHC,1,-1
3212,PHC,1,-1
3213,PHC,1,-1
3214,PHC,1,-1
3215,PHC,1,-1
3216,PHC,1,-1
3217,PHC,1,-1
3218,Random,-1,1
3219,PHC,1,-1
3220,PHC,1,-1
3221,PHC,1,-1
3222,PHC,1,-1
3223,PHC,1,-1
3224,PHC,1,-1
3225,PHC,1,-1
3226,PHC,1,-1
3227,PHC,1,-1
3228,PHC,1,-1
3229,PHC,1,-1
3230,PHC,1,-1
3231,PHC,1,-1
3232,PHC,1,-1
3233,PHC,1,-1
3234,PHC,1,-1
3235,PHC,1,-1
3236,PHC,1,-1
3237,PHC,1,-1
3238,PHC,1,-1
3239,Random,-1,1
3240,PHC,1,-1
3241,Random,-1,1
3242,PHC,1,-1
3243,PHC,1,-1
3244,PHC,1,-1
3245,PHC,1,-1
3246,PHC,1,-1
3247,PHC,1,-1
3248,PHC,1,-1
3249,PHC,1,-1
3250,PHC,1,-1
3251,PHC,1,-1
3252,PHC,1,-1
3253,PHC,1,-1
3254,PHC,1,-1
3255,PHC,1,-1
3256,PHC,1,-1
3257,PHC,1,-1
3258,PHC,1,-1
3259,PHC,1,-1
3260,PHC,1,-1
3261,PHC,1,-1
3262,PHC,1,-1
3263,PHC,1,-1
3264,PHC,1,-1
3265,PHC,1,-1
3266,Random,-1,1
3267,PHC,1,-1
3268,PHC,1,-1
3269,PHC,1,-1
3270,PHC,1,-1
3271,PHC,1,-1
3272,PHC,1,-1
3273,PHC,1,-1
3274,Random,-1,1
3275,PHC,1,-1
3276,PHC,1,-1
3277,PHC,1,-1
3278,PHC,1,-1
3279,PHC,1,-1
3280,PHC,1,-1
3281,PHC,1,-1
3282,PHC,1,-1
3283,PHC,1,-1
3284,PHC,1,-1
3285,PHC,1,-1
3286,PHC,1,-1
3287,PHC,1,-1
3288,PHC,1,-1
3289,Random,-1,1
3290,PHC,1,-1
3291,PHC,1,-1
3292,PHC,1,-1
3293,PHC,1,-1
3294,PHC,1,-1
3295,PHC,1,-1
3296,Random,-1,1
3297,PHC,1,-1
3298,PHC,1,-1
3299,Random,-1,1
3300,PHC,1,-1
3301,PHC,1,-1
3302,PHC,1,-1
3303,Random,-1,1
3304,PHC,1,-1
3305,PHC,1,-1
3306,PHC,1,-1
3307,PHC,1,-1
3308,PHC,1,-1
3309,PHC,1,-1
3310,PHC,1,-1
3311,PHC,1,-1
3312,PHC,1,-1
3313,Random,-1,1
3314,PHC,1,-1
3315,PHC,1,-1
3316,PHC,1,-1
3317,PHC,1,-1
3318,PHC,1,-1
3319,Random,-1,1
3320,PHC,1,-1
3321,PHC,1,-1
3322,PHC,1,-1
3323,PHC,1,-1
3324,Random,-1,1
3325,PHC,1,-1
3326,Random,-1,1
3327,PHC,1,-1
3328,PHC,1,-1
3329,PHC,1,-1
3330,PHC,1,-1
3331,PHC,1,-1
3332,PHC,1,-1
3333,PHC,1,-1
3334,PHC,1,-1
3335,PHC,1,-1
3336,PHC,1,-1
3337,Random,-1,1
3338,PHC,1,-1
3339,Random,-1,1
3340,PHC,1,-1
3341,PHC,1,-1
3342,PHC,1,-1
3343,PHC,1,-1
3344,PHC,1,-1
3345,Random,-1,1
3346,PHC,1,-1
3347,PHC,1,-1
3348,PHC,1,-1
3349,PHC,1,-1
3350,PHC,1,-1
3351,Random,-1,1
3352,PHC,1,-1
3353,Random,-1,1
3354,PHC,1,-1
3355,PHC,1,-1
3356,PHC,1,-1
3357,PHC,1,-1
3358,PHC,1,-1
3359,PHC,1,-1
3360,PHC,1,-1
3361,Random,-1,1
3362,PHC,1,-1
3363,PHC,1,-1
3364,Random,-1,1
3365,PHC,1,-1
3366,PHC,1,-1
3367,PHC,1,-1
3368,PHC,1,-1
3369,Random,-1,1
3370,PHC,1,-1
3371,PHC,1,-1
3372,PHC,1,-1
3373,PHC,1,-1
3374,PHC,1,-1
3375,PHC,1,-1
3376,PHC,1,-1
3377,PHC,1,-1
3378,PHC,1,-1
3379,PHC,1,-1
3380,Random,-1,1
3381,PHC,1,-1
3382,PHC,1,-1
3383,PHC,1,-1
3384,PHC,1,-1
3385,PHC,1,-1
3386,PHC,1,-1
3387,PHC,1,-1
3388,PHC,1,-1
3389,PHC,1,-1
3390,PHC,1,-1
3391,PHC,1,-1
3392,PHC,1,-1
3393,PHC,1,-1
3394,PHC,1,-1
3395,PHC,1,-1
3396,PHC,1,-1
3397,PHC,1,-1
3398,Random,-1,1
3399,PHC,1,-1
3400,Random,-1,1
3401,PHC,1,-1
3402,PHC,1,-1
3403,PHC,1,-1
3404,PHC,1,-1
3405,PHC,1,-1
3406,PHC,1,-1
3407,PHC,1,-1
3408,PHC,1,-1
3409,Random,-1,1
3410,PHC,1,-1
3411,PHC,1,-1
3412,PHC,1,-1
3413,PHC,1,-1
3414,PHC,1,-1
3415,PHC,1,-1
3416,Random,-1,1
3417,Random,-1,1
3418,PHC,1,-1
3419,PHC,1,-1
3420,PHC,1,-1
3421,PHC,1,-1
3422,PHC,1,-1
3423,PHC,1,-1
3424,PHC,1,-1
3425,PHC,1,-1
3426,PHC,1,-1
3427,PHC,1,-1
3428,PHC,1,-1
3429,PHC,1,-1
3430,PHC,1,-1
3431,PHC,1,-1
3432,PHC,1,-1
3433,PHC,1,-1
3434,PHC,1,-1
3435,PHC,1,-1
3436,PHC,1,-1
3437,PHC,1,-1
3438,PHC,1,-1
3439,PHC,1,-1
3440,PHC,1,-1
3441,PHC,1,-1
3442,PHC,1,-1
3443,PHC,1,-1
3444,PHC,1,-1
3445,PHC,1,-1
3446,PHC,1,-1
3447,PHC,1,-1
3448,PHC,1,-1
3449,Random,-1,1
3450,Random,-1,1
3451,Random,-1,1
3452,PHC,1,-1
3453,Random,-1,1
3454,PHC,1,-1
3455,PHC,1,-1
3456,PHC,1,-1
3457,PHC,1,-1
3458,PHC,1,-1
3459,PHC,1,-1
3460,PHC,1,-1
3461,PHC,1,-1
3462,PHC,1,-1
3463,PHC,1,-1
3464,PHC,1,-1
3465,PHC,1,-1
3466,PHC,1,-1
3467,Random,-1,1
3468,Random,-1,1
3469,PHC,1,-1
3470,PHC,1,-1
3471,PHC,1,-1
3472,PHC,1,-1
3473,PHC,1,-1
3474,PHC,1,-1
3475,PHC,1,-1
3476,Random,-1,1
3477,PHC,1,-1
3478,PHC,1,-1
3479,PHC,1,-1
3480,PHC,1,-1
3481,PHC,1,-1
3482,PHC,1,-1
3483,PHC,1,-1
3484,PHC,1,-1
3485,PHC,1,-1
3486,PHC,1,-1
3487,PHC,1,-1
3488,PHC,1,-1
3489,PHC,1,-1
3490,PHC,1,-1
3491,PHC,1,-1
3492,PHC,1,-1
3493,PHC,1,-1
3494,PHC,1,-1
3495,PHC,1,-1
3496,PHC,1,-1
3497,PHC,1,-1
3498,PHC,1,-1
3499,PHC,1,-1
3500,Random,-1,1
3501,PHC,1,-1
3502,PHC,1,-1
3503,PHC,1,-1
3504,PHC,1,-1
3505,PHC,1,-1
3506,Random,-1,1
3507,Random,-1,1
3508,PHC,1,-1
3509,PHC,1,-1
3510,PHC,1,-1
3511,PHC,1,-1
3512,Random,-1,1
3513,PHC,1,-1
3514,PHC,1,-1
3515,PHC,1,-1
3516,PHC,1,-1
3517,PHC,1,-1
3518,Random,-1,1
3519,Random,-1,1
3520,Random,-1,1
3521,Random,-1,1
3522,PHC,1,-1
3523,PHC,1,-1
3524,PHC,1,-1
3525,PHC,1,-1
3526,PHC,1,-1
3527,PHC,1,-1
3528,PHC,1,-1
3529,PHC,1,-1
3530,PHC,1,-1
3531,PHC,1,-1
3532,PHC,1,-1
3533,PHC,1,-1
3534,Random,-1,1
3535,PHC,1,-1
3536,PHC,1,-1
3537,PHC,1,-1
3538,Random,-1,1
3539,PHC,1,-1
3540,Random,-1,1
3541,PHC,1,-1
3542,PHC,1,-1
3543,Random,-1,1
3544,PHC,1,-1
3545,PHC,1,-1
3546,PHC,1,-1
3547,PHC,1,-1
3548,PHC,1,-1
3549,PHC,1,-1
3550,PHC,1,-1
3551,Random,-1,1
3552,PHC,1,-1
3553,PHC,1,-1
3554,PHC,1,-1
3555,PHC,1,-1
3556,PHC,1,-1
3557,PHC,1,-1
3558,PHC,1,-1
3559,PHC,1,-1
3560,PHC,1,-1
3561,Random,-1,1
3562,Random,-1,1
3563,PHC,1,-1
3564,PHC,1,-1
3565,PHC,1,-1
3566,Random,-1,1
3567,PHC,1,-1
3568,PHC,1,-1
3569,PHC,1,-1
3570,PHC,1,-1
3571,PHC,1,-1
3572,PHC,1,-1
3573,PHC,1,-1
3574,Random,-1,1
3575,PHC,1,-1
3576,PHC,1,-1
3577,PHC,1,-1
3578,PHC,1,-1
3579,PHC,1,-1
3580,Random,-1,1
3581,PHC,1,-1
3582,PHC,1,-1
3583,PHC,1,-1
3584,PHC,1,-1
3585,Random,-1,1
3586,PHC,1,-1
3587,Random,-1,1
3588,PHC,1,-1
3589,PHC,1,-1
3590,PHC,1,-1
3591,PHC,1,-1
3592,PHC,1,-1
3593,PHC,1,-1
3594,PHC,1,-1
3595,PHC,1,-1
3596,PHC,1,-1
3597,PHC,1,-1
3598,Random,-1,1
3599,PHC,1,-1
3600,PHC,1,-1
3601,PHC,1,-1
3602,PHC,1,-1
3603,PHC,1,-1
3604,PHC,1,-1
3605,Random,-1,1
3606,PHC,1,-1
3607,PHC,1,-1
3608,PHC,1,-1
3609,PHC,1,-1
3610,PHC,1,-1
3611,PHC,1,-1
3612,PHC,1,-1
3613,Random,-1,1
3614,PHC,1,-1
3615,PHC,1,-1
3616,PHC,1,-1
3617,PHC,1,-1
3618,PHC,1,-1
3619,Random,-1,1
3620,PHC,1,-1
3621,PHC,1,-1
3622,PHC,1,-1
3623,PHC,1,-1
3624,PHC,1,-1
3625,Random,-1,1
3626,PHC,1,-1
3627,Random,-1,1
3628,PHC,1,-1
3629,PHC,1,-1
3630,PHC,1,-1
3631,PHC,1,-1
3632,PHC,1,-1
3633,PHC,1,-1
3634,Random,-1,1
3635,PHC,1,-1
3636,PHC,1,-1
3637,PHC,1,-1
3638,PHC,1,-1
3639,PHC,1,-1
3640,PHC,1,-1
3641,PHC,1,-1
3642,PHC,1,-1
3643,PHC,1,-1
3644,Random,-1,1
3645,PHC,1,-1
3646,PHC,1,-1
3647,Random,-1,1
3648,PHC,1,-1
3649,PHC,1,-1
3650,PHC,1,-1
3651,Random,-1,1
3652,PHC,1,-1
3653,Random,-1,1
3654,PHC,1,-1
3655,Random,-1,1
3656,PHC,1,-1
3657,PHC,1,-1
3658,Random,-1,1
3659,PHC,1,-1
3660,PHC,1,-1
3661,Random,-1,1
3662,Random,-1,1
3663,PHC,1,-1
3664,Random,-1,1
3665,PHC,1,-1
3666,PHC,1,-1
3667,PHC,1,-1
3668,PHC,1,-1
3669,PHC,1,-1
3670,PHC,1,-1
3671,PHC,1,-1
3672,PHC,1,-1
3673,PHC,1,-1
3674,PHC,1,-1
3675,PHC,1,-1
3676,PHC,1,-1
3677,PHC,1,-1
3678,Random,-1,1
3679,PHC,1,-1
3680,Random,-1,1
3681,PHC,1,-1
3682,PHC,1,-1
3683,PHC,1,-1
3684,PHC,1,-1
3685,PHC,1,-1
3686,PHC,1,-1
3687,PHC,1,-1
3688,PHC,1,-1
3689,PHC,1,-1
3690,PHC,1,-1
3691,Random,-1,1
3692,Random,-1,1
3693,PHC,1,-1
3694,PHC,1,-1
3695,PHC,1,-1
3696,PHC,1,-1
3697,PHC,1,-1
3698,PHC,1,-1
3699,Random,-1,1
3700,PHC,1,-1
3701,PHC,1,-1
3702,PHC,1,-1
3703,PHC,1,-1
3704,PHC,1,-1
3705,Random,-1,1
3706,PHC,1,-1
3707,Random,-1,1
3708,PHC,1,-1
3709,PHC,1,-1
3710,PHC,1,-1
3711,PHC,1,-1
3712,Random,-1,1
3713,PHC,1,-1
3714,PHC,1,-1
3715,PHC,1,-1
3716,PHC,1,-1
3717,PHC,1,-1
3718,Random,-1,1
3719,PHC,1,-1
3720,PHC,1,-1
3721,PHC,1,-1
3722,PHC,1,-1
3723,PHC,1,-1
3724,PHC,1,-1
3725,PHC,1,-1
3726,PHC,1,-1
3727,PHC,1,-1
3728,PHC,1,-1
3729,PHC,1,-1
3730,PHC,1,-1
3731,Random,-1,1
3732,PHC,1,-1
3733,Random,-1,1
3734,PHC,1,-1
3735,PHC,1,-1
3736,Random,-1,1
3737,PHC,1,-1
3738,PHC,1,-1
3739,Random,-1,1
3740,PHC,1,-1
3741,PHC,1,-1
3742,PHC,1,-1
3743,PHC,1,-1
3744,PHC,1,-1
3745,PHC,1,-1
3746,PHC,1,-1
3747,PHC,1,-1
3748,PHC,1,-1
3749,PHC,1,-1
3750,PHC,1,-1
3751,PHC,1,-1
3752,Random,-1,1
3753,PHC,1,-1
3754,PHC,1,-1
3755,PHC,1,-1
3756,PHC,1,-1
3757,PHC,1,-1
3758,Random,-1,1
3759,PHC,1,-1
3760,PHC,1,-1
3761,PHC,1,-1
3762,PHC,1,-1
3763,PHC,1,-1
3764,PHC,1,-1
3765,PHC,1,-1
3766,PHC,1,-1
3767,PHC,1,-1
3768,PHC,1,-1
3769,PHC,1,-1
3770,PHC,1,-1
3771,PHC,1,-1
3772,PHC,1,-1
3773,PHC,1,-1
3774,PHC,1,-1
3775,PHC,1,-1
3776,PHC,1,-1
3777,PHC,1,-1
3778,Random,-1,1
3779,PHC,1,-1
3780,PHC,1,-1
3781,PHC,1,-1
3782,Random,-1,1
3783,PHC,1,-1
3784,PHC,1,-1
3785,PHC,1,-1
3786,PHC,1,-1
3787,PHC,1,-1
3788,PHC,1,-1
3789,PHC,1,-1
3790,PHC,1,-1
3791,PHC,1,-1
3792,PHC,1,-1
3793,Random,-1,1
3794,Random,-1,1
3795,PHC,1,-1
3796,PHC,1,-1
3797,PHC,1,-1
3798,PHC,1,-1
3799,PHC,1,-1
3800,PHC,1,-1
3801,Random,-1,1
3802,PHC,1,-1
3803,Random,-1,1
3804,PHC,1,-1
3805,PHC,1,-1
3806,PHC,1,-1
3807,PHC,1,-1
3808,PHC,1,-1
3809,PHC,1,-1
3810,PHC,1,-1
3811,Random,-1,1
3812,PHC,1,-1
3813,PHC,1,-1
3814,PHC,1,-1
3815,PHC,1,-1
3816,PHC,1,-1
3817,PHC,1,-1
3818,PHC,1,-1
3819,PHC,1,-1
3820,PHC,1,-1
3821,PHC,1,-1
3822,PHC,1,-1
3823,PHC,1,-1
3824,PHC,1,-1
3825,Random,-1,1
3826,Random,-1,1
3827,Random,-1,1
3828,PHC,1,-1
3829,PHC,1,-1
3830,PHC,1,-1
3831,PHC,1,-1
3832,PHC,1,-1
3833,PHC,1,-1
3834,PHC,1,-1
3835,PHC,1,-1
3836,Random,-1,1
3837,PHC,1,-1
3838,PHC,1,-1
3839,PHC,1,-1
3840,PHC,1,-1
3841,PHC,1,-1
3842,PHC,1,-1
3843,PHC,1,-1
3844,PHC,1,-1
3845,PHC,1,-1
3846,PHC,1,-1
3847,PHC,1,-1
3848,PHC,1,-1
3849,PHC,1,-1
3850,PHC,1,-1
3851,PHC,1,-1
3852,PHC,1,-1
3853,PHC,1,-1
3854,Random,-1,1
3855,PHC,1,-1
3856,PHC,1,-1
3857,PHC,1,-1
3858,PHC,1,-1
3859,PHC,1,-1
3860,PHC,1,-1
3861,PHC,1,-1
3862,PHC,1,-1
3863,PHC,1,-1
3864,PHC,1,-1
3865,PHC,1,-1
3866,PHC,1,-1
3867,PHC,1,-1
3868,PHC,1,-1
3869,PHC,1,-1
3870,PHC,1,-1
3871,PHC,1,-1
3872,PHC,1,-1
3873,PHC,1,-1
3874,PHC,1,-1
3875,PHC,1,-1
3876,PHC,1,-1
3877,PHC,1,-1
3878,PHC,1,-1
3879,PHC,1,-1
3880,PHC,1,-1
3881,Random,-1,1
3882,PHC,1,-1
3883,PHC,1,-1
3884,PHC,1,-1
3885,PHC,1,-1
3886,PHC,1,-1
3887,PHC,1,-1
3888,PHC,1,-1
3889,PHC,1,-1
3890,PHC,1,-1
3891,PHC,1,-1
3892,PHC,1,-1
3893,Random,-1,1
3894,PHC,1,-1
3895,PHC,1,-1
3896,Random,-1,1
3897,PHC,1,-1
3898,PHC,1,-1
3899,PHC,1,-1
3900,PHC,1,-1
3901,PHC,1,-1
3902,PHC,1,-1
3903,PHC,1,-1
3904,PHC,1,-1
3905,PHC,1,-1
3906,PHC,1,-1
3907,PHC,1,-1
3908,PHC,1,-1
3909,Random,-1,1
3910,PHC,1,-1
3911,PHC,1,-1
3912,PHC,1,-1
3913,PHC,1,-1
3914,PHC,1,-1
3915,PHC,1,-1
3916,Random,-1,1
3917,PHC,1,-1
3918,PHC,1,-1
3919,Random,-1,1
3920,PHC,1,-1
3921,PHC,1,-1
3922,PHC,1,-1
3923,PHC,1,-1
3924,PHC,1,-1
3925,PHC,1,-1
3926,PHC,1,-1
3927,PHC,1,-1
3928,PHC,1,-1
3929,PHC,1,-1
3930,PHC,1,-1
3931,PHC,1,-1
3932,PHC,1,-1
3933,PHC,1,-1
3934,PHC,1,-1
3935,PHC,1,-1
3936,Random,-1,1
3937,Random,-1,1
3938,PHC,1,-1
3939,PHC,1,-1
3940,PHC,1,-1
3941,PHC,1,-1
3942,PHC,1,-1
3943,PHC,1,-1
3944,PHC,1,-1
3945,PHC,1,-1
3946,PHC,1,-1
3947,PHC,1,-1
3948,PHC,1,-1
3949,PHC,1,-1
3950,PHC,1,-1
3951,PHC,1,-1
3952,Random,-1,1
3953,PHC,1,-1
3954,PHC,1,-1
3955,Random,-1,1
3956,PHC,1,-1
3957,PHC,1,-1
3958,PHC,1,-1
3959,PHC,1,-1
3960,PHC,1,-1
3961,PHC,1,-1
3962,PHC,1,-1
3963,PHC,1,-1
3964,PHC,1,-1
3965,PHC,1,-1
3966,PHC,1,-1
3967,PHC,1,-1
3968,PHC,1,-1
3969,PHC,1,-1
3970,PHC,1,-1
3971,PHC,1,-1
3972,Random,-1,1
3973,PHC,1,-1
3974,PHC,1,-1
3975,PHC,1,-1
3976,Random,-1,1
3977,PHC,1,-1
3978,PHC,1,-1
3979,PHC,1,-1
3980,PHC,1,-1
3981,PHC,1,-1
3982,PHC,1,-1
3983,PHC,1,-1
3984,PHC,1,-1
3985,PHC,1,-1
3986,PHC,1,-1
3987,PHC,1,-1
3988,PHC,1,-1
3989,Random,-1,1
3990,PHC,1,-1
3991,PHC,1,-1
3992,PHC,1,-1
3993,PHC,1,-1
3994,PHC,1,-1
3995,PHC,1,-1
3996,PHC,1,-1
3997,PHC,1,-1
3998,PHC,1,-1
3999,PHC,1,-1
4000,PHC,1,-1
4001,PHC,1,-1
4002,PHC,1,-1
4003,PHC,1,-1
4004,Random,-1,1
4005,PHC,1,-1
4006,PHC,1,-1
4007,PHC,1,-1
4008,PHC,1,-1
4009,PHC,1,-1
4010,PHC,1,-1
4011,PHC,1,-1
4012,PHC,1,-1
4013,PHC,1,-1
4014,PHC,1,-1
4015,PHC,1,-1
4016,Random,-1,1
4017,Random,-1,1
4018,Random,-1,1
4019,PHC,1,-1
4020,PHC,1,-1
4021,PHC,1,-1
4022,PHC,1,-1
4023,PHC,1,-1
4024,Random,-1,1
4025,PHC,1,-1
4026,PHC,1,-1
4027,PHC,1,-1
4028,Random,-1,1
4029,PHC,1,-1
4030,PHC,1,-1
4031,PHC,1,-1
4032,PHC,1,-1
4033,PHC,1,-1
4034,PHC,1,-1
4035,PHC,1,-1
4036,PHC,1,-1
4037,PHC,1,-1
4038,Random,-1,1
4039,PHC,1,-1
4040,PHC,1,-1
4041,PHC,1,-1
4042,PHC,1,-1
4043,Random,-1,1
4044,Random,-1,1
4045,PHC,1,-1
4046,Random,-1,1
4047,PHC,1,-1
4048,PHC,1,-1
4049,PHC,1,-1
4050,PHC,1,-1
4051,PHC,1,-1
4052,Random,-1,1
4053,Random,-1,1
4054,PHC,1,-1
4055,PHC,1,-1
4056,Random,-1,1
4057,PHC,1,-1
4058,Random,-1,1
4059,PHC,1,-1
4060,PHC,1,-1
4061,PHC,1,-1
4062,PHC,1,-1
4063,PHC,1,-1
4064,Random,-1,1
4065,PHC,1,-1
4066,PHC,1,-1
4067,PHC,1,-1
4068,PHC,1,-1
4069,PHC,1,-1
4070,PHC,1,-1
4071,PHC,1,-1
4072,PHC,1,-1
4073,PHC,1,-1
4074,PHC,1,-1
4075,PHC,1,-1
4076,PHC,1,-1
4077,PHC,1,-1
4078,PHC,1,-1
4079,PHC,1,-1
4080,Random,-1,1
4081,PHC,1,-1
4082,PHC,1,-1
4083,PHC,1,-1
4084,PHC,1,-1
4085,PHC,1,-1
4086,PHC,1,-1
4087,PHC,1,-1
4088,PHC,1,-1
4089,PHC,1,-1
4090,PHC,1,-1
4091,PHC,1,-1
4092,PHC,1,-1
4093,PHC,1,-1
4094,PHC,1,-1
4095,PHC,1,-1
4096,PHC,1,-1
4097,PHC,1,-1
4098,Random,-1,1
4099,PHC,1,-1
4100,PHC,1,-1
4101,PHC,1,-1
4102,PHC,1,-1
4103,PHC,1,-1
4104,PHC,1,-1
4105,Random,-1,1
4106,PHC,1,-1
4107,PHC,1,-1
4108,PHC,1,-1
4109,PHC,1,-1
4110,PHC,1,-1
4111,PHC,1,-1
4112,PHC,1,-1
4113,PHC,1,-1
4114,PHC,1,-1
4115,Random,-1,1
4116,PHC,1,-1
4117,PHC,1,-1
4118,PHC,1,-1
4119,Random,-1,1
4120,PHC,1,-1
4121,PHC,1,-1
4122,PHC,1,-1
4123,PHC,1,-1
4124,PHC,1,-1
4125,PHC,1,-1
4126,PHC,1,-1
4127,PHC,1,-1
4128,PHC,1,-1
4129,PHC,1,-1
4130,PHC,1,-1
4131,PHC,1,-1
4132,PHC,1,-1
4133,PHC,1,-1
4134,PHC,1,-1
4135,PHC,1,-1
4136,PHC,1,-1
4137,PHC,1,-1
4138,PHC,1,-1
4139,Random,-1,1
4140,PHC,1,-1
4141,PHC,1,-1
4142,PHC,1,-1
4143,PHC,1,-1
4144,PHC,1,-1
4145,PHC,1,-1
4146,PHC,1,-1
4147,PHC,1,-1
4148,PHC,1,-1
4149,Random,-1,1
4150,PHC,1,-1
4151,PHC,1,-1
4152,PHC,1,-1
4153,PHC,1,-1
4154,PHC,1,-1
4155,Random,-1,1
4156,Random,-1,1
4157,PHC,1,-1
4158,PHC,1,-1
4159,PHC,1,-1
4160,PHC,1,-1
4161,PHC,1,-1
4162,PHC,1,-1
4163,PHC,1,-1
4164,PHC,1,-1
4165,PHC,1,-1
4166,PHC,1,-1
4167,PHC,1,-1
4168,PHC,1,-1
4169,PHC,1,-1
4170,PHC,1,-1
4171,PHC,1,-1
4172,PHC,1,-1
4173,PHC,1,-1
4174,PHC,1,-1
4175,PHC,1,-1
4176,PHC,1,-1
4177,PHC,1,-1
4178,PHC,1,-1
4179,PHC,1,-1
4180,PHC,1,-1
4181,PHC,1,-1
4182,Random,-1,1
4183,PHC,1,-1
4184,PHC,1,-1
4185,Random,-1,1
4186,PHC,1,-1
4187,PHC,1,-1
4188,PHC,1,-1
4189,PHC,1,-1
4190,PHC,1,-1
4191,Random,-1,1
4192,PHC,1,-1
4193,PHC,1,-1
4194,PHC,1,-1
4195,Random,-1,1
4196,PHC,1,-1
4197,PHC,1,-1
4198,PHC,1,-1
4199,PHC,1,-1
4200,PHC,1,-1
4201,PHC,1,-1
4202,PHC,1,-1
4203,PHC,1,-1
4204,PHC,1,-1
4205,Random,-1,1
4206,PHC,1,-1
4207,PHC,1,-1
4208,Random,-1,1
4209,Random,-1,1
4210,PHC,1,-1
4211,PHC,1,-1
4212,PHC,1,-1
4213,PHC,1,-1
4214,PHC,1,-1
4215,PHC,1,-1
4216,PHC,1,-1
4217,PHC,1,-1
4218,PHC,1,-1
4219,Random,-1,1
4220,PHC,1,-1
4221,PHC,1,-1
4222,PHC,1,-1
4223,Random,-1,1
4224,PHC,1,-1
4225,PHC,1,-1
4226,PHC,1,-1
4227,PHC,1,-1
4228,PHC,1,-1
4229,PHC,1,-1
4230,PHC,1,-1
4231,PHC,1,-1
4232,PHC,1,-1
4233,PHC,1,-1
4234,PHC,1,-1
4235,PHC,1,-1
4236,PHC,1,-1
4237,PHC,1,-1
4238,PHC,1,-1
4239,PHC,1,-1
4240,PHC,1,-1
4241,Random,-1,1
4242,PHC,1,-1
4243,PHC,1,-1
4244,Random,-1,1
4245,PHC,1,-1
4246,PHC,1,-1
4247,PHC,1,-1
4248,PHC,1,-1
4249,PHC,1,-1
4250,Random,-1,1
4251,Random,-1,1
4252,PHC,1,-1
4253,PHC,1,-1
4254,PHC,1,-1
4255,PHC,1,-1
4256,PHC,1,-1
4257,PHC,1,-1
4258,PHC,1,-1
4259,PHC,1,-1
4260,Random,-1,1
4261,PHC,1,-1
4262,PHC,1,-1
4263,PHC,1,-1
4264,PHC,1,-1
4265,PHC,1,-1
4266,PHC,1,-1
4267,PHC,1,-1
4268,PHC,1,-1
4269,PHC,1,-1
4270,PHC,1,-1
4271,PHC,1,-1
4272,PHC,1,-1
4273,PHC,1,-1
4274,PHC,1,-1
4275,PHC,1,-1
4276,Random,-1,1
4277,PHC,1,-1
4278,PHC,1,-1
4279,PHC,1,-1
4280,PHC,1,-1
4281,PHC,1,-1
4282,PHC,1,-1
4283,PHC,1,-1
4284,PHC,1,-1
4285,Random,-1,1
4286,PHC,1,-1
4287,PHC,1,-1
4288,PHC,1,-1
4289,PHC,1,-1
4290,PHC,1,-1
4291,PHC,1,-1
4292,PHC,1,-1
4293,PHC,1,-1
4294,PHC,1,-1
4295,PHC,1,-1
4296,PHC,1,-1
4297,PHC,1,-1
4298,PHC,1,-1
4299,PHC,1,-1
4300,PHC,1,-1
4301,PHC,1,-1
4302,PHC,1,-1
4303,Random,-1,1
4304,Random,-1,1
4305,PHC,1,-1
4306,PHC,1,-1
4307,PHC,1,-1
4308,Random,-1,1
4309,PHC,1,-1
4310,PHC,1,-1
4311,PHC,1,-1
4312,PHC,1,-1
4313,Random,-1,1
4314,Random,-1,1
4315,Random,-1,1
4316,PHC,1,-1
4317,PHC,1,-1
4318,PHC,1,-1
4319,PHC,1,-1
4320,Random,-1,1
4321,PHC,1,-1
4322,PHC,1,-1
4323,Random,-1,1
4324,PHC,1,-1
4325,PHC,1,-1
4326,PHC,1,-1
4327,PHC,1,-1
4328,PHC,1,-1
4329,PHC,1,-1
4330,PHC,1,-1
4331,PHC,1,-1
4332,PHC,1,-1
4333,PHC,1,-1
4334,PHC,1,-1
4335,Random,-1,1
4336,PHC,1,-1
4337,Random,-1,1
4338,PHC,1,-1
4339,PHC,1,-1
4340,PHC,1,-1
4341,PHC,1,-1
4342,PHC,1,-1
4343,PHC,1,-1
4344,PHC,1,-1
4345,PHC,1,-1
4346,PHC,1,-1
4347,Random,-1,1
4348,PHC,1,-1
4349,PHC,1,-1
4350,PHC,1,-1
4351,PHC,1,-1
4352,PHC,1,-1
4353,PHC,1,-1
4354,PHC,1,-1
4355,PHC,1,-1
4356,PHC,1,-1
4357,Random,-1,1
4358,Random,-1,1
4359,PHC,1,-1
4360,PHC,1,-1
4361,PHC,1,-1
4362,PHC,1,-1
4363,PHC,1,-1
4364,PHC,1,-1
4365,Random,-1,1
4366,PHC,1,-1
4367,PHC,1,-1
4368,Random,-1,1
4369,PHC,1,-1
4370,Random,-1,1
4371,PHC,1,-1
4372,Random,-1,1
4373,PHC,1,-1
4374,PHC,1,-1
4375,PHC,1,-1
4376,PHC,1,-1
4377,PHC,1,-1
4378,PHC,1,-1
4379,PHC,1,-1
4380,PHC,1,-1
4381,PHC,1,-1
4382,PHC,1,-1
4383,PHC,1,-1
4384,PHC,1,-1
4385,PHC,1,-1
4386,Random,-1,1
4387,PHC,1,-1
4388,PHC,1,-1
4389,PHC,1,-1
4390,Random,-1,1
4391,PHC,1,-1
4392,Random,-1,1
4393,PHC,1,-1
4394,PHC,1,-1
4395,PHC,1,-1
4396,PHC,1,-1
4397,PHC,1,-1
4398,PHC,1,-1
4399,PHC,1,-1
4400,PHC,1,-1
4401,PHC,1,-1
4402,PHC,1,-1
4403,PHC,1,-1
4404,PHC,1,-1
4405,PHC,1,-1
4406,PHC,1,-1
4407,Random,-1,1
4408,PHC,1,-1
4409,Random,-1,1
4410,Random,-1,1
4411,PHC,1,-1
4412,PHC,1,-1
4413,PHC,1,-1
4414,PHC,1,-1
4415,Random,-1,1
4416,PHC,1,-1
4417,Random,-1,1
4418,PHC,1,-1
4419,PHC,1,-1
4420,PHC,1,-1
4421,PHC,1,-1
4422,PHC,1,-1
4423,PHC,1,-1
4424,PHC,1,-1
4425,PHC,1,-1
4426,PHC,1,-1
4427,PHC,1,-1
4428,Random,-1,1
4429,PHC,1,-1
4430,PHC,1,-1
4431,PHC,1,-1
4432,PHC,1,-1
4433,Random,-1,1
4434,PHC,1,-1
4435,PHC,1,-1
4436,Random,-1,1
4437,PHC,1,-1
4438,PHC,1,-1
4439,PHC,1,-1
4440,PHC,1,-1
4441,PHC,1,-1
4442,PHC,1,-1
4443,PHC,1,-1
4444,PHC,1,-1
4445,PHC,1,-1
4446,PHC,1,-1
4447,PHC,1,-1
4448,PHC,1,-1
4449,PHC,1,-1
4450,PHC,1,-1
4451,PHC,1,-1
4452,PHC,1,-1
4453,PHC,1,-1
4454,PHC,1,-1
4455,PHC,1,-1
4456,PHC,1,-1
4457,PHC,1,-1
4458,PHC,1,-1
4459,PHC,1,-1
4460,PHC,1,-1
4461,PHC,1,-1
4462,PHC,1,-1
4463,Random,-1,1
4464,PHC,1,-1
4465,PHC,1,-1
4466,PHC,1,-1
4467,PHC,1,-1
4468,PHC,1,-1
4469,PHC,1,-1
4470,PHC,1,-1
4471,PHC,1,-1
4472,PHC,1,-1
4473,Random,-1,1
4474,PHC,1,-1
4475,PHC,1,-1
4476,PHC,1,-1
4477,PHC,1,-1
4478,PHC,1,-1
4479,PHC,1,-1
4480,PHC,1,-1
4481,PHC,1,-1
4482,PHC,1,-1
4483,PHC,1,-1
4484,Random,-1,1
4485,PHC,1,-1
4486,PHC,1,-1
4487,Random,-1,1
4488,PHC,1,-1
4489,PHC,1,-1
4490,PHC,1,-1
4491,PHC,1,-1
4492,PHC,1,-1
4493,PHC,1,-1
4494,Random,-1,1
4495,PHC,1,-1
4496,PHC,1,-1
4497,PHC,1,-1
4498,PHC,1,-1
4499,PHC,1,-1
4500,PHC,1,-1
4501,PHC,1,-1
4502,PHC,1,-1
4503,PHC,1,-1
4504,PHC,1,-1
4505,Random,-1,1
4506,PHC,1,-1
4507,PHC,1,-1
4508,Random,-1,1
4509,PHC,1,-1
4510,Random,-1,1
4511,PHC,1,-1
4512,PHC,1,-1
4513,PHC,1,-1
4514,PHC,1,-1
4515,Random,-1,1
4516,PHC,1,-1
4517,PHC,1,-1
4518,Random,-1,1
4519,PHC,1,-1
4520,PHC,1,-1
4521,PHC,1,-1
4522,PHC,1,-1
4523,PHC,1,-1
4524,Random,-1,1
4525,PHC,1,-1
4526,PHC,1,-1
4527,PHC,1,-1
4528,PHC,1,-1
4529,PHC,1,-1
4530,PHC,1,-1
4531,PHC,1,-1
4532,PHC,1,-1
4533,PHC,1,-1
4534,PHC,1,-1
4535,PHC,1,-1
4536,PHC,1,-1
4537,PHC,1,-1
4538,PHC,1,-1
4539,PHC,1,-1
4540,PHC,1,-1
4541,PHC,1,-1
4542,PHC,1,-1
4543,PHC,1,-1
4544,PHC,1,-1
4545,PHC,1,-1
4546,PHC,1,-1
4547,PHC,1,-1
4548,PHC,1,-1
4549,PHC,1,-1
4550,PHC,1,-1
4551,PHC,1,-1
4552,PHC,1,-1
4553,PHC,1,-1
4554,PHC,1,-1
4555,PHC,1,-1
4556,PHC,1,-1
4557,Random,-1,1
4558,PHC,1,-1
4559,PHC,1,-1
4560,PHC,1,-1
4561,PHC,1,-1
4562,PHC,1,-1
4563,PHC,1,-1
4564,PHC,1,-1
4565,Random,-1,1
4566,PHC,1,-1
4567,PHC,1,-1
4568,PHC,1,-1
4569,PHC,1,-1
4570,PHC,1,-1
4571,PHC,1,-1
4572,PHC,1,-1
4573,PHC,1,-1
4574,PHC,1,-1
4575,PHC,1,-1
4576,Random,-1,1
4577,PHC,1,-1
4578,PHC,1,-1
4579,PHC,1,-1
4580,PHC,1,-1
4581,PHC,1,-1
4582,PHC,1,-1
4583,PHC,1,-1
4584,PHC,1,-1
4585,PHC,1,-1
4586,PHC,1,-1
4587,PHC,1,-1
4588,PHC,1,-1
4589,PHC,1,-1
4590,PHC,1,-1
4591,PHC,1,-1
4592,PHC,1,-1
4593,PHC,1,-1
4594,PHC,1,-1
4595,PHC,1,-1
4596,PHC,1,-1
4597,Random,-1,1
4598,PHC,1,-1
4599,PHC,1,-1
4600,PHC,1,-1
4601,PHC,1,-1
4602,PHC,1,-1
4603,PHC,1,-1
4604,PHC,1,-1
4605,PHC,1,-1
4606,PHC,1,-1
4607,PHC,1,-1
4608,PHC,1,-1
4609,PHC,1,-1
4610,PHC,1,-1
4611,PHC,1,-1
4612,PHC,1,-1
4613,PHC,1,-1
4614,Random,-1,1
4615,PHC,1,-1
4616,PHC,1,-1
4617,PHC,1,-1
4618,PHC,1,-1
4619,PHC,1,-1
4620,PHC,1,-1
4621,PHC,1,-1
4622,PHC,1,-1
4623,PHC,1,-1
4624,PHC,1,-1
4625,PHC,1,-1
4626,PHC,1,-1
4627,PHC,1,-1
4628,PHC,1,-1
4629,PHC,1,-1
4630,PHC,1,-1
4631,PHC,1,-1
4632,PHC,1,-1
4633,PHC,1,-1
4634,PHC,1,-1
4635,PHC,1,-1
4636,PHC,1,-1
4637,PHC,1,-1
4638,PHC,1,-1
4639,PHC,1,-1
4640,PHC,1,-1
4641,PHC,1,-1
4642,PHC,1,-1
4643,PHC,1,-1
4644,PHC,1,-1
4645,PHC,1,-1
4646,PHC,1,-1
4647,PHC,1,-1
4648,PHC,1,-1
4649,PHC,1,-1
4650,PHC,1,-1
4651,PHC,1,-1
4652,PHC,1,-1
4653,Random,-1,1
4654,PHC,1,-1
4655,PHC,1,-1
4656,Random,-1,1
4657,PHC,1,-1
4658,PHC,1,-1
4659,PHC,1,-1
4660,PHC,1,-1
4661,PHC,1,-1
4662,PHC,1,-1
4663,PHC,1,-1
4664,PHC,1,-1
4665,PHC,1,-1
4666,PHC,1,-1
4667,PHC,1,-1
4668,PHC,1,-1
4669,PHC,1,-1
4670,PHC,1,-1
4671,PHC,1,-1
4672,PHC,1,-1
4673,PHC,1,-1
4674,PHC,1,-1
4675,PHC,1,-1
4676,PHC,1,-1
4677,PHC,1,-1
4678,PHC,1,-1
4679,PHC,1,-1
4680,PHC,1,-1
4681,PHC,1,-1
4682,PHC,1,-1
4683,Random,-1,1
4684,Random,-1,1
4685,PHC,1,-1
4686,PHC,1,-1
4687,PHC,1,-1
4688,PHC,1,-1
4689,PHC,1,-1
4690,PHC,1,-1
4691,Random,-1,1
4692,PHC,1,-1
4693,PHC,1,-1
4694,PHC,1,-1
4695,Random,-1,1
4696,Random,-1,1
4697,PHC,1,-1
4698,PHC,1,-1
4699,Random,-1,1
4700,PHC,1,-1
4701,Random,-1,1
4702,Random,-1,1
4703,PHC,1,-1
4704,PHC,1,-1
4705,PHC,1,-1
4706,PHC,1,-1
4707,PHC,1,-1
4708,PHC,1,-1
4709,PHC,1,-1
4710,PHC,1,-1
4711,Random,-1,1
4712,PHC,1,-1
4713,PHC,1,-1
4714,Random,-1,1
4715,PHC,1,-1
4716,PHC,1,-1
4717,PHC,1,-1
4718,PHC,1,-1
4719,PHC,1,-1
4720,PHC,1,-1
4721,Random,-1,1
4722,PHC,1,-1
4723,PHC,1,-1
4724,PHC,1,-1
4725,PHC,1,-1
4726,Random,-1,1
4727,PHC,1,-1
4728,PHC,1,-1
4729,PHC,1,-1
4730,Random,-1,1
4731,PHC,1,-1
4732,PHC,1,-1
4733,PHC,1,-1
4734,PHC,1,-1
4735,PHC,1,-1
4736,Random,-1,1
4737,Random,-1,1
4738,PHC,1,-1
4739,PHC,1,-1
4740,PHC,1,-1
4741,PHC,1,-1
4742,PHC,1,-1
4743,PHC,1,-1
4744,PHC,1,-1
4745,PHC,1,-1
4746,PHC,1,-1
4747,Random,-1,1
4748,PHC,1,-1
4749,PHC,1,-1
4750,PHC,1,-1
4751,PHC,1,-1
4752,PHC,1,-1
4753,PHC,1,-1
4754,PHC,1,-1
4755,PHC,1,-1
4756,PHC,1,-1
4757,PHC,1,-1
4758,PHC,1,-1
4759,PHC,1,-1
4760,PHC,1,-1
4761,PHC,1,-1
4762,PHC,1,-1
4763,PHC,1,-1
4764,PHC,1,-1
4765,PHC,1,-1
4766,PHC,1,-1
4767,PHC,1,-1
4768,PHC,1,-1
4769,PHC,1,-1
4770,PHC,1,-1
4771,PHC,1,-1
4772,PHC,1,-1
4773,PHC,1,-1
4774,PHC,1,-1
4775,Random,-1,1
4776,PHC,1,-1
4777,Random,-1,1
4778,PHC,1,-1
4779,PHC,1,-1
4780,PHC,1,-1
4781,PHC,1,-1
4782,PHC,1,-1
4783,PHC,1,-1
4784,PHC,1,-1
4785,PHC,1,-1
4786,PHC,1,-1
4787,PHC,1,-1
4788,PHC,1,-1
4789,PHC,1,-1
4790,PHC,1,-1
4791,Random,-1,1
4792,PHC,1,-1
4793,PHC,1,-1
4794,PHC,1,-1
4795,PHC,1,-1
4796,PHC,1,-1
4797,PHC,1,-1
4798,PHC,1,-1
4799,Random,-1,1
4800,PHC,1,-1
4801,PHC,1,-1
4802,PHC,1,-1
4803,PHC,1,-1
4804,PHC,1,-1
4805,Random,-1,1
4806,PHC,1,-1
4807,PHC,1,-1
4808,Random,-1,1
4809,Random,-1,1
4810,PHC,1,-1
4811,PHC,1,-1
4812,PHC,1,-1
4813,PHC,1,-1
4814,PHC,1,-1
4815,PHC,1,-1
4816,PHC,1,-1
4817,PHC,1,-1
4818,PHC,1,-1
4819,PHC,1,-1
4820,PHC,1,-1
4821,PHC,1,-1
4822,PHC,1,-1
4823,PHC,1,-1
4824,PHC,1,-1
4825,PHC,1,-1
4826,PHC,1,-1
4827,PHC,1,-1
4828,Random,-1,1
4829,PHC,1,-1
4830,PHC,1,-1
4831,PHC,1,-1
4832,PHC,1,-1
4833,PHC,1,-1
4834,PHC,1,-1
4835,PHC,1,-1
4836,PHC,1,-1
4837,PHC,1,-1
4838,PHC,1,-1
4839,PHC,1,-1
4840,PHC,1,-1
4841,PHC,1,-1
4842,PHC,1,-1
4843,PHC,1,-1
4844,PHC,1,-1
4845,PHC,1,-1
4846,PHC,1,-1
4847,PHC,1,-1
4848,PHC,1,-1
4849,PHC,1,-1
4850,Random,-1,1
4851,PHC,1,-1
4852,Random,-1,1
4853,PHC,1,-1
4854,PHC,1,-1
4855,PHC,1,-1
4856,PHC,1,-1
4857,PHC,1,-1
4858,PHC,1,-1
4859,Random,-1,1
4860,PHC,1,-1
4861,Random,-1,1
4862,PHC,1,-1
4863,PHC,1,-1
4864,PHC,1,-1
4865,Random,-1,1
4866,PHC,1,-1
4867,Random,-1,1
4868,Random,-1,1
4869,PHC,1,-1
4870,PHC,1,-1
4871,PHC,1,-1
4872,Random,-1,1
4873,PHC,1,-1
4874,PHC,1,-1
4875,PHC,1,-1
4876,PHC,1,-1
4877,PHC,1,-1
4878,PHC,1,-1
4879,PHC,1,-1
4880,Random,-1,1
4881,PHC,1,-1
4882,PHC,1,-1
4883,PHC,1,-1
4884,PHC,1,-1
4885,PHC,1,-1
4886,PHC,1,-1
4887,PHC,1,-1
4888,PHC,1,-1
4889,PHC,1,-1
4890,PHC,1,-1
4891,PHC,1,-1
4892,Random,-1,1
4893,Random,-1,1
4894,PHC,1,-1
4895,PHC,1,-1
4896,PHC,1,-1
4897,PHC,1,-1
4898,PHC,1,-1
4899,PHC,1,-1
4900,PHC,1,-1
4901,PHC,1,-1
4902,PHC,1,-1
4903,PHC,1,-1
4904,PHC,1,-1
4905,PHC,1,-1
4906,PHC,1,-1
4907,PHC,1,-1
4908,PHC,1,-1
4909,PHC,1,-1
4910,Random,-1,1
4911,PHC,1,-1
4912,PHC,1,-1
4913,PHC,1,-1
4914,Random,-1,1
4915,PHC,1,-1
4916,PHC,1,-1
4917,PHC,1,-1
4918,PHC,1,-1
4919,Random,-1,1
4920,PHC,1,-1
4921,PHC,1,-1
4922,PHC,1,-1
4923,PHC,1,-1
4924,Random,-1,1
4925,PHC,1,-1
4926,PHC,1,-1
4927,PHC,1,-1
4928,PHC,1,-1
4929,PHC,1,-1
4930,PHC,1,-1
4931,PHC,1,-1
4932,PHC,1,-1
4933,PHC,1,-1
4934,PHC,1,-1
4935,PHC,1,-1
4936,PHC,1,-1
4937,PHC,1,-1
4938,PHC,1,-1
4939,PHC,1,-1
4940,Random,-1,1
4941,PHC,1,-1
4942,PHC,1,-1
4943,PHC,1,-1
4944,Random,-1,1
4945,PHC,1,-1
4946,PHC,1,-1
4947,PHC,1,-1
4948,PHC,1,-1
4949,PHC,1,-1
4950,PHC,1,-1
4951,PHC,1,-1
4952,PHC,1,-1
4953,PHC,1,-1
4954,PHC,1,-1
4955,PHC,1,-1
4956,PHC,1,-1
4957,PHC,1,-1
4958,PHC,1,-1
4959,PHC,1,-1
4960,PHC,1,-1
4961,PHC,1,-1
4962,PHC,1,-1
4963,Random,-1,1
4964,PHC,1,-1
4965,PHC,1,-1
4966,PHC,1,-1
4967,PHC,1,-1
4968,PHC,1,-1
4969,PHC,1,-1
4970,PHC,1,-1
4971,PHC,1,-1
4972,Random,-1,1
4973,PHC,1,-1
4974,PHC,1,-1
4975,PHC,1,-1
4976,PHC,1,-1
4977,PHC,1,-1
4978,PHC,1,-1
4979,PHC,1,-1
4980,PHC,1,-1
4981,PHC,1,-1
4982,PHC,1,-1
4983,PHC,1,-1
4984,PHC,1,-1
4985,PHC,1,-1
4986,PHC,1,-1
4987,PHC,1,-1
4988,Random,-1,1
4989,PHC,1,-1
4990,Random,-1,1
4991,PHC,1,-1
4992,Random,-1,1
4993,Random,-1,1
4994,Random,-1,1
4995,PHC,1,-1
4996,PHC,1,-1
4997,Random,-1,1
4998,PHC,1,-1
4999,Random,-1,1
5000,Random,-1,1
5001,PHC,1,-1
5002,PHC,1,-1
5003,PHC,1,-1
5004,Random,-1,1
5005,PHC,1,-1
5006,PHC,1,-1
5007,PHC,1,-1
5008,PHC,1,-1
5009,PHC,1,-1
5010,PHC,1,-1
5011,PHC,1,-1
5012,PHC,1,-1
5013,PHC,1,-1
5014,PHC,1,-1
5015,PHC,1,-1
5016,PHC,1,-1
5017,PHC,1,-1
5018,PHC,1,-1
5019,PHC,1,-1
5020,PHC,1,-1
5021,PHC,1,-1
5022,PHC,1,-1
5023,PHC,1,-1
5024,Random,-1,1
5025,PHC,1,-1
5026,PHC,1,-1
5027,PHC,1,-1
5028,PHC,1,-1
5029,PHC,1,-1
5030,Random,-1,1
5031,PHC,1,-1
5032,Random,-1,1
5033,PHC,1,-1
5034,PHC,1,-1
5035,PHC,1,-1
5036,PHC,1,-1
5037,PHC,1,-1
5038,PHC,1,-1
5039,Random,-1,1
5040,Random,-1,1
5041,PHC,1,-1
5042,PHC,1,-1
5043,PHC,1,-1
5044,PHC,1,-1
5045,PHC,1,-1
5046,Random,-1,1
5047,PHC,1,-1
5048,PHC,1,-1
5049,PHC,1,-1
5050,PHC,1,-1
5051,PHC,1,-1
5052,Random,-1,1
5053,PHC,1,-1
5054,PHC,1,-1
5055,PHC,1,-1
5056,PHC,1,-1
5057,PHC,1,-1
5058,PHC,1,-1
5059,PHC,1,-1
5060,PHC,1,-1
5061,PHC,1,-1
5062,PHC,1,-1
5063,PHC,1,-1
5064,PHC,1,-1
5065,PHC,1,-1
5066,PHC,1,-1
5067,PHC,1,-1
5068,PHC,1,-1
5069,PHC,1,-1
5070,PHC,1,-1
5071,PHC,1,-1
5072,PHC,1,-1
5073,PHC,1,-1
5074,PHC,1,-1
5075,PHC,1,-1
5076,PHC,1,-1
5077,PHC,1,-1
5078,Random,-1,1
5079,PHC,1,-1
5080,Random,-1,1
5081,PHC,1,-1
5082,PHC,1,-1
5083,PHC,1,-1
5084,PHC,1,-1
5085,PHC,1,-1
5086,PHC,1,-1
5087,PHC,1,-1
5088,PHC,1,-1
5089,PHC,1,-1
5090,Random,-1,1
5091,PHC,1,-1
5092,PHC,1,-1
5093,PHC,1,-1
5094,PHC,1,-1
5095,PHC,1,-1
5096,PHC,1,-1
5097,PHC,1,-1
5098,PHC,1,-1
5099,PHC,1,-1
5100,PHC,1,-1
5101,Random,-1,1
5102,Random,-1,1
5103,PHC,1,-1
5104,PHC,1,-1
5105,PHC,1,-1
5106,PHC,1,-1
5107,PHC,1,-1
5108,PHC,1,-1
5109,Random,-1,1
5110,Random,-1,1
5111,PHC,1,-1
5112,PHC,1,-1
5113,Random,-1,1
5114,PHC,1,-1
5115,PHC,1,-1
5116,PHC,1,-1
5117,PHC,1,-1
5118,PHC,1,-1
5119,PHC,1,-1
5120,PHC,1,-1
5121,Random,-1,1
5122,PHC,1,-1
5123,PHC,1,-1
5124,PHC,1,-1
5125,Random,-1,1
5126,PHC,1,-1
5127,Random,-1,1
5128,PHC,1,-1
5129,Random,-1,1
5130,PHC,1,-1
5131,PHC,1,-1
5132,PHC,1,-1
5133,Random,-1,1
5134,PHC,1,-1
5135,PHC,1,-1
5136,PHC,1,-1
5137,Random,-1,1
5138,Random,-1,1
5139,PHC,1,-1
5140,Random,-1,1
5141,PHC,1,-1
5142,PHC,1,-1
5143,PHC,1,-1
5144,PHC,1,-1
5145,PHC,1,-1
5146,PHC,1,-1
5147,PHC,1,-1
5148,PHC,1,-1
5149,PHC,1,-1
5150,PHC,1,-1
5151,PHC,1,-1
5152,Random,-1,1
5153,PHC,1,-1
5154,PHC,1,-1
5155,PHC,1,-1
5156,Random,-1,1
5157,PHC,1,-1
5158,PHC,1,-1
5159,PHC,1,-1
5160,PHC,1,-1
5161,PHC,1,-1
5162,PHC,1,-1
5163,PHC,1,-1
5164,Random,-1,1
5165,Random,-1,1
5166,PHC,1,-1
5167,PHC,1,-1
5168,PHC,1,-1
5169,PHC,1,-1
5170,Random,-1,1
5171,PHC,1,-1
5172,Random,-1,1
5173,PHC,1,-1
5174,PHC,1,-1
5175,PHC,1,-1
5176,PHC,1,-1
5177,Random,-1,1
5178,Random,-1,1
5179,Random,-1,1
5180,PHC,1,-1
5181,PHC,1,-1
5182,PHC,1,-1
5183,Random,-1,1
5184,PHC,1,-1
5185,PHC,1,-1
5186,PHC,1,-1
5187,PHC,1,-1
5188,PHC,1,-1
5189,PHC,1,-1
5190,PHC,1,-1
5191,Random,-1,1
5192,PHC,1,-1
5193,PHC,1,-1
5194,PHC,1,-1
5195,Random,-1,1
5196,PHC,1,-1
5197,Random,-1,1
5198,PHC,1,-1
5199,PHC,1,-1
5200,PHC,1,-1
5201,PHC,1,-1
5202,Random,-1,1
5203,PHC,1,-1
5204,Random,-1,1
5205,PHC,1,-1
5206,PHC,1,-1
5207,PHC,1,-1
5208,PHC,1,-1
5209,PHC,1,-1
5210,PHC,1,-1
5211,PHC,1,-1
5212,PHC,1,-1
5213,PHC,1,-1
5214,PHC,1,-1
5215,PHC,1,-1
5216,PHC,1,-1
5217,Random,-1,1
5218,PHC,1,-1
5219,Random,-1,1
5220,PHC,1,-1
5221,PHC,1,-1
5222,PHC,1,-1
5223,PHC,1,-1
5224,PHC,1,-1
5225,PHC,1,-1
5226,PHC,1,-1
5227,PHC,1,-1
5228,PHC,1,-1
5229,PHC,1,-1
5230,PHC,1,-1
5231,PHC,1,-1
5232,Random,-1,1
5233,PHC,1,-1
5234,PHC,1,-1
5235,Random,-1,1
5236,PHC,1,-1
5237,PHC,1,-1
5238,PHC,1,-1
5239,PHC,1,-1
5240,PHC,1,-1
5241,PHC,1,-1
5242,PHC,1,-1
5243,PHC,1,-1
5244,PHC,1,-1
5245,PHC,1,-1
5246,PHC,1,-1
5247,PHC,1,-1
5248,Random,-1,1
5249,PHC,1,-1
5250,PHC,1,-1
5251,PHC,1,-1
5252,PHC,1,-1
5253,PHC,1,-1
5254,PHC,1,-1
5255,PHC,1,-1
5256,PHC,1,-1
5257,PHC,1,-1
5258,PHC,1,-1
5259,PHC,1,-1
5260,PHC,1,-1
5261,PHC,1,-1
5262,PHC,1,-1
5263,PHC,1,-1
5264,PHC,1,-1
5265,PHC,1,-1
5266,PHC,1,-1
5267,Random,-1,1
5268,PHC,1,-1
5269,PHC,1,-1
5270,PHC,1,-1
5271,PHC,1,-1
5272,PHC,1,-1
5273,PHC,1,-1
5274,Random,-1,1
5275,PHC,1,-1
5276,PHC,1,-1
5277,PHC,1,-1
5278,PHC,1,-1
5279,PHC,1,-1
5280,PHC,1,-1
5281,PHC,1,-1
5282,Random,-1,1
5283,Random,-1,1
5284,PHC,1,-1
5285,PHC,1,-1
5286,PHC,1,-1
5287,PHC,1,-1
5288,PHC,1,-1
5289,PHC,1,-1
5290,PHC,1,-1
5291,PHC,1,-1
5292,PHC,1,-1
5293,Random,-1,1
5294,PHC,1,-1
5295,PHC,1,-1
5296,PHC,1,-1
5297,PHC,1,-1
5298,PHC,1,-1
5299,PHC,1,-1
5300,Random,-1,1
5301,PHC,1,-1
5302,Random,-1,1
5303,PHC,1,-1
5304,PHC,1,-1
5305,Random,-1,1
5306,Random,-1,1
5307,Random,-1,1
5308,PHC,1,-1
5309,PHC,1,-1
5310,PHC,1,-1
5311,Random,-1,1
5312,PHC,1,-1
5313,Random,-1,1
5314,PHC,1,-1
5315,Random,-1,1
5316,Random,-1,1
5317,Random,-1,1
5318,PHC,1,-1
5319,PHC,1,-1
5320,Random,-1,1
5321,PHC,1,-1
5322,PHC,1,-1
5323,PHC,1,-1
5324,Random,-1,1
5325,PHC,1,-1
5326,PHC,1,-1
5327,PHC,1,-1
5328,Random,-1,1
5329,PHC,1,-1
5330,PHC,1,-1
5331,PHC,1,-1
5332,PHC,1,-1
5333,PHC,1,-1
5334,PHC,1,-1
5335,PHC,1,-1
5336,PHC,1,-1
5337,PHC,1,-1
5338,Random,-1,1
5339,Random,-1,1
5340,PHC,1,-1
5341,Random,-1,1
5342,PHC,1,-1
5343,PHC,1,-1
5344,PHC,1,-1
5345,Random,-1,1
5346,PHC,1,-1
5347,PHC,1,-1
5348,PHC,1,-1
5349,Random,-1,1
5350,PHC,1,-1
5351,Random,-1,1
5352,PHC,1,-1
5353,PHC,1,-1
5354,PHC,1,-1
5355,Random,-1,1
5356,PHC,1,-1
5357,PHC,1,-1
5358,PHC,1,-1
5359,PHC,1,-1
5360,Random,-1,1
5361,PHC,1,-1
5362,PHC,1,-1
5363,Random,-1,1
5364,PHC,1,-1
5365,PHC,1,-1
5366,PHC,1,-1
5367,PHC,1,-1
5368,PHC,1,-1
5369,PHC,1,-1
5370,PHC,1,-1
5371,PHC,1,-1
5372,PHC,1,-1
5373,PHC,1,-1
5374,PHC,1,-1
5375,PHC,1,-1
5376,PHC,1,-1
5377,PHC,1,-1
5378,PHC,1,-1
5379,PHC,1,-1
5380,PHC,1,-1
5381,Random,-1,1
5382,PHC,1,-1
5383,PHC,1,-1
5384,PHC,1,-1
5385,PHC,1,-1
5386,Random,-1,1
5387,PHC,1,-1
5388,PHC,1,-1
5389,PHC,1,-1
5390,PHC,1,-1
5391,Random,-1,1
5392,PHC,1,-1
5393,PHC,1,-1
5394,Random,-1,1
5395,PHC,1,-1
5396,PHC,1,-1
5397,Random,-1,1
5398,Random,-1,1
5399,PHC,1,-1
5400,PHC,1,-1
5401,PHC,1,-1
5402,PHC,1,-1
5403,PHC,1,-1
5404,PHC,1,-1
5405,PHC,1,-1
5406,Random,-1,1
5407,PHC,1,-1
5408,PHC,1,-1
5409,Random,-1,1
5410,Random,-1,1
5411,PHC,1,-1
5412,Random,-1,1
5413,PHC,1,-1
5414,PHC,1,-1
5415,PHC,1,-1
5416,Random,-1,1
5417,Random,-1,1
5418,PHC,1,-1
5419,PHC,1,-1
5420,PHC,1,-1
5421,PHC,1,-1
5422,PHC,1,-1
5423,PHC,1,-1
5424,PHC,1,-1
5425,Random,-1,1
5426,PHC,1,-1
5427,PHC,1,-1
5428,Random,-1,1
5429,PHC,1,-1
5430,PHC,1,-1
5431,Random,-1,1
5432,PHC,1,-1
5433,PHC,1,-1
5434,PHC,1,-1
5435,PHC,1,-1
5436,Random,-1,1
5437,PHC,1,-1
5438,PHC,1,-1
5439,PHC,1,-1
5440,PHC,1,-1
5441,PHC,1,-1
5442,PHC,1,-1
5443,Random,-1,1
5444,PHC,1,-1
5445,PHC,1,-1
5446,PHC,1,-1
5447,Random,-1,1
5448,PHC,1,-1
5449,PHC,1,-1
5450,Random,-1,1
5451,PHC,1,-1
5452,PHC,1,-1
5453,Random,-1,1
5454,PHC,1,-1
5455,PHC,1,-1
5456,PHC,1,-1
5457,Random,-1,1
5458,PHC,1,-1
5459,PHC,1,-1
5460,Random,-1,1
5461,PHC,1,-1
5462,PHC,1,-1
5463,PHC,1,-1
5464,PHC,1,-1
5465,PHC,1,-1
5466,PHC,1,-1
5467,PHC,1,-1
5468,PHC,1,-1
5469,PHC,1,-1
5470,Random,-1,1
5471,Random,-1,1
5472,PHC,1,-1
5473,PHC,1,-1
5474,Random,-1,1
5475,PHC,1,-1
5476,PHC,1,-1
5477,Random,-1,1
5478,PHC,1,-1
5479,PHC,1,-1
5480,PHC,1,-1
5481,PHC,1,-1
5482,PHC,1,-1
5483,PHC,1,-1
5484,PHC,1,-1
5485,PHC,1,-1
5486,PHC,1,-1
5487,PHC,1,-1
5488,PHC,1,-1
5489,PHC,1,-1
5490,PHC,1,-1
5491,PHC,1,-1
5492,Random,-1,1
5493,PHC,1,-1
5494,PHC,1,-1
5495,PHC,1,-1
5496,Random,-1,1
5497,PHC,1,-1
5498,PHC,1,-1
5499,PHC,1,-1
5500,PHC,1,-1
5501,PHC,1,-1
5502,PHC,1,-1
5503,PHC,1,-1
5504,PHC,1,-1
5505,PHC,1,-1
5506,PHC,1,-1
5507,Random,-1,1
5508,PHC,1,-1
5509,PHC,1,-1
5510,PHC,1,-1
5511,PHC,1,-1
5512,PHC,1,-1
5513,PHC,1,-1
5514,PHC,1,-1
5515,PHC,1,-1
5516,PHC,1,-1
5517,PHC,1,-1
5518,PHC,1,-1
5519,PHC,1,-1
5520,PHC,1,-1
5521,PHC,1,-1
5522,PHC,1,-1
5523,PHC,1,-1
5524,PHC,1,-1
5525,PHC,1,-1
5526,PHC,1,-1
5527,PHC,1,-1
5528,PHC,1,-1
5529,Random,-1,1
5530,Random,-1,1
5531,PHC,1,-1
5532,PHC,1,-1
5533,PHC,1,-1
5534,PHC,1,-1
5535,PHC,1,-1
5536,PHC,1,-1
5537,PHC,1,-1
5538,PHC,1,-1
5539,PHC,1,-1
5540,PHC,1,-1
5541,PHC,1,-1
5542,PHC,1,-1
5543,PHC,1,-1
5544,Random,-1,1
5545,PHC,1,-1
5546,PHC,1,-1
5547,PHC,1,-1
5548,PHC,1,-1
5549,PHC,1,-1
5550,PHC,1,-1
5551,Random,-1,1
5552,PHC,1,-1
5553,Random,-1,1
5554,PHC,1,-1
5555,PHC,1,-1
5556,PHC,1,-1
5557,PHC,1,-1
5558,PHC,1,-1
5559,PHC,1,-1
5560,PHC,1,-1
5561,PHC,1,-1
5562,PHC,1,-1
5563,PHC,1,-1
5564,Random,-1,1
5565,PHC,1,-1
5566,PHC,1,-1
5567,PHC,1,-1
5568,PHC,1,-1
5569,PHC,1,-1
5570,Random,-1,1
5571,PHC,1,-1
5572,PHC,1,-1
5573,Random,-1,1
5574,PHC,1,-1
5575,PHC,1,-1
5576,PHC,1,-1
5577,Random,-1,1
5578,PHC,1,-1
5579,PHC,1,-1
5580,PHC,1,-1
5581,PHC,1,-1
5582,PHC,1,-1
5583,PHC,1,-1
5584,PHC,1,-1
5585,PHC,1,-1
5586,PHC,1,-1
5587,Random,-1,1
5588,PHC,1,-1
5589,PHC,1,-1
5590,PHC,1,-1
5591,PHC,1,-1
5592,PHC,1,-1
5593,PHC,1,-1
5594,PHC,1,-1
5595,Random,-1,1
5596,PHC,1,-1
5597,PHC,1,-1
5598,PHC,1,-1
5599,PHC,1,-1
5600,Random,-1,1
5601,PHC,1,-1
5602,PHC,1,-1
5603,Random,-1,1
5604,PHC,1,-1
5605,PHC,1,-1
5606,PHC,1,-1
5607,PHC,1,-1
5608,Random,-1,1
5609,PHC,1,-1
5610,PHC,1,-1
5611,PHC,1,-1
5612,PHC,1,-1
5613,PHC,1,-1
5614,PHC,1,-1
5615,PHC,1,-1
5616,PHC,1,-1
5617,Random,-1,1
5618,PHC,1,-1
5619,PHC,1,-1
5620,PHC,1,-1
5621,PHC,1,-1
5622,PHC,1,-1
5623,PHC,1,-1
5624,PHC,1,-1
5625,PHC,1,-1
5626,Random,-1,1
5627,PHC,1,-1
5628,PHC,1,-1
5629,Random,-1,1
5630,PHC,1,-1
5631,PHC,1,-1
5632,Random,-1,1
5633,PHC,1,-1
5634,PHC,1,-1
5635,PHC,1,-1
5636,PHC,1,-1
5637,PHC,1,-1
5638,PHC,1,-1
5639,Random,-1,1
5640,PHC,1,-1
5641,PHC,1,-1
5642,PHC,1,-1
5643,PHC,1,-1
5644,Random,-1,1
5645,PHC,1,-1
5646,PHC,1,-1
5647,PHC,1,-1
5648,Random,-1,1
5649,Random,-1,1
5650,PHC,1,-1
5651,PHC,1,-1
5652,PHC,1,-1
5653,PHC,1,-1
5654,PHC,1,-1
5655,PHC,1,-1
5656,PHC,1,-1
5657,PHC,1,-1
5658,PHC,1,-1
5659,PHC,1,-1
5660,PHC,1,-1
5661,PHC,1,-1
5662,PHC,1,-1
5663,PHC,1,-1
5664,PHC,1,-1
5665,PHC,1,-1
5666,PHC,1,-1
5667,Random,-1,1
5668,PHC,1,-1
5669,PHC,1,-1
5670,Random,-1,1
5671,PHC,1,-1
5672,PHC,1,-1
5673,PHC,1,-1
5674,PHC,1,-1
5675,PHC,1,-1
5676,Random,-1,1
5677,PHC,1,-1
5678,PHC,1,-1
5679,PHC,1,-1
5680,PHC,1,-1
5681,Random,-1,1
5682,PHC,1,-1
5683,Random,-1,1
5684,Random,-1,1
5685,PHC,1,-1
5686,PHC,1,-1
5687,PHC,1,-1
5688,PHC,1,-1
5689,PHC,1,-1
5690,PHC,1,-1
5691,PHC,1,-1
5692,PHC,1,-1
5693,PHC,1,-1
5694,Random,-1,1
5695,Random,-1,1
5696,PHC,1,-1
5697,Random,-1,1
5698,PHC,1,-1
5699,Random,-1,1
5700,PHC,1,-1
5701,PHC,1,-1
5702,PHC,1,-1
5703,PHC,1,-1
5704,PHC,1,-1
5705,PHC,1,-1
5706,PHC,1,-1
5707,Random,-1,1
5708,Random,-1,1
5709,PHC,1,-1
5710,PHC,1,-1
5711,PHC,1,-1
5712,Random,-1,1
5713,PHC,1,-1
5714,PHC,1,-1
5715,PHC,1,-1
5716,PHC,1,-1
5717,PHC,1,-1
5718,PHC,1,-1
5719,Random,-1,1
5720,PHC,1,-1
5721,PHC,1,-1
5722,PHC,1,-1
5723,PHC,1,-1
5724,PHC,1,-1
5725,PHC,1,-1
5726,PHC,1,-1
5727,PHC,1,-1
5728,PHC,1,-1
5729,PHC,1,-1
5730,Random,-1,1
5731,PHC,1,-1
5732,PHC,1,-1
5733,PHC,1,-1
5734,Random,-1,1
5735,PHC,1,-1
5736,PHC,1,-1
5737,PHC,1,-1
5738,PHC,1,-1
5739,PHC,1,-1
5740,PHC,1,-1
5741,PHC,1,-1
5742,PHC,1,-1
5743,PHC,1,-1
5744,PHC,1,-1
5745,PHC,1,-1
5746,PHC,1,-1
5747,PHC,1,-1
5748,PHC,1,-1
5749,PHC,1,-1
5750,PHC,1,-1
5751,PHC,1,-1
5752,PHC,1,-1
5753,PHC,1,-1
5754,PHC,1,-1
5755,PHC,1,-1
5756,PHC,1,-1
5757,PHC,1,-1
5758,PHC,1,-1
5759,PHC,1,-1
5760,PHC,1,-1
5761,PHC,1,-1
5762,PHC,1,-1
5763,PHC,1,-1
5764,PHC,1,-1
5765,PHC,1,-1
5766,Random,-1,1
5767,PHC,1,-1
5768,Random,-1,1
5769,PHC,1,-1
5770,PHC,1,-1
5771,PHC,1,-1
5772,PHC,1,-1
5773,PHC,1,-1
5774,PHC,1,-1
5775,Random,-1,1
5776,Random,-1,1
5777,PHC,1,-1
5778,PHC,1,-1
5779,PHC,1,-1
5780,PHC,1,-1
5781,PHC,1,-1
5782,PHC,1,-1
5783,PHC,1,-1
5784,PHC,1,-1
5785,PHC,1,-1
5786,PHC,1,-1
5787,PHC,1,-1
5788,PHC,1,-1
5789,PHC,1,-1
5790,PHC,1,-1
5791,PHC,1,-1
5792,PHC,1,-1
5793,PHC,1,-1
5794,Random,-1,1
5795,PHC,1,-1
5796,Random,-1,1
5797,Random,-1,1
5798,PHC,1,-1
5799,Random,-1,1
5800,PHC,1,-1
5801,PHC,1,-1
5802,PHC,1,-1
5803,PHC,1,-1
5804,PHC,1,-1
5805,Random,-1,1
5806,PHC,1,-1
5807,PHC,1,-1
5808,PHC,1,-1
5809,PHC,1,-1
5810,Random,-1,1
5811,PHC,1,-1
5812,PHC,1,-1
5813,PHC,1,-1
5814,PHC,1,-1
5815,PHC,1,-1
5816,PHC,1,-1
5817,PHC,1,-1
5818,PHC,1,-1
5819,PHC,1,-1
5820,PHC,1,-1
5821,PHC,1,-1
5822,PHC,1,-1
5823,Random,-1,1
5824,PHC,1,-1
5825,PHC,1,-1
5826,PHC,1,-1
5827,PHC,1,-1
5828,Random,-1,1
5829,PHC,1,-1
5830,PHC,1,-1
5831,PHC,1,-1
5832,PHC,1,-1
5833,PHC,1,-1
5834,PHC,1,-1
5835,Random,-1,1
5836,PHC,1,-1
5837,PHC,1,-1
5838,PHC,1,-1
5839,PHC,1,-1
5840,PHC,1,-1
5841,PHC,1,-1
5842,PHC,1,-1
5843,Random,-1,1
5844,PHC,1,-1
5845,PHC,1,-1
5846,PHC,1,-1
5847,PHC,1,-1
5848,PHC,1,-1
5849,PHC,1,-1
5850,PHC,1,-1
5851,PHC,1,-1
5852,PHC,1,-1
5853,PHC,1,-1
5854,PHC,1,-1
5855,PHC,1,-1
5856,PHC,1,-1
5857,PHC,1,-1
5858,PHC,1,-1
5859,PHC,1,-1
5860,PHC,1,-1
5861,PHC,1,-1
5862,Random,-1,1
5863,PHC,1,-1
5864,Random,-1,1
5865,PHC,1,-1
5866,PHC,1,-1
5867,PHC,1,-1
5868,Random,-1,1
5869,PHC,1,-1
5870,PHC,1,-1
5871,PHC,1,-1
5872,Random,-1,1
5873,PHC,1,-1
5874,PHC,1,-1
5875,PHC,1,-1
5876,PHC,1,-1
5877,PHC,1,-1
5878,PHC,1,-1
5879,PHC,1,-1
5880,PHC,1,-1
5881,PHC,1,-1
5882,PHC,1,-1
5883,PHC,1,-1
5884,PHC,1,-1
5885,PHC,1,-1
5886,Random,-1,1
5887,Random,-1,1
5888,PHC,1,-1
5889,PHC,1,-1
5890,PHC,1,-1
5891,PHC,1,-1
5892,PHC,1,-1
5893,PHC,1,-1
5894,Random,-1,1
5895,Random,-1,1
5896,PHC,1,-1
5897,PHC,1,-1
5898,PHC,1,-1
5899,PHC,1,-1
5900,PHC,1,-1
5901,PHC,1,-1
5902,PHC,1,-1
5903,PHC,1,-1
5904,PHC,1,-1
5905,PHC,1,-1
5906,PHC,1,-1
5907,PHC,1,-1
5908,PHC,1,-1
5909,PHC,1,-1
5910,PHC,1,-1
5911,PHC,1,-1
5912,PHC,1,-1
5913,Random,-1,1
5914,PHC,1,-1
5915,PHC,1,-1
5916,Random,-1,1
5917,PHC,1,-1
5918,PHC,1,-1
5919,PHC,1,-1
5920,PHC,1,-1
5921,PHC,1,-1
5922,PHC,1,-1
5923,PHC,1,-1
5924,PHC,1,-1
5925,PHC,1,-1
5926,Random,-1,1
5927,PHC,1,-1
5928,PHC,1,-1
5929,PHC,1,-1
5930,PHC,1,-1
5931,PHC,1,-1
5932,PHC,1,-1
5933,PHC,1,-1
5934,PHC,1,-1
5935,PHC,1,-1
5936,PHC,1,-1
5937,PHC,1,-1
5938,PHC,1,-1
5939,PHC,1,-1
5940,PHC,1,-1
5941,PHC,1,-1
5942,PHC,1,-1
5943,PHC,1,-1
5944,PHC,1,-1
5945,PHC,1,-1
5946,PHC,1,-1
5947,PHC,1,-1
5948,PHC,1,-1
5949,Random,-1,1
5950,PHC,1,-1
5951,PHC,1,-1
5952,Random,-1,1
5953,PHC,1,-1
5954,PHC,1,-1
5955,PHC,1,-1
5956,PHC,1,-1
5957,PHC,1,-1
5958,Random,-1,1
5959,PHC,1,-1
5960,PHC,1,-1
5961,PHC,1,-1
5962,PHC,1,-1
5963,PHC,1,-1
5964,PHC,1,-1
5965,PHC,1,-1
5966,PHC,1,-1
5967,PHC,1,-1
5968,PHC,1,-1
5969,PHC,1,-1
5970,Random,-1,1
5971,PHC,1,-1
5972,PHC,1,-1
5973,PHC,1,-1
5974,PHC,1,-1
5975,PHC,1,-1
5976,PHC,1,-1
5977,PHC,1,-1
5978,PHC,1,-1
5979,PHC,1,-1
5980,PHC,1,-1
5981,PHC,1,-1
5982,PHC,1,-1
5983,PHC,1,-1
5984,Random,-1,1
5985,PHC,1,-1
5986,Random,-1,1
5987,Random,-1,1
5988,Random,-1,1
5989,PHC,1,-1
5990,PHC,1,-1
5991,PHC,1,-1
5992,PHC,1,-1
5993,PHC,1,-1
5994,PHC,1,-1
5995,PHC,1,-1
5996,PHC,1,-1
5997,PHC,1,-1
5998,PHC,1,-1
5999,PHC,1,-1
6000,PHC,1,-1
6001,PHC,1,-1
6002,PHC,1,-1
6003,PHC,1,-1
6004,PHC,1,-1
6005,PHC,1,-1
6006,PHC,1,-1
6007,PHC,1,-1
6008,PHC,1,-1
6009,PHC,1,-1
6010,PHC,1,-1
6011,PHC,1,-1
6012,PHC,1,-1
6013,PHC,1,-1
6014,Random,-1,1
6015,PHC,1,-1
6016,Random,-1,1
6017,Random,-1,1
6018,PHC,1,-1
6019,PHC,1,-1
6020,PHC,1,-1
6021,PHC,1,-1
6022,PHC,1,-1
6023,PHC,1,-1
6024,PHC,1,-1
6025,PHC,1,-1
6026,PHC,1,-1
6027,PHC,1,-1
6028,PHC,1,-1
6029,PHC,1,-1
6030,PHC,1,-1
6031,PHC,1,-1
6032,PHC,1,-1
6033,PHC,1,-1
6034,PHC,1,-1
6035,PHC,1,-1
6036,Random,-1,1
6037,PHC,1,-1
6038,PHC,1,-1
6039,PHC,1,-1
6040,PHC,1,-1
6041,PHC,1,-1
6042,Random,-1,1
6043,PHC,1,-1
6044,Random,-1,1
6045,Random,-1,1
6046,PHC,1,-1
6047,PHC,1,-1
6048,PHC,1,-1
6049,PHC,1,-1
6050,PHC,1,-1
6051,PHC,1,-1
6052,PHC,1,-1
6053,PHC,1,-1
6054,PHC,1,-1
6055,PHC,1,-1
6056,Random,-1,1
6057,PHC,1,-1
6058,PHC,1,-1
6059,Random,-1,1
6060,PHC,1,-1
6061,PHC,1,-1
6062,PHC,1,-1
6063,PHC,1,-1
6064,PHC,1,-1
6065,PHC,1,-1
6066,PHC,1,-1
6067,PHC,1,-1
6068,PHC,1,-1
6069,PHC,1,-1
6070,Random,-1,1
6071,PHC,1,-1
6072,Random,-1,1
6073,PHC,1,-1
6074,PHC,1,-1
6075,PHC,1,-1
6076,PHC,1,-1
6077,Random,-1,1
6078,PHC,1,-1
6079,PHC,1,-1
6080,PHC,1,-1
6081,PHC,1,-1
6082,Random,-1,1
6083,PHC,1,-1
6084,PHC,1,-1
6085,PHC,1,-1
6086,PHC,1,-1
6087,PHC,1,-1
6088,PHC,1,-1
6089,PHC,1,-1
6090,Random,-1,1
6091,PHC,1,-1
6092,PHC,1,-1
6093,PHC,1,-1
6094,PHC,1,-1
6095,PHC,1,-1
6096,Random,-1,1
6097,PHC,1,-1
6098,PHC,1,-1
6099,PHC,1,-1
6100,PHC,1,-1
6101,PHC,1,-1
6102,PHC,1,-1
6103,PHC,1,-1
6104,PHC,1,-1
6105,PHC,1,-1
6106,PHC,1,-1
6107,PHC,1,-1
6108,PHC,1,-1
6109,Random,-1,1
6110,PHC,1,-1
6111,PHC,1,-1
6112,PHC,1,-1
6113,PHC,1,-1
6114,PHC,1,-1
6115,PHC,1,-1
6116,PHC,1,-1
6117,PHC,1,-1
6118,PHC,1,-1
6119,PHC,1,-1
6120,PHC,1,-1
6121,PHC,1,-1
6122,PHC,1,-1
6123,PHC,1,-1
6124,PHC,1,-1
6125,PHC,1,-1
6126,PHC,1,-1
6127,PHC,1,-1
6128,PHC,1,-1
6129,PHC,1,-1
6130,PHC,1,-1
6131,PHC,1,-1
6132,Random,-1,1
6133,PHC,1,-1
6134,PHC,1,-1
6135,PHC,1,-1
6136,PHC,1,-1
6137,PHC,1,-1
6138,PHC,1,-1
6139,PHC,1,-1
6140,PHC,1,-1
6141,PHC,1,-1
6142,PHC,1,-1
6143,PHC,1,-1
6144,PHC,1,-1
6145,PHC,1,-1
6146,PHC,1,-1
6147,PHC,1,-1
6148,Random,-1,1
6149,PHC,1,-1
6150,PHC,1,-1
6151,PHC,1,-1
6152,PHC,1,-1
6153,PHC,1,-1
6154,Random,-1,1
6155,PHC,1,-1
6156,PHC,1,-1
6157,PHC,1,-1
6158,PHC,1,-1
6159,PHC,1,-1
6160,PHC,1,-1
6161,PHC,1,-1
6162,Random,-1,1
6163,PHC,1,-1
6164,Random,-1,1
6165,PHC,1,-1
6166,PHC,1,-1
6167,PHC,1,-1
6168,Random,-1,1
6169,PHC,1,-1
6170,PHC,1,-1
6171,PHC,1,-1
6172,PHC,1,-1
6173,PHC,1,-1
6174,PHC,1,-1
6175,PHC,1,-1
6176,PHC,1,-1
6177,PHC,1,-1
6178,PHC,1,-1
6179,PHC,1,-1
6180,PHC,1,-1
6181,PHC,1,-1
6182,PHC,1,-1
6183,PHC,1,-1
6184,PHC,1,-1
6185,Random,-1,1
6186,PHC,1,-1
6187,PHC,1,-1
6188,PHC,1,-1
6189,PHC,1,-1
6190,Random,-1,1
6191,PHC,1,-1
6192,PHC,1,-1
6193,PHC,1,-1
6194,Random,-1,1
6195,Random,-1,1
6196,PHC,1,-1
6197,Random,-1,1
6198,PHC,1,-1
6199,PHC,1,-1
6200,Random,-1,1
6201,PHC,1,-1
6202,PHC,1,-1
6203,PHC,1,-1
6204,Random,-1,1
6205,PHC,1,-1
6206,PHC,1,-1
6207,PHC,1,-1
6208,PHC,1,-1
6209,PHC,1,-1
6210,PHC,1,-1
6211,PHC,1,-1
6212,PHC,1,-1
6213,PHC,1,-1
6214,PHC,1,-1
6215,PHC,1,-1
6216,PHC,1,-1
6217,PHC,1,-1
6218,PHC,1,-1
6219,Random,-1,1
6220,PHC,1,-1
6221,PHC,1,-1
6222,PHC,1,-1
6223,Random,-1,1
6224,PHC,1,-1
6225,PHC,1,-1
6226,Random,-1,1
6227,PHC,1,-1
6228,PHC,1,-1
6229,PHC,1,-1
6230,Random,-1,1
6231,PHC,1,-1
6232,PHC,1,-1
6233,PHC,1,-1
6234,PHC,1,-1
6235,PHC,1,-1
6236,PHC,1,-1
6237,PHC,1,-1
6238,PHC,1,-1
6239,PHC,1,-1
6240,PHC,1,-1
6241,PHC,1,-1
6242,PHC,1,-1
6243,PHC,1,-1
6244,PHC,1,-1
6245,PHC,1,-1
6246,PHC,1,-1
6247,PHC,1,-1
6248,PHC,1,-1
6249,PHC,1,-1
6250,PHC,1,-1
6251,PHC,1,-1
6252,PHC,1,-1
6253,PHC,1,-1
6254,PHC,1,-1
6255,PHC,1,-1
6256,PHC,1,-1
6257,Random,-1,1
6258,PHC,1,-1
6259,Random,-1,1
6260,Random,-1,1
6261,PHC,1,-1
6262,PHC,1,-1
6263,PHC,1,-1
6264,PHC,1,-1
6265,PHC,1,-1
6266,PHC,1,-1
6267,PHC,1,-1
6268,PHC,1,-1
6269,PHC,1,-1
6270,PHC,1,-1
6271,Random,-1,1
6272,Random,-1,1
6273,Random,-1,1
6274,PHC,1,-1
6275,PHC,1,-1
6276,PHC,1,-1
6277,PHC,1,-1
6278,Random,-1,1
6279,PHC,1,-1
6280,PHC,1,-1
6281,PHC,1,-1
6282,PHC,1,-1
6283,PHC,1,-1
6284,PHC,1,-1
6285,PHC,1,-1
6286,Random,-1,1
6287,PHC,1,-1
6288,PHC,1,-1
6289,PHC,1,-1
6290,PHC,1,-1
6291,Random,-1,1
6292,PHC,1,-1
6293,Random,-1,1
6294,PHC,1,-1
6295,Random,-1,1
6296,PHC,1,-1
6297,PHC,1,-1
6298,PHC,1,-1
6299,PHC,1,-1
6300,PHC,1,-1
6301,PHC,1,-1
6302,PHC,1,-1
6303,PHC,1,-1
6304,PHC,1,-1
6305,PHC,1,-1
6306,PHC,1,-1
6307,Random,-1,1
6308,PHC,1,-1
6309,PHC,1,-1
6310,PHC,1,-1
6311,PHC,1,-1
6312,PHC,1,-1
6313,PHC,1,-1
6314,PHC,1,-1
6315,PHC,1,-1
6316,PHC,1,-1
6317,PHC,1,-1
6318,PHC,1,-1
6319,PHC,1,-1
6320,PHC,1,-1
6321,PHC,1,-1
6322,PHC,1,-1
6323,PHC,1,-1
6324,PHC,1,-1
6325,PHC,1,-1
6326,PHC,1,-1
6327,PHC,1,-1
6328,PHC,1,-1
6329,PHC,1,-1
6330,PHC,1,-1
6331,PHC,1,-1
6332,Random,-1,1
6333,Random,-1,1
6334,Random,-1,1
6335,PHC,1,-1
6336,PHC,1,-1
6337,PHC,1,-1
6338,PHC,1,-1
6339,PHC,1,-1
6340,PHC,1,-1
6341,PHC,1,-1
6342,PHC,1,-1
6343,PHC,1,-1
6344,PHC,1,-1
6345,PHC,1,-1
6346,PHC,1,-1
6347,PHC,1,-1
6348,Random,-1,1
6349,PHC,1,-1
6350,PHC,1,-1
6351,PHC,1,-1
6352,PHC,1,-1
6353,PHC,1,-1
6354,PHC,1,-1
6355,PHC,1,-1
6356,PHC,1,-1
6357,PHC,1,-1
6358,PHC,1,-1
6359,PHC,1,-1
6360,PHC,1,-1
6361,PHC,1,-1
6362,PHC,1,-1
6363,PHC,1,-1
6364,Random,-1,1
6365,Random,-1,1
6366,PHC,1,-1
6367,Random,-1,1
6368,PHC,1,-1
6369,PHC,1,-1
6370,PHC,1,-1
6371,PHC,1,-1
6372,PHC,1,-1
6373,PHC,1,-1
6374,PHC,1,-1
6375,PHC,1,-1
6376,PHC,1,-1
6377,Random,-1,1
6378,PHC,1,-1
6379,PHC,1,-1
6380,PHC,1,-1
6381,Random,-1,1
6382,PHC,1,-1
6383,PHC,1,-1
6384,PHC,1,-1
6385,PHC,1,-1
6386,PHC,1,-1
6387,PHC,1,-1
6388,PHC,1,-1
6389,PHC,1,-1
6390,PHC,1,-1
6391,PHC,1,-1
6392,PHC,1,-1
6393,Random,-1,1
6394,PHC,1,-1
6395,PHC,1,-1
6396,PHC,1,-1
6397,Random,-1,1
6398,PHC,1,-1
6399,PHC,1,-1
6400,PHC,1,-1
6401,PHC,1,-1
6402,PHC,1,-1
6403,PHC,1,-1
6404,Random,-1,1
6405,PHC,1,-1
6406,PHC,1,-1
6407,PHC,1,-1
6408,PHC,1,-1
6409,PHC,1,-1
6410,PHC,1,-1
6411,PHC,1,-1
6412,PHC,1,-1
6413,PHC,1,-1
6414,PHC,1,-1
6415,Random,-1,1
6416,PHC,1,-1
6417,PHC,1,-1
6418,PHC,1,-1
6419,PHC,1,-1
6420,PHC,1,-1
6421,PHC,1,-1
6422,PHC,1,-1
6423,PHC,1,-1
6424,Random,-1,1
6425,PHC,1,-1
6426,PHC,1,-1
6427,PHC,1,-1
6428,PHC,1,-1
6429,PHC,1,-1
6430,PHC,1,-1
6431,PHC,1,-1
6432,PHC,1,-1
6433,PHC,1,-1
6434,PHC,1,-1
6435,PHC,1,-1
6436,PHC,1,-1
6437,PHC,1,-1
6438,PHC,1,-1
6439,PHC,1,-1
6440,PHC,1,-1
6441,PHC,1,-1
6442,PHC,1,-1
6443,PHC,1,-1
6444,Random,-1,1
6445,PHC,1,-1
6446,PHC,1,-1
6447,PHC,1,-1
6448,Random,-1,1
6449,PHC,1,-1
6450,Random,-1,1
6451,PHC,1,-1
6452,PHC,1,-1
6453,PHC,1,-1
6454,PHC,1,-1
6455,PHC,1,-1
6456,PHC,1,-1
6457,Random,-1,1
6458,PHC,1,-1
6459,PHC,1,-1
6460,PHC,1,-1
6461,PHC,1,-1
6462,PHC,1,-1
6463,Random,-1,1
6464,Random,-1,1
6465,PHC,1,-1
6466,PHC,1,-1
6467,PHC,1,-1
6468,PHC,1,-1
6469,PHC,1,-1
6470,PHC,1,-1
6471,PHC,1,-1
6472,PHC,1,-1
6473,PHC,1,-1
6474,PHC,1,-1
6475,PHC,1,-1
6476,Random,-1,1
6477,Random,-1,1
6478,PHC,1,-1
6479,PHC,1,-1
6480,PHC,1,-1
6481,PHC,1,-1
6482,PHC,1,-1
6483,PHC,1,-1
6484,PHC,1,-1
6485,PHC,1,-1
6486,PHC,1,-1
6487,PHC,1,-1
6488,PHC,1,-1
6489,Random,-1,1
6490,PHC,1,-1
6491,PHC,1,-1
6492,PHC,1,-1
6493,PHC,1,-1
6494,PHC,1,-1
6495,PHC,1,-1
6496,Random,-1,1
6497,PHC,1,-1
6498,PHC,1,-1
6499,Random,-1,1
6500,PHC,1,-1
6501,PHC,1,-1
6502,PHC,1,-1
6503,PHC,1,-1
6504,PHC,1,-1
6505,PHC,1,-1
6506,PHC,1,-1
6507,PHC,1,-1
6508,PHC,1,-1
6509,PHC,1,-1
6510,Random,-1,1
6511,PHC,1,-1
6512,Random,-1,1
6513,PHC,1,-1
6514,PHC,1,-1
6515,Random,-1,1
6516,PHC,1,-1
6517,PHC,1,-1
6518,PHC,1,-1
6519,PHC,1,-1
6520,Random,-1,1
6521,PHC,1,-1
6522,PHC,1,-1
6523,PHC,1,-1
6524,PHC,1,-1
6525,PHC,1,-1
6526,PHC,1,-1
6527,Random,-1,1
6528,PHC,1,-1
6529,PHC,1,-1
6530,PHC,1,-1
6531,PHC,1,-1
6532,PHC,1,-1
6533,PHC,1,-1
6534,PHC,1,-1
6535,PHC,1,-1
6536,PHC,1,-1
6537,PHC,1,-1
6538,Random,-1,1
6539,PHC,1,-1
6540,PHC,1,-1
6541,PHC,1,-1
6542,Random,-1,1
6543,PHC,1,-1
6544,PHC,1,-1
6545,PHC,1,-1
6546,PHC,1,-1
6547,PHC,1,-1
6548,PHC,1,-1
6549,PHC,1,-1
6550,PHC,1,-1
6551,PHC,1,-1
6552,PHC,1,-1
6553,PHC,1,-1
6554,PHC,1,-1
6555,PHC,1,-1
6556,PHC,1,-1
6557,PHC,1,-1
6558,PHC,1,-1
6559,PHC,1,-1
6560,PHC,1,-1
6561,PHC,1,-1
6562,PHC,1,-1
6563,PHC,1,-1
6564,PHC,1,-1
6565,PHC,1,-1
6566,PHC,1,-1
6567,PHC,1,-1
6568,PHC,1,-1
6569,PHC,1,-1
6570,PHC,1,-1
6571,PHC,1,-1
6572,PHC,1,-1
6573,PHC,1,-1
6574,Random,-1,1
6575,PHC,1,-1
6576,PHC,1,-1
6577,PHC,1,-1
6578,PHC,1,-1
6579,PHC,1,-1
6580,PHC,1,-1
6581,PHC,1,-1
6582,PHC,1,-1
6583,Random,-1,1
6584,PHC,1,-1
6585,PHC,1,-1
6586,PHC,1,-1
6587,PHC,1,-1
6588,PHC,1,-1
6589,PHC,1,-1
6590,PHC,1,-1
6591,PHC,1,-1
6592,PHC,1,-1
6593,PHC,1,-1
6594,PHC,1,-1
6595,Random,-1,1
6596,PHC,1,-1
6597,PHC,1,-1
6598,PHC,1,-1
6599,Random,-1,1
6600,PHC,1,-1
6601,PHC,1,-1
6602,PHC,1,-1
6603,PHC,1,-1
6604,PHC,1,-1
6605,PHC,1,-1
6606,PHC,1,-1
6607,PHC,1,-1
6608,Random,-1,1
6609,PHC,1,-1
6610,Random,-1,1
6611,PHC,1,-1
6612,PHC,1,-1
6613,PHC,1,-1
6614,PHC,1,-1
6615,PHC,1,-1
6616,PHC,1,-1
6617,Random,-1,1
6618,PHC,1,-1
6619,PHC,1,-1
6620,PHC,1,-1
6621,PHC,1,-1
6622,PHC,1,-1
6623,PHC,1,-1
6624,Random,-1,1
6625,PHC,1,-1
6626,PHC,1,-1
6627,PHC,1,-1
6628,PHC,1,-1
6629,Random,-1,1
6630,PHC,1,-1
6631,PHC,1,-1
6632,PHC,1,-1
6633,PHC,1,-1
6634,PHC,1,-1
6635,PHC,1,-1
6636,PHC,1,-1
6637,PHC,1,-1
6638,PHC,1,-1
6639,PHC,1,-1
6640,PHC,1,-1
6641,PHC,1,-1
6642,PHC,1,-1
6643,PHC,1,-1
6644,PHC,1,-1
6645,PHC,1,-1
6646,PHC,1,-1
6647,PHC,1,-1
6648,PHC,1,-1
6649,Random,-1,1
6650,PHC,1,-1
6651,PHC,1,-1
6652,PHC,1,-1
6653,PHC,1,-1
6654,PHC,1,-1
6655,PHC,1,-1
6656,Random,-1,1
6657,PHC,1,-1
6658,PHC,1,-1
6659,Random,-1,1
6660,PHC,1,-1
6661,PHC,1,-1
6662,PHC,1,-1
6663,PHC,1,-1
6664,PHC,1,-1
6665,PHC,1,-1
6666,PHC,1,-1
6667,PHC,1,-1
6668,PHC,1,-1
6669,PHC,1,-1
6670,PHC,1,-1
6671,PHC,1,-1
6672,PHC,1,-1
6673,PHC,1,-1
6674,PHC,1,-1
6675,PHC,1,-1
6676,PHC,1,-1
6677,PHC,1,-1
6678,Random,-1,1
6679,Random,-1,1
6680,PHC,1,-1
6681,PHC,1,-1
6682,PHC,1,-1
6683,PHC,1,-1
6684,PHC,1,-1
6685,PHC,1,-1
6686,PHC,1,-1
6687,PHC,1,-1
6688,PHC,1,-1
6689,PHC,1,-1
6690,PHC,1,-1
6691,PHC,1,-1
6692,Random,-1,1
6693,PHC,1,-1
6694,PHC,1,-1
6695,PHC,1,-1
6696,PHC,1,-1
6697,PHC,1,-1
6698,PHC,1,-1
6699,PHC,1,-1
6700,PHC,1,-1
6701,PHC,1,-1
6702,Random,-1,1
6703,PHC,1,-1
6704,PHC,1,-1
6705,PHC,1,-1
6706,PHC,1,-1
6707,PHC,1,-1
6708,PHC,1,-1
6709,PHC,1,-1
6710,PHC,1,-1
6711,PHC,1,-1
6712,PHC,1,-1
6713,PHC,1,-1
6714,PHC,1,-1
6715,PHC,1,-1
6716,PHC,1,-1
6717,PHC,1,-1
6718,PHC,1,-1
6719,PHC,1,-1
6720,PHC,1,-1
6721,PHC,1,-1
6722,PHC,1,-1
6723,PHC,1,-1
6724,PHC,1,-1
6725,PHC,1,-1
6726,PHC,1,-1
6727,PHC,1,-1
6728,PHC,1,-1
6729,PHC,1,-1
6730,PHC,1,-1
6731,PHC,1,-1
6732,PHC,1,-1
6733,PHC,1,-1
6734,PHC,1,-1
6735,PHC,1,-1
6736,PHC,1,-1
6737,PHC,1,-1
6738,PHC,1,-1
6739,PHC,1,-1
6740,PHC,1,-1
6741,PHC,1,-1
6742,PHC,1,-1
6743,Random,-1,1
6744,PHC,1,-1
6745,PHC,1,-1
6746,PHC,1,-1
6747,Random,-1,1
6748,PHC,1,-1
6749,PHC,1,-1
6750,PHC,1,-1
6751,PHC,1,-1
6752,PHC,1,-1
6753,Random,-1,1
6754,Random,-1,1
6755,PHC,1,-1
6756,PHC,1,-1
6757,PHC,1,-1
6758,PHC,1,-1
6759,PHC,1,-1
6760,PHC,1,-1
6761,PHC,1,-1
6762,PHC,1,-1
6763,PHC,1,-1
6764,PHC,1,-1
6765,PHC,1,-1
6766,PHC,1,-1
6767,PHC,1,-1
6768,PHC,1,-1
6769,PHC,1,-1
6770,PHC,1,-1
6771,PHC,1,-1
6772,PHC,1,-1
6773,PHC,1,-1
6774,Random,-1,1
6775,PHC,1,-1
6776,PHC,1,-1
6777,PHC,1,-1
6778,PHC,1,-1
6779,PHC,1,-1
6780,PHC,1,-1
6781,PHC,1,-1
6782,Random,-1,1
6783,PHC,1,-1
6784,Random,-1,1
6785,PHC,1,-1
6786,PHC,1,-1
6787,PHC,1,-1
6788,PHC,1,-1
6789,PHC,1,-1
6790,PHC,1,-1
6791,PHC,1,-1
6792,PHC,1,-1
6793,PHC,1,-1
6794,PHC,1,-1
6795,PHC,1,-1
6796,PHC,1,-1
6797,PHC,1,-1
6798,Random,-1,1
6799,PHC,1,-1
6800,Random,-1,1
6801,PHC,1,-1
6802,Random,-1,1
6803,PHC,1,-1
6804,PHC,1,-1
6805,PHC,1,-1
6806,PHC,1,-1
6807,PHC,1,-1
6808,PHC,1,-1
6809,PHC,1,-1
6810,PHC,1,-1
6811,PHC,1,-1
6812,PHC,1,-1
6813,PHC,1,-1
6814,Random,-1,1
6815,PHC,1,-1
6816,PHC,1,-1
6817,PHC,1,-1
6818,PHC,1,-1
6819,PHC,1,-1
6820,PHC,1,-1
6821,PHC,1,-1
6822,PHC,1,-1
6823,PHC,1,-1
6824,PHC,1,-1
6825,PHC,1,-1
6826,PHC,1,-1
6827,PHC,1,-1
6828,PHC,1,-1
6829,PHC,1,-1
6830,PHC,1,-1
6831,PHC,1,-1
6832,PHC,1,-1
6833,PHC,1,-1
6834,PHC,1,-1
6835,PHC,1,-1
6836,PHC,1,-1
6837,PHC,1,-1
6838,PHC,1,-1
6839,Random,-1,1
6840,PHC,1,-1
6841,PHC,1,-1
6842,PHC,1,-1
6843,PHC,1,-1
6844,PHC,1,-1
6845,PHC,1,-1
6846,PHC,1,-1
6847,PHC,1,-1
6848,PHC,1,-1
6849,PHC,1,-1
6850,PHC,1,-1
6851,PHC,1,-1
6852,PHC,1,-1
6853,PHC,1,-1
6854,PHC,1,-1
6855,PHC,1,-1
6856,PHC,1,-1
6857,PHC,1,-1
6858,PHC,1,-1
6859,Random,-1,1
6860,PHC,1,-1
6861,PHC,1,-1
6862,PHC,1,-1
6863,PHC,1,-1
6864,PHC,1,-1
6865,Random,-1,1
6866,PHC,1,-1
6867,Random,-1,1
6868,PHC,1,-1
6869,PHC,1,-1
6870,Random,-1,1
6871,PHC,1,-1
6872,PHC,1,-1
6873,PHC,1,-1
6874,PHC,1,-1
6875,PHC,1,-1
6876,PHC,1,-1
6877,PHC,1,-1
6878,PHC,1,-1
6879,Random,-1,1
6880,PHC,1,-1
6881,PHC,1,-1
6882,PHC,1,-1
6883,PHC,1,-1
6884,PHC,1,-1
6885,Random,-1,1
6886,Random,-1,1
6887,PHC,1,-1
6888,PHC,1,-1
6889,Random,-1,1
6890,PHC,1,-1
6891,PHC,1,-1
6892,PHC,1,-1
6893,PHC,1,-1
6894,PHC,1,-1
6895,PHC,1,-1
6896,PHC,1,-1
6897,PHC,1,-1
6898,Random,-1,1
6899,PHC,1,-1
6900,PHC,1,-1
6901,PHC,1,-1
6902,PHC,1,-1
6903,PHC,1,-1
6904,PHC,1,-1
6905,PHC,1,-1
6906,PHC,1,-1
6907,PHC,1,-1
6908,PHC,1,-1
6909,PHC,1,-1
6910,PHC,1,-1
6911,PHC,1,-1
6912,PHC,1,-1
6913,PHC,1,-1
6914,PHC,1,-1
6915,Random,-1,1
6916,PHC,1,-1
6917,PHC,1,-1
6918,PHC,1,-1
6919,PHC,1,-1
6920,PHC,1,-1
6921,PHC,1,-1
6922,PHC,1,-1
6923,PHC,1,-1
6924,PHC,1,-1
6925,PHC,1,-1
6926,PHC,1,-1
6927,PHC,1,-1
6928,PHC,1,-1
6929,PHC,1,-1
6930,PHC,1,-1
6931,PHC,1,-1
6932,PHC,1,-1
6933,PHC,1,-1
6934,Random,-1,1
6935,PHC,1,-1
6936,PHC,1,-1
6937,PHC,1,-1
6938,PHC,1,-1
6939,PHC,1,-1
6940,Random,-1,1
6941,PHC,1,-1
6942,PHC,1,-1
6943,Random,-1,1
6944,PHC,1,-1
6945,PHC,1,-1
6946,PHC,1,-1
6947,PHC,1,-1
6948,PHC,1,-1
6949,PHC,1,-1
6950,PHC,1,-1
6951,PHC,1,-1
6952,PHC,1,-1
6953,PHC,1,-1
6954,PHC,1,-1
6955,Random,-1,1
6956,Random,-1,1
6957,PHC,1,-1
6958,PHC,1,-1
6959,Random,-1,1
6960,Random,-1,1
6961,PHC,1,-1
6962,PHC,1,-1
6963,PHC,1,-1
6964,PHC,1,-1
6965,PHC,1,-1
6966,PHC,1,-1
6967,PHC,1,-1
6968,PHC,1,-1
6969,Random,-1,1
6970,PHC,1,-1
6971,PHC,1,-1
6972,PHC,1,-1
6973,Random,-1,1
6974,PHC,1,-1
6975,PHC,1,-1
6976,PHC,1,-1
6977,PHC,1,-1
6978,PHC,1,-1
6979,PHC,1,-1
6980,PHC,1,-1
6981,PHC,1,-1
6982,PHC,1,-1
6983,PHC,1,-1
6984,PHC,1,-1
6985,PHC,1,-1
6986,Random,-1,1
6987,PHC,1,-1
6988,PHC,1,-1
6989,PHC,1,-1
6990,PHC,1,-1
6991,PHC,1,-1
6992,PHC,1,-1
6993,PHC,1,-1
6994,PHC,1,-1
6995,PHC,1,-1
6996,PHC,1,-1
6997,PHC,1,-1
6998,PHC,1,-1
6999,PHC,1,-1
7000,PHC,1,-1
7001,PHC,1,-1
7002,PHC,1,-1
7003,PHC,1,-1
7004,PHC,1,-1
7005,PHC,1,-1
7006,PHC,1,-1
7007,Random,-1,1
7008,Random,-1,1
7009,Random,-1,1
7010,PHC,1,-1
7011,PHC,1,-1
7012,Random,-1,1
7013,PHC,1,-1
7014,PHC,1,-1
7015,PHC,1,-1
7016,PHC,1,-1
7017,PHC,1,-1
7018,PHC,1,-1
7019,PHC,1,-1
7020,PHC,1,-1
7021,PHC,1,-1
7022,PHC,1,-1
7023,PHC,1,-1
7024,PHC,1,-1
7025,PHC,1,-1
7026,PHC,1,-1
7027,PHC,1,-1
7028,Random,-1,1
7029,PHC,1,-1
7030,PHC,1,-1
7031,PHC,1,-1
7032,PHC,1,-1
7033,Random,-1,1
7034,PHC,1,-1
7035,PHC,1,-1
7036,PHC,1,-1
7037,PHC,1,-1
7038,PHC,1,-1
7039,PHC,1,-1
7040,Random,-1,1
7041,PHC,1,-1
7042,PHC,1,-1
7043,PHC,1,-1
7044,PHC,1,-1
7045,PHC,1,-1
7046,Random,-1,1
7047,PHC,1,-1
7048,PHC,1,-1
7049,Random,-1,1
7050,PHC,1,-1
7051,PHC,1,-1
7052,PHC,1,-1
7053,PHC,1,-1
7054,Random,-1,1
7055,Random,-1,1
7056,PHC,1,-1
7057,PHC,1,-1
7058,PHC,1,-1
7059,PHC,1,-1
7060,PHC,1,-1
7061,PHC,1,-1
7062,PHC,1,-1
7063,PHC,1,-1
7064,PHC,1,-1
7065,PHC,1,-1
7066,PHC,1,-1
7067,Random,-1,1
7068,PHC,1,-1
7069,PHC,1,-1
7070,PHC,1,-1
7071,PHC,1,-1
7072,PHC,1,-1
7073,PHC,1,-1
7074,PHC,1,-1
7075,PHC,1,-1
7076,PHC,1,-1
7077,PHC,1,-1
7078,PHC,1,-1
7079,PHC,1,-1
7080,PHC,1,-1
7081,PHC,1,-1
7082,PHC,1,-1
7083,PHC,1,-1
7084,PHC,1,-1
7085,PHC,1,-1
7086,PHC,1,-1
7087,PHC,1,-1
7088,PHC,1,-1
7089,PHC,1,-1
7090,PHC,1,-1
7091,Random,-1,1
7092,PHC,1,-1
7093,Random,-1,1
7094,Random,-1,1
7095,PHC,1,-1
7096,PHC,1,-1
7097,PHC,1,-1
7098,Random,-1,1
7099,PHC,1,-1
7100,PHC,1,-1
7101,PHC,1,-1
7102,PHC,1,-1
7103,Random,-1,1
7104,PHC,1,-1
7105,PHC,1,-1
7106,PHC,1,-1
7107,PHC,1,-1
7108,PHC,1,-1
7109,PHC,1,-1
7110,PHC,1,-1
7111,PHC,1,-1
7112,PHC,1,-1
7113,PHC,1,-1
7114,PHC,1,-1
7115,PHC,1,-1
7116,PHC,1,-1
7117,PHC,1,-1
7118,PHC,1,-1
7119,PHC,1,-1
7120,Random,-1,1
7121,PHC,1,-1
7122,PHC,1,-1
7123,PHC,1,-1
7124,PHC,1,-1
7125,PHC,1,-1
7126,Random,-1,1
7127,PHC,1,-1
7128,PHC,1,-1
7129,PHC,1,-1
7130,PHC,1,-1
7131,PHC,1,-1
7132,PHC,1,-1
7133,PHC,1,-1
7134,PHC,1,-1
7135,PHC,1,-1
7136,PHC,1,-1
7137,PHC,1,-1
7138,PHC,1,-1
7139,PHC,1,-1
7140,PHC,1,-1
7141,PHC,1,-1
7142,Random,-1,1
7143,PHC,1,-1
7144,PHC,1,-1
7145,PHC,1,-1
7146,PHC,1,-1
7147,PHC,1,-1
7148,PHC,1,-1
7149,PHC,1,-1
7150,PHC,1,-1
7151,PHC,1,-1
7152,PHC,1,-1
7153,PHC,1,-1
7154,PHC,1,-1
7155,PHC,1,-1
7156,PHC,1,-1
7157,Random,-1,1
7158,PHC,1,-1
7159,PHC,1,-1
7160,PHC,1,-1
7161,PHC,1,-1
7162,PHC,1,-1
7163,Random,-1,1
7164,Random,-1,1
7165,PHC,1,-1
7166,PHC,1,-1
7167,PHC,1,-1
7168,PHC,1,-1
7169,PHC,1,-1
7170,PHC,1,-1
7171,PHC,1,-1
7172,PHC,1,-1
7173,PHC,1,-1
7174,PHC,1,-1
7175,PHC,1,-1
7176,PHC,1,-1
7177,PHC,1,-1
7178,PHC,1,-1
7179,PHC,1,-1
7180,PHC,1,-1
7181,PHC,1,-1
7182,Random,-1,1
7183,PHC,1,-1
7184,PHC,1,-1
7185,PHC,1,-1
7186,PHC,1,-1
7187,PHC,1,-1
7188,Random,-1,1
7189,PHC,1,-1
7190,Random,-1,1
7191,PHC,1,-1
7192,PHC,1,-1
7193,PHC,1,-1
7194,PHC,1,-1
7195,PHC,1,-1
7196,PHC,1,-1
7197,PHC,1,-1
7198,PHC,1,-1
7199,PHC,1,-1
7200,PHC,1,-1
7201,PHC,1,-1
7202,PHC,1,-1
7203,PHC,1,-1
7204,PHC,1,-1
7205,PHC,1,-1
7206,PHC,1,-1
7207,PHC,1,-1
7208,PHC,1,-1
7209,PHC,1,-1
7210,PHC,1,-1
7211,PHC,1,-1
7212,PHC,1,-1
7213,PHC,1,-1
7214,PHC,1,-1
7215,PHC,1,-1
7216,Random,-1,1
7217,PHC,1,-1
7218,PHC,1,-1
7219,PHC,1,-1
7220,PHC,1,-1
7221,PHC,1,-1
7222,PHC,1,-1
7223,PHC,1,-1
7224,PHC,1,-1
7225,Random,-1,1
7226,PHC,1,-1
7227,Random,-1,1
7228,PHC,1,-1
7229,Random,-1,1
7230,PHC,1,-1
7231,PHC,1,-1
7232,PHC,1,-1
7233,PHC,1,-1
7234,PHC,1,-1
7235,PHC,1,-1
7236,PHC,1,-1
7237,PHC,1,-1
7238,PHC,1,-1
7239,PHC,1,-1
7240,Random,-1,1
7241,PHC,1,-1
7242,Random,-1,1
7243,PHC,1,-1
7244,PHC,1,-1
7245,PHC,1,-1
7246,PHC,1,-1
7247,PHC,1,-1
7248,PHC,1,-1
7249,Random,-1,1
7250,PHC,1,-1
7251,PHC,1,-1
7252,Random,-1,1
7253,PHC,1,-1
7254,PHC,1,-1
7255,PHC,1,-1
7256,PHC,1,-1
7257,PHC,1,-1
7258,PHC,1,-1
7259,Random,-1,1
7260,PHC,1,-1
7261,PHC,1,-1
7262,PHC,1,-1
7263,PHC,1,-1
7264,Random,-1,1
7265,PHC,1,-1
7266,PHC,1,-1
7267,PHC,1,-1
7268,PHC,1,-1
7269,Random,-1,1
7270,Random,-1,1
7271,PHC,1,-1
7272,PHC,1,-1
7273,PHC,1,-1
7274,PHC,1,-1
7275,PHC,1,-1
7276,PHC,1,-1
7277,PHC,1,-1
7278,PHC,1,-1
7279,PHC,1,-1
7280,PHC,1,-1
7281,PHC,1,-1
7282,Random,-1,1
7283,PHC,1,-1
7284,PHC,1,-1
7285,PHC,1,-1
7286,PHC,1,-1
7287,PHC,1,-1
7288,PHC,1,-1
7289,PHC,1,-1
7290,PHC,1,-1
7291,PHC,1,-1
7292,PHC,1,-1
7293,PHC,1,-1
7294,PHC,1,-1
7295,PHC,1,-1
7296,Random,-1,1
7297,Random,-1,1
7298,PHC,1,-1
7299,PHC,1,-1
7300,PHC,1,-1
7301,PHC,1,-1
7302,PHC,1,-1
7303,PHC,1,-1
7304,PHC,1,-1
7305,PHC,1,-1
7306,PHC,1,-1
7307,PHC,1,-1
7308,PHC,1,-1
7309,PHC,1,-1
7310,PHC,1,-1
7311,PHC,1,-1
7312,PHC,1,-1
7313,PHC,1,-1
7314,PHC,1,-1
7315,PHC,1,-1
7316,PHC,1,-1
7317,PHC,1,-1
7318,PHC,1,-1
7319,PHC,1,-1
7320,PHC,1,-1
7321,PHC,1,-1
7322,PHC,1,-1
7323,PHC,1,-1
7324,PHC,1,-1
7325,PHC,1,-1
7326,PHC,1,-1
7327,PHC,1,-1
7328,Random,-1,1
7329,PHC,1,-1
7330,PHC,1,-1
7331,PHC,1,-1
7332,Random,-1,1
7333,Random,-1,1
7334,PHC,1,-1
7335,PHC,1,-1
7336,PHC,1,-1
7337,PHC,1,-1
7338,PHC,1,-1
7339,PHC,1,-1
7340,PHC,1,-1
7341,Random,-1,1
7342,PHC,1,-1
7343,PHC,1,-1
7344,PHC,1,-1
7345,PHC,1,-1
7346,PHC,1,-1
7347,PHC,1,-1
7348,PHC,1,-1
7349,PHC,1,-1
7350,PHC,1,-1
7351,PHC,1,-1
7352,PHC,1,-1
7353,PHC,1,-1
7354,PHC,1,-1
7355,PHC,1,-1
7356,Random,-1,1
7357,PHC,1,-1
7358,PHC,1,-1
7359,PHC,1,-1
7360,PHC,1,-1
7361,PHC,1,-1
7362,PHC,1,-1
7363,PHC,1,-1
7364,PHC,1,-1
7365,PHC,1,-1
7366,PHC,1,-1
7367,PHC,1,-1
7368,PHC,1,-1
7369,Random,-1,1
7370,PHC,1,-1
7371,PHC,1,-1
7372,Random,-1,1
7373,PHC,1,-1
7374,PHC,1,-1
7375,PHC,1,-1
7376,PHC,1,-1
7377,PHC,1,-1
7378,PHC,1,-1
7379,Random,-1,1
7380,PHC,1,-1
7381,PHC,1,-1
7382,PHC,1,-1
7383,PHC,1,-1
7384,PHC,1,-1
7385,PHC,1,-1
7386,Random,-1,1
7387,PHC,1,-1
7388,PHC,1,-1
7389,PHC,1,-1
7390,PHC,1,-1
7391,PHC,1,-1
7392,PHC,1,-1
7393,PHC,1,-1
7394,PHC,1,-1
7395,PHC,1,-1
7396,PHC,1,-1
7397,PHC,1,-1
7398,PHC,1,-1
7399,PHC,1,-1
7400,PHC,1,-1
7401,PHC,1,-1
7402,PHC,1,-1
7403,PHC,1,-1
7404,Random,-1,1
7405,PHC,1,-1
7406,PHC,1,-1
7407,PHC,1,-1
7408,Random,-1,1
7409,PHC,1,-1
7410,PHC,1,-1
7411,PHC,1,-1
7412,PHC,1,-1
7413,PHC,1,-1
7414,PHC,1,-1
7415,PHC,1,-1
7416,Random,-1,1
7417,PHC,1,-1
7418,PHC,1,-1
7419,PHC,1,-1
7420,PHC,1,-1
7421,PHC,1,-1
7422,Random,-1,1
7423,PHC,1,-1
7424,PHC,1,-1
7425,PHC,1,-1
7426,PHC,1,-1
7427,PHC,1,-1
7428,PHC,1,-1
7429,PHC,1,-1
7430,PHC,1,-1
7431,PHC,1,-1
7432,PHC,1,-1
7433,PHC,1,-1
7434,PHC,1,-1
7435,PHC,1,-1
7436,PHC,1,-1
7437,PHC,1,-1
7438,PHC,1,-1
7439,PHC,1,-1
7440,PHC,1,-1
7441,PHC,1,-1
7442,PHC,1,-1
7443,Random,-1,1
7444,PHC,1,-1
7445,PHC,1,-1
7446,PHC,1,-1
7447,PHC,1,-1
7448,PHC,1,-1
7449,PHC,1,-1
7450,PHC,1,-1
7451,PHC,1,-1
7452,PHC,1,-1
7453,PHC,1,-1
7454,PHC,1,-1
7455,PHC,1,-1
7456,PHC,1,-1
7457,PHC,1,-1
7458,PHC,1,-1
7459,PHC,1,-1
7460,PHC,1,-1
7461,PHC,1,-1
7462,PHC,1,-1
7463,PHC,1,-1
7464,PHC,1,-1
7465,PHC,1,-1
7466,PHC,1,-1
7467,PHC,1,-1
7468,PHC,1,-1
7469,Random,-1,1
7470,PHC,1,-1
7471,PHC,1,-1
7472,PHC,1,-1
7473,PHC,1,-1
7474,PHC,1,-1
7475,PHC,1,-1
7476,PHC,1,-1
7477,PHC,1,-1
7478,PHC,1,-1
7479,PHC,1,-1
7480,PHC,1,-1
7481,PHC,1,-1
7482,PHC,1,-1
7483,PHC,1,-1
7484,Random,-1,1
7485,PHC,1,-1
7486,PHC,1,-1
7487,PHC,1,-1
7488,Random,-1,1
7489,PHC,1,-1
7490,Random,-1,1
7491,PHC,1,-1
7492,PHC,1,-1
7493,PHC,1,-1
7494,PHC,1,-1
7495,PHC,1,-1
7496,PHC,1,-1
7497,PHC,1,-1
7498,PHC,1,-1
7499,PHC,1,-1
7500,PHC,1,-1
7501,PHC,1,-1
7502,PHC,1,-1
7503,PHC,1,-1
7504,PHC,1,-1
7505,PHC,1,-1
7506,PHC,1,-1
7507,PHC,1,-1
7508,PHC,1,-1
7509,PHC,1,-1
7510,PHC,1,-1
7511,PHC,1,-1
7512,PHC,1,-1
7513,PHC,1,-1
7514,PHC,1,-1
7515,PHC,1,-1
7516,PHC,1,-1
7517,PHC,1,-1
7518,PHC,1,-1
7519,PHC,1,-1
7520,PHC,1,-1
7521,PHC,1,-1
7522,PHC,1,-1
7523,PHC,1,-1
7524,Random,-1,1
7525,PHC,1,-1
7526,PHC,1,-1
7527,PHC,1,-1
7528,PHC,1,-1
7529,PHC,1,-1
7530,PHC,1,-1
7531,Random,-1,1
7532,PHC,1,-1
7533,PHC,1,-1
7534,PHC,1,-1
7535,PHC,1,-1
7536,Random,-1,1
7537,PHC,1,-1
7538,PHC,1,-1
7539,PHC,1,-1
7540,PHC,1,-1
7541,PHC,1,-1
7542,PHC,1,-1
7543,PHC,1,-1
7544,PHC,1,-1
7545,PHC,1,-1
7546,PHC,1,-1
7547,PHC,1,-1
7548,PHC,1,-1
7549,PHC,1,-1
7550,PHC,1,-1
7551,PHC,1,-1
7552,PHC,1,-1
7553,PHC,1,-1
7554,PHC,1,-1
7555,PHC,1,-1
7556,Random,-1,1
7557,Random,-1,1
7558,PHC,1,-1
7559,Random,-1,1
7560,PHC,1,-1
7561,PHC,1,-1
7562,PHC,1,-1
7563,PHC,1,-1
7564,PHC,1,-1
7565,PHC,1,-1
7566,PHC,1,-1
7567,PHC,1,-1
7568,PHC,1,-1
7569,PHC,1,-1
7570,PHC,1,-1
7571,PHC,1,-1
7572,Random,-1,1
7573,PHC,1,-1
7574,PHC,1,-1
7575,PHC,1,-1
7576,PHC,1,-1
7577,PHC,1,-1
7578,PHC,1,-1
7579,PHC,1,-1
7580,PHC,1,-1
7581,PHC,1,-1
7582,PHC,1,-1
7583,PHC,1,-1
7584,PHC,1,-1
7585,PHC,1,-1
7586,PHC,1,-1
7587,PHC,1,-1
7588,PHC,1,-1
7589,PHC,1,-1
7590,PHC,1,-1
7591,PHC,1,-1
7592,PHC,1,-1
7593,PHC,1,-1
7594,PHC,1,-1
7595,PHC,1,-1
7596,PHC,1,-1
7597,PHC,1,-1
7598,PHC,1,-1
7599,PHC,1,-1
7600,Random,-1,1
7601,PHC,1,-1
7602,PHC,1,-1
7603,Random,-1,1
7604,PHC,1,-1
7605,PHC,1,-1
7606,PHC,1,-1
7607,PHC,1,-1
7608,PHC,1,-1
7609,PHC,1,-1
7610,PHC,1,-1
7611,PHC,1,-1
7612,PHC,1,-1
7613,PHC,1,-1
7614,PHC,1,-1
7615,PHC,1,-1
7616,PHC,1,-1
7617,PHC,1,-1
7618,PHC,1,-1
7619,PHC,1,-1
7620,PHC,1,-1
7621,Random,-1,1
7622,PHC,1,-1
7623,PHC,1,-1
7624,PHC,1,-1
7625,PHC,1,-1
7626,PHC,1,-1
7627,PHC,1,-1
7628,PHC,1,-1
7629,PHC,1,-1
7630,PHC,1,-1
7631,PHC,1,-1
7632,PHC,1,-1
7633,PHC,1,-1
7634,PHC,1,-1
7635,PHC,1,-1
7636,PHC,1,-1
7637,Random,-1,1
7638,PHC,1,-1
7639,Random,-1,1
7640,PHC,1,-1
7641,PHC,1,-1
7642,PHC,1,-1
7643,PHC,1,-1
7644,PHC,1,-1
7645,Random,-1,1
7646,PHC,1,-1
7647,PHC,1,-1
7648,PHC,1,-1
7649,PHC,1,-1
7650,PHC,1,-1
7651,PHC,1,-1
7652,PHC,1,-1
7653,PHC,1,-1
7654,PHC,1,-1
7655,PHC,1,-1
7656,PHC,1,-1
7657,PHC,1,-1
7658,PHC,1,-1
7659,PHC,1,-1
7660,PHC,1,-1
7661,PHC,1,-1
7662,PHC,1,-1
7663,PHC,1,-1
7664,Random,-1,1
7665,PHC,1,-1
7666,Random,-1,1
7667,PHC,1,-1
7668,PHC,1,-1
7669,Random,-1,1
7670,PHC,1,-1
7671,PHC,1,-1
7672,PHC,1,-1
7673,PHC,1,-1
7674,PHC,1,-1
7675,PHC,1,-1
7676,PHC,1,-1
7677,PHC,1,-1
7678,PHC,1,-1
7679,PHC,1,-1
7680,PHC,1,-1
7681,PHC,1,-1
7682,PHC,1,-1
7683,PHC,1,-1
7684,PHC,1,-1
7685,PHC,1,-1
7686,PHC,1,-1
7687,PHC,1,-1
7688,PHC,1,-1
7689,PHC,1,-1
7690,PHC,1,-1
7691,PHC,1,-1
7692,Random,-1,1
7693,PHC,1,-1
7694,PHC,1,-1
7695,PHC,1,-1
7696,PHC,1,-1
7697,PHC,1,-1
7698,PHC,1,-1
7699,PHC,1,-1
7700,PHC,1,-1
7701,PHC,1,-1
7702,PHC,1,-1
7703,PHC,1,-1
7704,Random,-1,1
7705,PHC,1,-1
7706,PHC,1,-1
7707,PHC,1,-1
7708,PHC,1,-1
7709,PHC,1,-1
7710,PHC,1,-1
7711,PHC,1,-1
7712,PHC,1,-1
7713,Random,-1,1
7714,Random,-1,1
7715,PHC,1,-1
7716,PHC,1,-1
7717,PHC,1,-1
7718,PHC,1,-1
7719,PHC,1,-1
7720,Random,-1,1
7721,PHC,1,-1
7722,PHC,1,-1
7723,PHC,1,-1
7724,PHC,1,-1
7725,PHC,1,-1
7726,PHC,1,-1
7727,Random,-1,1
7728,PHC,1,-1
7729,PHC,1,-1
7730,PHC,1,-1
7731,PHC,1,-1
7732,PHC,1,-1
7733,PHC,1,-1
7734,PHC,1,-1
7735,PHC,1,-1
7736,PHC,1,-1
7737,PHC,1,-1
7738,PHC,1,-1
7739,PHC,1,-1
7740,PHC,1,-1
7741,PHC,1,-1
7742,PHC,1,-1
7743,PHC,1,-1
7744,PHC,1,-1
7745,PHC,1,-1
7746,Random,-1,1
7747,Random,-1,1
7748,PHC,1,-1
7749,PHC,1,-1
7750,PHC,1,-1
7751,PHC,1,-1
7752,PHC,1,-1
7753,PHC,1,-1
7754,PHC,1,-1
7755,PHC,1,-1
7756,PHC,1,-1
7757,PHC,1,-1
7758,PHC,1,-1
7759,PHC,1,-1
7760,PHC,1,-1
7761,PHC,1,-1
7762,PHC,1,-1
7763,PHC,1,-1
7764,PHC,1,-1
7765,PHC,1,-1
7766,PHC,1,-1
7767,PHC,1,-1
7768,PHC,1,-1
7769,PHC,1,-1
7770,PHC,1,-1
7771,PHC,1,-1
7772,PHC,1,-1
7773,PHC,1,-1
7774,PHC,1,-1
7775,PHC,1,-1
7776,PHC,1,-1
7777,PHC,1,-1
7778,Random,-1,1
7779,PHC,1,-1
7780,PHC,1,-1
7781,PHC,1,-1
7782,PHC,1,-1
7783,PHC,1,-1
7784,PHC,1,-1
7785,PHC,1,-1
7786,PHC,1,-1
7787,PHC,1,-1
7788,PHC,1,-1
7789,PHC,1,-1
7790,PHC,1,-1
7791,PHC,1,-1
7792,PHC,1,-1
7793,PHC,1,-1
7794,PHC,1,-1
7795,PHC,1,-1
7796,Random,-1,1
7797,PHC,1,-1
7798,PHC,1,-1
7799,PHC,1,-1
7800,Random,-1,1
7801,PHC,1,-1
7802,PHC,1,-1
7803,PHC,1,-1
7804,PHC,1,-1
7805,PHC,1,-1
7806,PHC,1,-1
7807,PHC,1,-1
7808,PHC,1,-1
7809,PHC,1,-1
7810,PHC,1,-1
7811,PHC,1,-1
7812,PHC,1,-1
7813,PHC,1,-1
7814,PHC,1,-1
7815,PHC,1,-1
7816,Random,-1,1
7817,PHC,1,-1
7818,PHC,1,-1
7819,PHC,1,-1
7820,PHC,1,-1
7821,PHC,1,-1
7822,PHC,1,-1
7823,PHC,1,-1
7824,PHC,1,-1
7825,PHC,1,-1
7826,Random,-1,1
7827,PHC,1,-1
7828,PHC,1,-1
7829,PHC,1,-1
7830,PHC,1,-1
7831,PHC,1,-1
7832,PHC,1,-1
7833,PHC,1,-1
7834,PHC,1,-1
7835,PHC,1,-1
7836,PHC,1,-1
7837,PHC,1,-1
7838,Random,-1,1
7839,PHC,1,-1
7840,PHC,1,-1
7841,PHC,1,-1
7842,PHC,1,-1
7843,Random,-1,1
7844,PHC,1,-1
7845,PHC,1,-1
7846,PHC,1,-1
7847,PHC,1,-1
7848,PHC,1,-1
7849,PHC,1,-1
7850,PHC,1,-1
7851,PHC,1,-1
7852,PHC,1,-1
7853,PHC,1,-1
7854,PHC,1,-1
7855,PHC,1,-1
7856,PHC,1,-1
7857,PHC,1,-1
7858,PHC,1,-1
7859,PHC,1,-1
7860,Random,-1,1
7861,PHC,1,-1
7862,PHC,1,-1
7863,PHC,1,-1
7864,PHC,1,-1
7865,PHC,1,-1
7866,PHC,1,-1
7867,PHC,1,-1
7868,PHC,1,-1
7869,PHC,1,-1
7870,PHC,1,-1
7871,PHC,1,-1
7872,PHC,1,-1
7873,Random,-1,1
7874,PHC,1,-1
7875,PHC,1,-1
7876,PHC,1,-1
7877,PHC,1,-1
7878,PHC,1,-1
7879,PHC,1,-1
7880,PHC,1,-1
7881,PHC,1,-1
7882,Random,-1,1
7883,PHC,1,-1
7884,PHC,1,-1
7885,PHC,1,-1
7886,PHC,1,-1
7887,PHC,1,-1
7888,Random,-1,1
7889,PHC,1,-1
7890,Random,-1,1
7891,PHC,1,-1
7892,PHC,1,-1
7893,PHC,1,-1
7894,PHC,1,-1
7895,PHC,1,-1
7896,PHC,1,-1
7897,PHC,1,-1
7898,PHC,1,-1
7899,PHC,1,-1
7900,PHC,1,-1
7901,PHC,1,-1
7902,Random,-1,1
7903,PHC,1,-1
7904,PHC,1,-1
7905,PHC,1,-1
7906,Random,-1,1
7907,PHC,1,-1
7908,PHC,1,-1
7909,Random,-1,1
7910,PHC,1,-1
7911,PHC,1,-1
7912,PHC,1,-1
7913,PHC,1,-1
7914,PHC,1,-1
7915,PHC,1,-1
7916,PHC,1,-1
7917,PHC,1,-1
7918,PHC,1,-1
7919,PHC,1,-1
7920,PHC,1,-1
7921,PHC,1,-1
7922,PHC,1,-1
7923,PHC,1,-1
7924,PHC,1,-1
7925,PHC,1,-1
7926,PHC,1,-1
7927,PHC,1,-1
7928,PHC,1,-1
7929,PHC,1,-1
7930,PHC,1,-1
7931,PHC,1,-1
7932,PHC,1,-1
7933,PHC,1,-1
7934,PHC,1,-1
7935,PHC,1,-1
7936,PHC,1,-1
7937,PHC,1,-1
7938,PHC,1,-1
7939,PHC,1,-1
7940,PHC,1,-1
7941,PHC,1,-1
7942,PHC,1,-1
7943,PHC,1,-1
7944,PHC,1,-1
7945,PHC,1,-1
7946,PHC,1,-1
7947,PHC,1,-1
7948,PHC,1,-1
7949,PHC,1,-1
7950,PHC,1,-1
7951,PHC,1,-1
7952,PHC,1,-1
7953,PHC,1,-1
7954,PHC,1,-1
7955,PHC,1,-1
7956,PHC,1,-1
7957,PHC,1,-1
7958,Random,-1,1
7959,PHC,1,-1
7960,PHC,1,-1
7961,PHC,1,-1
7962,PHC,1,-1
7963,PHC,1,-1
7964,PHC,1,-1
7965,PHC,1,-1
7966,PHC,1,-1
7967,PHC,1,-1
7968,PHC,1,-1
7969,Random,-1,1
7970,PHC,1,-1
7971,PHC,1,-1
7972,PHC,1,-1
7973,Random,-1,1
7974,PHC,1,-1
7975,PHC,1,-1
7976,PHC,1,-1
7977,PHC,1,-1
7978,PHC,1,-1
7979,PHC,1,-1
7980,PHC,1,-1
7981,PHC,1,-1
7982,Random,-1,1
7983,PHC,1,-1
7984,PHC,1,-1
7985,PHC,1,-1
7986,PHC,1,-1
7987,PHC,1,-1
7988,PHC,1,-1
7989,PHC,1,-1
7990,PHC,1,-1
7991,PHC,1,-1
7992,PHC,1,-1
7993,Random,-1,1
7994,PHC,1,-1
7995,PHC,1,-1
7996,PHC,1,-1
7997,PHC,1,-1
7998,PHC,1,-1
7999,Random,-1,1
8000,PHC,1,-1
8001,PHC,1,-1
8002,PHC,1,-1
8003,Random,-1,1
8004,PHC,1,-1
8005,PHC,1,-1
8006,PHC,1,-1
8007,PHC,1,-1
8008,PHC,1,-1
8009,PHC,1,-1
8010,PHC,1,-1
8011,PHC,1,-1
8012,PHC,1,-1
8013,PHC,1,-1
8014,PHC,1,-1
8015,Random,-1,1
8016,PHC,1,-1
8017,PHC,1,-1
8018,Random,-1,1
8019,PHC,1,-1
8020,PHC,1,-1
8021,PHC,1,-1
8022,PHC,1,-1
8023,PHC,1,-1
8024,PHC,1,-1
8025,PHC,1,-1
8026,PHC,1,-1
8027,PHC,1,-1
8028,PHC,1,-1
8029,PHC,1,-1
8030,PHC,1,-1
8031,Random,-1,1
8032,PHC,1,-1
8033,Random,-1,1
8034,PHC,1,-1
8035,PHC,1,-1
8036,PHC,1,-1
8037,Random,-1,1
8038,PHC,1,-1
8039,PHC,1,-1
8040,PHC,1,-1
8041,PHC,1,-1
8042,PHC,1,-1
8043,PHC,1,-1
8044,PHC,1,-1
8045,Random,-1,1
8046,PHC,1,-1
8047,PHC,1,-1
8048,PHC,1,-1
8049,PHC,1,-1
8050,PHC,1,-1
8051,PHC,1,-1
8052,PHC,1,-1
8053,PHC,1,-1
8054,PHC,1,-1
8055,PHC,1,-1
8056,PHC,1,-1
8057,PHC,1,-1
8058,PHC,1,-1
8059,PHC,1,-1
8060,PHC,1,-1
8061,PHC,1,-1
8062,PHC,1,-1
8063,PHC,1,-1
8064,PHC,1,-1
8065,PHC,1,-1
8066,PHC,1,-1
8067,PHC,1,-1
8068,PHC,1,-1
8069,PHC,1,-1
8070,PHC,1,-1
8071,PHC,1,-1
8072,PHC,1,-1
8073,PHC,1,-1
8074,Random,-1,1
8075,PHC,1,-1
8076,PHC,1,-1
8077,PHC,1,-1
8078,PHC,1,-1
8079,PHC,1,-1
8080,PHC,1,-1
8081,Random,-1,1
8082,PHC,1,-1
8083,Random,-1,1
8084,Random,-1,1
8085,Random,-1,1
8086,PHC,1,-1
8087,PHC,1,-1
8088,PHC,1,-1
8089,PHC,1,-1
8090,PHC,1,-1
8091,PHC,1,-1
8092,Random,-1,1
8093,PHC,1,-1
8094,PHC,1,-1
8095,PHC,1,-1
8096,PHC,1,-1
8097,PHC,1,-1
8098,PHC,1,-1
8099,PHC,1,-1
8100,PHC,1,-1
8101,PHC,1,-1
8102,Random,-1,1
8103,Random,-1,1
8104,PHC,1,-1
8105,PHC,1,-1
8106,PHC,1,-1
8107,PHC,1,-1
8108,PHC,1,-1
8109,PHC,1,-1
8110,PHC,1,-1
8111,Random,-1,1
8112,PHC,1,-1
8113,Random,-1,1
8114,PHC,1,-1
8115,PHC,1,-1
8116,PHC,1,-1
8117,PHC,1,-1
8118,PHC,1,-1
8119,PHC,1,-1
8120,PHC,1,-1
8121,PHC,1,-1
8122,PHC,1,-1
8123,PHC,1,-1
8124,PHC,1,-1
8125,PHC,1,-1
8126,PHC,1,-1
8127,PHC,1,-1
8128,PHC,1,-1
8129,PHC,1,-1
8130,PHC,1,-1
8131,PHC,1,-1
8132,PHC,1,-1
8133,PHC,1,-1
8134,PHC,1,-1
8135,PHC,1,-1
8136,PHC,1,-1
8137,PHC,1,-1
8138,PHC,1,-1
8139,PHC,1,-1
8140,PHC,1,-1
8141,PHC,1,-1
8142,PHC,1,-1
8143,PHC,1,-1
8144,PHC,1,-1
8145,PHC,1,-1
8146,Random,-1,1
8147,PHC,1,-1
8148,PHC,1,-1
8149,PHC,1,-1
8150,PHC,1,-1
8151,PHC,1,-1
8152,PHC,1,-1
8153,Random,-1,1
8154,PHC,1,-1
8155,PHC,1,-1
8156,PHC,1,-1
8157,PHC,1,-1
8158,PHC,1,-1
8159,PHC,1,-1
8160,PHC,1,-1
8161,PHC,1,-1
8162,PHC,1,-1
8163,PHC,1,-1
8164,PHC,1,-1
8165,PHC,1,-1
8166,PHC,1,-1
8167,PHC,1,-1
8168,PHC,1,-1
8169,PHC,1,-1
8170,PHC,1,-1
8171,PHC,1,-1
8172,PHC,1,-1
8173,PHC,1,-1
8174,Random,-1,1
8175,PHC,1,-1
8176,PHC,1,-1
8177,PHC,1,-1
8178,PHC,1,-1
8179,PHC,1,-1
8180,PHC,1,-1
8181,PHC,1,-1
8182,PHC,1,-1
8183,PHC,1,-1
8184,PHC,1,-1
8185,Random,-1,1
8186,PHC,1,-1
8187,PHC,1,-1
8188,PHC,1,-1
8189,PHC,1,-1
8190,PHC,1,-1
8191,Random,-1,1
8192,PHC,1,-1
8193,PHC,1,-1
8194,PHC,1,-1
8195,PHC,1,-1
8196,PHC,1,-1
8197,PHC,1,-1
8198,Random,-1,1
8199,PHC,1,-1
8200,PHC,1,-1
8201,PHC,1,-1
8202,Random,-1,1
8203,PHC,1,-1
8204,PHC,1,-1
8205,PHC,1,-1
8206,PHC,1,-1
8207,Random,-1,1
8208,PHC,1,-1
8209,PHC,1,-1
8210,PHC,1,-1
8211,PHC,1,-1
8212,PHC,1,-1
8213,PHC,1,-1
8214,PHC,1,-1
8215,PHC,1,-1
8216,PHC,1,-1
8217,PHC,1,-1
8218,PHC,1,-1
8219,PHC,1,-1
8220,PHC,1,-1
8221,PHC,1,-1
8222,PHC,1,-1
8223,PHC,1,-1
8224,PHC,1,-1
8225,PHC,1,-1
8226,PHC,1,-1
8227,PHC,1,-1
8228,PHC,1,-1
8229,PHC,1,-1
8230,PHC,1,-1
8231,PHC,1,-1
8232,PHC,1,-1
8233,Random,-1,1
8234,PHC,1,-1
8235,Random,-1,1
8236,PHC,1,-1
8237,PHC,1,-1
8238,Random,-1,1
8239,PHC,1,-1
8240,PHC,1,-1
8241,PHC,1,-1
8242,PHC,1,-1
8243,PHC,1,-1
8244,Random,-1,1
8245,PHC,1,-1
8246,PHC,1,-1
8247,PHC,1,-1
8248,Random,-1,1
8249,PHC,1,-1
8250,PHC,1,-1
8251,PHC,1,-1
8252,PHC,1,-1
8253,PHC,1,-1
8254,PHC,1,-1
8255,PHC,1,-1
8256,PHC,1,-1
8257,PHC,1,-1
8258,PHC,1,-1
8259,Random,-1,1
8260,PHC,1,-1
8261,PHC,1,-1
8262,PHC,1,-1
8263,PHC,1,-1
8264,Random,-1,1
8265,PHC,1,-1
8266,PHC,1,-1
8267,PHC,1,-1
8268,PHC,1,-1
8269,PHC,1,-1
8270,PHC,1,-1
8271,PHC,1,-1
8272,PHC,1,-1
8273,PHC,1,-1
8274,PHC,1,-1
8275,PHC,1,-1
8276,Random,-1,1
8277,PHC,1,-1
8278,PHC,1,-1
8279,PHC,1,-1
8280,PHC,1,-1
8281,PHC,1,-1
8282,Random,-1,1
8283,Random,-1,1
8284,PHC,1,-1
8285,PHC,1,-1
8286,Random,-1,1
8287,PHC,1,-1
8288,Random,-1,1
8289,PHC,1,-1
8290,Random,-1,1
8291,PHC,1,-1
8292,PHC,1,-1
8293,PHC,1,-1
8294,PHC,1,-1
8295,Random,-1,1
8296,PHC,1,-1
8297,PHC,1,-1
8298,PHC,1,-1
8299,PHC,1,-1
8300,Random,-1,1
8301,PHC,1,-1
8302,PHC,1,-1
8303,PHC,1,-1
8304,PHC,1,-1
8305,Random,-1,1
8306,PHC,1,-1
8307,PHC,1,-1
8308,PHC,1,-1
8309,PHC,1,-1
8310,PHC,1,-1
8311,PHC,1,-1
8312,PHC,1,-1
8313,PHC,1,-1
8314,PHC,1,-1
8315,PHC,1,-1
8316,PHC,1,-1
8317,PHC,1,-1
8318,PHC,1,-1
8319,PHC,1,-1
8320,PHC,1,-1
8321,PHC,1,-1
8322,PHC,1,-1
8323,Random,-1,1
8324,PHC,1,-1
8325,PHC,1,-1
8326,PHC,1,-1
8327,PHC,1,-1
8328,PHC,1,-1
8329,PHC,1,-1
8330,PHC,1,-1
8331,PHC,1,-1
8332,PHC,1,-1
8333,PHC,1,-1
8334,PHC,1,-1
8335,PHC,1,-1
8336,PHC,1,-1
8337,PHC,1,-1
8338,PHC,1,-1
8339,PHC,1,-1
8340,PHC,1,-1
8341,PHC,1,-1
8342,PHC,1,-1
8343,PHC,1,-1
8344,PHC,1,-1
8345,PHC,1,-1
8346,PHC,1,-1
8347,PHC,1,-1
8348,PHC,1,-1
8349,PHC,1,-1
8350,Random,-1,1
8351,PHC,1,-1
8352,PHC,1,-1
8353,PHC,1,-1
8354,PHC,1,-1
8355,PHC,1,-1
8356,PHC,1,-1
8357,PHC,1,-1
8358,PHC,1,-1
8359,Random,-1,1
8360,PHC,1,-1
8361,PHC,1,-1
8362,PHC,1,-1
8363,PHC,1,-1
8364,PHC,1,-1
8365,PHC,1,-1
8366,Random,-1,1
8367,PHC,1,-1
8368,PHC,1,-1
8369,PHC,1,-1
8370,PHC,1,-1
8371,PHC,1,-1
8372,PHC,1,-1
8373,PHC,1,-1
8374,PHC,1,-1
8375,PHC,1,-1
8376,PHC,1,-1
8377,PHC,1,-1
8378,PHC,1,-1
8379,PHC,1,-1
8380,PHC,1,-1
8381,PHC,1,-1
8382,Random,-1,1
8383,PHC,1,-1
8384,PHC,1,-1
8385,PHC,1,-1
8386,PHC,1,-1
8387,PHC,1,-1
8388,PHC,1,-1
8389,PHC,1,-1
8390,Random,-1,1
8391,PHC,1,-1
8392,PHC,1,-1
8393,PHC,1,-1
8394,Random,-1,1
8395,PHC,1,-1
8396,PHC,1,-1
8397,PHC,1,-1
8398,PHC,1,-1
8399,PHC,1,-1
8400,PHC,1,-1
8401,PHC,1,-1
8402,PHC,1,-1
8403,PHC,1,-1
8404,PHC,1,-1
8405,Random,-1,1
8406,PHC,1,-1
8407,PHC,1,-1
8408,PHC,1,-1
8409,PHC,1,-1
8410,PHC,1,-1
8411,PHC,1,-1
8412,PHC,1,-1
8413,PHC,1,-1
8414,Random,-1,1
8415,PHC,1,-1
8416,PHC,1,-1
8417,PHC,1,-1
8418,PHC,1,-1
8419,PHC,1,-1
8420,PHC,1,-1
8421,Random,-1,1
8422,PHC,1,-1
8423,PHC,1,-1
8424,PHC,1,-1
8425,PHC,1,-1
8426,PHC,1,-1
8427,PHC,1,-1
8428,Random,-1,1
8429,PHC,1,-1
8430,PHC,1,-1
8431,PHC,1,-1
8432,Random,-1,1
8433,PHC,1,-1
8434,PHC,1,-1
8435,PHC,1,-1
8436,PHC,1,-1
8437,Random,-1,1
8438,PHC,1,-1
8439,PHC,1,-1
8440,Random,-1,1
8441,Random,-1,1
8442,PHC,1,-1
8443,Random,-1,1
8444,PHC,1,-1
8445,PHC,1,-1
8446,PHC,1,-1
8447,PHC,1,-1
8448,PHC,1,-1
8449,PHC,1,-1
8450,PHC,1,-1
8451,PHC,1,-1
8452,PHC,1,-1
8453,PHC,1,-1
8454,PHC,1,-1
8455,PHC,1,-1
8456,PHC,1,-1
8457,Random,-1,1
8458,PHC,1,-1
8459,PHC,1,-1
8460,PHC,1,-1
8461,PHC,1,-1
8462,PHC,1,-1
8463,PHC,1,-1
8464,Random,-1,1
8465,PHC,1,-1
8466,PHC,1,-1
8467,PHC,1,-1
8468,PHC,1,-1
8469,Random,-1,1
8470,PHC,1,-1
8471,PHC,1,-1
8472,Random,-1,1
8473,PHC,1,-1
8474,PHC,1,-1
8475,PHC,1,-1
8476,PHC,1,-1
8477,PHC,1,-1
8478,PHC,1,-1
8479,PHC,1,-1
8480,PHC,1,-1
8481,PHC,1,-1
8482,PHC,1,-1
8483,PHC,1,-1
8484,PHC,1,-1
8485,PHC,1,-1
8486,PHC,1,-1
8487,PHC,1,-1
8488,PHC,1,-1
8489,Random,-1,1
8490,PHC,1,-1
8491,PHC,1,-1
8492,Random,-1,1
8493,PHC,1,-1
8494,PHC,1,-1
8495,PHC,1,-1
8496,PHC,1,-1
8497,PHC,1,-1
8498,PHC,1,-1
8499,PHC,1,-1
8500,PHC,1,-1
8501,PHC,1,-1
8502,PHC,1,-1
8503,PHC,1,-1
8504,PHC,1,-1
8505,Random,-1,1
8506,PHC,1,-1
8507,PHC,1,-1
8508,PHC,1,-1
8509,PHC,1,-1
8510,PHC,1,-1
8511,Random,-1,1
8512,Random,-1,1
8513,PHC,1,-1
8514,PHC,1,-1
8515,PHC,1,-1
8516,Random,-1,1
8517,PHC,1,-1
8518,PHC,1,-1
8519,PHC,1,-1
8520,Random,-1,1
8521,PHC,1,-1
8522,PHC,1,-1
8523,PHC,1,-1
8524,PHC,1,-1
8525,PHC,1,-1
8526,PHC,1,-1
8527,PHC,1,-1
8528,PHC,1,-1
8529,PHC,1,-1
8530,PHC,1,-1
8531,PHC,1,-1
8532,PHC,1,-1
8533,PHC,1,-1
8534,PHC,1,-1
8535,PHC,1,-1
8536,PHC,1,-1
8537,PHC,1,-1
8538,PHC,1,-1
8539,Random,-1,1
8540,PHC,1,-1
8541,PHC,1,-1
8542,PHC,1,-1
8543,PHC,1,-1
8544,Random,-1,1
8545,Random,-1,1
8546,PHC,1,-1
8547,PHC,1,-1
8548,PHC,1,-1
8549,PHC,1,-1
8550,PHC,1,-1
8551,PHC,1,-1
8552,PHC,1,-1
8553,PHC,1,-1
8554,PHC,1,-1
8555,PHC,1,-1
8556,PHC,1,-1
8557,PHC,1,-1
8558,PHC,1,-1
8559,PHC,1,-1
8560,PHC,1,-1
8561,PHC,1,-1
8562,PHC,1,-1
8563,PHC,1,-1
8564,Random,-1,1
8565,PHC,1,-1
8566,PHC,1,-1
8567,PHC,1,-1
8568,PHC,1,-1
8569,Random,-1,1
8570,PHC,1,-1
8571,PHC,1,-1
8572,PHC,1,-1
8573,PHC,1,-1
8574,PHC,1,-1
8575,PHC,1,-1
8576,PHC,1,-1
8577,PHC,1,-1
8578,PHC,1,-1
8579,PHC,1,-1
8580,PHC,1,-1
8581,PHC,1,-1
8582,PHC,1,-1
8583,PHC,1,-1
8584,PHC,1,-1
8585,PHC,1,-1
8586,PHC,1,-1
8587,PHC,1,-1
8588,PHC,1,-1
8589,PHC,1,-1
8590,PHC,1,-1
8591,PHC,1,-1
8592,PHC,1,-1
8593,PHC,1,-1
8594,PHC,1,-1
8595,PHC,1,-1
8596,PHC,1,-1
8597,PHC,1,-1
8598,Random,-1,1
8599,PHC,1,-1
8600,PHC,1,-1
8601,PHC,1,-1
8602,PHC,1,-1
8603,PHC,1,-1
8604,PHC,1,-1
8605,PHC,1,-1
8606,Random,-1,1
8607,PHC,1,-1
8608,PHC,1,-1
8609,PHC,1,-1
8610,PHC,1,-1
8611,PHC,1,-1
8612,PHC,1,-1
8613,PHC,1,-1
8614,PHC,1,-1
8615,Random,-1,1
8616,PHC,1,-1
8617,PHC,1,-1
8618,PHC,1,-1
8619,PHC,1,-1
8620,PHC,1,-1
8621,PHC,1,-1
8622,PHC,1,-1
8623,Random,-1,1
8624,PHC,1,-1
8625,PHC,1,-1
8626,PHC,1,-1
8627,PHC,1,-1
8628,PHC,1,-1
8629,PHC,1,-1
8630,PHC,1,-1
8631,PHC,1,-1
8632,Random,-1,1
8633,PHC,1,-1
8634,PHC,1,-1
8635,PHC,1,-1
8636,PHC,1,-1
8637,PHC,1,-1
8638,Random,-1,1
8639,PHC,1,-1
8640,PHC,1,-1
8641,PHC,1,-1
8642,PHC,1,-1
8643,PHC,1,-1
8644,Random,-1,1
8645,PHC,1,-1
8646,PHC,1,-1
8647,PHC,1,-1
8648,PHC,1,-1
8649,PHC,1,-1
8650,Random,-1,1
8651,PHC,1,-1
8652,PHC,1,-1
8653,Random,-1,1
8654,PHC,1,-1
8655,PHC,1,-1
8656,PHC,1,-1
8657,PHC,1,-1
8658,PHC,1,-1
8659,PHC,1,-1
8660,PHC,1,-1
8661,PHC,1,-1
8662,PHC,1,-1
8663,PHC,1,-1
8664,PHC,1,-1
8665,PHC,1,-1
8666,PHC,1,-1
8667,PHC,1,-1
8668,PHC,1,-1
8669,PHC,1,-1
8670,PHC,1,-1
8671,PHC,1,-1
8672,PHC,1,-1
8673,Random,-1,1
8674,PHC,1,-1
8675,PHC,1,-1
8676,PHC,1,-1
8677,PHC,1,-1
8678,PHC,1,-1
8679,PHC,1,-1
8680,PHC,1,-1
8681,PHC,1,-1
8682,Random,-1,1
8683,PHC,1,-1
8684,PHC,1,-1
8685,PHC,1,-1
8686,PHC,1,-1
8687,PHC,1,-1
8688,PHC,1,-1
8689,PHC,1,-1
8690,PHC,1,-1
8691,PHC,1,-1
8692,PHC,1,-1
8693,PHC,1,-1
8694,PHC,1,-1
8695,PHC,1,-1
8696,PHC,1,-1
8697,PHC,1,-1
8698,PHC,1,-1
8699,PHC,1,-1
8700,PHC,1,-1
8701,PHC,1,-1
8702,PHC,1,-1
8703,PHC,1,-1
8704,PHC,1,-1
8705,PHC,1,-1
8706,PHC,1,-1
8707,PHC,1,-1
8708,PHC,1,-1
8709,PHC,1,-1
8710,PHC,1,-1
8711,PHC,1,-1
8712,PHC,1,-1
8713,PHC,1,-1
8714,PHC,1,-1
8715,PHC,1,-1
8716,PHC,1,-1
8717,PHC,1,-1
8718,PHC,1,-1
8719,PHC,1,-1
8720,PHC,1,-1
8721,PHC,1,-1
8722,Random,-1,1
8723,PHC,1,-1
8724,PHC,1,-1
8725,PHC,1,-1
8726,PHC,1,-1
8727,PHC,1,-1
8728,PHC,1,-1
8729,Random,-1,1
8730,PHC,1,-1
8731,PHC,1,-1
8732,Random,-1,1
8733,PHC,1,-1
8734,PHC,1,-1
8735,PHC,1,-1
8736,PHC,1,-1
8737,PHC,1,-1
8738,PHC,1,-1
8739,PHC,1,-1
8740,PHC,1,-1
8741,PHC,1,-1
8742,Random,-1,1
8743,Random,-1,1
8744,PHC,1,-1
8745,PHC,1,-1
8746,PHC,1,-1
8747,PHC,1,-1
8748,PHC,1,-1
8749,PHC,1,-1
8750,PHC,1,-1
8751,PHC,1,-1
8752,PHC,1,-1
8753,PHC,1,-1
8754,PHC,1,-1
8755,PHC,1,-1
8756,PHC,1,-1
8757,PHC,1,-1
8758,PHC,1,-1
8759,PHC,1,-1
8760,Random,-1,1
8761,Random,-1,1
8762,PHC,1,-1
8763,PHC,1,-1
8764,PHC,1,-1
8765,PHC,1,-1
8766,PHC,1,-1
8767,Random,-1,1
8768,PHC,1,-1
8769,PHC,1,-1
8770,PHC,1,-1
8771,PHC,1,-1
8772,Random,-1,1
8773,PHC,1,-1
8774,PHC,1,-1
8775,PHC,1,-1
8776,PHC,1,-1
8777,PHC,1,-1
8778,PHC,1,-1
8779,Random,-1,1
8780,PHC,1,-1
8781,PHC,1,-1
8782,PHC,1,-1
8783,PHC,1,-1
8784,Random,-1,1
8785,PHC,1,-1
8786,PHC,1,-1
8787,PHC,1,-1
8788,Random,-1,1
8789,PHC,1,-1
8790,PHC,1,-1
8791,PHC,1,-1
8792,Random,-1,1
8793,PHC,1,-1
8794,PHC,1,-1
8795,PHC,1,-1
8796,PHC,1,-1
8797,PHC,1,-1
8798,PHC,1,-1
8799,PHC,1,-1
8800,PHC,1,-1
8801,PHC,1,-1
8802,PHC,1,-1
8803,PHC,1,-1
8804,PHC,1,-1
8805,PHC,1,-1
8806,PHC,1,-1
8807,PHC,1,-1
8808,PHC,1,-1
8809,PHC,1,-1
8810,PHC,1,-1
8811,PHC,1,-1
8812,PHC,1,-1
8813,PHC,1,-1
8814,PHC,1,-1
8815,PHC,1,-1
8816,PHC,1,-1
8817,PHC,1,-1
8818,PHC,1,-1
8819,Random,-1,1
8820,PHC,1,-1
8821,PHC,1,-1
8822,PHC,1,-1
8823,PHC,1,-1
8824,PHC,1,-1
8825,PHC,1,-1
8826,PHC,1,-1
8827,PHC,1,-1
8828,Random,-1,1
8829,PHC,1,-1
8830,PHC,1,-1
8831,PHC,1,-1
8832,PHC,1,-1
8833,PHC,1,-1
8834,PHC,1,-1
8835,PHC,1,-1
8836,Random,-1,1
8837,PHC,1,-1
8838,PHC,1,-1
8839,PHC,1,-1
8840,PHC,1,-1
8841,PHC,1,-1
8842,PHC,1,-1
8843,PHC,1,-1
8844,PHC,1,-1
8845,PHC,1,-1
8846,Random,-1,1
8847,PHC,1,-1
8848,Random,-1,1
8849,PHC,1,-1
8850,PHC,1,-1
8851,PHC,1,-1
8852,PHC,1,-1
8853,PHC,1,-1
8854,PHC,1,-1
8855,PHC,1,-1
8856,Random,-1,1
8857,PHC,1,-1
8858,Random,-1,1
8859,PHC,1,-1
8860,Random,-1,1
8861,PHC,1,-1
8862,PHC,1,-1
8863,PHC,1,-1
8864,PHC,1,-1
8865,PHC,1,-1
8866,PHC,1,-1
8867,PHC,1,-1
8868,PHC,1,-1
8869,PHC,1,-1
8870,PHC,1,-1
8871,Random,-1,1
8872,PHC,1,-1
8873,PHC,1,-1
8874,PHC,1,-1
8875,PHC,1,-1
8876,PHC,1,-1
8877,PHC,1,-1
8878,Random,-1,1
8879,PHC,1,-1
8880,PHC,1,-1
8881,Random,-1,1
8882,PHC,1,-1
8883,Random,-1,1
8884,PHC,1,-1
8885,PHC,1,-1
8886,PHC,1,-1
8887,PHC,1,-1
8888,PHC,1,-1
8889,PHC,1,-1
8890,PHC,1,-1
8891,PHC,1,-1
8892,PHC,1,-1
8893,PHC,1,-1
8894,PHC,1,-1
8895,Random,-1,1
8896,PHC,1,-1
8897,PHC,1,-1
8898,PHC,1,-1
8899,PHC,1,-1
8900,PHC,1,-1
8901,PHC,1,-1
8902,PHC,1,-1
8903,PHC,1,-1
8904,PHC,1,-1
8905,PHC,1,-1
8906,PHC,1,-1
8907,PHC,1,-1
8908,PHC,1,-1
8909,PHC,1,-1
8910,PHC,1,-1
8911,PHC,1,-1
8912,PHC,1,-1
8913,PHC,1,-1
8914,PHC,1,-1
8915,PHC,1,-1
8916,PHC,1,-1
8917,PHC,1,-1
8918,PHC,1,-1
8919,Random,-1,1
8920,PHC,1,-1
8921,Random,-1,1
8922,PHC,1,-1
8923,PHC,1,-1
8924,PHC,1,-1
8925,PHC,1,-1
8926,PHC,1,-1
8927,PHC,1,-1
8928,PHC,1,-1
8929,PHC,1,-1
8930,PHC,1,-1
8931,PHC,1,-1
8932,PHC,1,-1
8933,PHC,1,-1
8934,PHC,1,-1
8935,PHC,1,-1
8936,PHC,1,-1
8937,Random,-1,1
8938,PHC,1,-1
8939,PHC,1,-1
8940,PHC,1,-1
8941,PHC,1,-1
8942,PHC,1,-1
8943,PHC,1,-1
8944,PHC,1,-1
8945,PHC,1,-1
8946,PHC,1,-1
8947,PHC,1,-1
8948,PHC,1,-1
8949,PHC,1,-1
8950,PHC,1,-1
8951,PHC,1,-1
8952,Random,-1,1
8953,Random,-1,1
8954,PHC,1,-1
8955,PHC,1,-1
8956,Random,-1,1
8957,Random,-1,1
8958,PHC,1,-1
8959,PHC,1,-1
8960,PHC,1,-1
8961,PHC,1,-1
8962,PHC,1,-1
8963,PHC,1,-1
8964,PHC,1,-1
8965,PHC,1,-1
8966,PHC,1,-1
8967,PHC,1,-1
8968,PHC,1,-1
8969,PHC,1,-1
8970,PHC,1,-1
8971,Random,-1,1
8972,PHC,1,-1
8973,PHC,1,-1
8974,PHC,1,-1
8975,PHC,1,-1
8976,PHC,1,-1
8977,PHC,1,-1
8978,PHC,1,-1
8979,PHC,1,-1
8980,PHC,1,-1
8981,PHC,1,-1
8982,PHC,1,-1
8983,PHC,1,-1
8984,PHC,1,-1
8985,Random,-1,1
8986,PHC,1,-1
8987,Random,-1,1
8988,PHC,1,-1
8989,PHC,1,-1
8990,PHC,1,-1
8991,PHC,1,-1
8992,PHC,1,-1
8993,PHC,1,-1
8994,PHC,1,-1
8995,PHC,1,-1
8996,PHC,1,-1
8997,PHC,1,-1
8998,PHC,1,-1
8999,PHC,1,-1
9000,Random,-1,1
9001,PHC,1,-1
9002,PHC,1,-1
9003,PHC,1,-1
9004,PHC,1,-1
9005,PHC,1,-1
9006,PHC,1,-1
9007,PHC,1,-1
9008,PHC,1,-1
9009,PHC,1,-1
9010,PHC,1,-1
9011,PHC,1,-1
9012,PHC,1,-1
9013,PHC,1,-1
9014,PHC,1,-1
9015,PHC,1,-1
9016,PHC,1,-1
9017,PHC,1,-1
9018,PHC,1,-1
9019,PHC,1,-1
9020,PHC,1,-1
9021,PHC,1,-1
9022,PHC,1,-1
9023,PHC,1,-1
9024,Random,-1,1
9025,PHC,1,-1
9026,PHC,1,-1
9027,Random,-1,1
9028,Random,-1,1
9029,PHC,1,-1
9030,Random,-1,1
9031,PHC,1,-1
9032,PHC,1,-1
9033,PHC,1,-1
9034,PHC,1,-1
9035,PHC,1,-1
9036,PHC,1,-1
9037,PHC,1,-1
9038,PHC,1,-1
9039,PHC,1,-1
9040,PHC,1,-1
9041,Random,-1,1
9042,PHC,1,-1
9043,PHC,1,-1
9044,PHC,1,-1
9045,Random,-1,1
9046,PHC,1,-1
9047,PHC,1,-1
9048,PHC,1,-1
9049,PHC,1,-1
9050,PHC,1,-1
9051,PHC,1,-1
9052,PHC,1,-1
9053,PHC,1,-1
9054,PHC,1,-1
9055,PHC,1,-1
9056,PHC,1,-1
9057,PHC,1,-1
9058,PHC,1,-1
9059,PHC,1,-1
9060,PHC,1,-1
9061,PHC,1,-1
9062,PHC,1,-1
9063,PHC,1,-1
9064,PHC,1,-1
9065,PHC,1,-1
9066,PHC,1,-1
9067,PHC,1,-1
9068,PHC,1,-1
9069,PHC,1,-1
9070,Random,-1,1
9071,PHC,1,-1
9072,Random,-1,1
9073,PHC,1,-1
9074,PHC,1,-1
9075,PHC,1,-1
9076,PHC,1,-1
9077,PHC,1,-1
9078,PHC,1,-1
9079,PHC,1,-1
9080,PHC,1,-1
9081,PHC,1,-1
9082,PHC,1,-1
9083,PHC,1,-1
9084,Random,-1,1
9085,PHC,1,-1
9086,PHC,1,-1
9087,PHC,1,-1
9088,PHC,1,-1
9089,PHC,1,-1
9090,PHC,1,-1
9091,Random,-1,1
9092,Random,-1,1
9093,PHC,1,-1
9094,PHC,1,-1
9095,PHC,1,-1
9096,PHC,1,-1
9097,PHC,1,-1
9098,PHC,1,-1
9099,PHC,1,-1
9100,PHC,1,-1
9101,PHC,1,-1
9102,PHC,1,-1
9103,Random,-1,1
9104,PHC,1,-1
9105,Random,-1,1
9106,PHC,1,-1
9107,PHC,1,-1
9108,PHC,1,-1
9109,PHC,1,-1
9110,Random,-1,1
9111,PHC,1,-1
9112,PHC,1,-1
9113,Random,-1,1
9114,PHC,1,-1
9115,PHC,1,-1
9116,PHC,1,-1
9117,PHC,1,-1
9118,PHC,1,-1
9119,Random,-1,1
9120,PHC,1,-1
9121,PHC,1,-1
9122,PHC,1,-1
9123,PHC,1,-1
9124,PHC,1,-1
9125,Random,-1,1
9126,Random,-1,1
9127,Random,-1,1
9128,PHC,1,-1
9129,PHC,1,-1
9130,PHC,1,-1
9131,Random,-1,1
9132,PHC,1,-1
9133,PHC,1,-1
9134,PHC,1,-1
9135,PHC,1,-1
9136,PHC,1,-1
9137,Random,-1,1
9138,Random,-1,1
9139,PHC,1,-1
9140,PHC,1,-1
9141,PHC,1,-1
9142,PHC,1,-1
9143,PHC,1,-1
9144,PHC,1,-1
9145,PHC,1,-1
9146,PHC,1,-1
9147,PHC,1,-1
9148,Random,-1,1
9149,Random,-1,1
9150,PHC,1,-1
9151,PHC,1,-1
9152,PHC,1,-1
9153,Random,-1,1
9154,PHC,1,-1
9155,PHC,1,-1
9156,PHC,1,-1
9157,PHC,1,-1
9158,PHC,1,-1
9159,PHC,1,-1
9160,PHC,1,-1
9161,PHC,1,-1
9162,PHC,1,-1
9163,PHC,1,-1
9164,PHC,1,-1
9165,PHC,1,-1
9166,PHC,1,-1
9167,PHC,1,-1
9168,PHC,1,-1
9169,PHC,1,-1
9170,Random,-1,1
9171,PHC,1,-1
9172,PHC,1,-1
9173,PHC,1,-1
9174,PHC,1,-1
9175,PHC,1,-1
9176,Random,-1,1
9177,PHC,1,-1
9178,PHC,1,-1
9179,PHC,1,-1
9180,PHC,1,-1
9181,PHC,1,-1
9182,PHC,1,-1
9183,PHC,1,-1
9184,PHC,1,-1
9185,PHC,1,-1
9186,PHC,1,-1
9187,PHC,1,-1
9188,PHC,1,-1
9189,PHC,1,-1
9190,PHC,1,-1
9191,PHC,1,-1
9192,PHC,1,-1
9193,PHC,1,-1
9194,PHC,1,-1
9195,PHC,1,-1
9196,PHC,1,-1
9197,PHC,1,-1
9198,PHC,1,-1
9199,PHC,1,-1
9200,PHC,1,-1
9201,Random,-1,1
9202,PHC,1,-1
9203,PHC,1,-1
9204,PHC,1,-1
9205,PHC,1,-1
9206,PHC,1,-1
9207,PHC,1,-1
9208,PHC,1,-1
9209,PHC,1,-1
9210,PHC,1,-1
9211,PHC,1,-1
9212,Random,-1,1
9213,PHC,1,-1
9214,PHC,1,-1
9215,PHC,1,-1
9216,PHC,1,-1
9217,PHC,1,-1
9218,PHC,1,-1
9219,PHC,1,-1
9220,PHC,1,-1
9221,PHC,1,-1
9222,PHC,1,-1
9223,PHC,1,-1
9224,PHC,1,-1
9225,PHC,1,-1
9226,PHC,1,-1
9227,PHC,1,-1
9228,Random,-1,1
9229,PHC,1,-1
9230,PHC,1,-1
9231,PHC,1,-1
9232,PHC,1,-1
9233,PHC,1,-1
9234,PHC,1,-1
9235,PHC,1,-1
9236,PHC,1,-1
9237,PHC,1,-1
9238,PHC,1,-1
9239,PHC,1,-1
9240,PHC,1,-1
9241,PHC,1,-1
9242,PHC,1,-1
9243,PHC,1,-1
9244,PHC,1,-1
9245,PHC,1,-1
9246,PHC,1,-1
9247,PHC,1,-1
9248,PHC,1,-1
9249,Random,-1,1
9250,PHC,1,-1
9251,PHC,1,-1
9252,PHC,1,-1
9253,PHC,1,-1
9254,PHC,1,-1
9255,Random,-1,1
9256,PHC,1,-1
9257,PHC,1,-1
9258,PHC,1,-1
9259,PHC,1,-1
9260,PHC,1,-1
9261,PHC,1,-1
9262,PHC,1,-1
9263,PHC,1,-1
9264,PHC,1,-1
9265,PHC,1,-1
9266,PHC,1,-1
9267,PHC,1,-1
9268,PHC,1,-1
9269,PHC,1,-1
9270,PHC,1,-1
9271,PHC,1,-1
9272,PHC,1,-1
9273,PHC,1,-1
9274,PHC,1,-1
9275,PHC,1,-1
9276,PHC,1,-1
9277,PHC,1,-1
9278,PHC,1,-1
9279,PHC,1,-1
9280,PHC,1,-1
9281,PHC,1,-1
9282,Random,-1,1
9283,PHC,1,-1
9284,PHC,1,-1
9285,PHC,1,-1
9286,PHC,1,-1
9287,PHC,1,-1
9288,PHC,1,-1
9289,PHC,1,-1
9290,PHC,1,-1
9291,PHC,1,-1
9292,PHC,1,-1
9293,PHC,1,-1
9294,PHC,1,-1
9295,PHC,1,-1
9296,PHC,1,-1
9297,PHC,1,-1
9298,PHC,1,-1
9299,PHC,1,-1
9300,PHC,1,-1
9301,Random,-1,1
9302,PHC,1,-1
9303,PHC,1,-1
9304,PHC,1,-1
9305,PHC,1,-1
9306,PHC,1,-1
9307,PHC,1,-1
9308,PHC,1,-1
9309,PHC,1,-1
9310,PHC,1,-1
9311,PHC,1,-1
9312,PHC,1,-1
9313,PHC,1,-1
9314,PHC,1,-1
9315,PHC,1,-1
9316,PHC,1,-1
9317,PHC,1,-1
9318,PHC,1,-1
9319,PHC,1,-1
9320,Random,-1,1
9321,PHC,1,-1
9322,PHC,1,-1
9323,PHC,1,-1
9324,PHC,1,-1
9325,PHC,1,-1
9326,PHC,1,-1
9327,Random,-1,1
9328,PHC,1,-1
9329,PHC,1,-1
9330,PHC,1,-1
9331,PHC,1,-1
9332,PHC,1,-1
9333,PHC,1,-1
9334,PHC,1,-1
9335,PHC,1,-1
9336,Random,-1,1
9337,PHC,1,-1
9338,Random,-1,1
9339,PHC,1,-1
9340,PHC,1,-1
9341,PHC,1,-1
9342,PHC,1,-1
9343,PHC,1,-1
9344,PHC,1,-1
9345,PHC,1,-1
9346,PHC,1,-1
9347,PHC,1,-1
9348,PHC,1,-1
9349,PHC,1,-1
9350,PHC,1,-1
9351,PHC,1,-1
9352,PHC,1,-1
9353,PHC,1,-1
9354,Random,-1,1
9355,PHC,1,-1
9356,PHC,1,-1
9357,Random,-1,1
9358,PHC,1,-1
9359,PHC,1,-1
9360,PHC,1,-1
9361,PHC,1,-1
9362,PHC,1,-1
9363,PHC,1,-1
9364,PHC,1,-1
9365,PHC,1,-1
9366,PHC,1,-1
9367,PHC,1,-1
9368,PHC,1,-1
9369,PHC,1,-1
9370,PHC,1,-1
9371,PHC,1,-1
9372,PHC,1,-1
9373,Random,-1,1
9374,PHC,1,-1
9375,PHC,1,-1
9376,PHC,1,-1
9377,Random,-1,1
9378,PHC,1,-1
9379,PHC,1,-1
9380,PHC,1,-1
9381,PHC,1,-1
9382,PHC,1,-1
9383,PHC,1,-1
9384,Random,-1,1
9385,PHC,1,-1
9386,Random,-1,1
9387,PHC,1,-1
9388,PHC,1,-1
9389,PHC,1,-1
9390,PHC,1,-1
9391,PHC,1,-1
9392,PHC,1,-1
9393,Random,-1,1
9394,PHC,1,-1
9395,PHC,1,-1
9396,PHC,1,-1
9397,PHC,1,-1
9398,PHC,1,-1
9399,PHC,1,-1
9400,PHC,1,-1
9401,PHC,1,-1
9402,PHC,1,-1
9403,Random,-1,1
9404,PHC,1,-1
9405,PHC,1,-1
9406,PHC,1,-1
9407,PHC,1,-1
9408,PHC,1,-1
9409,PHC,1,-1
9410,PHC,1,-1
9411,PHC,1,-1
9412,Random,-1,1
9413,PHC,1,-1
9414,PHC,1,-1
9415,PHC,1,-1
9416,PHC,1,-1
9417,PHC,1,-1
9418,PHC,1,-1
9419,PHC,1,-1
9420,PHC,1,-1
9421,PHC,1,-1
9422,PHC,1,-1
9423,PHC,1,-1
9424,PHC,1,-1
9425,PHC,1,-1
9426,PHC,1,-1
9427,PHC,1,-1
9428,PHC,1,-1
9429,PHC,1,-1
9430,Random,-1,1
9431,PHC,1,-1
9432,PHC,1,-1
9433,Random,-1,1
9434,PHC,1,-1
9435,PHC,1,-1
9436,PHC,1,-1
9437,PHC,1,-1
9438,PHC,1,-1
9439,PHC,1,-1
9440,PHC,1,-1
9441,PHC,1,-1
9442,PHC,1,-1
9443,PHC,1,-1
9444,PHC,1,-1
9445,PHC,1,-1
9446,PHC,1,-1
9447,Random,-1,1
9448,PHC,1,-1
9449,PHC,1,-1
9450,PHC,1,-1
9451,PHC,1,-1
9452,Random,-1,1
9453,PHC,1,-1
9454,Random,-1,1
9455,PHC,1,-1
9456,PHC,1,-1
9457,PHC,1,-1
9458,PHC,1,-1
9459,PHC,1,-1
9460,PHC,1,-1
9461,PHC,1,-1
9462,PHC,1,-1
9463,PHC,1,-1
9464,PHC,1,-1
9465,PHC,1,-1
9466,PHC,1,-1
9467,PHC,1,-1
9468,PHC,1,-1
9469,PHC,1,-1
9470,Random,-1,1
9471,PHC,1,-1
9472,PHC,1,-1
9473,Random,-1,1
9474,PHC,1,-1
9475,PHC,1,-1
9476,PHC,1,-1
9477,PHC,1,-1
9478,PHC,1,-1
9479,PHC,1,-1
9480,PHC,1,-1
9481,PHC,1,-1
9482,PHC,1,-1
9483,PHC,1,-1
9484,PHC,1,-1
9485,PHC,1,-1
9486,PHC,1,-1
9487,PHC,1,-1
9488,PHC,1,-1
9489,PHC,1,-1
9490,PHC,1,-1
9491,PHC,1,-1
9492,PHC,1,-1
9493,PHC,1,-1
9494,PHC,1,-1
9495,PHC,1,-1
9496,Random,-1,1
9497,PHC,1,-1
9498,PHC,1,-1
9499,PHC,1,-1
9500,PHC,1,-1
9501,PHC,1,-1
9502,PHC,1,-1
9503,PHC,1,-1
9504,PHC,1,-1
9505,PHC,1,-1
9506,PHC,1,-1
9507,PHC,1,-1
9508,PHC,1,-1
9509,Random,-1,1
9510,Random,-1,1
9511,PHC,1,-1
9512,PHC,1,-1
9513,PHC,1,-1
9514,PHC,1,-1
9515,PHC,1,-1
9516,PHC,1,-1
9517,PHC,1,-1
9518,PHC,1,-1
9519,PHC,1,-1
9520,PHC,1,-1
9521,PHC,1,-1
9522,PHC,1,-1
9523,PHC,1,-1
9524,PHC,1,-1
9525,PHC,1,-1
9526,PHC,1,-1
9527,PHC,1,-1
9528,PHC,1,-1
9529,PHC,1,-1
9530,PHC,1,-1
9531,Random,-1,1
9532,PHC,1,-1
9533,PHC,1,-1
9534,PHC,1,-1
9535,PHC,1,-1
9536,PHC,1,-1
9537,PHC,1,-1
9538,PHC,1,-1
9539,PHC,1,-1
9540,PHC,1,-1
9541,PHC,1,-1
9542,PHC,1,-1
9543,PHC,1,-1
9544,Random,-1,1
9545,PHC,1,-1
9546,PHC,1,-1
9547,PHC,1,-1
9548,PHC,1,-1
9549,PHC,1,-1
9550,PHC,1,-1
9551,PHC,1,-1
9552,PHC,1,-1
9553,PHC,1,-1
9554,PHC,1,-1
9555,PHC,1,-1
9556,PHC,1,-1
9557,PHC,1,-1
9558,Random,-1,1
9559,PHC,1,-1
9560,PHC,1,-1
9561,PHC,1,-1
9562,PHC,1,-1
9563,PHC,1,-1
9564,PHC,1,-1
9565,PHC,1,-1
9566,PHC,1,-1
9567,PHC,1,-1
9568,PHC,1,-1
9569,PHC,1,-1
9570,PHC,1,-1
9571,PHC,1,-1
9572,PHC,1,-1
9573,Random,-1,1
9574,PHC,1,-1
9575,PHC,1,-1
9576,PHC,1,-1
9577,PHC,1,-1
9578,PHC,1,-1
9579,PHC,1,-1
9580,PHC,1,-1
9581,PHC,1,-1
9582,PHC,1,-1
9583,Random,-1,1
9584,PHC,1,-1
9585,PHC,1,-1
9586,PHC,1,-1
9587,PHC,1,-1
9588,PHC,1,-1
9589,Random,-1,1
9590,PHC,1,-1
9591,PHC,1,-1
9592,PHC,1,-1
9593,PHC,1,-1
9594,PHC,1,-1
9595,PHC,1,-1
9596,PHC,1,-1
9597,PHC,1,-1
9598,PHC,1,-1
9599,PHC,1,-1
9600,PHC,1,-1
9601,PHC,1,-1
9602,PHC,1,-1
9603,Random,-1,1
9604,PHC,1,-1
9605,PHC,1,-1
9606,PHC,1,-1
9607,PHC,1,-1
9608,PHC,1,-1
9609,PHC,1,-1
9610,PHC,1,-1
9611,PHC,1,-1
9612,Random,-1,1
9613,PHC,1,-1
9614,Random,-1,1
9615,PHC,1,-1
9616,PHC,1,-1
9617,PHC,1,-1
9618,PHC,1,-1
9619,PHC,1,-1
9620,PHC,1,-1
9621,PHC,1,-1
9622,PHC,1,-1
9623,PHC,1,-1
9624,PHC,1,-1
9625,PHC,1,-1
9626,PHC,1,-1
9627,PHC,1,-1
9628,PHC,1,-1
9629,PHC,1,-1
9630,PHC,1,-1
9631,Random,-1,1
9632,PHC,1,-1
9633,Random,-1,1
9634,PHC,1,-1
9635,PHC,1,-1
9636,PHC,1,-1
9637,PHC,1,-1
9638,PHC,1,-1
9639,PHC,1,-1
9640,PHC,1,-1
9641,PHC,1,-1
9642,PHC,1,-1
9643,Random,-1,1
9644,PHC,1,-1
9645,PHC,1,-1
9646,PHC,1,-1
9647,PHC,1,-1
9648,PHC,1,-1
9649,PHC,1,-1
9650,PHC,1,-1
9651,PHC,1,-1
9652,Random,-1,1
9653,PHC,1,-1
9654,PHC,1,-1
9655,PHC,1,-1
9656,PHC,1,-1
9657,PHC,1,-1
9658,PHC,1,-1
9659,PHC,1,-1
9660,PHC,1,-1
9661,PHC,1,-1
9662,PHC,1,-1
9663,PHC,1,-1
9664,PHC,1,-1
9665,PHC,1,-1
9666,PHC,1,-1
9667,PHC,1,-1
9668,PHC,1,-1
9669,PHC,1,-1
9670,PHC,1,-1
9671,PHC,1,-1
9672,PHC,1,-1
9673,Random,-1,1
9674,PHC,1,-1
9675,PHC,1,-1
9676,PHC,1,-1
9677,Random,-1,1
9678,Random,-1,1
9679,Random,-1,1
9680,PHC,1,-1
9681,PHC,1,-1
9682,PHC,1,-1
9683,PHC,1,-1
9684,PHC,1,-1
9685,PHC,1,-1
9686,PHC,1,-1
9687,PHC,1,-1
9688,PHC,1,-1
9689,Random,-1,1
9690,PHC,1,-1
9691,PHC,1,-1
9692,PHC,1,-1
9693,Random,-1,1
9694,Random,-1,1
9695,PHC,1,-1
9696,PHC,1,-1
9697,PHC,1,-1
9698,PHC,1,-1
9699,PHC,1,-1
9700,PHC,1,-1
9701,PHC,1,-1
9702,PHC,1,-1
9703,PHC,1,-1
9704,PHC,1,-1
9705,PHC,1,-1
9706,PHC,1,-1
9707,PHC,1,-1
9708,PHC,1,-1
9709,PHC,1,-1
9710,Random,-1,1
9711,Random,-1,1
9712,PHC,1,-1
9713,PHC,1,-1
9714,PHC,1,-1
9715,PHC,1,-1
9716,PHC,1,-1
9717,PHC,1,-1
9718,PHC,1,-1
9719,PHC,1,-1
9720,Random,-1,1
9721,PHC,1,-1
9722,PHC,1,-1
9723,PHC,1,-1
9724,PHC,1,-1
9725,PHC,1,-1
9726,PHC,1,-1
9727,PHC,1,-1
9728,PHC,1,-1
9729,PHC,1,-1
9730,PHC,1,-1
9731,PHC,1,-1
9732,PHC,1,-1
9733,PHC,1,-1
9734,PHC,1,-1
9735,PHC,1,-1
9736,PHC,1,-1
9737,PHC,1,-1
9738,PHC,1,-1
9739,PHC,1,-1
9740,Random,-1,1
9741,PHC,1,-1
9742,PHC,1,-1
9743,PHC,1,-1
9744,PHC,1,-1
9745,PHC,1,-1
9746,PHC,1,-1
9747,PHC,1,-1
9748,PHC,1,-1
9749,PHC,1,-1
9750,PHC,1,-1
9751,PHC,1,-1
9752,PHC,1,-1
9753,PHC,1,-1
9754,PHC,1,-1
9755,PHC,1,-1
9756,PHC,1,-1
9757,PHC,1,-1
9758,PHC,1,-1
9759,PHC,1,-1
9760,Random,-1,1
9761,Random,-1,1
9762,PHC,1,-1
9763,PHC,1,-1
9764,PHC,1,-1
9765,Random,-1,1
9766,PHC,1,-1
9767,Random,-1,1
9768,Random,-1,1
9769,PHC,1,-1
9770,PHC,1,-1
9771,PHC,1,-1
9772,Random,-1,1
9773,PHC,1,-1
9774,PHC,1,-1
9775,PHC,1,-1
9776,PHC,1,-1
9777,PHC,1,-1
9778,Random,-1,1
9779,PHC,1,-1
9780,PHC,1,-1
9781,PHC,1,-1
9782,PHC,1,-1
9783,Random,-1,1
9784,PHC,1,-1
9785,PHC,1,-1
9786,PHC,1,-1
9787,PHC,1,-1
9788,PHC,1,-1
9789,PHC,1,-1
9790,PHC,1,-1
9791,PHC,1,-1
9792,PHC,1,-1
9793,PHC,1,-1
9794,PHC,1,-1
9795,PHC,1,-1
9796,PHC,1,-1
9797,PHC,1,-1
9798,PHC,1,-1
9799,PHC,1,-1
9800,PHC,1,-1
9801,PHC,1,-1
9802,PHC,1,-1
9803,PHC,1,-1
9804,PHC,1,-1
9805,Random,-1,1
9806,PHC,1,-1
9807,PHC,1,-1
9808,PHC,1,-1
9809,PHC,1,-1
9810,PHC,1,-1
9811,Random,-1,1
9812,PHC,1,-1
9813,PHC,1,-1
9814,PHC,1,-1
9815,PHC,1,-1
9816,PHC,1,-1
9817,PHC,1,-1
9818,PHC,1,-1
9819,PHC,1,-1
9820,PHC,1,-1
9821,PHC,1,-1
9822,Random,-1,1
9823,PHC,1,-1
9824,PHC,1,-1
9825,PHC,1,-1
9826,PHC,1,-1
9827,PHC,1,-1
9828,PHC,1,-1
9829,PHC,1,-1
9830,Random,-1,1
9831,PHC,1,-1
9832,PHC,1,-1
9833,PHC,1,-1
9834,PHC,1,-1
9835,PHC,1,-1
9836,PHC,1,-1
9837,PHC,1,-1
9838,PHC,1,-1
9839,PHC,1,-1
9840,PHC,1,-1
9841,PHC,1,-1
9842,PHC,1,-1
9843,PHC,1,-1
9844,PHC,1,-1
9845,PHC,1,-1
9846,PHC,1,-1
9847,PHC,1,-1
9848,PHC,1,-1
9849,PHC,1,-1
9850,PHC,1,-1
9851,PHC,1,-1
9852,PHC,1,-1
9853,Random,-1,1
9854,PHC,1,-1
9855,Random,-1,1
9856,PHC,1,-1
9857,PHC,1,-1
9858,PHC,1,-1
9859,Random,-1,1
9860,PHC,1,-1
9861,PHC,1,-1
9862,PHC,1,-1
9863,PHC,1,-1
9864,PHC,1,-1
9865,PHC,1,-1
9866,PHC,1,-1
9867,PHC,1,-1
9868,PHC,1,-1
9869,PHC,1,-1
9870,PHC,1,-1
9871,PHC,1,-1
9872,PHC,1,-1
9873,Random,-1,1
9874,Random,-1,1
9875,PHC,1,-1
9876,PHC,1,-1
9877,PHC,1,-1
9878,PHC,1,-1
9879,PHC,1,-1
9880,PHC,1,-1
9881,PHC,1,-1
9882,PHC,1,-1
9883,PHC,1,-1
9884,PHC,1,-1
9885,Random,-1,1
9886,PHC,1,-1
9887,PHC,1,-1
9888,PHC,1,-1
9889,PHC,1,-1
9890,PHC,1,-1
9891,PHC,1,-1
9892,PHC,1,-1
9893,PHC,1,-1
9894,PHC,1,-1
9895,PHC,1,-1
9896,PHC,1,-1
9897,PHC,1,-1
9898,PHC,1,-1
9899,PHC,1,-1
9900,PHC,1,-1
9901,PHC,1,-1
9902,PHC,1,-1
9903,Random,-1,1
9904,PHC,1,-1
9905,PHC,1,-1
9906,PHC,1,-1
9907,PHC,1,-1
9908,PHC,1,-1
9909,PHC,1,-1
9910,PHC,1,-1
9911,PHC,1,-1
9912,PHC,1,-1
9913,PHC,1,-1
9914,Random,-1,1
9915,PHC,1,-1
9916,PHC,1,-1
9917,PHC,1,-1
9918,PHC,1,-1
9919,PHC,1,-1
9920,PHC,1,-1
9921,PHC,1,-1
9922,PHC,1,-1
9923,Random,-1,1
9924,PHC,1,-1
9925,PHC,1,-1
9926,PHC,1,-1
9927,PHC,1,-1
9928,Random,-1,1
9929,PHC,1,-1
9930,PHC,1,-1
9931,Random,-1,1
9932,PHC,1,-1
9933,PHC,1,-1
9934,PHC,1,-1
9935,PHC,1,-1
9936,Random,-1,1
9937,PHC,1,-1
9938,PHC,1,-1
9939,Random,-1,1
9940,PHC,1,-1
9941,PHC,1,-1
9942,PHC,1,-1
9943,PHC,1,-1
9944,Random,-1,1
9945,PHC,1,-1
9946,PHC,1,-1
9947,PHC,1,-1
9948,PHC,1,-1
9949,Random,-1,1
9950,PHC,1,-1
9951,PHC,1,-1
9952,PHC,1,-1
9953,Random,-1,1
9954,PHC,1,-1
9955,PHC,1,-1
9956,PHC,1,-1
9957,PHC,1,-1
9958,PHC,1,-1
9959,PHC,1,-1
9960,PHC,1,-1
9961,Random,-1,1
9962,PHC,1,-1
9963,PHC,1,-1
9964,PHC,1,-1
9965,PHC,1,-1
9966,PHC,1,-1
9967,Random,-1,1
9968,PHC,1,-1
9969,PHC,1,-1
9970,PHC,1,-1
9971,PHC,1,-1
9972,Random,-1,1
9973,PHC,1,-1
9974,PHC,1,-1
9975,PHC,1,-1
9976,PHC,1,-1
9977,PHC,1,-1
9978,PHC,1,-1
9979,PHC,1,-1
9980,PHC,1,-1
9981,PHC,1,-1
9982,PHC,1,-1
9983,PHC,1,-1
9984,PHC,1,-1
9985,PHC,1,-1
9986,PHC,1,-1
9987,PHC,1,-1
9988,PHC,1,-1
9989,PHC,1,-1
9990,PHC,1,-1
9991,PHC,1,-1
9992,PHC,1,-1
9993,PHC,1,-1
9994,PHC,1,-1
9995,PHC,1,-1
9996,PHC,1,-1
9997,PHC,1,-1
9998,Random,-1,1
9999,PHC,1,-1
10000,PHC,1,-1
