episode,winner,MinimaxQ,Random
1,Random,-1,1
2,Random,-1,1
3,Random,-1,1
4,Random,-1,1
5,Random,-1,1
6,Random,-1,1
7,Random,-1,1
8,draw,0,0
9,Random,-1,1
10,Random,-1,1
11,draw,0,0
12,Random,-1,1
13,Random,-1,1
14,Random,-1,1
15,Random,-1,1
16,Random,-1,1
17,Random,-1,1
18,MinimaxQ,1,-1
19,Random,-1,1
20,Random,-1,1
21,Random,-1,1
22,Random,-1,1
23,Random,-1,1
24,draw,0,0
25,Random,-1,1
26,Random,-1,1
27,Random,-1,1
28,Random,-1,1
29,draw,0,0
30,Random,-1,1
31,Random,-1,1
32,Random,-1,1
33,draw,0,0
34,Random,-1,1
35,Random,-1,1
36,Random,-1,1
37,draw,0,0
38,Random,-1,1
39,Random,-1,1
40,Random,-1,1
41,draw,0,0
42,draw,0,0
43,draw,0,0
44,Random,-1,1
45,Random,-1,1
46,Random,-1,1
47,Random,-1,1
48,draw,0,0
49,Random,-1,1
50,draw,0,0
51,Random,-1,1
52,Random,-1,1
53,draw,0,0
54,Random,-1,1
55,Random,-1,1
56,Random,-1,1
57,Random,-1,1
58,draw,0,0
59,MinimaxQ,1,-1
60,Random,-1,1
61,Random,-1,1
62,draw,0,0
63,draw,0,0
64,Random,-1,1
65,draw,0,0
66,Random,-1,1
67,Random,-1,1
68,Random,-1,1
69,Random,-1,1
70,draw,0,0
71,draw,0,0
72,draw,0,0
73,Random,-1,1
74,MinimaxQ,1,-1
75,Random,-1,1
76,Random,-1,1
77,draw,0,0
78,draw,0,0
79,Random,-1,1
80,Random,-1,1
81,draw,0,0
82,Random,-1,1
83,Random,-1,1
84,draw,0,0
85,Random,-1,1
86,draw,0,0
87,Random,-1,1
88,draw,0,0
89,Random,-1,1
90,Random,-1,1
91,Random,-1,1
92,Random,-1,1
93,Random,-1,1
94,draw,0,0
95,draw,0,0
96,draw,0,0
97,draw,0,0
98,Random,-1,1
99,Random,-1,1
100,Random,-1,1
101,draw,0,0
102,Random,-1,1
103,draw,0,0
104,Random,-1,1
105,draw,0,0
106,draw,0,0
107,draw,0,0
108,draw,0,0
109,draw,0,0
110,draw,0,0
111,Random,-1,1
112,MinimaxQ,1,-1
113,MinimaxQ,1,-1
114,draw,0,0
115,Random,-1,1
116,draw,0,0
117,draw,0,0
118,draw,0,0
119,Random,-1,1
120,draw,0,0
121,Random,-1,1
122,draw,0,0
123,draw,0,0
124,Random,-1,1
125,draw,0,0
126,MinimaxQ,1,-1
127,Random,-1,1
128,Random,-1,1
129,draw,0,0
130,draw,0,0
131,Random,-1,1
132,MinimaxQ,1,-1
133,draw,0,0
134,draw,0,0
135,draw,0,0
136,draw,0,0
137,draw,0,0
138,draw,0,0
139,Random,-1,1
140,MinimaxQ,1,-1
141,draw,0,0
142,draw,0,0
143,draw,0,0
144,draw,0,0
145,draw,0,0
146,draw,0,0
147,Random,-1,1
148,draw,0,0
149,Random,-1,1
150,Random,-1,1
151,draw,0,0
152,draw,0,0
153,draw,0,0
154,draw,0,0
155,MinimaxQ,1,-1
156,draw,0,0
157,draw,0,0
158,MinimaxQ,1,-1
159,Random,-1,1
160,draw,0,0
161,draw,0,0
162,MinimaxQ,1,-1
163,Random,-1,1
164,Random,-1,1
165,draw,0,0
166,draw,0,0
167,Random,-1,1
168,Random,-1,1
169,Random,-1,1
170,draw,0,0
171,Random,-1,1
172,Random,-1,1
173,Random,-1,1
174,Random,-1,1
175,draw,0,0
176,draw,0,0
177,Random,-1,1
178,Random,-1,1
179,draw,0,0
180,draw,0,0
181,Random,-1,1
182,draw,0,0
183,draw,0,0
184,Random,-1,1
185,Random,-1,1
186,Random,-1,1
187,Random,-1,1
188,draw,0,0
189,draw,0,0
190,draw,0,0
191,draw,0,0
192,Random,-1,1
193,draw,0,0
194,Random,-1,1
195,Random,-1,1
196,draw,0,0
197,MinimaxQ,1,-1
198,Random,-1,1
199,draw,0,0
200,Random,-1,1
201,draw,0,0
202,Random,-1,1
203,Random,-1,1
204,draw,0,0
205,draw,0,0
206,Random,-1,1
207,draw,0,0
208,draw,0,0
209,draw,0,0
210,Random,-1,1
211,Random,-1,1
212,draw,0,0
213,Random,-1,1
214,Random,-1,1
215,draw,0,0
216,Random,-1,1
217,draw,0,0
218,draw,0,0
219,draw,0,0
220,MinimaxQ,1,-1
221,Random,-1,1
222,Random,-1,1
223,Random,-1,1
224,draw,0,0
225,draw,0,0
226,draw,0,0
227,draw,0,0
228,draw,0,0
229,draw,0,0
230,Random,-1,1
231,Random,-1,1
232,Random,-1,1
233,draw,0,0
234,Random,-1,1
235,Random,-1,1
236,draw,0,0
237,MinimaxQ,1,-1
238,Random,-1,1
239,draw,0,0
240,draw,0,0
241,draw,0,0
242,draw,0,0
243,draw,0,0
244,draw,0,0
245,Random,-1,1
246,draw,0,0
247,Random,-1,1
248,MinimaxQ,1,-1
249,MinimaxQ,1,-1
250,Random,-1,1
251,Random,-1,1
252,Random,-1,1
253,draw,0,0
254,draw,0,0
255,draw,0,0
256,draw,0,0
257,draw,0,0
258,Random,-1,1
259,Random,-1,1
260,Random,-1,1
261,Random,-1,1
262,Random,-1,1
263,draw,0,0
264,Random,-1,1
265,draw,0,0
266,MinimaxQ,1,-1
267,draw,0,0
268,Random,-1,1
269,Random,-1,1
270,draw,0,0
271,Random,-1,1
272,Random,-1,1
273,draw,0,0
274,draw,0,0
275,Random,-1,1
276,Random,-1,1
277,Random,-1,1
278,Random,-1,1
279,draw,0,0
280,draw,0,0
281,draw,0,0
282,draw,0,0
283,Random,-1,1
284,draw,0,0
285,draw,0,0
286,draw,0,0
287,draw,0,0
288,Random,-1,1
289,draw,0,0
290,draw,0,0
291,draw,0,0
292,Random,-1,1
293,Random,-1,1
294,MinimaxQ,1,-1
295,Random,-1,1
296,draw,0,0
297,Random,-1,1
298,draw,0,0
299,draw,0,0
300,Random,-1,1
301,MinimaxQ,1,-1
302,Random,-1,1
303,draw,0,0
304,Random,-1,1
305,draw,0,0
306,draw,0,0
307,draw,0,0
308,Random,-1,1
309,draw,0,0
310,Random,-1,1
311,draw,0,0
312,draw,0,0
313,draw,0,0
314,draw,0,0
315,Random,-1,1
316,draw,0,0
317,draw,0,0
318,Random,-1,1
319,Random,-1,1
320,draw,0,0
321,Random,-1,1
322,draw,0,0
323,draw,0,0
324,draw,0,0
325,Random,-1,1
326,draw,0,0
327,draw,0,0
328,draw,0,0
329,draw,0,0
330,draw,0,0
331,Random,-1,1
332,draw,0,0
333,Random,-1,1
334,Random,-1,1
335,MinimaxQ,1,-1
336,MinimaxQ,1,-1
337,Random,-1,1
338,Random,-1,1
339,draw,0,0
340,draw,0,0
341,Random,-1,1
342,draw,0,0
343,draw,0,0
344,Random,-1,1
345,MinimaxQ,1,-1
346,draw,0,0
347,draw,0,0
348,Random,-1,1
349,draw,0,0
350,Random,-1,1
351,draw,0,0
352,MinimaxQ,1,-1
353,Random,-1,1
354,draw,0,0
355,Random,-1,1
356,draw,0,0
357,Random,-1,1
358,Random,-1,1
359,MinimaxQ,1,-1
360,draw,0,0
361,Random,-1,1
362,draw,0,0
363,draw,0,0
364,draw,0,0
365,MinimaxQ,1,-1
366,MinimaxQ,1,-1
367,Random,-1,1
368,draw,0,0
369,MinimaxQ,1,-1
370,Random,-1,1
371,Random,-1,1
372,draw,0,0
373,draw,0,0
374,MinimaxQ,1,-1
375,draw,0,0
376,Random,-1,1
377,Random,-1,1
378,draw,0,0
379,draw,0,0
380,draw,0,0
381,Random,-1,1
382,draw,0,0
383,draw,0,0
384,draw,0,0
385,draw,0,0
386,Random,-1,1
387,Random,-1,1
388,draw,0,0
389,draw,0,0
390,MinimaxQ,1,-1
391,MinimaxQ,1,-1
392,Random,-1,1
393,draw,0,0
394,draw,0,0
395,draw,0,0
396,Random,-1,1
397,draw,0,0
398,draw,0,0
399,draw,0,0
400,draw,0,0
401,Random,-1,1
402,Random,-1,1
403,draw,0,0
404,draw,0,0
405,Random,-1,1
406,MinimaxQ,1,-1
407,draw,0,0
408,Random,-1,1
409,Random,-1,1
410,draw,0,0
411,draw,0,0
412,draw,0,0
413,draw,0,0
414,draw,0,0
415,Random,-1,1
416,draw,0,0
417,Random,-1,1
418,draw,0,0
419,Random,-1,1
420,Random,-1,1
421,draw,0,0
422,draw,0,0
423,Random,-1,1
424,draw,0,0
425,Random,-1,1
426,draw,0,0
427,draw,0,0
428,draw,0,0
429,Random,-1,1
430,draw,0,0
431,Random,-1,1
432,MinimaxQ,1,-1
433,Random,-1,1
434,draw,0,0
435,draw,0,0
436,draw,0,0
437,Random,-1,1
438,Random,-1,1
439,Random,-1,1
440,MinimaxQ,1,-1
441,draw,0,0
442,draw,0,0
443,Random,-1,1
444,draw,0,0
445,draw,0,0
446,draw,0,0
447,draw,0,0
448,draw,0,0
449,draw,0,0
450,draw,0,0
451,MinimaxQ,1,-1
452,Random,-1,1
453,draw,0,0
454,Random,-1,1
455,draw,0,0
456,draw,0,0
457,draw,0,0
458,draw,0,0
459,draw,0,0
460,draw,0,0
461,Random,-1,1
462,draw,0,0
463,Random,-1,1
464,draw,0,0
465,Random,-1,1
466,Random,-1,1
467,Random,-1,1
468,Random,-1,1
469,draw,0,0
470,draw,0,0
471,Random,-1,1
472,Random,-1,1
473,draw,0,0
474,Random,-1,1
475,Random,-1,1
476,draw,0,0
477,Random,-1,1
478,draw,0,0
479,draw,0,0
480,draw,0,0
481,MinimaxQ,1,-1
482,draw,0,0
483,draw,0,0
484,draw,0,0
485,Random,-1,1
486,draw,0,0
487,draw,0,0
488,Random,-1,1
489,draw,0,0
490,Random,-1,1
491,Random,-1,1
492,draw,0,0
493,draw,0,0
494,Random,-1,1
495,draw,0,0
496,draw,0,0
497,Random,-1,1
498,Random,-1,1
499,Random,-1,1
500,draw,0,0
501,draw,0,0
502,draw,0,0
503,MinimaxQ,1,-1
504,draw,0,0
505,draw,0,0
506,draw,0,0
507,Random,-1,1
508,draw,0,0
509,draw,0,0
510,Random,-1,1
511,MinimaxQ,1,-1
512,draw,0,0
513,draw,0,0
514,draw,0,0
515,draw,0,0
516,draw,0,0
517,Random,-1,1
518,Random,-1,1
519,MinimaxQ,1,-1
520,draw,0,0
521,draw,0,0
522,draw,0,0
523,draw,0,0
524,draw,0,0
525,draw,0,0
526,draw,0,0
527,draw,0,0
528,draw,0,0
529,draw,0,0
530,Random,-1,1
531,Random,-1,1
532,draw,0,0
533,MinimaxQ,1,-1
534,draw,0,0
535,Random,-1,1
536,Random,-1,1
537,draw,0,0
538,Random,-1,1
539,MinimaxQ,1,-1
540,draw,0,0
541,draw,0,0
542,MinimaxQ,1,-1
543,draw,0,0
544,Random,-1,1
545,Random,-1,1
546,draw,0,0
547,draw,0,0
548,draw,0,0
549,draw,0,0
550,draw,0,0
551,draw,0,0
552,Random,-1,1
553,draw,0,0
554,Random,-1,1
555,draw,0,0
556,draw,0,0
557,draw,0,0
558,draw,0,0
559,draw,0,0
560,draw,0,0
561,draw,0,0
562,draw,0,0
563,draw,0,0
564,Random,-1,1
565,draw,0,0
566,Random,-1,1
567,draw,0,0
568,draw,0,0
569,draw,0,0
570,draw,0,0
571,draw,0,0
572,Random,-1,1
573,draw,0,0
574,draw,0,0
575,Random,-1,1
576,Random,-1,1
577,draw,0,0
578,draw,0,0
579,MinimaxQ,1,-1
580,MinimaxQ,1,-1
581,draw,0,0
582,draw,0,0
583,MinimaxQ,1,-1
584,MinimaxQ,1,-1
585,Random,-1,1
586,draw,0,0
587,MinimaxQ,1,-1
588,draw,0,0
589,draw,0,0
590,Random,-1,1
591,MinimaxQ,1,-1
592,draw,0,0
593,Random,-1,1
594,MinimaxQ,1,-1
595,draw,0,0
596,draw,0,0
597,MinimaxQ,1,-1
598,draw,0,0
599,draw,0,0
600,draw,0,0
601,draw,0,0
602,Random,-1,1
603,Random,-1,1
604,Random,-1,1
605,draw,0,0
606,Random,-1,1
607,draw,0,0
608,Random,-1,1
609,draw,0,0
610,draw,0,0
611,draw,0,0
612,MinimaxQ,1,-1
613,draw,0,0
614,draw,0,0
615,draw,0,0
616,Random,-1,1
617,draw,0,0
618,draw,0,0
619,MinimaxQ,1,-1
620,draw,0,0
621,Random,-1,1
622,Random,-1,1
623,draw,0,0
624,draw,0,0
625,draw,0,0
626,Random,-1,1
627,draw,0,0
628,draw,0,0
629,draw,0,0
630,draw,0,0
631,draw,0,0
632,Random,-1,1
633,draw,0,0
634,MinimaxQ,1,-1
635,Random,-1,1
636,Random,-1,1
637,Random,-1,1
638,draw,0,0
639,draw,0,0
640,Random,-1,1
641,draw,0,0
642,Random,-1,1
643,draw,0,0
644,draw,0,0
645,MinimaxQ,1,-1
646,MinimaxQ,1,-1
647,draw,0,0
648,draw,0,0
649,MinimaxQ,1,-1
650,draw,0,0
651,draw,0,0
652,draw,0,0
653,draw,0,0
654,draw,0,0
655,Random,-1,1
656,Random,-1,1
657,Random,-1,1
658,Random,-1,1
659,draw,0,0
660,draw,0,0
661,MinimaxQ,1,-1
662,MinimaxQ,1,-1
663,draw,0,0
664,Random,-1,1
665,draw,0,0
666,draw,0,0
667,Random,-1,1
668,draw,0,0
669,draw,0,0
670,draw,0,0
671,draw,0,0
672,draw,0,0
673,draw,0,0
674,draw,0,0
675,MinimaxQ,1,-1
676,MinimaxQ,1,-1
677,Random,-1,1
678,draw,0,0
679,Random,-1,1
680,draw,0,0
681,draw,0,0
682,draw,0,0
683,draw,0,0
684,draw,0,0
685,Random,-1,1
686,draw,0,0
687,draw,0,0
688,Random,-1,1
689,draw,0,0
690,draw,0,0
691,Random,-1,1
692,draw,0,0
693,MinimaxQ,1,-1
694,draw,0,0
695,Random,-1,1
696,Random,-1,1
697,draw,0,0
698,draw,0,0
699,draw,0,0
700,Random,-1,1
701,draw,0,0
702,Random,-1,1
703,Random,-1,1
704,Random,-1,1
705,draw,0,0
706,draw,0,0
707,MinimaxQ,1,-1
708,Random,-1,1
709,draw,0,0
710,draw,0,0
711,draw,0,0
712,Random,-1,1
713,draw,0,0
714,Random,-1,1
715,MinimaxQ,1,-1
716,Random,-1,1
717,draw,0,0
718,draw,0,0
719,draw,0,0
720,Random,-1,1
721,draw,0,0
722,draw,0,0
723,Random,-1,1
724,Random,-1,1
725,Random,-1,1
726,draw,0,0
727,draw,0,0
728,Random,-1,1
729,draw,0,0
730,Random,-1,1
731,draw,0,0
732,MinimaxQ,1,-1
733,MinimaxQ,1,-1
734,draw,0,0
735,draw,0,0
736,draw,0,0
737,Random,-1,1
738,Random,-1,1
739,Random,-1,1
740,draw,0,0
741,draw,0,0
742,Random,-1,1
743,Random,-1,1
744,Random,-1,1
745,Random,-1,1
746,draw,0,0
747,Random,-1,1
748,Random,-1,1
749,draw,0,0
750,draw,0,0
751,draw,0,0
752,draw,0,0
753,draw,0,0
754,draw,0,0
755,draw,0,0
756,Random,-1,1
757,draw,0,0
758,Random,-1,1
759,MinimaxQ,1,-1
760,Random,-1,1
761,Random,-1,1
762,Random,-1,1
763,Random,-1,1
764,draw,0,0
765,MinimaxQ,1,-1
766,draw,0,0
767,draw,0,0
768,draw,0,0
769,Random,-1,1
770,draw,0,0
771,draw,0,0
772,Random,-1,1
773,draw,0,0
774,draw,0,0
775,draw,0,0
776,MinimaxQ,1,-1
777,Random,-1,1
778,Random,-1,1
779,MinimaxQ,1,-1
780,draw,0,0
781,MinimaxQ,1,-1
782,draw,0,0
783,MinimaxQ,1,-1
784,MinimaxQ,1,-1
785,Random,-1,1
786,draw,0,0
787,draw,0,0
788,draw,0,0
789,Random,-1,1
790,Random,-1,1
791,draw,0,0
792,Random,-1,1
793,draw,0,0
794,draw,0,0
795,Random,-1,1
796,Random,-1,1
797,Random,-1,1
798,MinimaxQ,1,-1
799,draw,0,0
800,Random,-1,1
801,Random,-1,1
802,draw,0,0
803,Random,-1,1
804,draw,0,0
805,draw,0,0
806,draw,0,0
807,draw,0,0
808,draw,0,0
809,MinimaxQ,1,-1
810,draw,0,0
811,draw,0,0
812,MinimaxQ,1,-1
813,draw,0,0
814,draw,0,0
815,MinimaxQ,1,-1
816,draw,0,0
817,draw,0,0
818,draw,0,0
819,draw,0,0
820,draw,0,0
821,Random,-1,1
822,Random,-1,1
823,draw,0,0
824,MinimaxQ,1,-1
825,draw,0,0
826,Random,-1,1
827,Random,-1,1
828,Random,-1,1
829,MinimaxQ,1,-1
830,draw,0,0
831,draw,0,0
832,draw,0,0
833,Random,-1,1
834,draw,0,0
835,Random,-1,1
836,draw,0,0
837,MinimaxQ,1,-1
838,Random,-1,1
839,draw,0,0
840,draw,0,0
841,Random,-1,1
842,draw,0,0
843,draw,0,0
844,draw,0,0
845,draw,0,0
846,draw,0,0
847,draw,0,0
848,draw,0,0
849,draw,0,0
850,draw,0,0
851,draw,0,0
852,Random,-1,1
853,draw,0,0
854,draw,0,0
855,draw,0,0
856,draw,0,0
857,draw,0,0
858,Random,-1,1
859,draw,0,0
860,draw,0,0
861,draw,0,0
862,MinimaxQ,1,-1
863,draw,0,0
864,Random,-1,1
865,draw,0,0
866,draw,0,0
867,draw,0,0
868,Random,-1,1
869,draw,0,0
870,draw,0,0
871,Random,-1,1
872,draw,0,0
873,draw,0,0
874,draw,0,0
875,draw,0,0
876,MinimaxQ,1,-1
877,Random,-1,1
878,draw,0,0
879,Random,-1,1
880,draw,0,0
881,Random,-1,1
882,draw,0,0
883,draw,0,0
884,draw,0,0
885,draw,0,0
886,draw,0,0
887,draw,0,0
888,MinimaxQ,1,-1
889,Random,-1,1
890,draw,0,0
891,MinimaxQ,1,-1
892,draw,0,0
893,Random,-1,1
894,draw,0,0
895,MinimaxQ,1,-1
896,draw,0,0
897,draw,0,0
898,draw,0,0
899,Random,-1,1
900,draw,0,0
901,draw,0,0
902,draw,0,0
903,Random,-1,1
904,MinimaxQ,1,-1
905,draw,0,0
906,Random,-1,1
907,draw,0,0
908,draw,0,0
909,draw,0,0
910,Random,-1,1
911,Random,-1,1
912,Random,-1,1
913,draw,0,0
914,draw,0,0
915,draw,0,0
916,Random,-1,1
917,Random,-1,1
918,Random,-1,1
919,draw,0,0
920,Random,-1,1
921,draw,0,0
922,Random,-1,1
923,draw,0,0
924,draw,0,0
925,draw,0,0
926,Random,-1,1
927,draw,0,0
928,draw,0,0
929,draw,0,0
930,draw,0,0
931,draw,0,0
932,Random,-1,1
933,MinimaxQ,1,-1
934,Random,-1,1
935,Random,-1,1
936,draw,0,0
937,MinimaxQ,1,-1
938,draw,0,0
939,draw,0,0
940,Random,-1,1
941,MinimaxQ,1,-1
942,Random,-1,1
943,draw,0,0
944,draw,0,0
945,MinimaxQ,1,-1
946,draw,0,0
947,Random,-1,1
948,draw,0,0
949,draw,0,0
950,draw,0,0
951,Random,-1,1
952,Random,-1,1
953,draw,0,0
954,MinimaxQ,1,-1
955,draw,0,0
956,draw,0,0
957,draw,0,0
958,MinimaxQ,1,-1
959,MinimaxQ,1,-1
960,draw,0,0
961,MinimaxQ,1,-1
962,MinimaxQ,1,-1
963,Random,-1,1
964,MinimaxQ,1,-1
965,draw,0,0
966,draw,0,0
967,Random,-1,1
968,Random,-1,1
969,draw,0,0
970,MinimaxQ,1,-1
971,Random,-1,1
972,draw,0,0
973,draw,0,0
974,Random,-1,1
975,draw,0,0
976,draw,0,0
977,Random,-1,1
978,Random,-1,1
979,draw,0,0
980,MinimaxQ,1,-1
981,Random,-1,1
982,Random,-1,1
983,Random,-1,1
984,draw,0,0
985,draw,0,0
986,draw,0,0
987,draw,0,0
988,draw,0,0
989,draw,0,0
990,draw,0,0
991,draw,0,0
992,draw,0,0
993,draw,0,0
994,Random,-1,1
995,draw,0,0
996,draw,0,0
997,draw,0,0
998,MinimaxQ,1,-1
999,draw,0,0
1000,draw,0,0
1001,Random,-1,1
1002,MinimaxQ,1,-1
1003,draw,0,0
1004,Random,-1,1
1005,MinimaxQ,1,-1
1006,draw,0,0
1007,draw,0,0
1008,draw,0,0
1009,Random,-1,1
1010,Random,-1,1
1011,draw,0,0
1012,draw,0,0
1013,Random,-1,1
1014,draw,0,0
1015,Random,-1,1
1016,Random,-1,1
1017,draw,0,0
1018,draw,0,0
1019,draw,0,0
1020,draw,0,0
1021,draw,0,0
1022,Random,-1,1
1023,draw,0,0
1024,Random,-1,1
1025,draw,0,0
1026,draw,0,0
1027,Random,-1,1
1028,draw,0,0
1029,draw,0,0
1030,MinimaxQ,1,-1
1031,Random,-1,1
1032,draw,0,0
1033,MinimaxQ,1,-1
1034,Random,-1,1
1035,MinimaxQ,1,-1
1036,draw,0,0
1037,draw,0,0
1038,draw,0,0
1039,draw,0,0
1040,Random,-1,1
1041,draw,0,0
1042,draw,0,0
1043,draw,0,0
1044,draw,0,0
1045,Random,-1,1
1046,Random,-1,1
1047,Random,-1,1
1048,draw,0,0
1049,draw,0,0
1050,Random,-1,1
1051,draw,0,0
1052,MinimaxQ,1,-1
1053,draw,0,0
1054,MinimaxQ,1,-1
1055,MinimaxQ,1,-1
1056,Random,-1,1
1057,Random,-1,1
1058,draw,0,0
1059,draw,0,0
1060,Random,-1,1
1061,draw,0,0
1062,MinimaxQ,1,-1
1063,draw,0,0
1064,draw,0,0
1065,MinimaxQ,1,-1
1066,Random,-1,1
1067,draw,0,0
1068,draw,0,0
1069,MinimaxQ,1,-1
1070,Random,-1,1
1071,draw,0,0
1072,Random,-1,1
1073,draw,0,0
1074,draw,0,0
1075,draw,0,0
1076,Random,-1,1
1077,MinimaxQ,1,-1
1078,draw,0,0
1079,draw,0,0
1080,draw,0,0
1081,draw,0,0
1082,draw,0,0
1083,MinimaxQ,1,-1
1084,draw,0,0
1085,draw,0,0
1086,MinimaxQ,1,-1
1087,Random,-1,1
1088,MinimaxQ,1,-1
1089,draw,0,0
1090,Random,-1,1
1091,draw,0,0
1092,MinimaxQ,1,-1
1093,draw,0,0
1094,draw,0,0
1095,draw,0,0
1096,Random,-1,1
1097,Random,-1,1
1098,draw,0,0
1099,Random,-1,1
1100,MinimaxQ,1,-1
1101,draw,0,0
1102,Random,-1,1
1103,draw,0,0
1104,draw,0,0
1105,draw,0,0
1106,MinimaxQ,1,-1
1107,draw,0,0
1108,MinimaxQ,1,-1
1109,Random,-1,1
1110,draw,0,0
1111,draw,0,0
1112,draw,0,0
1113,draw,0,0
1114,draw,0,0
1115,Random,-1,1
1116,Random,-1,1
1117,MinimaxQ,1,-1
1118,draw,0,0
1119,MinimaxQ,1,-1
1120,draw,0,0
1121,Random,-1,1
1122,Random,-1,1
1123,draw,0,0
1124,draw,0,0
1125,MinimaxQ,1,-1
1126,MinimaxQ,1,-1
1127,Random,-1,1
1128,draw,0,0
1129,draw,0,0
1130,draw,0,0
1131,MinimaxQ,1,-1
1132,Random,-1,1
1133,draw,0,0
1134,draw,0,0
1135,draw,0,0
1136,draw,0,0
1137,MinimaxQ,1,-1
1138,MinimaxQ,1,-1
1139,draw,0,0
1140,draw,0,0
1141,Random,-1,1
1142,draw,0,0
1143,draw,0,0
1144,draw,0,0
1145,draw,0,0
1146,draw,0,0
1147,draw,0,0
1148,Random,-1,1
1149,draw,0,0
1150,draw,0,0
1151,MinimaxQ,1,-1
1152,MinimaxQ,1,-1
1153,MinimaxQ,1,-1
1154,draw,0,0
1155,Random,-1,1
1156,MinimaxQ,1,-1
1157,MinimaxQ,1,-1
1158,draw,0,0
1159,draw,0,0
1160,draw,0,0
1161,draw,0,0
1162,draw,0,0
1163,draw,0,0
1164,Random,-1,1
1165,draw,0,0
1166,MinimaxQ,1,-1
1167,draw,0,0
1168,draw,0,0
1169,Random,-1,1
1170,draw,0,0
1171,draw,0,0
1172,Random,-1,1
1173,MinimaxQ,1,-1
1174,MinimaxQ,1,-1
1175,Random,-1,1
1176,MinimaxQ,1,-1
1177,draw,0,0
1178,draw,0,0
1179,Random,-1,1
1180,draw,0,0
1181,Random,-1,1
1182,Random,-1,1
1183,Random,-1,1
1184,draw,0,0
1185,draw,0,0
1186,draw,0,0
1187,draw,0,0
1188,MinimaxQ,1,-1
1189,draw,0,0
1190,draw,0,0
1191,draw,0,0
1192,draw,0,0
1193,draw,0,0
1194,Random,-1,1
1195,draw,0,0
1196,MinimaxQ,1,-1
1197,Random,-1,1
1198,MinimaxQ,1,-1
1199,draw,0,0
1200,Random,-1,1
1201,draw,0,0
1202,MinimaxQ,1,-1
1203,draw,0,0
1204,draw,0,0
1205,Random,-1,1
1206,MinimaxQ,1,-1
1207,MinimaxQ,1,-1
1208,draw,0,0
1209,Random,-1,1
1210,draw,0,0
1211,draw,0,0
1212,draw,0,0
1213,Random,-1,1
1214,draw,0,0
1215,draw,0,0
1216,draw,0,0
1217,draw,0,0
1218,draw,0,0
1219,draw,0,0
1220,MinimaxQ,1,-1
1221,MinimaxQ,1,-1
1222,Random,-1,1
1223,MinimaxQ,1,-1
1224,draw,0,0
1225,draw,0,0
1226,draw,0,0
1227,MinimaxQ,1,-1
1228,draw,0,0
1229,MinimaxQ,1,-1
1230,draw,0,0
1231,draw,0,0
1232,Random,-1,1
1233,draw,0,0
1234,draw,0,0
1235,draw,0,0
1236,MinimaxQ,1,-1
1237,Random,-1,1
1238,Random,-1,1
1239,Random,-1,1
1240,draw,0,0
1241,MinimaxQ,1,-1
1242,draw,0,0
1243,draw,0,0
1244,draw,0,0
1245,Random,-1,1
1246,MinimaxQ,1,-1
1247,MinimaxQ,1,-1
1248,draw,0,0
1249,draw,0,0
1250,draw,0,0
1251,draw,0,0
1252,draw,0,0
1253,MinimaxQ,1,-1
1254,draw,0,0
1255,draw,0,0
1256,Random,-1,1
1257,Random,-1,1
1258,MinimaxQ,1,-1
1259,draw,0,0
1260,MinimaxQ,1,-1
1261,draw,0,0
1262,Random,-1,1
1263,draw,0,0
1264,draw,0,0
1265,MinimaxQ,1,-1
1266,MinimaxQ,1,-1
1267,Random,-1,1
1268,draw,0,0
1269,Random,-1,1
1270,draw,0,0
1271,draw,0,0
1272,Random,-1,1
1273,draw,0,0
1274,MinimaxQ,1,-1
1275,Random,-1,1
1276,MinimaxQ,1,-1
1277,Random,-1,1
1278,draw,0,0
1279,draw,0,0
1280,draw,0,0
1281,MinimaxQ,1,-1
1282,MinimaxQ,1,-1
1283,draw,0,0
1284,Random,-1,1
1285,MinimaxQ,1,-1
1286,draw,0,0
1287,draw,0,0
1288,draw,0,0
1289,draw,0,0
1290,draw,0,0
1291,Random,-1,1
1292,draw,0,0
1293,draw,0,0
1294,draw,0,0
1295,Random,-1,1
1296,draw,0,0
1297,MinimaxQ,1,-1
1298,MinimaxQ,1,-1
1299,draw,0,0
1300,draw,0,0
1301,draw,0,0
1302,draw,0,0
1303,MinimaxQ,1,-1
1304,MinimaxQ,1,-1
1305,draw,0,0
1306,MinimaxQ,1,-1
1307,draw,0,0
1308,draw,0,0
1309,draw,0,0
1310,draw,0,0
1311,Random,-1,1
1312,draw,0,0
1313,draw,0,0
1314,draw,0,0
1315,Random,-1,1
1316,draw,0,0
1317,Random,-1,1
1318,draw,0,0
1319,Random,-1,1
1320,MinimaxQ,1,-1
1321,Random,-1,1
1322,draw,0,0
1323,draw,0,0
1324,draw,0,0
1325,MinimaxQ,1,-1
1326,draw,0,0
1327,draw,0,0
1328,draw,0,0
1329,draw,0,0
1330,draw,0,0
1331,draw,0,0
1332,draw,0,0
1333,Random,-1,1
1334,Random,-1,1
1335,draw,0,0
1336,draw,0,0
1337,Random,-1,1
1338,draw,0,0
1339,draw,0,0
1340,Random,-1,1
1341,draw,0,0
1342,draw,0,0
1343,draw,0,0
1344,draw,0,0
1345,draw,0,0
1346,draw,0,0
1347,Random,-1,1
1348,MinimaxQ,1,-1
1349,draw,0,0
1350,draw,0,0
1351,draw,0,0
1352,draw,0,0
1353,MinimaxQ,1,-1
1354,MinimaxQ,1,-1
1355,draw,0,0
1356,Random,-1,1
1357,MinimaxQ,1,-1
1358,draw,0,0
1359,MinimaxQ,1,-1
1360,MinimaxQ,1,-1
1361,MinimaxQ,1,-1
1362,draw,0,0
1363,Random,-1,1
1364,draw,0,0
1365,MinimaxQ,1,-1
1366,draw,0,0
1367,MinimaxQ,1,-1
1368,MinimaxQ,1,-1
1369,MinimaxQ,1,-1
1370,MinimaxQ,1,-1
1371,Random,-1,1
1372,MinimaxQ,1,-1
1373,draw,0,0
1374,draw,0,0
1375,MinimaxQ,1,-1
1376,draw,0,0
1377,draw,0,0
1378,MinimaxQ,1,-1
1379,Random,-1,1
1380,draw,0,0
1381,draw,0,0
1382,draw,0,0
1383,MinimaxQ,1,-1
1384,MinimaxQ,1,-1
1385,draw,0,0
1386,MinimaxQ,1,-1
1387,draw,0,0
1388,Random,-1,1
1389,draw,0,0
1390,draw,0,0
1391,Random,-1,1
1392,draw,0,0
1393,draw,0,0
1394,draw,0,0
1395,Random,-1,1
1396,draw,0,0
1397,draw,0,0
1398,draw,0,0
1399,draw,0,0
1400,draw,0,0
1401,draw,0,0
1402,MinimaxQ,1,-1
1403,draw,0,0
1404,Random,-1,1
1405,draw,0,0
1406,MinimaxQ,1,-1
1407,Random,-1,1
1408,draw,0,0
1409,Random,-1,1
1410,draw,0,0
1411,draw,0,0
1412,draw,0,0
1413,Random,-1,1
1414,MinimaxQ,1,-1
1415,draw,0,0
1416,Random,-1,1
1417,draw,0,0
1418,Random,-1,1
1419,MinimaxQ,1,-1
1420,draw,0,0
1421,draw,0,0
1422,Random,-1,1
1423,MinimaxQ,1,-1
1424,draw,0,0
1425,draw,0,0
1426,Random,-1,1
1427,Random,-1,1
1428,MinimaxQ,1,-1
1429,MinimaxQ,1,-1
1430,MinimaxQ,1,-1
1431,Random,-1,1
1432,draw,0,0
1433,draw,0,0
1434,Random,-1,1
1435,MinimaxQ,1,-1
1436,draw,0,0
1437,Random,-1,1
1438,draw,0,0
1439,Random,-1,1
1440,Random,-1,1
1441,Random,-1,1
1442,Random,-1,1
1443,draw,0,0
1444,Random,-1,1
1445,draw,0,0
1446,draw,0,0
1447,draw,0,0
1448,draw,0,0
1449,draw,0,0
1450,Random,-1,1
1451,draw,0,0
1452,MinimaxQ,1,-1
1453,Random,-1,1
1454,draw,0,0
1455,MinimaxQ,1,-1
1456,MinimaxQ,1,-1
1457,Random,-1,1
1458,MinimaxQ,1,-1
1459,MinimaxQ,1,-1
1460,Random,-1,1
1461,Random,-1,1
1462,MinimaxQ,1,-1
1463,Random,-1,1
1464,Random,-1,1
1465,draw,0,0
1466,draw,0,0
1467,draw,0,0
1468,draw,0,0
1469,Random,-1,1
1470,Random,-1,1
1471,draw,0,0
1472,Random,-1,1
1473,Random,-1,1
1474,MinimaxQ,1,-1
1475,Random,-1,1
1476,draw,0,0
1477,MinimaxQ,1,-1
1478,Random,-1,1
1479,draw,0,0
1480,draw,0,0
1481,draw,0,0
1482,Random,-1,1
1483,Random,-1,1
1484,draw,0,0
1485,draw,0,0
1486,draw,0,0
1487,draw,0,0
1488,MinimaxQ,1,-1
1489,draw,0,0
1490,MinimaxQ,1,-1
1491,draw,0,0
1492,draw,0,0
1493,MinimaxQ,1,-1
1494,Random,-1,1
1495,draw,0,0
1496,Random,-1,1
1497,draw,0,0
1498,Random,-1,1
1499,draw,0,0
1500,draw,0,0
1501,MinimaxQ,1,-1
1502,draw,0,0
1503,MinimaxQ,1,-1
1504,draw,0,0
1505,MinimaxQ,1,-1
1506,draw,0,0
1507,draw,0,0
1508,draw,0,0
1509,draw,0,0
1510,draw,0,0
1511,draw,0,0
1512,draw,0,0
1513,Random,-1,1
1514,draw,0,0
1515,draw,0,0
1516,draw,0,0
1517,draw,0,0
1518,MinimaxQ,1,-1
1519,Random,-1,1
1520,draw,0,0
1521,Random,-1,1
1522,MinimaxQ,1,-1
1523,draw,0,0
1524,draw,0,0
1525,Random,-1,1
1526,draw,0,0
1527,draw,0,0
1528,MinimaxQ,1,-1
1529,MinimaxQ,1,-1
1530,draw,0,0
1531,draw,0,0
1532,draw,0,0
1533,Random,-1,1
1534,draw,0,0
1535,MinimaxQ,1,-1
1536,draw,0,0
1537,Random,-1,1
1538,draw,0,0
1539,MinimaxQ,1,-1
1540,draw,0,0
1541,Random,-1,1
1542,draw,0,0
1543,MinimaxQ,1,-1
1544,draw,0,0
1545,draw,0,0
1546,Random,-1,1
1547,draw,0,0
1548,draw,0,0
1549,Random,-1,1
1550,Random,-1,1
1551,draw,0,0
1552,draw,0,0
1553,draw,0,0
1554,MinimaxQ,1,-1
1555,MinimaxQ,1,-1
1556,MinimaxQ,1,-1
1557,MinimaxQ,1,-1
1558,Random,-1,1
1559,Random,-1,1
1560,draw,0,0
1561,draw,0,0
1562,draw,0,0
1563,draw,0,0
1564,MinimaxQ,1,-1
1565,draw,0,0
1566,MinimaxQ,1,-1
1567,MinimaxQ,1,-1
1568,MinimaxQ,1,-1
1569,draw,0,0
1570,draw,0,0
1571,Random,-1,1
1572,MinimaxQ,1,-1
1573,MinimaxQ,1,-1
1574,MinimaxQ,1,-1
1575,draw,0,0
1576,Random,-1,1
1577,draw,0,0
1578,draw,0,0
1579,draw,0,0
1580,draw,0,0
1581,MinimaxQ,1,-1
1582,draw,0,0
1583,draw,0,0
1584,Random,-1,1
1585,Random,-1,1
1586,MinimaxQ,1,-1
1587,Random,-1,1
1588,draw,0,0
1589,draw,0,0
1590,MinimaxQ,1,-1
1591,Random,-1,1
1592,MinimaxQ,1,-1
1593,draw,0,0
1594,draw,0,0
1595,draw,0,0
1596,Random,-1,1
1597,Random,-1,1
1598,Random,-1,1
1599,Random,-1,1
1600,MinimaxQ,1,-1
1601,draw,0,0
1602,MinimaxQ,1,-1
1603,draw,0,0
1604,draw,0,0
1605,MinimaxQ,1,-1
1606,Random,-1,1
1607,draw,0,0
1608,Random,-1,1
1609,Random,-1,1
1610,Random,-1,1
1611,draw,0,0
1612,Random,-1,1
1613,draw,0,0
1614,Random,-1,1
1615,MinimaxQ,1,-1
1616,draw,0,0
1617,Random,-1,1
1618,draw,0,0
1619,draw,0,0
1620,draw,0,0
1621,Random,-1,1
1622,draw,0,0
1623,MinimaxQ,1,-1
1624,draw,0,0
1625,draw,0,0
1626,Random,-1,1
1627,MinimaxQ,1,-1
1628,MinimaxQ,1,-1
1629,draw,0,0
1630,MinimaxQ,1,-1
1631,draw,0,0
1632,draw,0,0
1633,draw,0,0
1634,draw,0,0
1635,Random,-1,1
1636,draw,0,0
1637,draw,0,0
1638,draw,0,0
1639,MinimaxQ,1,-1
1640,Random,-1,1
1641,Random,-1,1
1642,Random,-1,1
1643,MinimaxQ,1,-1
1644,draw,0,0
1645,MinimaxQ,1,-1
1646,MinimaxQ,1,-1
1647,MinimaxQ,1,-1
1648,MinimaxQ,1,-1
1649,Random,-1,1
1650,MinimaxQ,1,-1
1651,draw,0,0
1652,draw,0,0
1653,Random,-1,1
1654,MinimaxQ,1,-1
1655,MinimaxQ,1,-1
1656,draw,0,0
1657,Random,-1,1
1658,draw,0,0
1659,MinimaxQ,1,-1
1660,MinimaxQ,1,-1
1661,MinimaxQ,1,-1
1662,draw,0,0
1663,draw,0,0
1664,Random,-1,1
1665,draw,0,0
1666,Random,-1,1
1667,Random,-1,1
1668,draw,0,0
1669,draw,0,0
1670,MinimaxQ,1,-1
1671,MinimaxQ,1,-1
1672,MinimaxQ,1,-1
1673,draw,0,0
1674,draw,0,0
1675,draw,0,0
1676,MinimaxQ,1,-1
1677,Random,-1,1
1678,MinimaxQ,1,-1
1679,MinimaxQ,1,-1
1680,MinimaxQ,1,-1
1681,draw,0,0
1682,draw,0,0
1683,draw,0,0
1684,MinimaxQ,1,-1
1685,draw,0,0
1686,draw,0,0
1687,draw,0,0
1688,MinimaxQ,1,-1
1689,MinimaxQ,1,-1
1690,Random,-1,1
1691,draw,0,0
1692,draw,0,0
1693,draw,0,0
1694,draw,0,0
1695,MinimaxQ,1,-1
1696,MinimaxQ,1,-1
1697,Random,-1,1
1698,draw,0,0
1699,draw,0,0
1700,draw,0,0
1701,MinimaxQ,1,-1
1702,draw,0,0
1703,draw,0,0
1704,draw,0,0
1705,Random,-1,1
1706,Random,-1,1
1707,draw,0,0
1708,MinimaxQ,1,-1
1709,Random,-1,1
1710,Random,-1,1
1711,Random,-1,1
1712,MinimaxQ,1,-1
1713,Random,-1,1
1714,draw,0,0
1715,draw,0,0
1716,draw,0,0
1717,draw,0,0
1718,draw,0,0
1719,draw,0,0
1720,Random,-1,1
1721,draw,0,0
1722,MinimaxQ,1,-1
1723,draw,0,0
1724,draw,0,0
1725,Random,-1,1
1726,MinimaxQ,1,-1
1727,draw,0,0
1728,Random,-1,1
1729,Random,-1,1
1730,Random,-1,1
1731,MinimaxQ,1,-1
1732,Random,-1,1
1733,draw,0,0
1734,draw,0,0
1735,MinimaxQ,1,-1
1736,draw,0,0
1737,draw,0,0
1738,MinimaxQ,1,-1
1739,Random,-1,1
1740,draw,0,0
1741,draw,0,0
1742,draw,0,0
1743,draw,0,0
1744,Random,-1,1
1745,Random,-1,1
1746,MinimaxQ,1,-1
1747,Random,-1,1
1748,MinimaxQ,1,-1
1749,draw,0,0
1750,Random,-1,1
1751,Random,-1,1
1752,draw,0,0
1753,MinimaxQ,1,-1
1754,MinimaxQ,1,-1
1755,MinimaxQ,1,-1
1756,MinimaxQ,1,-1
1757,draw,0,0
1758,MinimaxQ,1,-1
1759,MinimaxQ,1,-1
1760,MinimaxQ,1,-1
1761,Random,-1,1
1762,draw,0,0
1763,MinimaxQ,1,-1
1764,draw,0,0
1765,MinimaxQ,1,-1
1766,draw,0,0
1767,draw,0,0
1768,draw,0,0
1769,Random,-1,1
1770,draw,0,0
1771,draw,0,0
1772,Random,-1,1
1773,MinimaxQ,1,-1
1774,draw,0,0
1775,draw,0,0
1776,draw,0,0
1777,Random,-1,1
1778,draw,0,0
1779,draw,0,0
1780,MinimaxQ,1,-1
1781,Random,-1,1
1782,draw,0,0
1783,MinimaxQ,1,-1
1784,MinimaxQ,1,-1
1785,draw,0,0
1786,MinimaxQ,1,-1
1787,draw,0,0
1788,draw,0,0
1789,draw,0,0
1790,Random,-1,1
1791,draw,0,0
1792,draw,0,0
1793,Random,-1,1
1794,draw,0,0
1795,draw,0,0
1796,draw,0,0
1797,Random,-1,1
1798,draw,0,0
1799,draw,0,0
1800,draw,0,0
1801,draw,0,0
1802,draw,0,0
1803,MinimaxQ,1,-1
1804,draw,0,0
1805,draw,0,0
1806,MinimaxQ,1,-1
1807,draw,0,0
1808,draw,0,0
1809,MinimaxQ,1,-1
1810,Random,-1,1
1811,Random,-1,1
1812,draw,0,0
1813,draw,0,0
1814,draw,0,0
1815,draw,0,0
1816,draw,0,0
1817,draw,0,0
1818,draw,0,0
1819,MinimaxQ,1,-1
1820,Random,-1,1
1821,MinimaxQ,1,-1
1822,MinimaxQ,1,-1
1823,MinimaxQ,1,-1
1824,draw,0,0
1825,draw,0,0
1826,draw,0,0
1827,Random,-1,1
1828,MinimaxQ,1,-1
1829,draw,0,0
1830,draw,0,0
1831,MinimaxQ,1,-1
1832,draw,0,0
1833,draw,0,0
1834,MinimaxQ,1,-1
1835,draw,0,0
1836,MinimaxQ,1,-1
1837,draw,0,0
1838,draw,0,0
1839,MinimaxQ,1,-1
1840,MinimaxQ,1,-1
1841,Random,-1,1
1842,draw,0,0
1843,draw,0,0
1844,Random,-1,1
1845,draw,0,0
1846,Random,-1,1
1847,draw,0,0
1848,Random,-1,1
1849,MinimaxQ,1,-1
1850,Random,-1,1
1851,draw,0,0
1852,Random,-1,1
1853,draw,0,0
1854,Random,-1,1
1855,Random,-1,1
1856,draw,0,0
1857,draw,0,0
1858,draw,0,0
1859,draw,0,0
1860,MinimaxQ,1,-1
1861,MinimaxQ,1,-1
1862,MinimaxQ,1,-1
1863,draw,0,0
1864,draw,0,0
1865,Random,-1,1
1866,draw,0,0
1867,draw,0,0
1868,draw,0,0
1869,Random,-1,1
1870,draw,0,0
1871,Random,-1,1
1872,Random,-1,1
1873,MinimaxQ,1,-1
1874,Random,-1,1
1875,draw,0,0
1876,draw,0,0
1877,Random,-1,1
1878,draw,0,0
1879,Random,-1,1
1880,draw,0,0
1881,MinimaxQ,1,-1
1882,Random,-1,1
1883,draw,0,0
1884,draw,0,0
1885,MinimaxQ,1,-1
1886,Random,-1,1
1887,draw,0,0
1888,draw,0,0
1889,Random,-1,1
1890,MinimaxQ,1,-1
1891,MinimaxQ,1,-1
1892,MinimaxQ,1,-1
1893,MinimaxQ,1,-1
1894,draw,0,0
1895,Random,-1,1
1896,MinimaxQ,1,-1
1897,Random,-1,1
1898,draw,0,0
1899,draw,0,0
1900,MinimaxQ,1,-1
1901,draw,0,0
1902,draw,0,0
1903,draw,0,0
1904,draw,0,0
1905,Random,-1,1
1906,MinimaxQ,1,-1
1907,Random,-1,1
1908,MinimaxQ,1,-1
1909,MinimaxQ,1,-1
1910,Random,-1,1
1911,draw,0,0
1912,Random,-1,1
1913,MinimaxQ,1,-1
1914,draw,0,0
1915,draw,0,0
1916,MinimaxQ,1,-1
1917,draw,0,0
1918,MinimaxQ,1,-1
1919,Random,-1,1
1920,draw,0,0
1921,draw,0,0
1922,MinimaxQ,1,-1
1923,draw,0,0
1924,draw,0,0
1925,Random,-1,1
1926,draw,0,0
1927,draw,0,0
1928,draw,0,0
1929,draw,0,0
1930,draw,0,0
1931,draw,0,0
1932,draw,0,0
1933,draw,0,0
1934,MinimaxQ,1,-1
1935,draw,0,0
1936,MinimaxQ,1,-1
1937,draw,0,0
1938,draw,0,0
1939,draw,0,0
1940,Random,-1,1
1941,MinimaxQ,1,-1
1942,draw,0,0
1943,draw,0,0
1944,draw,0,0
1945,Random,-1,1
1946,MinimaxQ,1,-1
1947,draw,0,0
1948,Random,-1,1
1949,MinimaxQ,1,-1
1950,draw,0,0
1951,draw,0,0
1952,MinimaxQ,1,-1
1953,draw,0,0
1954,Random,-1,1
1955,draw,0,0
1956,Random,-1,1
1957,draw,0,0
1958,draw,0,0
1959,draw,0,0
1960,MinimaxQ,1,-1
1961,Random,-1,1
1962,draw,0,0
1963,draw,0,0
1964,draw,0,0
1965,MinimaxQ,1,-1
1966,Random,-1,1
1967,draw,0,0
1968,Random,-1,1
1969,draw,0,0
1970,draw,0,0
1971,draw,0,0
1972,Random,-1,1
1973,draw,0,0
1974,MinimaxQ,1,-1
1975,draw,0,0
1976,draw,0,0
1977,MinimaxQ,1,-1
1978,MinimaxQ,1,-1
1979,Random,-1,1
1980,draw,0,0
1981,draw,0,0
1982,draw,0,0
1983,Random,-1,1
1984,Random,-1,1
1985,Random,-1,1
1986,draw,0,0
1987,Random,-1,1
1988,draw,0,0
1989,MinimaxQ,1,-1
1990,Random,-1,1
1991,Random,-1,1
1992,Random,-1,1
1993,Random,-1,1
1994,draw,0,0
1995,Random,-1,1
1996,MinimaxQ,1,-1
1997,MinimaxQ,1,-1
1998,draw,0,0
1999,draw,0,0
2000,draw,0,0
2001,draw,0,0
2002,draw,0,0
2003,draw,0,0
2004,draw,0,0
2005,MinimaxQ,1,-1
2006,draw,0,0
2007,draw,0,0
2008,Random,-1,1
2009,Random,-1,1
2010,draw,0,0
2011,draw,0,0
2012,draw,0,0
2013,MinimaxQ,1,-1
2014,draw,0,0
2015,MinimaxQ,1,-1
2016,draw,0,0
2017,Random,-1,1
2018,draw,0,0
2019,Random,-1,1
2020,draw,0,0
2021,MinimaxQ,1,-1
2022,draw,0,0
2023,draw,0,0
2024,Random,-1,1
2025,draw,0,0
2026,MinimaxQ,1,-1
2027,MinimaxQ,1,-1
2028,MinimaxQ,1,-1
2029,Random,-1,1
2030,draw,0,0
2031,Random,-1,1
2032,draw,0,0
2033,draw,0,0
2034,draw,0,0
2035,Random,-1,1
2036,draw,0,0
2037,draw,0,0
2038,MinimaxQ,1,-1
2039,draw,0,0
2040,Random,-1,1
2041,draw,0,0
2042,draw,0,0
2043,draw,0,0
2044,draw,0,0
2045,MinimaxQ,1,-1
2046,draw,0,0
2047,MinimaxQ,1,-1
2048,draw,0,0
2049,draw,0,0
2050,Random,-1,1
2051,draw,0,0
2052,MinimaxQ,1,-1
2053,draw,0,0
2054,Random,-1,1
2055,MinimaxQ,1,-1
2056,Random,-1,1
2057,draw,0,0
2058,MinimaxQ,1,-1
2059,Random,-1,1
2060,draw,0,0
2061,draw,0,0
2062,Random,-1,1
2063,draw,0,0
2064,Random,-1,1
2065,draw,0,0
2066,draw,0,0
2067,draw,0,0
2068,draw,0,0
2069,MinimaxQ,1,-1
2070,MinimaxQ,1,-1
2071,Random,-1,1
2072,draw,0,0
2073,Random,-1,1
2074,MinimaxQ,1,-1
2075,Random,-1,1
2076,draw,0,0
2077,Random,-1,1
2078,draw,0,0
2079,Random,-1,1
2080,Random,-1,1
2081,MinimaxQ,1,-1
2082,MinimaxQ,1,-1
2083,draw,0,0
2084,Random,-1,1
2085,Random,-1,1
2086,Random,-1,1
2087,MinimaxQ,1,-1
2088,Random,-1,1
2089,draw,0,0
2090,MinimaxQ,1,-1
2091,draw,0,0
2092,MinimaxQ,1,-1
2093,MinimaxQ,1,-1
2094,draw,0,0
2095,MinimaxQ,1,-1
2096,Random,-1,1
2097,MinimaxQ,1,-1
2098,draw,0,0
2099,draw,0,0
2100,draw,0,0
2101,Random,-1,1
2102,draw,0,0
2103,Random,-1,1
2104,Random,-1,1
2105,Random,-1,1
2106,MinimaxQ,1,-1
2107,draw,0,0
2108,draw,0,0
2109,MinimaxQ,1,-1
2110,draw,0,0
2111,draw,0,0
2112,draw,0,0
2113,draw,0,0
2114,draw,0,0
2115,draw,0,0
2116,draw,0,0
2117,Random,-1,1
2118,draw,0,0
2119,draw,0,0
2120,MinimaxQ,1,-1
2121,draw,0,0
2122,Random,-1,1
2123,MinimaxQ,1,-1
2124,MinimaxQ,1,-1
2125,MinimaxQ,1,-1
2126,draw,0,0
2127,MinimaxQ,1,-1
2128,Random,-1,1
2129,draw,0,0
2130,draw,0,0
2131,draw,0,0
2132,draw,0,0
2133,MinimaxQ,1,-1
2134,draw,0,0
2135,draw,0,0
2136,draw,0,0
2137,MinimaxQ,1,-1
2138,draw,0,0
2139,Random,-1,1
2140,draw,0,0
2141,MinimaxQ,1,-1
2142,draw,0,0
2143,Random,-1,1
2144,draw,0,0
2145,draw,0,0
2146,MinimaxQ,1,-1
2147,draw,0,0
2148,draw,0,0
2149,MinimaxQ,1,-1
2150,draw,0,0
2151,draw,0,0
2152,draw,0,0
2153,draw,0,0
2154,draw,0,0
2155,draw,0,0
2156,MinimaxQ,1,-1
2157,draw,0,0
2158,Random,-1,1
2159,MinimaxQ,1,-1
2160,MinimaxQ,1,-1
2161,MinimaxQ,1,-1
2162,draw,0,0
2163,MinimaxQ,1,-1
2164,MinimaxQ,1,-1
2165,draw,0,0
2166,draw,0,0
2167,draw,0,0
2168,Random,-1,1
2169,draw,0,0
2170,MinimaxQ,1,-1
2171,draw,0,0
2172,Random,-1,1
2173,MinimaxQ,1,-1
2174,draw,0,0
2175,draw,0,0
2176,MinimaxQ,1,-1
2177,MinimaxQ,1,-1
2178,draw,0,0
2179,Random,-1,1
2180,draw,0,0
2181,MinimaxQ,1,-1
2182,draw,0,0
2183,Random,-1,1
2184,draw,0,0
2185,draw,0,0
2186,draw,0,0
2187,MinimaxQ,1,-1
2188,draw,0,0
2189,Random,-1,1
2190,Random,-1,1
2191,draw,0,0
2192,draw,0,0
2193,draw,0,0
2194,Random,-1,1
2195,draw,0,0
2196,MinimaxQ,1,-1
2197,draw,0,0
2198,draw,0,0
2199,MinimaxQ,1,-1
2200,MinimaxQ,1,-1
2201,draw,0,0
2202,draw,0,0
2203,draw,0,0
2204,MinimaxQ,1,-1
2205,Random,-1,1
2206,Random,-1,1
2207,draw,0,0
2208,draw,0,0
2209,Random,-1,1
2210,draw,0,0
2211,draw,0,0
2212,MinimaxQ,1,-1
2213,Random,-1,1
2214,MinimaxQ,1,-1
2215,draw,0,0
2216,Random,-1,1
2217,MinimaxQ,1,-1
2218,Random,-1,1
2219,MinimaxQ,1,-1
2220,draw,0,0
2221,Random,-1,1
2222,MinimaxQ,1,-1
2223,MinimaxQ,1,-1
2224,draw,0,0
2225,MinimaxQ,1,-1
2226,MinimaxQ,1,-1
2227,Random,-1,1
2228,draw,0,0
2229,MinimaxQ,1,-1
2230,Random,-1,1
2231,MinimaxQ,1,-1
2232,draw,0,0
2233,Random,-1,1
2234,Random,-1,1
2235,draw,0,0
2236,Random,-1,1
2237,draw,0,0
2238,draw,0,0
2239,draw,0,0
2240,draw,0,0
2241,Random,-1,1
2242,MinimaxQ,1,-1
2243,MinimaxQ,1,-1
2244,draw,0,0
2245,draw,0,0
2246,draw,0,0
2247,Random,-1,1
2248,draw,0,0
2249,Random,-1,1
2250,Random,-1,1
2251,MinimaxQ,1,-1
2252,draw,0,0
2253,Random,-1,1
2254,draw,0,0
2255,Random,-1,1
2256,draw,0,0
2257,MinimaxQ,1,-1
2258,draw,0,0
2259,MinimaxQ,1,-1
2260,MinimaxQ,1,-1
2261,MinimaxQ,1,-1
2262,draw,0,0
2263,MinimaxQ,1,-1
2264,MinimaxQ,1,-1
2265,draw,0,0
2266,draw,0,0
2267,MinimaxQ,1,-1
2268,draw,0,0
2269,MinimaxQ,1,-1
2270,draw,0,0
2271,draw,0,0
2272,MinimaxQ,1,-1
2273,draw,0,0
2274,draw,0,0
2275,MinimaxQ,1,-1
2276,draw,0,0
2277,MinimaxQ,1,-1
2278,draw,0,0
2279,Random,-1,1
2280,draw,0,0
2281,MinimaxQ,1,-1
2282,MinimaxQ,1,-1
2283,Random,-1,1
2284,Random,-1,1
2285,draw,0,0
2286,draw,0,0
2287,draw,0,0
2288,Random,-1,1
2289,draw,0,0
2290,draw,0,0
2291,draw,0,0
2292,draw,0,0
2293,Random,-1,1
2294,draw,0,0
2295,draw,0,0
2296,draw,0,0
2297,Random,-1,1
2298,draw,0,0
2299,Random,-1,1
2300,draw,0,0
2301,draw,0,0
2302,Random,-1,1
2303,Random,-1,1
2304,MinimaxQ,1,-1
2305,draw,0,0
2306,draw,0,0
2307,MinimaxQ,1,-1
2308,MinimaxQ,1,-1
2309,MinimaxQ,1,-1
2310,Random,-1,1
2311,MinimaxQ,1,-1
2312,draw,0,0
2313,draw,0,0
2314,MinimaxQ,1,-1
2315,Random,-1,1
2316,MinimaxQ,1,-1
2317,draw,0,0
2318,Random,-1,1
2319,draw,0,0
2320,draw,0,0
2321,draw,0,0
2322,MinimaxQ,1,-1
2323,Random,-1,1
2324,draw,0,0
2325,MinimaxQ,1,-1
2326,draw,0,0
2327,draw,0,0
2328,MinimaxQ,1,-1
2329,MinimaxQ,1,-1
2330,MinimaxQ,1,-1
2331,draw,0,0
2332,Random,-1,1
2333,MinimaxQ,1,-1
2334,draw,0,0
2335,draw,0,0
2336,Random,-1,1
2337,MinimaxQ,1,-1
2338,Random,-1,1
2339,draw,0,0
2340,Random,-1,1
2341,Random,-1,1
2342,draw,0,0
2343,MinimaxQ,1,-1
2344,draw,0,0
2345,draw,0,0
2346,draw,0,0
2347,MinimaxQ,1,-1
2348,draw,0,0
2349,Random,-1,1
2350,MinimaxQ,1,-1
2351,draw,0,0
2352,MinimaxQ,1,-1
2353,Random,-1,1
2354,draw,0,0
2355,Random,-1,1
2356,Random,-1,1
2357,draw,0,0
2358,MinimaxQ,1,-1
2359,draw,0,0
2360,draw,0,0
2361,Random,-1,1
2362,draw,0,0
2363,draw,0,0
2364,draw,0,0
2365,draw,0,0
2366,MinimaxQ,1,-1
2367,Random,-1,1
2368,draw,0,0
2369,MinimaxQ,1,-1
2370,draw,0,0
2371,MinimaxQ,1,-1
2372,Random,-1,1
2373,MinimaxQ,1,-1
2374,Random,-1,1
2375,Random,-1,1
2376,draw,0,0
2377,draw,0,0
2378,draw,0,0
2379,draw,0,0
2380,draw,0,0
2381,draw,0,0
2382,MinimaxQ,1,-1
2383,draw,0,0
2384,draw,0,0
2385,draw,0,0
2386,draw,0,0
2387,draw,0,0
2388,draw,0,0
2389,Random,-1,1
2390,draw,0,0
2391,draw,0,0
2392,Random,-1,1
2393,Random,-1,1
2394,draw,0,0
2395,draw,0,0
2396,Random,-1,1
2397,Random,-1,1
2398,MinimaxQ,1,-1
2399,draw,0,0
2400,draw,0,0
2401,draw,0,0
2402,draw,0,0
2403,draw,0,0
2404,draw,0,0
2405,Random,-1,1
2406,draw,0,0
2407,draw,0,0
2408,Random,-1,1
2409,draw,0,0
2410,draw,0,0
2411,draw,0,0
2412,MinimaxQ,1,-1
2413,MinimaxQ,1,-1
2414,draw,0,0
2415,MinimaxQ,1,-1
2416,draw,0,0
2417,MinimaxQ,1,-1
2418,MinimaxQ,1,-1
2419,draw,0,0
2420,MinimaxQ,1,-1
2421,draw,0,0
2422,Random,-1,1
2423,Random,-1,1
2424,draw,0,0
2425,Random,-1,1
2426,draw,0,0
2427,draw,0,0
2428,draw,0,0
2429,draw,0,0
2430,draw,0,0
2431,MinimaxQ,1,-1
2432,draw,0,0
2433,draw,0,0
2434,MinimaxQ,1,-1
2435,draw,0,0
2436,draw,0,0
2437,MinimaxQ,1,-1
2438,MinimaxQ,1,-1
2439,draw,0,0
2440,draw,0,0
2441,draw,0,0
2442,draw,0,0
2443,draw,0,0
2444,Random,-1,1
2445,draw,0,0
2446,draw,0,0
2447,draw,0,0
2448,MinimaxQ,1,-1
2449,draw,0,0
2450,MinimaxQ,1,-1
2451,draw,0,0
2452,draw,0,0
2453,MinimaxQ,1,-1
2454,draw,0,0
2455,draw,0,0
2456,draw,0,0
2457,MinimaxQ,1,-1
2458,Random,-1,1
2459,draw,0,0
2460,Random,-1,1
2461,MinimaxQ,1,-1
2462,draw,0,0
2463,MinimaxQ,1,-1
2464,draw,0,0
2465,draw,0,0
2466,draw,0,0
2467,draw,0,0
2468,MinimaxQ,1,-1
2469,MinimaxQ,1,-1
2470,MinimaxQ,1,-1
2471,Random,-1,1
2472,draw,0,0
2473,draw,0,0
2474,MinimaxQ,1,-1
2475,MinimaxQ,1,-1
2476,draw,0,0
2477,draw,0,0
2478,draw,0,0
2479,draw,0,0
2480,draw,0,0
2481,Random,-1,1
2482,Random,-1,1
2483,draw,0,0
2484,MinimaxQ,1,-1
2485,MinimaxQ,1,-1
2486,draw,0,0
2487,draw,0,0
2488,Random,-1,1
2489,draw,0,0
2490,draw,0,0
2491,Random,-1,1
2492,draw,0,0
2493,draw,0,0
2494,draw,0,0
2495,MinimaxQ,1,-1
2496,MinimaxQ,1,-1
2497,draw,0,0
2498,Random,-1,1
2499,Random,-1,1
2500,draw,0,0
2501,draw,0,0
2502,Random,-1,1
2503,draw,0,0
2504,draw,0,0
2505,MinimaxQ,1,-1
2506,draw,0,0
2507,MinimaxQ,1,-1
2508,Random,-1,1
2509,Random,-1,1
2510,draw,0,0
2511,MinimaxQ,1,-1
2512,Random,-1,1
2513,draw,0,0
2514,draw,0,0
2515,draw,0,0
2516,MinimaxQ,1,-1
2517,draw,0,0
2518,draw,0,0
2519,draw,0,0
2520,draw,0,0
2521,draw,0,0
2522,MinimaxQ,1,-1
2523,Random,-1,1
2524,draw,0,0
2525,MinimaxQ,1,-1
2526,draw,0,0
2527,draw,0,0
2528,MinimaxQ,1,-1
2529,MinimaxQ,1,-1
2530,draw,0,0
2531,draw,0,0
2532,MinimaxQ,1,-1
2533,draw,0,0
2534,draw,0,0
2535,Random,-1,1
2536,draw,0,0
2537,Random,-1,1
2538,draw,0,0
2539,draw,0,0
2540,draw,0,0
2541,Random,-1,1
2542,draw,0,0
2543,Random,-1,1
2544,draw,0,0
2545,MinimaxQ,1,-1
2546,draw,0,0
2547,draw,0,0
2548,draw,0,0
2549,MinimaxQ,1,-1
2550,draw,0,0
2551,draw,0,0
2552,MinimaxQ,1,-1
2553,Random,-1,1
2554,Random,-1,1
2555,draw,0,0
2556,MinimaxQ,1,-1
2557,MinimaxQ,1,-1
2558,draw,0,0
2559,draw,0,0
2560,draw,0,0
2561,draw,0,0
2562,draw,0,0
2563,MinimaxQ,1,-1
2564,draw,0,0
2565,Random,-1,1
2566,draw,0,0
2567,draw,0,0
2568,draw,0,0
2569,draw,0,0
2570,MinimaxQ,1,-1
2571,draw,0,0
2572,Random,-1,1
2573,draw,0,0
2574,draw,0,0
2575,draw,0,0
2576,draw,0,0
2577,draw,0,0
2578,draw,0,0
2579,draw,0,0
2580,draw,0,0
2581,draw,0,0
2582,draw,0,0
2583,MinimaxQ,1,-1
2584,draw,0,0
2585,draw,0,0
2586,MinimaxQ,1,-1
2587,draw,0,0
2588,MinimaxQ,1,-1
2589,MinimaxQ,1,-1
2590,MinimaxQ,1,-1
2591,draw,0,0
2592,draw,0,0
2593,draw,0,0
2594,MinimaxQ,1,-1
2595,Random,-1,1
2596,MinimaxQ,1,-1
2597,draw,0,0
2598,MinimaxQ,1,-1
2599,draw,0,0
2600,draw,0,0
2601,draw,0,0
2602,draw,0,0
2603,MinimaxQ,1,-1
2604,draw,0,0
2605,MinimaxQ,1,-1
2606,draw,0,0
2607,draw,0,0
2608,MinimaxQ,1,-1
2609,Random,-1,1
2610,draw,0,0
2611,Random,-1,1
2612,MinimaxQ,1,-1
2613,MinimaxQ,1,-1
2614,draw,0,0
2615,draw,0,0
2616,draw,0,0
2617,MinimaxQ,1,-1
2618,draw,0,0
2619,MinimaxQ,1,-1
2620,draw,0,0
2621,Random,-1,1
2622,draw,0,0
2623,draw,0,0
2624,draw,0,0
2625,draw,0,0
2626,draw,0,0
2627,MinimaxQ,1,-1
2628,Random,-1,1
2629,draw,0,0
2630,draw,0,0
2631,MinimaxQ,1,-1
2632,Random,-1,1
2633,MinimaxQ,1,-1
2634,draw,0,0
2635,draw,0,0
2636,Random,-1,1
2637,draw,0,0
2638,MinimaxQ,1,-1
2639,draw,0,0
2640,draw,0,0
2641,MinimaxQ,1,-1
2642,draw,0,0
2643,draw,0,0
2644,draw,0,0
2645,MinimaxQ,1,-1
2646,Random,-1,1
2647,draw,0,0
2648,draw,0,0
2649,MinimaxQ,1,-1
2650,draw,0,0
2651,Random,-1,1
2652,Random,-1,1
2653,draw,0,0
2654,Random,-1,1
2655,draw,0,0
2656,MinimaxQ,1,-1
2657,Random,-1,1
2658,Random,-1,1
2659,draw,0,0
2660,draw,0,0
2661,MinimaxQ,1,-1
2662,draw,0,0
2663,draw,0,0
2664,Random,-1,1
2665,Random,-1,1
2666,Random,-1,1
2667,draw,0,0
2668,MinimaxQ,1,-1
2669,draw,0,0
2670,Random,-1,1
2671,MinimaxQ,1,-1
2672,draw,0,0
2673,MinimaxQ,1,-1
2674,Random,-1,1
2675,draw,0,0
2676,draw,0,0
2677,draw,0,0
2678,draw,0,0
2679,draw,0,0
2680,draw,0,0
2681,draw,0,0
2682,draw,0,0
2683,MinimaxQ,1,-1
2684,draw,0,0
2685,MinimaxQ,1,-1
2686,Random,-1,1
2687,draw,0,0
2688,Random,-1,1
2689,MinimaxQ,1,-1
2690,draw,0,0
2691,MinimaxQ,1,-1
2692,MinimaxQ,1,-1
2693,Random,-1,1
2694,MinimaxQ,1,-1
2695,draw,0,0
2696,Random,-1,1
2697,draw,0,0
2698,draw,0,0
2699,MinimaxQ,1,-1
2700,Random,-1,1
2701,draw,0,0
2702,Random,-1,1
2703,Random,-1,1
2704,Random,-1,1
2705,draw,0,0
2706,draw,0,0
2707,draw,0,0
2708,MinimaxQ,1,-1
2709,draw,0,0
2710,draw,0,0
2711,draw,0,0
2712,draw,0,0
2713,Random,-1,1
2714,draw,0,0
2715,MinimaxQ,1,-1
2716,MinimaxQ,1,-1
2717,MinimaxQ,1,-1
2718,MinimaxQ,1,-1
2719,Random,-1,1
2720,draw,0,0
2721,draw,0,0
2722,draw,0,0
2723,draw,0,0
2724,Random,-1,1
2725,draw,0,0
2726,draw,0,0
2727,draw,0,0
2728,draw,0,0
2729,draw,0,0
2730,draw,0,0
2731,draw,0,0
2732,MinimaxQ,1,-1
2733,draw,0,0
2734,draw,0,0
2735,draw,0,0
2736,draw,0,0
2737,MinimaxQ,1,-1
2738,draw,0,0
2739,draw,0,0
2740,draw,0,0
2741,draw,0,0
2742,draw,0,0
2743,draw,0,0
2744,draw,0,0
2745,Random,-1,1
2746,MinimaxQ,1,-1
2747,draw,0,0
2748,MinimaxQ,1,-1
2749,draw,0,0
2750,draw,0,0
2751,draw,0,0
2752,MinimaxQ,1,-1
2753,Random,-1,1
2754,draw,0,0
2755,Random,-1,1
2756,Random,-1,1
2757,draw,0,0
2758,draw,0,0
2759,draw,0,0
2760,Random,-1,1
2761,Random,-1,1
2762,MinimaxQ,1,-1
2763,MinimaxQ,1,-1
2764,MinimaxQ,1,-1
2765,Random,-1,1
2766,Random,-1,1
2767,MinimaxQ,1,-1
2768,Random,-1,1
2769,MinimaxQ,1,-1
2770,draw,0,0
2771,MinimaxQ,1,-1
2772,draw,0,0
2773,draw,0,0
2774,draw,0,0
2775,draw,0,0
2776,draw,0,0
2777,MinimaxQ,1,-1
2778,draw,0,0
2779,MinimaxQ,1,-1
2780,Random,-1,1
2781,draw,0,0
2782,draw,0,0
2783,draw,0,0
2784,draw,0,0
2785,Random,-1,1
2786,draw,0,0
2787,draw,0,0
2788,draw,0,0
2789,draw,0,0
2790,draw,0,0
2791,MinimaxQ,1,-1
2792,MinimaxQ,1,-1
2793,draw,0,0
2794,MinimaxQ,1,-1
2795,draw,0,0
2796,MinimaxQ,1,-1
2797,draw,0,0
2798,draw,0,0
2799,MinimaxQ,1,-1
2800,draw,0,0
2801,draw,0,0
2802,draw,0,0
2803,draw,0,0
2804,MinimaxQ,1,-1
2805,draw,0,0
2806,Random,-1,1
2807,Random,-1,1
2808,MinimaxQ,1,-1
2809,MinimaxQ,1,-1
2810,draw,0,0
2811,Random,-1,1
2812,MinimaxQ,1,-1
2813,draw,0,0
2814,MinimaxQ,1,-1
2815,draw,0,0
2816,draw,0,0
2817,MinimaxQ,1,-1
2818,MinimaxQ,1,-1
2819,draw,0,0
2820,MinimaxQ,1,-1
2821,Random,-1,1
2822,MinimaxQ,1,-1
2823,Random,-1,1
2824,MinimaxQ,1,-1
2825,MinimaxQ,1,-1
2826,Random,-1,1
2827,MinimaxQ,1,-1
2828,draw,0,0
2829,draw,0,0
2830,draw,0,0
2831,Random,-1,1
2832,MinimaxQ,1,-1
2833,Random,-1,1
2834,Random,-1,1
2835,MinimaxQ,1,-1
2836,MinimaxQ,1,-1
2837,draw,0,0
2838,draw,0,0
2839,draw,0,0
2840,draw,0,0
2841,draw,0,0
2842,draw,0,0
2843,MinimaxQ,1,-1
2844,draw,0,0
2845,draw,0,0
2846,Random,-1,1
2847,draw,0,0
2848,draw,0,0
2849,Random,-1,1
2850,draw,0,0
2851,MinimaxQ,1,-1
2852,draw,0,0
2853,draw,0,0
2854,Random,-1,1
2855,Random,-1,1
2856,draw,0,0
2857,draw,0,0
2858,draw,0,0
2859,MinimaxQ,1,-1
2860,draw,0,0
2861,draw,0,0
2862,draw,0,0
2863,draw,0,0
2864,Random,-1,1
2865,draw,0,0
2866,draw,0,0
2867,draw,0,0
2868,draw,0,0
2869,MinimaxQ,1,-1
2870,draw,0,0
2871,draw,0,0
2872,draw,0,0
2873,draw,0,0
2874,MinimaxQ,1,-1
2875,MinimaxQ,1,-1
2876,draw,0,0
2877,draw,0,0
2878,MinimaxQ,1,-1
2879,draw,0,0
2880,draw,0,0
2881,draw,0,0
2882,draw,0,0
2883,draw,0,0
2884,draw,0,0
2885,draw,0,0
2886,Random,-1,1
2887,draw,0,0
2888,Random,-1,1
2889,MinimaxQ,1,-1
2890,draw,0,0
2891,draw,0,0
2892,MinimaxQ,1,-1
2893,draw,0,0
2894,draw,0,0
2895,draw,0,0
2896,MinimaxQ,1,-1
2897,Random,-1,1
2898,draw,0,0
2899,MinimaxQ,1,-1
2900,draw,0,0
2901,MinimaxQ,1,-1
2902,Random,-1,1
2903,Random,-1,1
2904,draw,0,0
2905,draw,0,0
2906,draw,0,0
2907,Random,-1,1
2908,draw,0,0
2909,MinimaxQ,1,-1
2910,Random,-1,1
2911,MinimaxQ,1,-1
2912,draw,0,0
2913,draw,0,0
2914,draw,0,0
2915,MinimaxQ,1,-1
2916,MinimaxQ,1,-1
2917,MinimaxQ,1,-1
2918,draw,0,0
2919,MinimaxQ,1,-1
2920,Random,-1,1
2921,Random,-1,1
2922,draw,0,0
2923,draw,0,0
2924,draw,0,0
2925,Random,-1,1
2926,draw,0,0
2927,draw,0,0
2928,Random,-1,1
2929,MinimaxQ,1,-1
2930,draw,0,0
2931,draw,0,0
2932,draw,0,0
2933,draw,0,0
2934,Random,-1,1
2935,draw,0,0
2936,draw,0,0
2937,draw,0,0
2938,Random,-1,1
2939,draw,0,0
2940,Random,-1,1
2941,draw,0,0
2942,draw,0,0
2943,draw,0,0
2944,Random,-1,1
2945,Random,-1,1
2946,draw,0,0
2947,MinimaxQ,1,-1
2948,draw,0,0
2949,Random,-1,1
2950,draw,0,0
2951,draw,0,0
2952,MinimaxQ,1,-1
2953,Random,-1,1
2954,MinimaxQ,1,-1
2955,MinimaxQ,1,-1
2956,draw,0,0
2957,MinimaxQ,1,-1
2958,draw,0,0
2959,draw,0,0
2960,MinimaxQ,1,-1
2961,draw,0,0
2962,draw,0,0
2963,draw,0,0
2964,draw,0,0
2965,draw,0,0
2966,draw,0,0
2967,draw,0,0
2968,draw,0,0
2969,draw,0,0
2970,draw,0,0
2971,MinimaxQ,1,-1
2972,Random,-1,1
2973,draw,0,0
2974,draw,0,0
2975,MinimaxQ,1,-1
2976,draw,0,0
2977,draw,0,0
2978,draw,0,0
2979,Random,-1,1
2980,Random,-1,1
2981,draw,0,0
2982,draw,0,0
2983,Random,-1,1
2984,MinimaxQ,1,-1
2985,MinimaxQ,1,-1
2986,draw,0,0
2987,draw,0,0
2988,draw,0,0
2989,Random,-1,1
2990,Random,-1,1
2991,Random,-1,1
2992,draw,0,0
2993,Random,-1,1
2994,draw,0,0
2995,MinimaxQ,1,-1
2996,draw,0,0
2997,draw,0,0
2998,Random,-1,1
2999,Random,-1,1
3000,draw,0,0
3001,Random,-1,1
3002,draw,0,0
3003,MinimaxQ,1,-1
3004,MinimaxQ,1,-1
3005,draw,0,0
3006,draw,0,0
3007,draw,0,0
3008,draw,0,0
3009,Random,-1,1
3010,MinimaxQ,1,-1
3011,MinimaxQ,1,-1
3012,draw,0,0
3013,draw,0,0
3014,draw,0,0
3015,draw,0,0
3016,MinimaxQ,1,-1
3017,draw,0,0
3018,MinimaxQ,1,-1
3019,draw,0,0
3020,draw,0,0
3021,draw,0,0
3022,draw,0,0
3023,Random,-1,1
3024,draw,0,0
3025,MinimaxQ,1,-1
3026,draw,0,0
3027,draw,0,0
3028,draw,0,0
3029,MinimaxQ,1,-1
3030,draw,0,0
3031,MinimaxQ,1,-1
3032,MinimaxQ,1,-1
3033,draw,0,0
3034,draw,0,0
3035,MinimaxQ,1,-1
3036,draw,0,0
3037,MinimaxQ,1,-1
3038,draw,0,0
3039,draw,0,0
3040,draw,0,0
3041,draw,0,0
3042,MinimaxQ,1,-1
3043,MinimaxQ,1,-1
3044,Random,-1,1
3045,MinimaxQ,1,-1
3046,draw,0,0
3047,draw,0,0
3048,draw,0,0
3049,MinimaxQ,1,-1
3050,draw,0,0
3051,draw,0,0
3052,MinimaxQ,1,-1
3053,draw,0,0
3054,draw,0,0
3055,Random,-1,1
3056,draw,0,0
3057,MinimaxQ,1,-1
3058,draw,0,0
3059,draw,0,0
3060,draw,0,0
3061,draw,0,0
3062,draw,0,0
3063,draw,0,0
3064,Random,-1,1
3065,draw,0,0
3066,draw,0,0
3067,MinimaxQ,1,-1
3068,MinimaxQ,1,-1
3069,Random,-1,1
3070,MinimaxQ,1,-1
3071,draw,0,0
3072,draw,0,0
3073,Random,-1,1
3074,draw,0,0
3075,MinimaxQ,1,-1
3076,MinimaxQ,1,-1
3077,Random,-1,1
3078,draw,0,0
3079,draw,0,0
3080,draw,0,0
3081,Random,-1,1
3082,draw,0,0
3083,draw,0,0
3084,MinimaxQ,1,-1
3085,Random,-1,1
3086,Random,-1,1
3087,draw,0,0
3088,Random,-1,1
3089,draw,0,0
3090,MinimaxQ,1,-1
3091,Random,-1,1
3092,MinimaxQ,1,-1
3093,Random,-1,1
3094,draw,0,0
3095,Random,-1,1
3096,draw,0,0
3097,MinimaxQ,1,-1
3098,MinimaxQ,1,-1
3099,draw,0,0
3100,Random,-1,1
3101,draw,0,0
3102,draw,0,0
3103,draw,0,0
3104,MinimaxQ,1,-1
3105,Random,-1,1
3106,Random,-1,1
3107,MinimaxQ,1,-1
3108,draw,0,0
3109,MinimaxQ,1,-1
3110,MinimaxQ,1,-1
3111,Random,-1,1
3112,draw,0,0
3113,MinimaxQ,1,-1
3114,MinimaxQ,1,-1
3115,MinimaxQ,1,-1
3116,draw,0,0
3117,draw,0,0
3118,draw,0,0
3119,MinimaxQ,1,-1
3120,Random,-1,1
3121,draw,0,0
3122,draw,0,0
3123,draw,0,0
3124,Random,-1,1
3125,draw,0,0
3126,draw,0,0
3127,draw,0,0
3128,draw,0,0
3129,Random,-1,1
3130,MinimaxQ,1,-1
3131,Random,-1,1
3132,draw,0,0
3133,MinimaxQ,1,-1
3134,draw,0,0
3135,draw,0,0
3136,draw,0,0
3137,Random,-1,1
3138,draw,0,0
3139,Random,-1,1
3140,Random,-1,1
3141,draw,0,0
3142,draw,0,0
3143,draw,0,0
3144,Random,-1,1
3145,Random,-1,1
3146,draw,0,0
3147,MinimaxQ,1,-1
3148,Random,-1,1
3149,Random,-1,1
3150,Random,-1,1
3151,draw,0,0
3152,Random,-1,1
3153,draw,0,0
3154,draw,0,0
3155,MinimaxQ,1,-1
3156,draw,0,0
3157,Random,-1,1
3158,draw,0,0
3159,draw,0,0
3160,draw,0,0
3161,draw,0,0
3162,draw,0,0
3163,draw,0,0
3164,draw,0,0
3165,draw,0,0
3166,Random,-1,1
3167,Random,-1,1
3168,draw,0,0
3169,MinimaxQ,1,-1
3170,MinimaxQ,1,-1
3171,draw,0,0
3172,Random,-1,1
3173,MinimaxQ,1,-1
3174,MinimaxQ,1,-1
3175,Random,-1,1
3176,draw,0,0
3177,MinimaxQ,1,-1
3178,draw,0,0
3179,Random,-1,1
3180,MinimaxQ,1,-1
3181,draw,0,0
3182,Random,-1,1
3183,draw,0,0
3184,draw,0,0
3185,draw,0,0
3186,draw,0,0
3187,draw,0,0
3188,draw,0,0
3189,draw,0,0
3190,draw,0,0
3191,draw,0,0
3192,draw,0,0
3193,MinimaxQ,1,-1
3194,MinimaxQ,1,-1
3195,draw,0,0
3196,Random,-1,1
3197,draw,0,0
3198,MinimaxQ,1,-1
3199,MinimaxQ,1,-1
3200,draw,0,0
3201,Random,-1,1
3202,Random,-1,1
3203,draw,0,0
3204,MinimaxQ,1,-1
3205,draw,0,0
3206,MinimaxQ,1,-1
3207,draw,0,0
3208,draw,0,0
3209,MinimaxQ,1,-1
3210,MinimaxQ,1,-1
3211,draw,0,0
3212,draw,0,0
3213,draw,0,0
3214,MinimaxQ,1,-1
3215,draw,0,0
3216,Random,-1,1
3217,Random,-1,1
3218,draw,0,0
3219,draw,0,0
3220,MinimaxQ,1,-1
3221,draw,0,0
3222,draw,0,0
3223,draw,0,0
3224,draw,0,0
3225,Random,-1,1
3226,draw,0,0
3227,draw,0,0
3228,draw,0,0
3229,Random,-1,1
3230,MinimaxQ,1,-1
3231,draw,0,0
3232,Random,-1,1
3233,draw,0,0
3234,draw,0,0
3235,MinimaxQ,1,-1
3236,draw,0,0
3237,MinimaxQ,1,-1
3238,draw,0,0
3239,draw,0,0
3240,draw,0,0
3241,Random,-1,1
3242,draw,0,0
3243,MinimaxQ,1,-1
3244,MinimaxQ,1,-1
3245,MinimaxQ,1,-1
3246,draw,0,0
3247,Random,-1,1
3248,draw,0,0
3249,draw,0,0
3250,Random,-1,1
3251,draw,0,0
3252,Random,-1,1
3253,draw,0,0
3254,draw,0,0
3255,Random,-1,1
3256,MinimaxQ,1,-1
3257,draw,0,0
3258,draw,0,0
3259,draw,0,0
3260,Random,-1,1
3261,draw,0,0
3262,MinimaxQ,1,-1
3263,Random,-1,1
3264,MinimaxQ,1,-1
3265,MinimaxQ,1,-1
3266,Random,-1,1
3267,Random,-1,1
3268,Random,-1,1
3269,draw,0,0
3270,Random,-1,1
3271,draw,0,0
3272,MinimaxQ,1,-1
3273,MinimaxQ,1,-1
3274,draw,0,0
3275,MinimaxQ,1,-1
3276,MinimaxQ,1,-1
3277,MinimaxQ,1,-1
3278,MinimaxQ,1,-1
3279,MinimaxQ,1,-1
3280,Random,-1,1
3281,Random,-1,1
3282,Random,-1,1
3283,MinimaxQ,1,-1
3284,draw,0,0
3285,MinimaxQ,1,-1
3286,draw,0,0
3287,MinimaxQ,1,-1
3288,draw,0,0
3289,draw,0,0
3290,draw,0,0
3291,Random,-1,1
3292,MinimaxQ,1,-1
3293,MinimaxQ,1,-1
3294,Random,-1,1
3295,MinimaxQ,1,-1
3296,draw,0,0
3297,Random,-1,1
3298,draw,0,0
3299,MinimaxQ,1,-1
3300,MinimaxQ,1,-1
3301,draw,0,0
3302,draw,0,0
3303,Random,-1,1
3304,draw,0,0
3305,draw,0,0
3306,draw,0,0
3307,Random,-1,1
3308,MinimaxQ,1,-1
3309,MinimaxQ,1,-1
3310,Random,-1,1
3311,draw,0,0
3312,MinimaxQ,1,-1
3313,draw,0,0
3314,Random,-1,1
3315,MinimaxQ,1,-1
3316,draw,0,0
3317,MinimaxQ,1,-1
3318,MinimaxQ,1,-1
3319,Random,-1,1
3320,Random,-1,1
3321,draw,0,0
3322,draw,0,0
3323,draw,0,0
3324,MinimaxQ,1,-1
3325,draw,0,0
3326,Random,-1,1
3327,draw,0,0
3328,draw,0,0
3329,draw,0,0
3330,draw,0,0
3331,draw,0,0
3332,Random,-1,1
3333,draw,0,0
3334,draw,0,0
3335,draw,0,0
3336,draw,0,0
3337,draw,0,0
3338,draw,0,0
3339,MinimaxQ,1,-1
3340,draw,0,0
3341,MinimaxQ,1,-1
3342,draw,0,0
3343,MinimaxQ,1,-1
3344,draw,0,0
3345,draw,0,0
3346,draw,0,0
3347,MinimaxQ,1,-1
3348,Random,-1,1
3349,draw,0,0
3350,draw,0,0
3351,draw,0,0
3352,draw,0,0
3353,draw,0,0
3354,draw,0,0
3355,draw,0,0
3356,MinimaxQ,1,-1
3357,draw,0,0
3358,Random,-1,1
3359,MinimaxQ,1,-1
3360,Random,-1,1
3361,MinimaxQ,1,-1
3362,MinimaxQ,1,-1
3363,MinimaxQ,1,-1
3364,draw,0,0
3365,draw,0,0
3366,MinimaxQ,1,-1
3367,draw,0,0
3368,MinimaxQ,1,-1
3369,MinimaxQ,1,-1
3370,Random,-1,1
3371,Random,-1,1
3372,Random,-1,1
3373,Random,-1,1
3374,MinimaxQ,1,-1
3375,Random,-1,1
3376,Random,-1,1
3377,draw,0,0
3378,MinimaxQ,1,-1
3379,Random,-1,1
3380,draw,0,0
3381,draw,0,0
3382,draw,0,0
3383,draw,0,0
3384,draw,0,0
3385,draw,0,0
3386,Random,-1,1
3387,draw,0,0
3388,MinimaxQ,1,-1
3389,draw,0,0
3390,draw,0,0
3391,Random,-1,1
3392,MinimaxQ,1,-1
3393,MinimaxQ,1,-1
3394,draw,0,0
3395,Random,-1,1
3396,MinimaxQ,1,-1
3397,Random,-1,1
3398,MinimaxQ,1,-1
3399,Random,-1,1
3400,MinimaxQ,1,-1
3401,Random,-1,1
3402,draw,0,0
3403,Random,-1,1
3404,draw,0,0
3405,draw,0,0
3406,MinimaxQ,1,-1
3407,MinimaxQ,1,-1
3408,draw,0,0
3409,draw,0,0
3410,draw,0,0
3411,draw,0,0
3412,Random,-1,1
3413,draw,0,0
3414,MinimaxQ,1,-1
3415,draw,0,0
3416,draw,0,0
3417,Random,-1,1
3418,Random,-1,1
3419,MinimaxQ,1,-1
3420,Random,-1,1
3421,draw,0,0
3422,Random,-1,1
3423,draw,0,0
3424,MinimaxQ,1,-1
3425,MinimaxQ,1,-1
3426,draw,0,0
3427,draw,0,0
3428,Random,-1,1
3429,Random,-1,1
3430,Random,-1,1
3431,draw,0,0
3432,MinimaxQ,1,-1
3433,MinimaxQ,1,-1
3434,draw,0,0
3435,Random,-1,1
3436,Random,-1,1
3437,draw,0,0
3438,draw,0,0
3439,MinimaxQ,1,-1
3440,draw,0,0
3441,draw,0,0
3442,draw,0,0
3443,draw,0,0
3444,Random,-1,1
3445,draw,0,0
3446,MinimaxQ,1,-1
3447,Random,-1,1
3448,MinimaxQ,1,-1
3449,draw,0,0
3450,draw,0,0
3451,Random,-1,1
3452,MinimaxQ,1,-1
3453,draw,0,0
3454,draw,0,0
3455,draw,0,0
3456,MinimaxQ,1,-1
3457,draw,0,0
3458,MinimaxQ,1,-1
3459,Random,-1,1
3460,Random,-1,1
3461,MinimaxQ,1,-1
3462,Random,-1,1
3463,MinimaxQ,1,-1
3464,MinimaxQ,1,-1
3465,draw,0,0
3466,Random,-1,1
3467,Random,-1,1
3468,draw,0,0
3469,Random,-1,1
3470,draw,0,0
3471,draw,0,0
3472,draw,0,0
3473,MinimaxQ,1,-1
3474,MinimaxQ,1,-1
3475,draw,0,0
3476,draw,0,0
3477,draw,0,0
3478,draw,0,0
3479,draw,0,0
3480,draw,0,0
3481,draw,0,0
3482,draw,0,0
3483,Random,-1,1
3484,draw,0,0
3485,draw,0,0
3486,draw,0,0
3487,Random,-1,1
3488,draw,0,0
3489,MinimaxQ,1,-1
3490,MinimaxQ,1,-1
3491,MinimaxQ,1,-1
3492,draw,0,0
3493,Random,-1,1
3494,draw,0,0
3495,draw,0,0
3496,Random,-1,1
3497,draw,0,0
3498,draw,0,0
3499,MinimaxQ,1,-1
3500,Random,-1,1
3501,MinimaxQ,1,-1
3502,draw,0,0
3503,MinimaxQ,1,-1
3504,draw,0,0
3505,Random,-1,1
3506,MinimaxQ,1,-1
3507,draw,0,0
3508,draw,0,0
3509,draw,0,0
3510,draw,0,0
3511,draw,0,0
3512,Random,-1,1
3513,draw,0,0
3514,draw,0,0
3515,draw,0,0
3516,draw,0,0
3517,draw,0,0
3518,draw,0,0
3519,draw,0,0
3520,draw,0,0
3521,draw,0,0
3522,draw,0,0
3523,Random,-1,1
3524,draw,0,0
3525,draw,0,0
3526,MinimaxQ,1,-1
3527,draw,0,0
3528,draw,0,0
3529,draw,0,0
3530,draw,0,0
3531,MinimaxQ,1,-1
3532,MinimaxQ,1,-1
3533,draw,0,0
3534,Random,-1,1
3535,Random,-1,1
3536,Random,-1,1
3537,Random,-1,1
3538,draw,0,0
3539,draw,0,0
3540,Random,-1,1
3541,draw,0,0
3542,MinimaxQ,1,-1
3543,MinimaxQ,1,-1
3544,MinimaxQ,1,-1
3545,draw,0,0
3546,MinimaxQ,1,-1
3547,MinimaxQ,1,-1
3548,draw,0,0
3549,draw,0,0
3550,draw,0,0
3551,draw,0,0
3552,draw,0,0
3553,draw,0,0
3554,Random,-1,1
3555,draw,0,0
3556,MinimaxQ,1,-1
3557,draw,0,0
3558,draw,0,0
3559,draw,0,0
3560,draw,0,0
3561,draw,0,0
3562,MinimaxQ,1,-1
3563,draw,0,0
3564,MinimaxQ,1,-1
3565,draw,0,0
3566,MinimaxQ,1,-1
3567,Random,-1,1
3568,draw,0,0
3569,draw,0,0
3570,Random,-1,1
3571,draw,0,0
3572,MinimaxQ,1,-1
3573,Random,-1,1
3574,draw,0,0
3575,MinimaxQ,1,-1
3576,MinimaxQ,1,-1
3577,Random,-1,1
3578,MinimaxQ,1,-1
3579,draw,0,0
3580,Random,-1,1
3581,Random,-1,1
3582,Random,-1,1
3583,MinimaxQ,1,-1
3584,MinimaxQ,1,-1
3585,draw,0,0
3586,draw,0,0
3587,draw,0,0
3588,MinimaxQ,1,-1
3589,draw,0,0
3590,draw,0,0
3591,MinimaxQ,1,-1
3592,draw,0,0
3593,draw,0,0
3594,MinimaxQ,1,-1
3595,Random,-1,1
3596,MinimaxQ,1,-1
3597,draw,0,0
3598,Random,-1,1
3599,draw,0,0
3600,MinimaxQ,1,-1
3601,Random,-1,1
3602,Random,-1,1
3603,draw,0,0
3604,draw,0,0
3605,draw,0,0
3606,draw,0,0
3607,draw,0,0
3608,draw,0,0
3609,draw,0,0
3610,draw,0,0
3611,draw,0,0
3612,MinimaxQ,1,-1
3613,MinimaxQ,1,-1
3614,draw,0,0
3615,Random,-1,1
3616,draw,0,0
3617,draw,0,0
3618,draw,0,0
3619,MinimaxQ,1,-1
3620,draw,0,0
3621,draw,0,0
3622,draw,0,0
3623,draw,0,0
3624,MinimaxQ,1,-1
3625,MinimaxQ,1,-1
3626,MinimaxQ,1,-1
3627,MinimaxQ,1,-1
3628,Random,-1,1
3629,Random,-1,1
3630,Random,-1,1
3631,Random,-1,1
3632,Random,-1,1
3633,draw,0,0
3634,draw,0,0
3635,draw,0,0
3636,MinimaxQ,1,-1
3637,MinimaxQ,1,-1
3638,draw,0,0
3639,MinimaxQ,1,-1
3640,Random,-1,1
3641,MinimaxQ,1,-1
3642,MinimaxQ,1,-1
3643,draw,0,0
3644,draw,0,0
3645,draw,0,0
3646,draw,0,0
3647,draw,0,0
3648,draw,0,0
3649,Random,-1,1
3650,draw,0,0
3651,Random,-1,1
3652,draw,0,0
3653,draw,0,0
3654,draw,0,0
3655,draw,0,0
3656,draw,0,0
3657,draw,0,0
3658,draw,0,0
3659,Random,-1,1
3660,Random,-1,1
3661,MinimaxQ,1,-1
3662,draw,0,0
3663,draw,0,0
3664,draw,0,0
3665,draw,0,0
3666,Random,-1,1
3667,draw,0,0
3668,Random,-1,1
3669,MinimaxQ,1,-1
3670,MinimaxQ,1,-1
3671,MinimaxQ,1,-1
3672,Random,-1,1
3673,MinimaxQ,1,-1
3674,Random,-1,1
3675,MinimaxQ,1,-1
3676,Random,-1,1
3677,Random,-1,1
3678,draw,0,0
3679,draw,0,0
3680,MinimaxQ,1,-1
3681,draw,0,0
3682,draw,0,0
3683,draw,0,0
3684,draw,0,0
3685,Random,-1,1
3686,MinimaxQ,1,-1
3687,MinimaxQ,1,-1
3688,draw,0,0
3689,MinimaxQ,1,-1
3690,draw,0,0
3691,draw,0,0
3692,draw,0,0
3693,draw,0,0
3694,draw,0,0
3695,MinimaxQ,1,-1
3696,draw,0,0
3697,MinimaxQ,1,-1
3698,MinimaxQ,1,-1
3699,Random,-1,1
3700,Random,-1,1
3701,draw,0,0
3702,draw,0,0
3703,draw,0,0
3704,Random,-1,1
3705,MinimaxQ,1,-1
3706,MinimaxQ,1,-1
3707,draw,0,0
3708,draw,0,0
3709,MinimaxQ,1,-1
3710,MinimaxQ,1,-1
3711,draw,0,0
3712,draw,0,0
3713,MinimaxQ,1,-1
3714,Random,-1,1
3715,MinimaxQ,1,-1
3716,MinimaxQ,1,-1
3717,Random,-1,1
3718,draw,0,0
3719,draw,0,0
3720,draw,0,0
3721,Random,-1,1
3722,draw,0,0
3723,MinimaxQ,1,-1
3724,draw,0,0
3725,draw,0,0
3726,Random,-1,1
3727,MinimaxQ,1,-1
3728,MinimaxQ,1,-1
3729,Random,-1,1
3730,draw,0,0
3731,draw,0,0
3732,draw,0,0
3733,draw,0,0
3734,draw,0,0
3735,draw,0,0
3736,draw,0,0
3737,draw,0,0
3738,draw,0,0
3739,MinimaxQ,1,-1
3740,MinimaxQ,1,-1
3741,Random,-1,1
3742,draw,0,0
3743,draw,0,0
3744,draw,0,0
3745,draw,0,0
3746,draw,0,0
3747,draw,0,0
3748,draw,0,0
3749,draw,0,0
3750,MinimaxQ,1,-1
3751,Random,-1,1
3752,draw,0,0
3753,draw,0,0
3754,Random,-1,1
3755,MinimaxQ,1,-1
3756,Random,-1,1
3757,draw,0,0
3758,Random,-1,1
3759,MinimaxQ,1,-1
3760,MinimaxQ,1,-1
3761,Random,-1,1
3762,Random,-1,1
3763,draw,0,0
3764,Random,-1,1
3765,draw,0,0
3766,MinimaxQ,1,-1
3767,MinimaxQ,1,-1
3768,draw,0,0
3769,draw,0,0
3770,draw,0,0
3771,draw,0,0
3772,draw,0,0
3773,Random,-1,1
3774,draw,0,0
3775,MinimaxQ,1,-1
3776,MinimaxQ,1,-1
3777,draw,0,0
3778,draw,0,0
3779,MinimaxQ,1,-1
3780,Random,-1,1
3781,Random,-1,1
3782,Random,-1,1
3783,Random,-1,1
3784,draw,0,0
3785,MinimaxQ,1,-1
3786,draw,0,0
3787,draw,0,0
3788,MinimaxQ,1,-1
3789,draw,0,0
3790,draw,0,0
3791,draw,0,0
3792,draw,0,0
3793,Random,-1,1
3794,Random,-1,1
3795,MinimaxQ,1,-1
3796,Random,-1,1
3797,draw,0,0
3798,MinimaxQ,1,-1
3799,MinimaxQ,1,-1
3800,Random,-1,1
3801,draw,0,0
3802,draw,0,0
3803,Random,-1,1
3804,MinimaxQ,1,-1
3805,draw,0,0
3806,Random,-1,1
3807,MinimaxQ,1,-1
3808,draw,0,0
3809,draw,0,0
3810,draw,0,0
3811,draw,0,0
3812,MinimaxQ,1,-1
3813,draw,0,0
3814,draw,0,0
3815,Random,-1,1
3816,draw,0,0
3817,MinimaxQ,1,-1
3818,MinimaxQ,1,-1
3819,Random,-1,1
3820,draw,0,0
3821,MinimaxQ,1,-1
3822,Random,-1,1
3823,MinimaxQ,1,-1
3824,draw,0,0
3825,draw,0,0
3826,draw,0,0
3827,draw,0,0
3828,MinimaxQ,1,-1
3829,MinimaxQ,1,-1
3830,MinimaxQ,1,-1
3831,draw,0,0
3832,MinimaxQ,1,-1
3833,draw,0,0
3834,MinimaxQ,1,-1
3835,MinimaxQ,1,-1
3836,draw,0,0
3837,MinimaxQ,1,-1
3838,draw,0,0
3839,Random,-1,1
3840,MinimaxQ,1,-1
3841,draw,0,0
3842,MinimaxQ,1,-1
3843,Random,-1,1
3844,MinimaxQ,1,-1
3845,MinimaxQ,1,-1
3846,MinimaxQ,1,-1
3847,Random,-1,1
3848,draw,0,0
3849,draw,0,0
3850,MinimaxQ,1,-1
3851,draw,0,0
3852,MinimaxQ,1,-1
3853,draw,0,0
3854,draw,0,0
3855,draw,0,0
3856,MinimaxQ,1,-1
3857,Random,-1,1
3858,draw,0,0
3859,draw,0,0
3860,MinimaxQ,1,-1
3861,MinimaxQ,1,-1
3862,draw,0,0
3863,draw,0,0
3864,draw,0,0
3865,MinimaxQ,1,-1
3866,Random,-1,1
3867,Random,-1,1
3868,draw,0,0
3869,draw,0,0
3870,Random,-1,1
3871,MinimaxQ,1,-1
3872,draw,0,0
3873,draw,0,0
3874,MinimaxQ,1,-1
3875,MinimaxQ,1,-1
3876,MinimaxQ,1,-1
3877,MinimaxQ,1,-1
3878,draw,0,0
3879,Random,-1,1
3880,Random,-1,1
3881,draw,0,0
3882,MinimaxQ,1,-1
3883,draw,0,0
3884,draw,0,0
3885,draw,0,0
3886,draw,0,0
3887,MinimaxQ,1,-1
3888,Random,-1,1
3889,draw,0,0
3890,draw,0,0
3891,draw,0,0
3892,draw,0,0
3893,Random,-1,1
3894,draw,0,0
3895,draw,0,0
3896,MinimaxQ,1,-1
3897,draw,0,0
3898,draw,0,0
3899,Random,-1,1
3900,Random,-1,1
3901,draw,0,0
3902,draw,0,0
3903,draw,0,0
3904,draw,0,0
3905,Random,-1,1
3906,draw,0,0
3907,MinimaxQ,1,-1
3908,draw,0,0
3909,draw,0,0
3910,MinimaxQ,1,-1
3911,Random,-1,1
3912,draw,0,0
3913,draw,0,0
3914,draw,0,0
3915,Random,-1,1
3916,draw,0,0
3917,MinimaxQ,1,-1
3918,Random,-1,1
3919,Random,-1,1
3920,draw,0,0
3921,draw,0,0
3922,MinimaxQ,1,-1
3923,draw,0,0
3924,Random,-1,1
3925,MinimaxQ,1,-1
3926,draw,0,0
3927,draw,0,0
3928,draw,0,0
3929,draw,0,0
3930,MinimaxQ,1,-1
3931,MinimaxQ,1,-1
3932,MinimaxQ,1,-1
3933,MinimaxQ,1,-1
3934,draw,0,0
3935,MinimaxQ,1,-1
3936,draw,0,0
3937,draw,0,0
3938,draw,0,0
3939,draw,0,0
3940,draw,0,0
3941,draw,0,0
3942,draw,0,0
3943,Random,-1,1
3944,MinimaxQ,1,-1
3945,draw,0,0
3946,MinimaxQ,1,-1
3947,draw,0,0
3948,MinimaxQ,1,-1
3949,MinimaxQ,1,-1
3950,MinimaxQ,1,-1
3951,draw,0,0
3952,draw,0,0
3953,draw,0,0
3954,Random,-1,1
3955,draw,0,0
3956,Random,-1,1
3957,MinimaxQ,1,-1
3958,MinimaxQ,1,-1
3959,MinimaxQ,1,-1
3960,draw,0,0
3961,draw,0,0
3962,draw,0,0
3963,Random,-1,1
3964,Random,-1,1
3965,draw,0,0
3966,draw,0,0
3967,MinimaxQ,1,-1
3968,draw,0,0
3969,draw,0,0
3970,draw,0,0
3971,draw,0,0
3972,draw,0,0
3973,draw,0,0
3974,MinimaxQ,1,-1
3975,Random,-1,1
3976,draw,0,0
3977,MinimaxQ,1,-1
3978,draw,0,0
3979,MinimaxQ,1,-1
3980,MinimaxQ,1,-1
3981,draw,0,0
3982,MinimaxQ,1,-1
3983,draw,0,0
3984,MinimaxQ,1,-1
3985,draw,0,0
3986,draw,0,0
3987,draw,0,0
3988,Random,-1,1
3989,draw,0,0
3990,draw,0,0
3991,draw,0,0
3992,draw,0,0
3993,Random,-1,1
3994,draw,0,0
3995,draw,0,0
3996,draw,0,0
3997,Random,-1,1
3998,MinimaxQ,1,-1
3999,draw,0,0
4000,Random,-1,1
4001,MinimaxQ,1,-1
4002,draw,0,0
4003,Random,-1,1
4004,MinimaxQ,1,-1
4005,MinimaxQ,1,-1
4006,draw,0,0
4007,draw,0,0
4008,draw,0,0
4009,draw,0,0
4010,Random,-1,1
4011,MinimaxQ,1,-1
4012,draw,0,0
4013,MinimaxQ,1,-1
4014,MinimaxQ,1,-1
4015,MinimaxQ,1,-1
4016,MinimaxQ,1,-1
4017,MinimaxQ,1,-1
4018,draw,0,0
4019,draw,0,0
4020,draw,0,0
4021,draw,0,0
4022,draw,0,0
4023,Random,-1,1
4024,Random,-1,1
4025,MinimaxQ,1,-1
4026,MinimaxQ,1,-1
4027,MinimaxQ,1,-1
4028,MinimaxQ,1,-1
4029,draw,0,0
4030,draw,0,0
4031,Random,-1,1
4032,MinimaxQ,1,-1
4033,draw,0,0
4034,draw,0,0
4035,draw,0,0
4036,MinimaxQ,1,-1
4037,draw,0,0
4038,MinimaxQ,1,-1
4039,draw,0,0
4040,MinimaxQ,1,-1
4041,MinimaxQ,1,-1
4042,draw,0,0
4043,draw,0,0
4044,Random,-1,1
4045,draw,0,0
4046,Random,-1,1
4047,MinimaxQ,1,-1
4048,MinimaxQ,1,-1
4049,MinimaxQ,1,-1
4050,draw,0,0
4051,draw,0,0
4052,MinimaxQ,1,-1
4053,MinimaxQ,1,-1
4054,MinimaxQ,1,-1
4055,MinimaxQ,1,-1
4056,draw,0,0
4057,draw,0,0
4058,draw,0,0
4059,draw,0,0
4060,draw,0,0
4061,Random,-1,1
4062,draw,0,0
4063,MinimaxQ,1,-1
4064,draw,0,0
4065,MinimaxQ,1,-1
4066,MinimaxQ,1,-1
4067,draw,0,0
4068,draw,0,0
4069,draw,0,0
4070,Random,-1,1
4071,draw,0,0
4072,Random,-1,1
4073,MinimaxQ,1,-1
4074,Random,-1,1
4075,draw,0,0
4076,draw,0,0
4077,Random,-1,1
4078,Random,-1,1
4079,MinimaxQ,1,-1
4080,draw,0,0
4081,draw,0,0
4082,draw,0,0
4083,draw,0,0
4084,draw,0,0
4085,MinimaxQ,1,-1
4086,Random,-1,1
4087,Random,-1,1
4088,draw,0,0
4089,draw,0,0
4090,draw,0,0
4091,draw,0,0
4092,Random,-1,1
4093,draw,0,0
4094,draw,0,0
4095,draw,0,0
4096,draw,0,0
4097,draw,0,0
4098,draw,0,0
4099,draw,0,0
4100,MinimaxQ,1,-1
4101,MinimaxQ,1,-1
4102,draw,0,0
4103,Random,-1,1
4104,draw,0,0
4105,Random,-1,1
4106,MinimaxQ,1,-1
4107,MinimaxQ,1,-1
4108,MinimaxQ,1,-1
4109,MinimaxQ,1,-1
4110,MinimaxQ,1,-1
4111,draw,0,0
4112,draw,0,0
4113,draw,0,0
4114,MinimaxQ,1,-1
4115,draw,0,0
4116,MinimaxQ,1,-1
4117,draw,0,0
4118,draw,0,0
4119,draw,0,0
4120,MinimaxQ,1,-1
4121,Random,-1,1
4122,MinimaxQ,1,-1
4123,draw,0,0
4124,draw,0,0
4125,draw,0,0
4126,draw,0,0
4127,MinimaxQ,1,-1
4128,draw,0,0
4129,draw,0,0
4130,draw,0,0
4131,draw,0,0
4132,Random,-1,1
4133,Random,-1,1
4134,MinimaxQ,1,-1
4135,draw,0,0
4136,draw,0,0
4137,draw,0,0
4138,Random,-1,1
4139,draw,0,0
4140,MinimaxQ,1,-1
4141,Random,-1,1
4142,Random,-1,1
4143,MinimaxQ,1,-1
4144,Random,-1,1
4145,MinimaxQ,1,-1
4146,MinimaxQ,1,-1
4147,MinimaxQ,1,-1
4148,draw,0,0
4149,draw,0,0
4150,draw,0,0
4151,draw,0,0
4152,draw,0,0
4153,MinimaxQ,1,-1
4154,MinimaxQ,1,-1
4155,draw,0,0
4156,draw,0,0
4157,Random,-1,1
4158,draw,0,0
4159,draw,0,0
4160,Random,-1,1
4161,MinimaxQ,1,-1
4162,MinimaxQ,1,-1
4163,draw,0,0
4164,draw,0,0
4165,draw,0,0
4166,draw,0,0
4167,draw,0,0
4168,MinimaxQ,1,-1
4169,MinimaxQ,1,-1
4170,Random,-1,1
4171,draw,0,0
4172,draw,0,0
4173,draw,0,0
4174,draw,0,0
4175,draw,0,0
4176,MinimaxQ,1,-1
4177,draw,0,0
4178,Random,-1,1
4179,draw,0,0
4180,draw,0,0
4181,draw,0,0
4182,Random,-1,1
4183,draw,0,0
4184,MinimaxQ,1,-1
4185,draw,0,0
4186,MinimaxQ,1,-1
4187,draw,0,0
4188,draw,0,0
4189,draw,0,0
4190,draw,0,0
4191,draw,0,0
4192,Random,-1,1
4193,MinimaxQ,1,-1
4194,draw,0,0
4195,draw,0,0
4196,Random,-1,1
4197,MinimaxQ,1,-1
4198,draw,0,0
4199,MinimaxQ,1,-1
4200,MinimaxQ,1,-1
4201,draw,0,0
4202,MinimaxQ,1,-1
4203,Random,-1,1
4204,draw,0,0
4205,MinimaxQ,1,-1
4206,Random,-1,1
4207,MinimaxQ,1,-1
4208,MinimaxQ,1,-1
4209,draw,0,0
4210,MinimaxQ,1,-1
4211,draw,0,0
4212,MinimaxQ,1,-1
4213,draw,0,0
4214,MinimaxQ,1,-1
4215,Random,-1,1
4216,draw,0,0
4217,MinimaxQ,1,-1
4218,draw,0,0
4219,Random,-1,1
4220,draw,0,0
4221,Random,-1,1
4222,Random,-1,1
4223,MinimaxQ,1,-1
4224,Random,-1,1
4225,MinimaxQ,1,-1
4226,MinimaxQ,1,-1
4227,MinimaxQ,1,-1
4228,MinimaxQ,1,-1
4229,draw,0,0
4230,MinimaxQ,1,-1
4231,draw,0,0
4232,draw,0,0
4233,MinimaxQ,1,-1
4234,MinimaxQ,1,-1
4235,draw,0,0
4236,MinimaxQ,1,-1
4237,draw,0,0
4238,MinimaxQ,1,-1
4239,draw,0,0
4240,draw,0,0
4241,draw,0,0
4242,draw,0,0
4243,draw,0,0
4244,MinimaxQ,1,-1
4245,draw,0,0
4246,MinimaxQ,1,-1
4247,MinimaxQ,1,-1
4248,draw,0,0
4249,draw,0,0
4250,draw,0,0
4251,draw,0,0
4252,MinimaxQ,1,-1
4253,MinimaxQ,1,-1
4254,draw,0,0
4255,draw,0,0
4256,draw,0,0
4257,MinimaxQ,1,-1
4258,draw,0,0
4259,MinimaxQ,1,-1
4260,draw,0,0
4261,draw,0,0
4262,Random,-1,1
4263,Random,-1,1
4264,draw,0,0
4265,draw,0,0
4266,draw,0,0
4267,Random,-1,1
4268,MinimaxQ,1,-1
4269,MinimaxQ,1,-1
4270,Random,-1,1
4271,draw,0,0
4272,Random,-1,1
4273,draw,0,0
4274,Random,-1,1
4275,draw,0,0
4276,MinimaxQ,1,-1
4277,Random,-1,1
4278,draw,0,0
4279,draw,0,0
4280,MinimaxQ,1,-1
4281,Random,-1,1
4282,Random,-1,1
4283,draw,0,0
4284,Random,-1,1
4285,draw,0,0
4286,draw,0,0
4287,Random,-1,1
4288,MinimaxQ,1,-1
4289,draw,0,0
4290,Random,-1,1
4291,draw,0,0
4292,draw,0,0
4293,Random,-1,1
4294,draw,0,0
4295,MinimaxQ,1,-1
4296,Random,-1,1
4297,draw,0,0
4298,draw,0,0
4299,draw,0,0
4300,draw,0,0
4301,MinimaxQ,1,-1
4302,draw,0,0
4303,draw,0,0
4304,draw,0,0
4305,draw,0,0
4306,MinimaxQ,1,-1
4307,Random,-1,1
4308,MinimaxQ,1,-1
4309,MinimaxQ,1,-1
4310,draw,0,0
4311,MinimaxQ,1,-1
4312,Random,-1,1
4313,Random,-1,1
4314,Random,-1,1
4315,MinimaxQ,1,-1
4316,MinimaxQ,1,-1
4317,MinimaxQ,1,-1
4318,draw,0,0
4319,draw,0,0
4320,MinimaxQ,1,-1
4321,MinimaxQ,1,-1
4322,Random,-1,1
4323,MinimaxQ,1,-1
4324,draw,0,0
4325,MinimaxQ,1,-1
4326,draw,0,0
4327,draw,0,0
4328,draw,0,0
4329,draw,0,0
4330,draw,0,0
4331,draw,0,0
4332,draw,0,0
4333,draw,0,0
4334,Random,-1,1
4335,draw,0,0
4336,draw,0,0
4337,MinimaxQ,1,-1
4338,MinimaxQ,1,-1
4339,Random,-1,1
4340,draw,0,0
4341,MinimaxQ,1,-1
4342,Random,-1,1
4343,draw,0,0
4344,draw,0,0
4345,MinimaxQ,1,-1
4346,draw,0,0
4347,draw,0,0
4348,MinimaxQ,1,-1
4349,draw,0,0
4350,Random,-1,1
4351,MinimaxQ,1,-1
4352,draw,0,0
4353,draw,0,0
4354,draw,0,0
4355,draw,0,0
4356,draw,0,0
4357,draw,0,0
4358,MinimaxQ,1,-1
4359,draw,0,0
4360,MinimaxQ,1,-1
4361,Random,-1,1
4362,draw,0,0
4363,draw,0,0
4364,MinimaxQ,1,-1
4365,Random,-1,1
4366,MinimaxQ,1,-1
4367,MinimaxQ,1,-1
4368,MinimaxQ,1,-1
4369,MinimaxQ,1,-1
4370,MinimaxQ,1,-1
4371,draw,0,0
4372,draw,0,0
4373,draw,0,0
4374,draw,0,0
4375,draw,0,0
4376,draw,0,0
4377,Random,-1,1
4378,draw,0,0
4379,MinimaxQ,1,-1
4380,Random,-1,1
4381,Random,-1,1
4382,Random,-1,1
4383,draw,0,0
4384,draw,0,0
4385,MinimaxQ,1,-1
4386,Random,-1,1
4387,draw,0,0
4388,MinimaxQ,1,-1
4389,MinimaxQ,1,-1
4390,draw,0,0
4391,MinimaxQ,1,-1
4392,draw,0,0
4393,Random,-1,1
4394,MinimaxQ,1,-1
4395,Random,-1,1
4396,Random,-1,1
4397,MinimaxQ,1,-1
4398,MinimaxQ,1,-1
4399,draw,0,0
4400,MinimaxQ,1,-1
4401,MinimaxQ,1,-1
4402,draw,0,0
4403,draw,0,0
4404,MinimaxQ,1,-1
4405,draw,0,0
4406,MinimaxQ,1,-1
4407,MinimaxQ,1,-1
4408,MinimaxQ,1,-1
4409,draw,0,0
4410,Random,-1,1
4411,draw,0,0
4412,Random,-1,1
4413,draw,0,0
4414,draw,0,0
4415,Random,-1,1
4416,MinimaxQ,1,-1
4417,draw,0,0
4418,draw,0,0
4419,draw,0,0
4420,draw,0,0
4421,draw,0,0
4422,Random,-1,1
4423,MinimaxQ,1,-1
4424,draw,0,0
4425,MinimaxQ,1,-1
4426,Random,-1,1
4427,MinimaxQ,1,-1
4428,MinimaxQ,1,-1
4429,Random,-1,1
4430,draw,0,0
4431,Random,-1,1
4432,Random,-1,1
4433,draw,0,0
4434,draw,0,0
4435,draw,0,0
4436,Random,-1,1
4437,draw,0,0
4438,draw,0,0
4439,Random,-1,1
4440,draw,0,0
4441,MinimaxQ,1,-1
4442,draw,0,0
4443,draw,0,0
4444,draw,0,0
4445,Random,-1,1
4446,MinimaxQ,1,-1
4447,Random,-1,1
4448,MinimaxQ,1,-1
4449,draw,0,0
4450,draw,0,0
4451,draw,0,0
4452,MinimaxQ,1,-1
4453,MinimaxQ,1,-1
4454,Random,-1,1
4455,draw,0,0
4456,draw,0,0
4457,draw,0,0
4458,draw,0,0
4459,draw,0,0
4460,draw,0,0
4461,draw,0,0
4462,MinimaxQ,1,-1
4463,MinimaxQ,1,-1
4464,draw,0,0
4465,draw,0,0
4466,draw,0,0
4467,draw,0,0
4468,Random,-1,1
4469,Random,-1,1
4470,MinimaxQ,1,-1
4471,Random,-1,1
4472,Random,-1,1
4473,MinimaxQ,1,-1
4474,MinimaxQ,1,-1
4475,Random,-1,1
4476,MinimaxQ,1,-1
4477,draw,0,0
4478,draw,0,0
4479,draw,0,0
4480,Random,-1,1
4481,Random,-1,1
4482,draw,0,0
4483,draw,0,0
4484,Random,-1,1
4485,MinimaxQ,1,-1
4486,draw,0,0
4487,draw,0,0
4488,MinimaxQ,1,-1
4489,MinimaxQ,1,-1
4490,Random,-1,1
4491,draw,0,0
4492,draw,0,0
4493,draw,0,0
4494,Random,-1,1
4495,MinimaxQ,1,-1
4496,draw,0,0
4497,draw,0,0
4498,draw,0,0
4499,draw,0,0
4500,draw,0,0
4501,MinimaxQ,1,-1
4502,Random,-1,1
4503,draw,0,0
4504,Random,-1,1
4505,Random,-1,1
4506,draw,0,0
4507,draw,0,0
4508,draw,0,0
4509,Random,-1,1
4510,draw,0,0
4511,draw,0,0
4512,draw,0,0
4513,MinimaxQ,1,-1
4514,MinimaxQ,1,-1
4515,Random,-1,1
4516,draw,0,0
4517,Random,-1,1
4518,MinimaxQ,1,-1
4519,MinimaxQ,1,-1
4520,draw,0,0
4521,Random,-1,1
4522,MinimaxQ,1,-1
4523,MinimaxQ,1,-1
4524,Random,-1,1
4525,draw,0,0
4526,draw,0,0
4527,draw,0,0
4528,MinimaxQ,1,-1
4529,MinimaxQ,1,-1
4530,MinimaxQ,1,-1
4531,Random,-1,1
4532,Random,-1,1
4533,MinimaxQ,1,-1
4534,MinimaxQ,1,-1
4535,Random,-1,1
4536,Random,-1,1
4537,Random,-1,1
4538,MinimaxQ,1,-1
4539,draw,0,0
4540,MinimaxQ,1,-1
4541,MinimaxQ,1,-1
4542,MinimaxQ,1,-1
4543,MinimaxQ,1,-1
4544,MinimaxQ,1,-1
4545,draw,0,0
4546,MinimaxQ,1,-1
4547,draw,0,0
4548,Random,-1,1
4549,draw,0,0
4550,Random,-1,1
4551,MinimaxQ,1,-1
4552,draw,0,0
4553,draw,0,0
4554,draw,0,0
4555,MinimaxQ,1,-1
4556,draw,0,0
4557,MinimaxQ,1,-1
4558,MinimaxQ,1,-1
4559,draw,0,0
4560,draw,0,0
4561,Random,-1,1
4562,draw,0,0
4563,MinimaxQ,1,-1
4564,draw,0,0
4565,MinimaxQ,1,-1
4566,draw,0,0
4567,MinimaxQ,1,-1
4568,draw,0,0
4569,MinimaxQ,1,-1
4570,draw,0,0
4571,draw,0,0
4572,Random,-1,1
4573,Random,-1,1
4574,MinimaxQ,1,-1
4575,MinimaxQ,1,-1
4576,draw,0,0
4577,draw,0,0
4578,Random,-1,1
4579,MinimaxQ,1,-1
4580,draw,0,0
4581,MinimaxQ,1,-1
4582,draw,0,0
4583,MinimaxQ,1,-1
4584,MinimaxQ,1,-1
4585,MinimaxQ,1,-1
4586,MinimaxQ,1,-1
4587,draw,0,0
4588,draw,0,0
4589,MinimaxQ,1,-1
4590,Random,-1,1
4591,draw,0,0
4592,MinimaxQ,1,-1
4593,draw,0,0
4594,draw,0,0
4595,MinimaxQ,1,-1
4596,Random,-1,1
4597,Random,-1,1
4598,draw,0,0
4599,draw,0,0
4600,draw,0,0
4601,draw,0,0
4602,draw,0,0
4603,draw,0,0
4604,MinimaxQ,1,-1
4605,Random,-1,1
4606,Random,-1,1
4607,MinimaxQ,1,-1
4608,draw,0,0
4609,draw,0,0
4610,MinimaxQ,1,-1
4611,MinimaxQ,1,-1
4612,draw,0,0
4613,MinimaxQ,1,-1
4614,draw,0,0
4615,draw,0,0
4616,Random,-1,1
4617,draw,0,0
4618,draw,0,0
4619,draw,0,0
4620,Random,-1,1
4621,MinimaxQ,1,-1
4622,MinimaxQ,1,-1
4623,MinimaxQ,1,-1
4624,draw,0,0
4625,Random,-1,1
4626,draw,0,0
4627,draw,0,0
4628,Random,-1,1
4629,Random,-1,1
4630,draw,0,0
4631,draw,0,0
4632,draw,0,0
4633,MinimaxQ,1,-1
4634,draw,0,0
4635,draw,0,0
4636,MinimaxQ,1,-1
4637,draw,0,0
4638,draw,0,0
4639,Random,-1,1
4640,draw,0,0
4641,draw,0,0
4642,Random,-1,1
4643,MinimaxQ,1,-1
4644,draw,0,0
4645,draw,0,0
4646,draw,0,0
4647,MinimaxQ,1,-1
4648,draw,0,0
4649,draw,0,0
4650,Random,-1,1
4651,draw,0,0
4652,MinimaxQ,1,-1
4653,draw,0,0
4654,draw,0,0
4655,Random,-1,1
4656,draw,0,0
4657,MinimaxQ,1,-1
4658,draw,0,0
4659,MinimaxQ,1,-1
4660,MinimaxQ,1,-1
4661,MinimaxQ,1,-1
4662,Random,-1,1
4663,draw,0,0
4664,MinimaxQ,1,-1
4665,draw,0,0
4666,MinimaxQ,1,-1
4667,MinimaxQ,1,-1
4668,draw,0,0
4669,draw,0,0
4670,draw,0,0
4671,Random,-1,1
4672,MinimaxQ,1,-1
4673,MinimaxQ,1,-1
4674,MinimaxQ,1,-1
4675,draw,0,0
4676,draw,0,0
4677,MinimaxQ,1,-1
4678,draw,0,0
4679,draw,0,0
4680,Random,-1,1
4681,draw,0,0
4682,draw,0,0
4683,MinimaxQ,1,-1
4684,draw,0,0
4685,Random,-1,1
4686,Random,-1,1
4687,MinimaxQ,1,-1
4688,draw,0,0
4689,draw,0,0
4690,draw,0,0
4691,draw,0,0
4692,MinimaxQ,1,-1
4693,draw,0,0
4694,Random,-1,1
4695,draw,0,0
4696,draw,0,0
4697,Random,-1,1
4698,draw,0,0
4699,draw,0,0
4700,MinimaxQ,1,-1
4701,draw,0,0
4702,MinimaxQ,1,-1
4703,MinimaxQ,1,-1
4704,draw,0,0
4705,draw,0,0
4706,MinimaxQ,1,-1
4707,Random,-1,1
4708,MinimaxQ,1,-1
4709,draw,0,0
4710,draw,0,0
4711,draw,0,0
4712,Random,-1,1
4713,draw,0,0
4714,Random,-1,1
4715,draw,0,0
4716,draw,0,0
4717,Random,-1,1
4718,draw,0,0
4719,draw,0,0
4720,draw,0,0
4721,MinimaxQ,1,-1
4722,MinimaxQ,1,-1
4723,MinimaxQ,1,-1
4724,MinimaxQ,1,-1
4725,draw,0,0
4726,draw,0,0
4727,MinimaxQ,1,-1
4728,Random,-1,1
4729,draw,0,0
4730,MinimaxQ,1,-1
4731,MinimaxQ,1,-1
4732,MinimaxQ,1,-1
4733,draw,0,0
4734,Random,-1,1
4735,draw,0,0
4736,MinimaxQ,1,-1
4737,MinimaxQ,1,-1
4738,MinimaxQ,1,-1
4739,MinimaxQ,1,-1
4740,draw,0,0
4741,MinimaxQ,1,-1
4742,Random,-1,1
4743,draw,0,0
4744,MinimaxQ,1,-1
4745,MinimaxQ,1,-1
4746,MinimaxQ,1,-1
4747,MinimaxQ,1,-1
4748,draw,0,0
4749,MinimaxQ,1,-1
4750,draw,0,0
4751,draw,0,0
4752,Random,-1,1
4753,Random,-1,1
4754,draw,0,0
4755,draw,0,0
4756,draw,0,0
4757,MinimaxQ,1,-1
4758,draw,0,0
4759,Random,-1,1
4760,Random,-1,1
4761,draw,0,0
4762,draw,0,0
4763,MinimaxQ,1,-1
4764,MinimaxQ,1,-1
4765,draw,0,0
4766,draw,0,0
4767,draw,0,0
4768,draw,0,0
4769,draw,0,0
4770,draw,0,0
4771,Random,-1,1
4772,draw,0,0
4773,MinimaxQ,1,-1
4774,Random,-1,1
4775,draw,0,0
4776,draw,0,0
4777,MinimaxQ,1,-1
4778,MinimaxQ,1,-1
4779,Random,-1,1
4780,draw,0,0
4781,draw,0,0
4782,Random,-1,1
4783,draw,0,0
4784,draw,0,0
4785,MinimaxQ,1,-1
4786,MinimaxQ,1,-1
4787,draw,0,0
4788,draw,0,0
4789,MinimaxQ,1,-1
4790,Random,-1,1
4791,draw,0,0
4792,MinimaxQ,1,-1
4793,MinimaxQ,1,-1
4794,MinimaxQ,1,-1
4795,draw,0,0
4796,draw,0,0
4797,draw,0,0
4798,draw,0,0
4799,MinimaxQ,1,-1
4800,draw,0,0
4801,MinimaxQ,1,-1
4802,Random,-1,1
4803,draw,0,0
4804,Random,-1,1
4805,draw,0,0
4806,draw,0,0
4807,draw,0,0
4808,draw,0,0
4809,draw,0,0
4810,draw,0,0
4811,draw,0,0
4812,draw,0,0
4813,MinimaxQ,1,-1
4814,draw,0,0
4815,MinimaxQ,1,-1
4816,Random,-1,1
4817,MinimaxQ,1,-1
4818,draw,0,0
4819,MinimaxQ,1,-1
4820,draw,0,0
4821,MinimaxQ,1,-1
4822,Random,-1,1
4823,Random,-1,1
4824,draw,0,0
4825,MinimaxQ,1,-1
4826,MinimaxQ,1,-1
4827,draw,0,0
4828,draw,0,0
4829,Random,-1,1
4830,Random,-1,1
4831,MinimaxQ,1,-1
4832,Random,-1,1
4833,MinimaxQ,1,-1
4834,draw,0,0
4835,draw,0,0
4836,draw,0,0
4837,draw,0,0
4838,MinimaxQ,1,-1
4839,MinimaxQ,1,-1
4840,draw,0,0
4841,draw,0,0
4842,Random,-1,1
4843,MinimaxQ,1,-1
4844,Random,-1,1
4845,draw,0,0
4846,MinimaxQ,1,-1
4847,MinimaxQ,1,-1
4848,Random,-1,1
4849,Random,-1,1
4850,MinimaxQ,1,-1
4851,MinimaxQ,1,-1
4852,Random,-1,1
4853,draw,0,0
4854,draw,0,0
4855,MinimaxQ,1,-1
4856,MinimaxQ,1,-1
4857,MinimaxQ,1,-1
4858,MinimaxQ,1,-1
4859,draw,0,0
4860,MinimaxQ,1,-1
4861,draw,0,0
4862,draw,0,0
4863,draw,0,0
4864,Random,-1,1
4865,draw,0,0
4866,draw,0,0
4867,draw,0,0
4868,MinimaxQ,1,-1
4869,Random,-1,1
4870,Random,-1,1
4871,MinimaxQ,1,-1
4872,MinimaxQ,1,-1
4873,draw,0,0
4874,draw,0,0
4875,draw,0,0
4876,MinimaxQ,1,-1
4877,draw,0,0
4878,MinimaxQ,1,-1
4879,MinimaxQ,1,-1
4880,draw,0,0
4881,draw,0,0
4882,MinimaxQ,1,-1
4883,MinimaxQ,1,-1
4884,MinimaxQ,1,-1
4885,draw,0,0
4886,MinimaxQ,1,-1
4887,Random,-1,1
4888,draw,0,0
4889,MinimaxQ,1,-1
4890,draw,0,0
4891,draw,0,0
4892,Random,-1,1
4893,draw,0,0
4894,draw,0,0
4895,MinimaxQ,1,-1
4896,draw,0,0
4897,Random,-1,1
4898,draw,0,0
4899,MinimaxQ,1,-1
4900,draw,0,0
4901,draw,0,0
4902,Random,-1,1
4903,draw,0,0
4904,draw,0,0
4905,MinimaxQ,1,-1
4906,Random,-1,1
4907,draw,0,0
4908,Random,-1,1
4909,draw,0,0
4910,MinimaxQ,1,-1
4911,MinimaxQ,1,-1
4912,draw,0,0
4913,MinimaxQ,1,-1
4914,draw,0,0
4915,Random,-1,1
4916,draw,0,0
4917,draw,0,0
4918,Random,-1,1
4919,MinimaxQ,1,-1
4920,MinimaxQ,1,-1
4921,draw,0,0
4922,draw,0,0
4923,Random,-1,1
4924,draw,0,0
4925,MinimaxQ,1,-1
4926,Random,-1,1
4927,MinimaxQ,1,-1
4928,Random,-1,1
4929,draw,0,0
4930,MinimaxQ,1,-1
4931,Random,-1,1
4932,MinimaxQ,1,-1
4933,draw,0,0
4934,MinimaxQ,1,-1
4935,draw,0,0
4936,Random,-1,1
4937,Random,-1,1
4938,draw,0,0
4939,draw,0,0
4940,draw,0,0
4941,draw,0,0
4942,Random,-1,1
4943,draw,0,0
4944,MinimaxQ,1,-1
4945,MinimaxQ,1,-1
4946,Random,-1,1
4947,draw,0,0
4948,draw,0,0
4949,draw,0,0
4950,MinimaxQ,1,-1
4951,MinimaxQ,1,-1
4952,Random,-1,1
4953,MinimaxQ,1,-1
4954,draw,0,0
4955,MinimaxQ,1,-1
4956,MinimaxQ,1,-1
4957,Random,-1,1
4958,Random,-1,1
4959,draw,0,0
4960,draw,0,0
4961,draw,0,0
4962,Random,-1,1
4963,draw,0,0
4964,Random,-1,1
4965,draw,0,0
4966,Random,-1,1
4967,MinimaxQ,1,-1
4968,draw,0,0
4969,draw,0,0
4970,draw,0,0
4971,draw,0,0
4972,draw,0,0
4973,MinimaxQ,1,-1
4974,MinimaxQ,1,-1
4975,MinimaxQ,1,-1
4976,MinimaxQ,1,-1
4977,draw,0,0
4978,MinimaxQ,1,-1
4979,MinimaxQ,1,-1
4980,Random,-1,1
4981,MinimaxQ,1,-1
4982,draw,0,0
4983,Random,-1,1
4984,draw,0,0
4985,MinimaxQ,1,-1
4986,Random,-1,1
4987,MinimaxQ,1,-1
4988,MinimaxQ,1,-1
4989,MinimaxQ,1,-1
4990,draw,0,0
4991,MinimaxQ,1,-1
4992,MinimaxQ,1,-1
4993,MinimaxQ,1,-1
4994,draw,0,0
4995,MinimaxQ,1,-1
4996,draw,0,0
4997,Random,-1,1
4998,Random,-1,1
4999,draw,0,0
5000,MinimaxQ,1,-1
5001,draw,0,0
5002,MinimaxQ,1,-1
5003,draw,0,0
5004,draw,0,0
5005,MinimaxQ,1,-1
5006,Random,-1,1
5007,draw,0,0
5008,draw,0,0
5009,MinimaxQ,1,-1
5010,MinimaxQ,1,-1
5011,draw,0,0
5012,draw,0,0
5013,draw,0,0
5014,draw,0,0
5015,MinimaxQ,1,-1
5016,MinimaxQ,1,-1
5017,MinimaxQ,1,-1
5018,Random,-1,1
5019,draw,0,0
5020,MinimaxQ,1,-1
5021,MinimaxQ,1,-1
5022,Random,-1,1
5023,MinimaxQ,1,-1
5024,Random,-1,1
5025,MinimaxQ,1,-1
5026,MinimaxQ,1,-1
5027,draw,0,0
5028,MinimaxQ,1,-1
5029,MinimaxQ,1,-1
5030,draw,0,0
5031,draw,0,0
5032,MinimaxQ,1,-1
5033,MinimaxQ,1,-1
5034,MinimaxQ,1,-1
5035,MinimaxQ,1,-1
5036,MinimaxQ,1,-1
5037,draw,0,0
5038,Random,-1,1
5039,Random,-1,1
5040,MinimaxQ,1,-1
5041,MinimaxQ,1,-1
5042,Random,-1,1
5043,MinimaxQ,1,-1
5044,draw,0,0
5045,MinimaxQ,1,-1
5046,draw,0,0
5047,MinimaxQ,1,-1
5048,draw,0,0
5049,Random,-1,1
5050,draw,0,0
5051,MinimaxQ,1,-1
5052,MinimaxQ,1,-1
5053,draw,0,0
5054,draw,0,0
5055,MinimaxQ,1,-1
5056,Random,-1,1
5057,Random,-1,1
5058,MinimaxQ,1,-1
5059,MinimaxQ,1,-1
5060,MinimaxQ,1,-1
5061,MinimaxQ,1,-1
5062,MinimaxQ,1,-1
5063,draw,0,0
5064,MinimaxQ,1,-1
5065,draw,0,0
5066,MinimaxQ,1,-1
5067,Random,-1,1
5068,draw,0,0
5069,draw,0,0
5070,MinimaxQ,1,-1
5071,MinimaxQ,1,-1
5072,MinimaxQ,1,-1
5073,Random,-1,1
5074,Random,-1,1
5075,draw,0,0
5076,MinimaxQ,1,-1
5077,draw,0,0
5078,MinimaxQ,1,-1
5079,draw,0,0
5080,Random,-1,1
5081,MinimaxQ,1,-1
5082,draw,0,0
5083,draw,0,0
5084,Random,-1,1
5085,draw,0,0
5086,MinimaxQ,1,-1
5087,MinimaxQ,1,-1
5088,MinimaxQ,1,-1
5089,draw,0,0
5090,Random,-1,1
5091,MinimaxQ,1,-1
5092,MinimaxQ,1,-1
5093,draw,0,0
5094,draw,0,0
5095,draw,0,0
5096,Random,-1,1
5097,MinimaxQ,1,-1
5098,draw,0,0
5099,MinimaxQ,1,-1
5100,draw,0,0
5101,Random,-1,1
5102,Random,-1,1
5103,Random,-1,1
5104,MinimaxQ,1,-1
5105,MinimaxQ,1,-1
5106,draw,0,0
5107,MinimaxQ,1,-1
5108,draw,0,0
5109,MinimaxQ,1,-1
5110,Random,-1,1
5111,draw,0,0
5112,Random,-1,1
5113,Random,-1,1
5114,MinimaxQ,1,-1
5115,draw,0,0
5116,MinimaxQ,1,-1
5117,draw,0,0
5118,draw,0,0
5119,MinimaxQ,1,-1
5120,draw,0,0
5121,MinimaxQ,1,-1
5122,draw,0,0
5123,Random,-1,1
5124,MinimaxQ,1,-1
5125,MinimaxQ,1,-1
5126,Random,-1,1
5127,Random,-1,1
5128,draw,0,0
5129,draw,0,0
5130,Random,-1,1
5131,draw,0,0
5132,MinimaxQ,1,-1
5133,draw,0,0
5134,MinimaxQ,1,-1
5135,draw,0,0
5136,draw,0,0
5137,draw,0,0
5138,MinimaxQ,1,-1
5139,MinimaxQ,1,-1
5140,draw,0,0
5141,Random,-1,1
5142,draw,0,0
5143,MinimaxQ,1,-1
5144,draw,0,0
5145,MinimaxQ,1,-1
5146,MinimaxQ,1,-1
5147,Random,-1,1
5148,Random,-1,1
5149,draw,0,0
5150,draw,0,0
5151,draw,0,0
5152,draw,0,0
5153,draw,0,0
5154,MinimaxQ,1,-1
5155,MinimaxQ,1,-1
5156,Random,-1,1
5157,draw,0,0
5158,Random,-1,1
5159,Random,-1,1
5160,draw,0,0
5161,draw,0,0
5162,MinimaxQ,1,-1
5163,MinimaxQ,1,-1
5164,MinimaxQ,1,-1
5165,Random,-1,1
5166,Random,-1,1
5167,MinimaxQ,1,-1
5168,draw,0,0
5169,draw,0,0
5170,MinimaxQ,1,-1
5171,MinimaxQ,1,-1
5172,MinimaxQ,1,-1
5173,MinimaxQ,1,-1
5174,draw,0,0
5175,MinimaxQ,1,-1
5176,Random,-1,1
5177,Random,-1,1
5178,MinimaxQ,1,-1
5179,draw,0,0
5180,Random,-1,1
5181,MinimaxQ,1,-1
5182,MinimaxQ,1,-1
5183,MinimaxQ,1,-1
5184,MinimaxQ,1,-1
5185,draw,0,0
5186,MinimaxQ,1,-1
5187,MinimaxQ,1,-1
5188,MinimaxQ,1,-1
5189,Random,-1,1
5190,MinimaxQ,1,-1
5191,draw,0,0
5192,draw,0,0
5193,Random,-1,1
5194,MinimaxQ,1,-1
5195,MinimaxQ,1,-1
5196,draw,0,0
5197,Random,-1,1
5198,MinimaxQ,1,-1
5199,MinimaxQ,1,-1
5200,draw,0,0
5201,draw,0,0
5202,MinimaxQ,1,-1
5203,MinimaxQ,1,-1
5204,draw,0,0
5205,MinimaxQ,1,-1
5206,MinimaxQ,1,-1
5207,draw,0,0
5208,Random,-1,1
5209,MinimaxQ,1,-1
5210,draw,0,0
5211,MinimaxQ,1,-1
5212,Random,-1,1
5213,MinimaxQ,1,-1
5214,draw,0,0
5215,MinimaxQ,1,-1
5216,MinimaxQ,1,-1
5217,draw,0,0
5218,MinimaxQ,1,-1
5219,MinimaxQ,1,-1
5220,Random,-1,1
5221,MinimaxQ,1,-1
5222,Random,-1,1
5223,MinimaxQ,1,-1
5224,MinimaxQ,1,-1
5225,MinimaxQ,1,-1
5226,draw,0,0
5227,MinimaxQ,1,-1
5228,draw,0,0
5229,Random,-1,1
5230,draw,0,0
5231,MinimaxQ,1,-1
5232,draw,0,0
5233,MinimaxQ,1,-1
5234,MinimaxQ,1,-1
5235,MinimaxQ,1,-1
5236,draw,0,0
5237,Random,-1,1
5238,draw,0,0
5239,draw,0,0
5240,draw,0,0
5241,MinimaxQ,1,-1
5242,MinimaxQ,1,-1
5243,MinimaxQ,1,-1
5244,MinimaxQ,1,-1
5245,draw,0,0
5246,draw,0,0
5247,Random,-1,1
5248,draw,0,0
5249,draw,0,0
5250,MinimaxQ,1,-1
5251,MinimaxQ,1,-1
5252,MinimaxQ,1,-1
5253,MinimaxQ,1,-1
5254,draw,0,0
5255,MinimaxQ,1,-1
5256,draw,0,0
5257,MinimaxQ,1,-1
5258,MinimaxQ,1,-1
5259,draw,0,0
5260,Random,-1,1
5261,draw,0,0
5262,draw,0,0
5263,Random,-1,1
5264,MinimaxQ,1,-1
5265,MinimaxQ,1,-1
5266,MinimaxQ,1,-1
5267,draw,0,0
5268,draw,0,0
5269,draw,0,0
5270,MinimaxQ,1,-1
5271,MinimaxQ,1,-1
5272,draw,0,0
5273,Random,-1,1
5274,MinimaxQ,1,-1
5275,draw,0,0
5276,Random,-1,1
5277,MinimaxQ,1,-1
5278,draw,0,0
5279,MinimaxQ,1,-1
5280,draw,0,0
5281,MinimaxQ,1,-1
5282,MinimaxQ,1,-1
5283,draw,0,0
5284,MinimaxQ,1,-1
5285,MinimaxQ,1,-1
5286,MinimaxQ,1,-1
5287,draw,0,0
5288,MinimaxQ,1,-1
5289,MinimaxQ,1,-1
5290,Random,-1,1
5291,draw,0,0
5292,draw,0,0
5293,draw,0,0
5294,MinimaxQ,1,-1
5295,draw,0,0
5296,draw,0,0
5297,draw,0,0
5298,draw,0,0
5299,draw,0,0
5300,draw,0,0
5301,MinimaxQ,1,-1
5302,MinimaxQ,1,-1
5303,MinimaxQ,1,-1
5304,MinimaxQ,1,-1
5305,MinimaxQ,1,-1
5306,MinimaxQ,1,-1
5307,MinimaxQ,1,-1
5308,MinimaxQ,1,-1
5309,MinimaxQ,1,-1
5310,MinimaxQ,1,-1
5311,draw,0,0
5312,draw,0,0
5313,MinimaxQ,1,-1
5314,Random,-1,1
5315,draw,0,0
5316,MinimaxQ,1,-1
5317,MinimaxQ,1,-1
5318,MinimaxQ,1,-1
5319,MinimaxQ,1,-1
5320,draw,0,0
5321,MinimaxQ,1,-1
5322,MinimaxQ,1,-1
5323,MinimaxQ,1,-1
5324,MinimaxQ,1,-1
5325,MinimaxQ,1,-1
5326,MinimaxQ,1,-1
5327,MinimaxQ,1,-1
5328,MinimaxQ,1,-1
5329,MinimaxQ,1,-1
5330,MinimaxQ,1,-1
5331,MinimaxQ,1,-1
5332,MinimaxQ,1,-1
5333,draw,0,0
5334,MinimaxQ,1,-1
5335,draw,0,0
5336,draw,0,0
5337,MinimaxQ,1,-1
5338,MinimaxQ,1,-1
5339,MinimaxQ,1,-1
5340,draw,0,0
5341,MinimaxQ,1,-1
5342,draw,0,0
5343,Random,-1,1
5344,Random,-1,1
5345,MinimaxQ,1,-1
5346,MinimaxQ,1,-1
5347,MinimaxQ,1,-1
5348,draw,0,0
5349,Random,-1,1
5350,Random,-1,1
5351,draw,0,0
5352,MinimaxQ,1,-1
5353,draw,0,0
5354,draw,0,0
5355,MinimaxQ,1,-1
5356,MinimaxQ,1,-1
5357,MinimaxQ,1,-1
5358,draw,0,0
5359,MinimaxQ,1,-1
5360,draw,0,0
5361,draw,0,0
5362,draw,0,0
5363,MinimaxQ,1,-1
5364,draw,0,0
5365,draw,0,0
5366,Random,-1,1
5367,draw,0,0
5368,draw,0,0
5369,MinimaxQ,1,-1
5370,draw,0,0
5371,MinimaxQ,1,-1
5372,MinimaxQ,1,-1
5373,MinimaxQ,1,-1
5374,Random,-1,1
5375,Random,-1,1
5376,Random,-1,1
5377,draw,0,0
5378,draw,0,0
5379,MinimaxQ,1,-1
5380,MinimaxQ,1,-1
5381,MinimaxQ,1,-1
5382,draw,0,0
5383,MinimaxQ,1,-1
5384,draw,0,0
5385,MinimaxQ,1,-1
5386,MinimaxQ,1,-1
5387,MinimaxQ,1,-1
5388,Random,-1,1
5389,Random,-1,1
5390,Random,-1,1
5391,draw,0,0
5392,Random,-1,1
5393,draw,0,0
5394,draw,0,0
5395,draw,0,0
5396,MinimaxQ,1,-1
5397,MinimaxQ,1,-1
5398,MinimaxQ,1,-1
5399,draw,0,0
5400,draw,0,0
5401,MinimaxQ,1,-1
5402,MinimaxQ,1,-1
5403,MinimaxQ,1,-1
5404,MinimaxQ,1,-1
5405,draw,0,0
5406,draw,0,0
5407,MinimaxQ,1,-1
5408,MinimaxQ,1,-1
5409,draw,0,0
5410,draw,0,0
5411,MinimaxQ,1,-1
5412,MinimaxQ,1,-1
5413,draw,0,0
5414,MinimaxQ,1,-1
5415,MinimaxQ,1,-1
5416,draw,0,0
5417,MinimaxQ,1,-1
5418,Random,-1,1
5419,draw,0,0
5420,draw,0,0
5421,draw,0,0
5422,draw,0,0
5423,Random,-1,1
5424,draw,0,0
5425,MinimaxQ,1,-1
5426,Random,-1,1
5427,draw,0,0
5428,draw,0,0
5429,draw,0,0
5430,MinimaxQ,1,-1
5431,Random,-1,1
5432,draw,0,0
5433,Random,-1,1
5434,draw,0,0
5435,MinimaxQ,1,-1
5436,draw,0,0
5437,MinimaxQ,1,-1
5438,MinimaxQ,1,-1
5439,draw,0,0
5440,draw,0,0
5441,Random,-1,1
5442,MinimaxQ,1,-1
5443,MinimaxQ,1,-1
5444,MinimaxQ,1,-1
5445,MinimaxQ,1,-1
5446,draw,0,0
5447,draw,0,0
5448,Random,-1,1
5449,MinimaxQ,1,-1
5450,MinimaxQ,1,-1
5451,draw,0,0
5452,MinimaxQ,1,-1
5453,draw,0,0
5454,draw,0,0
5455,draw,0,0
5456,draw,0,0
5457,MinimaxQ,1,-1
5458,MinimaxQ,1,-1
5459,MinimaxQ,1,-1
5460,Random,-1,1
5461,MinimaxQ,1,-1
5462,MinimaxQ,1,-1
5463,draw,0,0
5464,draw,0,0
5465,draw,0,0
5466,MinimaxQ,1,-1
5467,Random,-1,1
5468,draw,0,0
5469,Random,-1,1
5470,draw,0,0
5471,MinimaxQ,1,-1
5472,draw,0,0
5473,Random,-1,1
5474,draw,0,0
5475,Random,-1,1
5476,draw,0,0
5477,draw,0,0
5478,Random,-1,1
5479,draw,0,0
5480,MinimaxQ,1,-1
5481,draw,0,0
5482,MinimaxQ,1,-1
5483,draw,0,0
5484,MinimaxQ,1,-1
5485,draw,0,0
5486,draw,0,0
5487,Random,-1,1
5488,MinimaxQ,1,-1
5489,MinimaxQ,1,-1
5490,MinimaxQ,1,-1
5491,Random,-1,1
5492,MinimaxQ,1,-1
5493,MinimaxQ,1,-1
5494,draw,0,0
5495,MinimaxQ,1,-1
5496,Random,-1,1
5497,MinimaxQ,1,-1
5498,draw,0,0
5499,MinimaxQ,1,-1
5500,Random,-1,1
5501,draw,0,0
5502,draw,0,0
5503,Random,-1,1
5504,draw,0,0
5505,MinimaxQ,1,-1
5506,draw,0,0
5507,draw,0,0
5508,draw,0,0
5509,Random,-1,1
5510,draw,0,0
5511,MinimaxQ,1,-1
5512,draw,0,0
5513,draw,0,0
5514,draw,0,0
5515,MinimaxQ,1,-1
5516,MinimaxQ,1,-1
5517,Random,-1,1
5518,Random,-1,1
5519,draw,0,0
5520,MinimaxQ,1,-1
5521,draw,0,0
5522,MinimaxQ,1,-1
5523,MinimaxQ,1,-1
5524,draw,0,0
5525,draw,0,0
5526,Random,-1,1
5527,MinimaxQ,1,-1
5528,draw,0,0
5529,draw,0,0
5530,MinimaxQ,1,-1
5531,draw,0,0
5532,MinimaxQ,1,-1
5533,Random,-1,1
5534,draw,0,0
5535,MinimaxQ,1,-1
5536,MinimaxQ,1,-1
5537,draw,0,0
5538,draw,0,0
5539,MinimaxQ,1,-1
5540,MinimaxQ,1,-1
5541,Random,-1,1
5542,MinimaxQ,1,-1
5543,draw,0,0
5544,draw,0,0
5545,Random,-1,1
5546,MinimaxQ,1,-1
5547,draw,0,0
5548,draw,0,0
5549,draw,0,0
5550,draw,0,0
5551,draw,0,0
5552,draw,0,0
5553,draw,0,0
5554,MinimaxQ,1,-1
5555,MinimaxQ,1,-1
5556,Random,-1,1
5557,MinimaxQ,1,-1
5558,MinimaxQ,1,-1
5559,draw,0,0
5560,draw,0,0
5561,MinimaxQ,1,-1
5562,draw,0,0
5563,draw,0,0
5564,draw,0,0
5565,MinimaxQ,1,-1
5566,draw,0,0
5567,draw,0,0
5568,Random,-1,1
5569,draw,0,0
5570,draw,0,0
5571,MinimaxQ,1,-1
5572,MinimaxQ,1,-1
5573,draw,0,0
5574,draw,0,0
5575,draw,0,0
5576,Random,-1,1
5577,MinimaxQ,1,-1
5578,draw,0,0
5579,Random,-1,1
5580,draw,0,0
5581,Random,-1,1
5582,draw,0,0
5583,MinimaxQ,1,-1
5584,draw,0,0
5585,draw,0,0
5586,draw,0,0
5587,MinimaxQ,1,-1
5588,MinimaxQ,1,-1
5589,MinimaxQ,1,-1
5590,MinimaxQ,1,-1
5591,MinimaxQ,1,-1
5592,draw,0,0
5593,draw,0,0
5594,MinimaxQ,1,-1
5595,draw,0,0
5596,draw,0,0
5597,MinimaxQ,1,-1
5598,MinimaxQ,1,-1
5599,MinimaxQ,1,-1
5600,MinimaxQ,1,-1
5601,draw,0,0
5602,Random,-1,1
5603,draw,0,0
5604,MinimaxQ,1,-1
5605,MinimaxQ,1,-1
5606,MinimaxQ,1,-1
5607,draw,0,0
5608,draw,0,0
5609,MinimaxQ,1,-1
5610,draw,0,0
5611,draw,0,0
5612,draw,0,0
5613,MinimaxQ,1,-1
5614,draw,0,0
5615,draw,0,0
5616,MinimaxQ,1,-1
5617,MinimaxQ,1,-1
5618,Random,-1,1
5619,draw,0,0
5620,MinimaxQ,1,-1
5621,draw,0,0
5622,Random,-1,1
5623,MinimaxQ,1,-1
5624,MinimaxQ,1,-1
5625,Random,-1,1
5626,MinimaxQ,1,-1
5627,MinimaxQ,1,-1
5628,MinimaxQ,1,-1
5629,MinimaxQ,1,-1
5630,MinimaxQ,1,-1
5631,MinimaxQ,1,-1
5632,MinimaxQ,1,-1
5633,Random,-1,1
5634,draw,0,0
5635,draw,0,0
5636,MinimaxQ,1,-1
5637,draw,0,0
5638,MinimaxQ,1,-1
5639,draw,0,0
5640,draw,0,0
5641,MinimaxQ,1,-1
5642,MinimaxQ,1,-1
5643,MinimaxQ,1,-1
5644,draw,0,0
5645,draw,0,0
5646,draw,0,0
5647,Random,-1,1
5648,MinimaxQ,1,-1
5649,MinimaxQ,1,-1
5650,MinimaxQ,1,-1
5651,MinimaxQ,1,-1
5652,Random,-1,1
5653,MinimaxQ,1,-1
5654,draw,0,0
5655,draw,0,0
5656,draw,0,0
5657,MinimaxQ,1,-1
5658,Random,-1,1
5659,MinimaxQ,1,-1
5660,Random,-1,1
5661,MinimaxQ,1,-1
5662,MinimaxQ,1,-1
5663,draw,0,0
5664,draw,0,0
5665,MinimaxQ,1,-1
5666,Random,-1,1
5667,draw,0,0
5668,draw,0,0
5669,Random,-1,1
5670,MinimaxQ,1,-1
5671,MinimaxQ,1,-1
5672,Random,-1,1
5673,MinimaxQ,1,-1
5674,draw,0,0
5675,MinimaxQ,1,-1
5676,draw,0,0
5677,MinimaxQ,1,-1
5678,MinimaxQ,1,-1
5679,draw,0,0
5680,Random,-1,1
5681,MinimaxQ,1,-1
5682,MinimaxQ,1,-1
5683,draw,0,0
5684,MinimaxQ,1,-1
5685,draw,0,0
5686,MinimaxQ,1,-1
5687,draw,0,0
5688,draw,0,0
5689,MinimaxQ,1,-1
5690,MinimaxQ,1,-1
5691,MinimaxQ,1,-1
5692,MinimaxQ,1,-1
5693,MinimaxQ,1,-1
5694,Random,-1,1
5695,MinimaxQ,1,-1
5696,MinimaxQ,1,-1
5697,draw,0,0
5698,MinimaxQ,1,-1
5699,Random,-1,1
5700,MinimaxQ,1,-1
5701,draw,0,0
5702,Random,-1,1
5703,draw,0,0
5704,MinimaxQ,1,-1
5705,MinimaxQ,1,-1
5706,Random,-1,1
5707,Random,-1,1
5708,MinimaxQ,1,-1
5709,Random,-1,1
5710,Random,-1,1
5711,draw,0,0
5712,Random,-1,1
5713,Random,-1,1
5714,MinimaxQ,1,-1
5715,MinimaxQ,1,-1
5716,MinimaxQ,1,-1
5717,MinimaxQ,1,-1
5718,MinimaxQ,1,-1
5719,MinimaxQ,1,-1
5720,draw,0,0
5721,MinimaxQ,1,-1
5722,MinimaxQ,1,-1
5723,draw,0,0
5724,MinimaxQ,1,-1
5725,Random,-1,1
5726,MinimaxQ,1,-1
5727,MinimaxQ,1,-1
5728,draw,0,0
5729,draw,0,0
5730,MinimaxQ,1,-1
5731,draw,0,0
5732,draw,0,0
5733,draw,0,0
5734,Random,-1,1
5735,Random,-1,1
5736,Random,-1,1
5737,MinimaxQ,1,-1
5738,MinimaxQ,1,-1
5739,MinimaxQ,1,-1
5740,MinimaxQ,1,-1
5741,Random,-1,1
5742,Random,-1,1
5743,MinimaxQ,1,-1
5744,Random,-1,1
5745,MinimaxQ,1,-1
5746,draw,0,0
5747,draw,0,0
5748,Random,-1,1
5749,MinimaxQ,1,-1
5750,draw,0,0
5751,MinimaxQ,1,-1
5752,MinimaxQ,1,-1
5753,MinimaxQ,1,-1
5754,Random,-1,1
5755,MinimaxQ,1,-1
5756,Random,-1,1
5757,MinimaxQ,1,-1
5758,draw,0,0
5759,MinimaxQ,1,-1
5760,draw,0,0
5761,MinimaxQ,1,-1
5762,MinimaxQ,1,-1
5763,Random,-1,1
5764,MinimaxQ,1,-1
5765,Random,-1,1
5766,MinimaxQ,1,-1
5767,draw,0,0
5768,draw,0,0
5769,draw,0,0
5770,Random,-1,1
5771,Random,-1,1
5772,draw,0,0
5773,Random,-1,1
5774,draw,0,0
5775,MinimaxQ,1,-1
5776,draw,0,0
5777,Random,-1,1
5778,Random,-1,1
5779,MinimaxQ,1,-1
5780,MinimaxQ,1,-1
5781,MinimaxQ,1,-1
5782,draw,0,0
5783,MinimaxQ,1,-1
5784,draw,0,0
5785,Random,-1,1
5786,draw,0,0
5787,MinimaxQ,1,-1
5788,draw,0,0
5789,draw,0,0
5790,Random,-1,1
5791,Random,-1,1
5792,MinimaxQ,1,-1
5793,MinimaxQ,1,-1
5794,Random,-1,1
5795,draw,0,0
5796,draw,0,0
5797,MinimaxQ,1,-1
5798,draw,0,0
5799,MinimaxQ,1,-1
5800,draw,0,0
5801,MinimaxQ,1,-1
5802,MinimaxQ,1,-1
5803,draw,0,0
5804,draw,0,0
5805,draw,0,0
5806,MinimaxQ,1,-1
5807,MinimaxQ,1,-1
5808,MinimaxQ,1,-1
5809,draw,0,0
5810,MinimaxQ,1,-1
5811,draw,0,0
5812,MinimaxQ,1,-1
5813,Random,-1,1
5814,MinimaxQ,1,-1
5815,draw,0,0
5816,draw,0,0
5817,draw,0,0
5818,Random,-1,1
5819,draw,0,0
5820,Random,-1,1
5821,MinimaxQ,1,-1
5822,Random,-1,1
5823,draw,0,0
5824,MinimaxQ,1,-1
5825,MinimaxQ,1,-1
5826,draw,0,0
5827,draw,0,0
5828,MinimaxQ,1,-1
5829,MinimaxQ,1,-1
5830,MinimaxQ,1,-1
5831,draw,0,0
5832,MinimaxQ,1,-1
5833,Random,-1,1
5834,Random,-1,1
5835,MinimaxQ,1,-1
5836,MinimaxQ,1,-1
5837,draw,0,0
5838,draw,0,0
5839,MinimaxQ,1,-1
5840,draw,0,0
5841,MinimaxQ,1,-1
5842,MinimaxQ,1,-1
5843,MinimaxQ,1,-1
5844,MinimaxQ,1,-1
5845,Random,-1,1
5846,draw,0,0
5847,MinimaxQ,1,-1
5848,Random,-1,1
5849,MinimaxQ,1,-1
5850,MinimaxQ,1,-1
5851,draw,0,0
5852,MinimaxQ,1,-1
5853,MinimaxQ,1,-1
5854,MinimaxQ,1,-1
5855,MinimaxQ,1,-1
5856,MinimaxQ,1,-1
5857,MinimaxQ,1,-1
5858,draw,0,0
5859,draw,0,0
5860,draw,0,0
5861,MinimaxQ,1,-1
5862,Random,-1,1
5863,MinimaxQ,1,-1
5864,Random,-1,1
5865,draw,0,0
5866,MinimaxQ,1,-1
5867,MinimaxQ,1,-1
5868,MinimaxQ,1,-1
5869,MinimaxQ,1,-1
5870,MinimaxQ,1,-1
5871,MinimaxQ,1,-1
5872,draw,0,0
5873,draw,0,0
5874,MinimaxQ,1,-1
5875,MinimaxQ,1,-1
5876,MinimaxQ,1,-1
5877,draw,0,0
5878,MinimaxQ,1,-1
5879,draw,0,0
5880,draw,0,0
5881,Random,-1,1
5882,draw,0,0
5883,Random,-1,1
5884,MinimaxQ,1,-1
5885,MinimaxQ,1,-1
5886,MinimaxQ,1,-1
5887,draw,0,0
5888,draw,0,0
5889,draw,0,0
5890,MinimaxQ,1,-1
5891,draw,0,0
5892,MinimaxQ,1,-1
5893,draw,0,0
5894,draw,0,0
5895,draw,0,0
5896,MinimaxQ,1,-1
5897,MinimaxQ,1,-1
5898,Random,-1,1
5899,MinimaxQ,1,-1
5900,draw,0,0
5901,draw,0,0
5902,draw,0,0
5903,Random,-1,1
5904,Random,-1,1
5905,draw,0,0
5906,draw,0,0
5907,draw,0,0
5908,Random,-1,1
5909,draw,0,0
5910,draw,0,0
5911,MinimaxQ,1,-1
5912,Random,-1,1
5913,Random,-1,1
5914,MinimaxQ,1,-1
5915,MinimaxQ,1,-1
5916,MinimaxQ,1,-1
5917,draw,0,0
5918,draw,0,0
5919,draw,0,0
5920,MinimaxQ,1,-1
5921,Random,-1,1
5922,draw,0,0
5923,MinimaxQ,1,-1
5924,MinimaxQ,1,-1
5925,MinimaxQ,1,-1
5926,MinimaxQ,1,-1
5927,MinimaxQ,1,-1
5928,draw,0,0
5929,draw,0,0
5930,MinimaxQ,1,-1
5931,draw,0,0
5932,MinimaxQ,1,-1
5933,Random,-1,1
5934,draw,0,0
5935,draw,0,0
5936,MinimaxQ,1,-1
5937,draw,0,0
5938,MinimaxQ,1,-1
5939,MinimaxQ,1,-1
5940,draw,0,0
5941,Random,-1,1
5942,MinimaxQ,1,-1
5943,draw,0,0
5944,MinimaxQ,1,-1
5945,Random,-1,1
5946,MinimaxQ,1,-1
5947,MinimaxQ,1,-1
5948,draw,0,0
5949,draw,0,0
5950,Random,-1,1
5951,MinimaxQ,1,-1
5952,draw,0,0
5953,draw,0,0
5954,MinimaxQ,1,-1
5955,draw,0,0
5956,MinimaxQ,1,-1
5957,draw,0,0
5958,MinimaxQ,1,-1
5959,MinimaxQ,1,-1
5960,Random,-1,1
5961,draw,0,0
5962,MinimaxQ,1,-1
5963,draw,0,0
5964,MinimaxQ,1,-1
5965,Random,-1,1
5966,draw,0,0
5967,draw,0,0
5968,draw,0,0
5969,MinimaxQ,1,-1
5970,MinimaxQ,1,-1
5971,MinimaxQ,1,-1
5972,draw,0,0
5973,draw,0,0
5974,MinimaxQ,1,-1
5975,MinimaxQ,1,-1
5976,draw,0,0
5977,MinimaxQ,1,-1
5978,draw,0,0
5979,draw,0,0
5980,draw,0,0
5981,MinimaxQ,1,-1
5982,MinimaxQ,1,-1
5983,Random,-1,1
5984,Random,-1,1
5985,draw,0,0
5986,MinimaxQ,1,-1
5987,MinimaxQ,1,-1
5988,MinimaxQ,1,-1
5989,MinimaxQ,1,-1
5990,MinimaxQ,1,-1
5991,Random,-1,1
5992,Random,-1,1
5993,MinimaxQ,1,-1
5994,draw,0,0
5995,MinimaxQ,1,-1
5996,draw,0,0
5997,Random,-1,1
5998,draw,0,0
5999,Random,-1,1
6000,draw,0,0
6001,MinimaxQ,1,-1
6002,MinimaxQ,1,-1
6003,MinimaxQ,1,-1
6004,MinimaxQ,1,-1
6005,Random,-1,1
6006,Random,-1,1
6007,MinimaxQ,1,-1
6008,MinimaxQ,1,-1
6009,draw,0,0
6010,MinimaxQ,1,-1
6011,MinimaxQ,1,-1
6012,MinimaxQ,1,-1
6013,MinimaxQ,1,-1
6014,Random,-1,1
6015,MinimaxQ,1,-1
6016,draw,0,0
6017,MinimaxQ,1,-1
6018,Random,-1,1
6019,MinimaxQ,1,-1
6020,MinimaxQ,1,-1
6021,MinimaxQ,1,-1
6022,Random,-1,1
6023,MinimaxQ,1,-1
6024,MinimaxQ,1,-1
6025,MinimaxQ,1,-1
6026,MinimaxQ,1,-1
6027,draw,0,0
6028,MinimaxQ,1,-1
6029,draw,0,0
6030,draw,0,0
6031,MinimaxQ,1,-1
6032,draw,0,0
6033,MinimaxQ,1,-1
6034,draw,0,0
6035,MinimaxQ,1,-1
6036,Random,-1,1
6037,MinimaxQ,1,-1
6038,MinimaxQ,1,-1
6039,MinimaxQ,1,-1
6040,MinimaxQ,1,-1
6041,MinimaxQ,1,-1
6042,MinimaxQ,1,-1
6043,draw,0,0
6044,Random,-1,1
6045,Random,-1,1
6046,MinimaxQ,1,-1
6047,MinimaxQ,1,-1
6048,MinimaxQ,1,-1
6049,MinimaxQ,1,-1
6050,MinimaxQ,1,-1
6051,Random,-1,1
6052,Random,-1,1
6053,MinimaxQ,1,-1
6054,MinimaxQ,1,-1
6055,MinimaxQ,1,-1
6056,draw,0,0
6057,draw,0,0
6058,MinimaxQ,1,-1
6059,draw,0,0
6060,draw,0,0
6061,MinimaxQ,1,-1
6062,MinimaxQ,1,-1
6063,MinimaxQ,1,-1
6064,MinimaxQ,1,-1
6065,draw,0,0
6066,draw,0,0
6067,Random,-1,1
6068,MinimaxQ,1,-1
6069,draw,0,0
6070,Random,-1,1
6071,MinimaxQ,1,-1
6072,draw,0,0
6073,MinimaxQ,1,-1
6074,draw,0,0
6075,draw,0,0
6076,MinimaxQ,1,-1
6077,Random,-1,1
6078,MinimaxQ,1,-1
6079,Random,-1,1
6080,draw,0,0
6081,MinimaxQ,1,-1
6082,Random,-1,1
6083,MinimaxQ,1,-1
6084,MinimaxQ,1,-1
6085,draw,0,0
6086,MinimaxQ,1,-1
6087,draw,0,0
6088,draw,0,0
6089,MinimaxQ,1,-1
6090,MinimaxQ,1,-1
6091,draw,0,0
6092,MinimaxQ,1,-1
6093,MinimaxQ,1,-1
6094,draw,0,0
6095,draw,0,0
6096,MinimaxQ,1,-1
6097,MinimaxQ,1,-1
6098,draw,0,0
6099,MinimaxQ,1,-1
6100,MinimaxQ,1,-1
6101,Random,-1,1
6102,draw,0,0
6103,Random,-1,1
6104,MinimaxQ,1,-1
6105,MinimaxQ,1,-1
6106,MinimaxQ,1,-1
6107,draw,0,0
6108,MinimaxQ,1,-1
6109,Random,-1,1
6110,draw,0,0
6111,MinimaxQ,1,-1
6112,Random,-1,1
6113,MinimaxQ,1,-1
6114,draw,0,0
6115,draw,0,0
6116,Random,-1,1
6117,draw,0,0
6118,draw,0,0
6119,MinimaxQ,1,-1
6120,Random,-1,1
6121,draw,0,0
6122,MinimaxQ,1,-1
6123,draw,0,0
6124,MinimaxQ,1,-1
6125,Random,-1,1
6126,MinimaxQ,1,-1
6127,MinimaxQ,1,-1
6128,MinimaxQ,1,-1
6129,draw,0,0
6130,MinimaxQ,1,-1
6131,Random,-1,1
6132,Random,-1,1
6133,MinimaxQ,1,-1
6134,draw,0,0
6135,draw,0,0
6136,MinimaxQ,1,-1
6137,MinimaxQ,1,-1
6138,MinimaxQ,1,-1
6139,draw,0,0
6140,MinimaxQ,1,-1
6141,MinimaxQ,1,-1
6142,MinimaxQ,1,-1
6143,MinimaxQ,1,-1
6144,MinimaxQ,1,-1
6145,MinimaxQ,1,-1
6146,MinimaxQ,1,-1
6147,draw,0,0
6148,draw,0,0
6149,draw,0,0
6150,draw,0,0
6151,Random,-1,1
6152,draw,0,0
6153,draw,0,0
6154,Random,-1,1
6155,MinimaxQ,1,-1
6156,draw,0,0
6157,MinimaxQ,1,-1
6158,draw,0,0
6159,draw,0,0
6160,Random,-1,1
6161,draw,0,0
6162,MinimaxQ,1,-1
6163,draw,0,0
6164,MinimaxQ,1,-1
6165,draw,0,0
6166,draw,0,0
6167,MinimaxQ,1,-1
6168,MinimaxQ,1,-1
6169,MinimaxQ,1,-1
6170,draw,0,0
6171,MinimaxQ,1,-1
6172,draw,0,0
6173,draw,0,0
6174,Random,-1,1
6175,draw,0,0
6176,MinimaxQ,1,-1
6177,draw,0,0
6178,draw,0,0
6179,draw,0,0
6180,draw,0,0
6181,MinimaxQ,1,-1
6182,MinimaxQ,1,-1
6183,MinimaxQ,1,-1
6184,MinimaxQ,1,-1
6185,draw,0,0
6186,draw,0,0
6187,draw,0,0
6188,Random,-1,1
6189,Random,-1,1
6190,draw,0,0
6191,MinimaxQ,1,-1
6192,MinimaxQ,1,-1
6193,draw,0,0
6194,MinimaxQ,1,-1
6195,draw,0,0
6196,draw,0,0
6197,draw,0,0
6198,draw,0,0
6199,draw,0,0
6200,MinimaxQ,1,-1
6201,Random,-1,1
6202,Random,-1,1
6203,draw,0,0
6204,Random,-1,1
6205,MinimaxQ,1,-1
6206,MinimaxQ,1,-1
6207,Random,-1,1
6208,MinimaxQ,1,-1
6209,draw,0,0
6210,draw,0,0
6211,MinimaxQ,1,-1
6212,Random,-1,1
6213,MinimaxQ,1,-1
6214,MinimaxQ,1,-1
6215,MinimaxQ,1,-1
6216,MinimaxQ,1,-1
6217,MinimaxQ,1,-1
6218,MinimaxQ,1,-1
6219,draw,0,0
6220,MinimaxQ,1,-1
6221,Random,-1,1
6222,draw,0,0
6223,Random,-1,1
6224,MinimaxQ,1,-1
6225,draw,0,0
6226,MinimaxQ,1,-1
6227,MinimaxQ,1,-1
6228,MinimaxQ,1,-1
6229,draw,0,0
6230,Random,-1,1
6231,MinimaxQ,1,-1
6232,draw,0,0
6233,MinimaxQ,1,-1
6234,MinimaxQ,1,-1
6235,draw,0,0
6236,MinimaxQ,1,-1
6237,Random,-1,1
6238,MinimaxQ,1,-1
6239,MinimaxQ,1,-1
6240,draw,0,0
6241,MinimaxQ,1,-1
6242,draw,0,0
6243,MinimaxQ,1,-1
6244,draw,0,0
6245,Random,-1,1
6246,MinimaxQ,1,-1
6247,Random,-1,1
6248,Random,-1,1
6249,draw,0,0
6250,MinimaxQ,1,-1
6251,draw,0,0
6252,MinimaxQ,1,-1
6253,draw,0,0
6254,draw,0,0
6255,draw,0,0
6256,draw,0,0
6257,MinimaxQ,1,-1
6258,MinimaxQ,1,-1
6259,MinimaxQ,1,-1
6260,MinimaxQ,1,-1
6261,MinimaxQ,1,-1
6262,MinimaxQ,1,-1
6263,draw,0,0
6264,MinimaxQ,1,-1
6265,MinimaxQ,1,-1
6266,draw,0,0
6267,draw,0,0
6268,draw,0,0
6269,draw,0,0
6270,Random,-1,1
6271,Random,-1,1
6272,MinimaxQ,1,-1
6273,MinimaxQ,1,-1
6274,Random,-1,1
6275,draw,0,0
6276,MinimaxQ,1,-1
6277,MinimaxQ,1,-1
6278,draw,0,0
6279,draw,0,0
6280,MinimaxQ,1,-1
6281,Random,-1,1
6282,Random,-1,1
6283,MinimaxQ,1,-1
6284,MinimaxQ,1,-1
6285,MinimaxQ,1,-1
6286,draw,0,0
6287,MinimaxQ,1,-1
6288,MinimaxQ,1,-1
6289,MinimaxQ,1,-1
6290,MinimaxQ,1,-1
6291,MinimaxQ,1,-1
6292,draw,0,0
6293,MinimaxQ,1,-1
6294,draw,0,0
6295,MinimaxQ,1,-1
6296,Random,-1,1
6297,MinimaxQ,1,-1
6298,MinimaxQ,1,-1
6299,MinimaxQ,1,-1
6300,Random,-1,1
6301,MinimaxQ,1,-1
6302,draw,0,0
6303,draw,0,0
6304,MinimaxQ,1,-1
6305,draw,0,0
6306,draw,0,0
6307,MinimaxQ,1,-1
6308,MinimaxQ,1,-1
6309,MinimaxQ,1,-1
6310,Random,-1,1
6311,draw,0,0
6312,MinimaxQ,1,-1
6313,Random,-1,1
6314,MinimaxQ,1,-1
6315,draw,0,0
6316,draw,0,0
6317,draw,0,0
6318,draw,0,0
6319,draw,0,0
6320,Random,-1,1
6321,Random,-1,1
6322,MinimaxQ,1,-1
6323,MinimaxQ,1,-1
6324,MinimaxQ,1,-1
6325,MinimaxQ,1,-1
6326,MinimaxQ,1,-1
6327,draw,0,0
6328,Random,-1,1
6329,draw,0,0
6330,Random,-1,1
6331,draw,0,0
6332,draw,0,0
6333,Random,-1,1
6334,draw,0,0
6335,draw,0,0
6336,draw,0,0
6337,MinimaxQ,1,-1
6338,draw,0,0
6339,MinimaxQ,1,-1
6340,draw,0,0
6341,Random,-1,1
6342,draw,0,0
6343,MinimaxQ,1,-1
6344,MinimaxQ,1,-1
6345,MinimaxQ,1,-1
6346,MinimaxQ,1,-1
6347,Random,-1,1
6348,draw,0,0
6349,draw,0,0
6350,MinimaxQ,1,-1
6351,MinimaxQ,1,-1
6352,draw,0,0
6353,draw,0,0
6354,draw,0,0
6355,MinimaxQ,1,-1
6356,draw,0,0
6357,Random,-1,1
6358,draw,0,0
6359,MinimaxQ,1,-1
6360,Random,-1,1
6361,draw,0,0
6362,MinimaxQ,1,-1
6363,draw,0,0
6364,MinimaxQ,1,-1
6365,draw,0,0
6366,Random,-1,1
6367,Random,-1,1
6368,Random,-1,1
6369,MinimaxQ,1,-1
6370,MinimaxQ,1,-1
6371,MinimaxQ,1,-1
6372,MinimaxQ,1,-1
6373,draw,0,0
6374,draw,0,0
6375,MinimaxQ,1,-1
6376,MinimaxQ,1,-1
6377,Random,-1,1
6378,MinimaxQ,1,-1
6379,Random,-1,1
6380,MinimaxQ,1,-1
6381,MinimaxQ,1,-1
6382,MinimaxQ,1,-1
6383,MinimaxQ,1,-1
6384,MinimaxQ,1,-1
6385,MinimaxQ,1,-1
6386,Random,-1,1
6387,Random,-1,1
6388,Random,-1,1
6389,MinimaxQ,1,-1
6390,MinimaxQ,1,-1
6391,Random,-1,1
6392,draw,0,0
6393,MinimaxQ,1,-1
6394,MinimaxQ,1,-1
6395,draw,0,0
6396,MinimaxQ,1,-1
6397,MinimaxQ,1,-1
6398,Random,-1,1
6399,draw,0,0
6400,MinimaxQ,1,-1
6401,MinimaxQ,1,-1
6402,draw,0,0
6403,draw,0,0
6404,draw,0,0
6405,MinimaxQ,1,-1
6406,Random,-1,1
6407,Random,-1,1
6408,MinimaxQ,1,-1
6409,Random,-1,1
6410,Random,-1,1
6411,draw,0,0
6412,MinimaxQ,1,-1
6413,Random,-1,1
6414,draw,0,0
6415,MinimaxQ,1,-1
6416,MinimaxQ,1,-1
6417,draw,0,0
6418,MinimaxQ,1,-1
6419,MinimaxQ,1,-1
6420,MinimaxQ,1,-1
6421,Random,-1,1
6422,Random,-1,1
6423,Random,-1,1
6424,draw,0,0
6425,draw,0,0
6426,MinimaxQ,1,-1
6427,MinimaxQ,1,-1
6428,MinimaxQ,1,-1
6429,draw,0,0
6430,draw,0,0
6431,MinimaxQ,1,-1
6432,MinimaxQ,1,-1
6433,MinimaxQ,1,-1
6434,draw,0,0
6435,draw,0,0
6436,MinimaxQ,1,-1
6437,draw,0,0
6438,MinimaxQ,1,-1
6439,MinimaxQ,1,-1
6440,MinimaxQ,1,-1
6441,Random,-1,1
6442,Random,-1,1
6443,draw,0,0
6444,Random,-1,1
6445,draw,0,0
6446,MinimaxQ,1,-1
6447,draw,0,0
6448,draw,0,0
6449,MinimaxQ,1,-1
6450,MinimaxQ,1,-1
6451,MinimaxQ,1,-1
6452,draw,0,0
6453,MinimaxQ,1,-1
6454,MinimaxQ,1,-1
6455,MinimaxQ,1,-1
6456,MinimaxQ,1,-1
6457,MinimaxQ,1,-1
6458,MinimaxQ,1,-1
6459,MinimaxQ,1,-1
6460,MinimaxQ,1,-1
6461,Random,-1,1
6462,draw,0,0
6463,Random,-1,1
6464,draw,0,0
6465,MinimaxQ,1,-1
6466,MinimaxQ,1,-1
6467,MinimaxQ,1,-1
6468,Random,-1,1
6469,MinimaxQ,1,-1
6470,MinimaxQ,1,-1
6471,MinimaxQ,1,-1
6472,draw,0,0
6473,MinimaxQ,1,-1
6474,draw,0,0
6475,MinimaxQ,1,-1
6476,Random,-1,1
6477,MinimaxQ,1,-1
6478,draw,0,0
6479,Random,-1,1
6480,MinimaxQ,1,-1
6481,draw,0,0
6482,draw,0,0
6483,draw,0,0
6484,MinimaxQ,1,-1
6485,Random,-1,1
6486,draw,0,0
6487,MinimaxQ,1,-1
6488,draw,0,0
6489,draw,0,0
6490,draw,0,0
6491,MinimaxQ,1,-1
6492,Random,-1,1
6493,draw,0,0
6494,MinimaxQ,1,-1
6495,MinimaxQ,1,-1
6496,MinimaxQ,1,-1
6497,Random,-1,1
6498,draw,0,0
6499,draw,0,0
6500,Random,-1,1
6501,draw,0,0
6502,MinimaxQ,1,-1
6503,MinimaxQ,1,-1
6504,MinimaxQ,1,-1
6505,draw,0,0
6506,MinimaxQ,1,-1
6507,Random,-1,1
6508,draw,0,0
6509,draw,0,0
6510,MinimaxQ,1,-1
6511,MinimaxQ,1,-1
6512,Random,-1,1
6513,Random,-1,1
6514,MinimaxQ,1,-1
6515,MinimaxQ,1,-1
6516,MinimaxQ,1,-1
6517,MinimaxQ,1,-1
6518,Random,-1,1
6519,draw,0,0
6520,MinimaxQ,1,-1
6521,MinimaxQ,1,-1
6522,MinimaxQ,1,-1
6523,MinimaxQ,1,-1
6524,Random,-1,1
6525,Random,-1,1
6526,draw,0,0
6527,draw,0,0
6528,MinimaxQ,1,-1
6529,MinimaxQ,1,-1
6530,MinimaxQ,1,-1
6531,MinimaxQ,1,-1
6532,MinimaxQ,1,-1
6533,Random,-1,1
6534,MinimaxQ,1,-1
6535,draw,0,0
6536,draw,0,0
6537,MinimaxQ,1,-1
6538,MinimaxQ,1,-1
6539,MinimaxQ,1,-1
6540,draw,0,0
6541,Random,-1,1
6542,MinimaxQ,1,-1
6543,draw,0,0
6544,Random,-1,1
6545,draw,0,0
6546,MinimaxQ,1,-1
6547,MinimaxQ,1,-1
6548,draw,0,0
6549,draw,0,0
6550,MinimaxQ,1,-1
6551,MinimaxQ,1,-1
6552,MinimaxQ,1,-1
6553,MinimaxQ,1,-1
6554,MinimaxQ,1,-1
6555,MinimaxQ,1,-1
6556,draw,0,0
6557,MinimaxQ,1,-1
6558,draw,0,0
6559,Random,-1,1
6560,draw,0,0
6561,draw,0,0
6562,draw,0,0
6563,MinimaxQ,1,-1
6564,MinimaxQ,1,-1
6565,MinimaxQ,1,-1
6566,MinimaxQ,1,-1
6567,MinimaxQ,1,-1
6568,draw,0,0
6569,MinimaxQ,1,-1
6570,MinimaxQ,1,-1
6571,draw,0,0
6572,MinimaxQ,1,-1
6573,Random,-1,1
6574,Random,-1,1
6575,draw,0,0
6576,MinimaxQ,1,-1
6577,draw,0,0
6578,MinimaxQ,1,-1
6579,MinimaxQ,1,-1
6580,MinimaxQ,1,-1
6581,Random,-1,1
6582,draw,0,0
6583,MinimaxQ,1,-1
6584,Random,-1,1
6585,draw,0,0
6586,MinimaxQ,1,-1
6587,draw,0,0
6588,draw,0,0
6589,MinimaxQ,1,-1
6590,MinimaxQ,1,-1
6591,draw,0,0
6592,draw,0,0
6593,draw,0,0
6594,MinimaxQ,1,-1
6595,draw,0,0
6596,Random,-1,1
6597,draw,0,0
6598,draw,0,0
6599,draw,0,0
6600,MinimaxQ,1,-1
6601,Random,-1,1
6602,draw,0,0
6603,MinimaxQ,1,-1
6604,Random,-1,1
6605,MinimaxQ,1,-1
6606,MinimaxQ,1,-1
6607,draw,0,0
6608,Random,-1,1
6609,draw,0,0
6610,MinimaxQ,1,-1
6611,MinimaxQ,1,-1
6612,draw,0,0
6613,MinimaxQ,1,-1
6614,draw,0,0
6615,draw,0,0
6616,MinimaxQ,1,-1
6617,draw,0,0
6618,draw,0,0
6619,draw,0,0
6620,draw,0,0
6621,MinimaxQ,1,-1
6622,MinimaxQ,1,-1
6623,Random,-1,1
6624,MinimaxQ,1,-1
6625,MinimaxQ,1,-1
6626,Random,-1,1
6627,draw,0,0
6628,Random,-1,1
6629,Random,-1,1
6630,MinimaxQ,1,-1
6631,draw,0,0
6632,draw,0,0
6633,Random,-1,1
6634,MinimaxQ,1,-1
6635,draw,0,0
6636,Random,-1,1
6637,Random,-1,1
6638,draw,0,0
6639,draw,0,0
6640,MinimaxQ,1,-1
6641,MinimaxQ,1,-1
6642,Random,-1,1
6643,MinimaxQ,1,-1
6644,MinimaxQ,1,-1
6645,MinimaxQ,1,-1
6646,MinimaxQ,1,-1
6647,draw,0,0
6648,MinimaxQ,1,-1
6649,MinimaxQ,1,-1
6650,MinimaxQ,1,-1
6651,MinimaxQ,1,-1
6652,draw,0,0
6653,MinimaxQ,1,-1
6654,MinimaxQ,1,-1
6655,draw,0,0
6656,MinimaxQ,1,-1
6657,draw,0,0
6658,draw,0,0
6659,MinimaxQ,1,-1
6660,Random,-1,1
6661,MinimaxQ,1,-1
6662,draw,0,0
6663,draw,0,0
6664,draw,0,0
6665,draw,0,0
6666,MinimaxQ,1,-1
6667,Random,-1,1
6668,Random,-1,1
6669,draw,0,0
6670,MinimaxQ,1,-1
6671,draw,0,0
6672,MinimaxQ,1,-1
6673,draw,0,0
6674,MinimaxQ,1,-1
6675,Random,-1,1
6676,draw,0,0
6677,MinimaxQ,1,-1
6678,MinimaxQ,1,-1
6679,draw,0,0
6680,MinimaxQ,1,-1
6681,MinimaxQ,1,-1
6682,Random,-1,1
6683,MinimaxQ,1,-1
6684,MinimaxQ,1,-1
6685,MinimaxQ,1,-1
6686,draw,0,0
6687,draw,0,0
6688,draw,0,0
6689,MinimaxQ,1,-1
6690,Random,-1,1
6691,draw,0,0
6692,MinimaxQ,1,-1
6693,MinimaxQ,1,-1
6694,draw,0,0
6695,Random,-1,1
6696,draw,0,0
6697,Random,-1,1
6698,draw,0,0
6699,MinimaxQ,1,-1
6700,draw,0,0
6701,MinimaxQ,1,-1
6702,MinimaxQ,1,-1
6703,draw,0,0
6704,Random,-1,1
6705,MinimaxQ,1,-1
6706,draw,0,0
6707,Random,-1,1
6708,MinimaxQ,1,-1
6709,Random,-1,1
6710,MinimaxQ,1,-1
6711,MinimaxQ,1,-1
6712,draw,0,0
6713,MinimaxQ,1,-1
6714,draw,0,0
6715,Random,-1,1
6716,draw,0,0
6717,Random,-1,1
6718,Random,-1,1
6719,Random,-1,1
6720,MinimaxQ,1,-1
6721,MinimaxQ,1,-1
6722,Random,-1,1
6723,draw,0,0
6724,MinimaxQ,1,-1
6725,MinimaxQ,1,-1
6726,draw,0,0
6727,MinimaxQ,1,-1
6728,draw,0,0
6729,draw,0,0
6730,MinimaxQ,1,-1
6731,MinimaxQ,1,-1
6732,draw,0,0
6733,draw,0,0
6734,MinimaxQ,1,-1
6735,Random,-1,1
6736,draw,0,0
6737,MinimaxQ,1,-1
6738,MinimaxQ,1,-1
6739,Random,-1,1
6740,MinimaxQ,1,-1
6741,draw,0,0
6742,draw,0,0
6743,MinimaxQ,1,-1
6744,draw,0,0
6745,draw,0,0
6746,MinimaxQ,1,-1
6747,draw,0,0
6748,MinimaxQ,1,-1
6749,MinimaxQ,1,-1
6750,draw,0,0
6751,Random,-1,1
6752,draw,0,0
6753,MinimaxQ,1,-1
6754,MinimaxQ,1,-1
6755,draw,0,0
6756,Random,-1,1
6757,MinimaxQ,1,-1
6758,MinimaxQ,1,-1
6759,draw,0,0
6760,MinimaxQ,1,-1
6761,MinimaxQ,1,-1
6762,Random,-1,1
6763,Random,-1,1
6764,MinimaxQ,1,-1
6765,MinimaxQ,1,-1
6766,draw,0,0
6767,MinimaxQ,1,-1
6768,draw,0,0
6769,MinimaxQ,1,-1
6770,MinimaxQ,1,-1
6771,draw,0,0
6772,draw,0,0
6773,draw,0,0
6774,MinimaxQ,1,-1
6775,MinimaxQ,1,-1
6776,MinimaxQ,1,-1
6777,MinimaxQ,1,-1
6778,draw,0,0
6779,Random,-1,1
6780,MinimaxQ,1,-1
6781,draw,0,0
6782,MinimaxQ,1,-1
6783,draw,0,0
6784,MinimaxQ,1,-1
6785,Random,-1,1
6786,MinimaxQ,1,-1
6787,draw,0,0
6788,Random,-1,1
6789,MinimaxQ,1,-1
6790,Random,-1,1
6791,Random,-1,1
6792,MinimaxQ,1,-1
6793,MinimaxQ,1,-1
6794,draw,0,0
6795,draw,0,0
6796,MinimaxQ,1,-1
6797,draw,0,0
6798,MinimaxQ,1,-1
6799,MinimaxQ,1,-1
6800,MinimaxQ,1,-1
6801,MinimaxQ,1,-1
6802,draw,0,0
6803,MinimaxQ,1,-1
6804,draw,0,0
6805,MinimaxQ,1,-1
6806,draw,0,0
6807,Random,-1,1
6808,MinimaxQ,1,-1
6809,Random,-1,1
6810,draw,0,0
6811,MinimaxQ,1,-1
6812,MinimaxQ,1,-1
6813,MinimaxQ,1,-1
6814,Random,-1,1
6815,draw,0,0
6816,Random,-1,1
6817,MinimaxQ,1,-1
6818,MinimaxQ,1,-1
6819,draw,0,0
6820,draw,0,0
6821,MinimaxQ,1,-1
6822,draw,0,0
6823,MinimaxQ,1,-1
6824,draw,0,0
6825,draw,0,0
6826,Random,-1,1
6827,draw,0,0
6828,Random,-1,1
6829,draw,0,0
6830,MinimaxQ,1,-1
6831,draw,0,0
6832,MinimaxQ,1,-1
6833,draw,0,0
6834,draw,0,0
6835,MinimaxQ,1,-1
6836,MinimaxQ,1,-1
6837,draw,0,0
6838,MinimaxQ,1,-1
6839,draw,0,0
6840,draw,0,0
6841,MinimaxQ,1,-1
6842,draw,0,0
6843,MinimaxQ,1,-1
6844,draw,0,0
6845,MinimaxQ,1,-1
6846,Random,-1,1
6847,MinimaxQ,1,-1
6848,Random,-1,1
6849,MinimaxQ,1,-1
6850,draw,0,0
6851,MinimaxQ,1,-1
6852,MinimaxQ,1,-1
6853,MinimaxQ,1,-1
6854,MinimaxQ,1,-1
6855,Random,-1,1
6856,MinimaxQ,1,-1
6857,MinimaxQ,1,-1
6858,MinimaxQ,1,-1
6859,MinimaxQ,1,-1
6860,MinimaxQ,1,-1
6861,draw,0,0
6862,draw,0,0
6863,MinimaxQ,1,-1
6864,draw,0,0
6865,MinimaxQ,1,-1
6866,MinimaxQ,1,-1
6867,MinimaxQ,1,-1
6868,draw,0,0
6869,MinimaxQ,1,-1
6870,Random,-1,1
6871,MinimaxQ,1,-1
6872,Random,-1,1
6873,MinimaxQ,1,-1
6874,Random,-1,1
6875,MinimaxQ,1,-1
6876,MinimaxQ,1,-1
6877,MinimaxQ,1,-1
6878,MinimaxQ,1,-1
6879,MinimaxQ,1,-1
6880,draw,0,0
6881,draw,0,0
6882,MinimaxQ,1,-1
6883,MinimaxQ,1,-1
6884,Random,-1,1
6885,draw,0,0
6886,draw,0,0
6887,draw,0,0
6888,MinimaxQ,1,-1
6889,Random,-1,1
6890,MinimaxQ,1,-1
6891,MinimaxQ,1,-1
6892,draw,0,0
6893,Random,-1,1
6894,MinimaxQ,1,-1
6895,MinimaxQ,1,-1
6896,MinimaxQ,1,-1
6897,draw,0,0
6898,Random,-1,1
6899,draw,0,0
6900,MinimaxQ,1,-1
6901,Random,-1,1
6902,draw,0,0
6903,MinimaxQ,1,-1
6904,MinimaxQ,1,-1
6905,draw,0,0
6906,Random,-1,1
6907,MinimaxQ,1,-1
6908,MinimaxQ,1,-1
6909,draw,0,0
6910,Random,-1,1
6911,Random,-1,1
6912,MinimaxQ,1,-1
6913,MinimaxQ,1,-1
6914,Random,-1,1
6915,MinimaxQ,1,-1
6916,Random,-1,1
6917,MinimaxQ,1,-1
6918,Random,-1,1
6919,Random,-1,1
6920,Random,-1,1
6921,MinimaxQ,1,-1
6922,draw,0,0
6923,MinimaxQ,1,-1
6924,Random,-1,1
6925,Random,-1,1
6926,MinimaxQ,1,-1
6927,draw,0,0
6928,Random,-1,1
6929,Random,-1,1
6930,draw,0,0
6931,Random,-1,1
6932,MinimaxQ,1,-1
6933,MinimaxQ,1,-1
6934,MinimaxQ,1,-1
6935,MinimaxQ,1,-1
6936,Random,-1,1
6937,Random,-1,1
6938,draw,0,0
6939,draw,0,0
6940,draw,0,0
6941,draw,0,0
6942,draw,0,0
6943,draw,0,0
6944,MinimaxQ,1,-1
6945,draw,0,0
6946,MinimaxQ,1,-1
6947,Random,-1,1
6948,MinimaxQ,1,-1
6949,MinimaxQ,1,-1
6950,draw,0,0
6951,draw,0,0
6952,draw,0,0
6953,MinimaxQ,1,-1
6954,draw,0,0
6955,draw,0,0
6956,Random,-1,1
6957,draw,0,0
6958,MinimaxQ,1,-1
6959,MinimaxQ,1,-1
6960,draw,0,0
6961,Random,-1,1
6962,draw,0,0
6963,draw,0,0
6964,MinimaxQ,1,-1
6965,MinimaxQ,1,-1
6966,MinimaxQ,1,-1
6967,Random,-1,1
6968,Random,-1,1
6969,draw,0,0
6970,draw,0,0
6971,MinimaxQ,1,-1
6972,Random,-1,1
6973,MinimaxQ,1,-1
6974,draw,0,0
6975,MinimaxQ,1,-1
6976,MinimaxQ,1,-1
6977,MinimaxQ,1,-1
6978,Random,-1,1
6979,MinimaxQ,1,-1
6980,draw,0,0
6981,draw,0,0
6982,Random,-1,1
6983,draw,0,0
6984,draw,0,0
6985,MinimaxQ,1,-1
6986,draw,0,0
6987,MinimaxQ,1,-1
6988,draw,0,0
6989,draw,0,0
6990,draw,0,0
6991,MinimaxQ,1,-1
6992,draw,0,0
6993,MinimaxQ,1,-1
6994,MinimaxQ,1,-1
6995,draw,0,0
6996,MinimaxQ,1,-1
6997,draw,0,0
6998,MinimaxQ,1,-1
6999,MinimaxQ,1,-1
7000,Random,-1,1
7001,MinimaxQ,1,-1
7002,draw,0,0
7003,draw,0,0
7004,draw,0,0
7005,draw,0,0
7006,MinimaxQ,1,-1
7007,MinimaxQ,1,-1
7008,Random,-1,1
7009,draw,0,0
7010,MinimaxQ,1,-1
7011,MinimaxQ,1,-1
7012,MinimaxQ,1,-1
7013,draw,0,0
7014,MinimaxQ,1,-1
7015,draw,0,0
7016,MinimaxQ,1,-1
7017,draw,0,0
7018,MinimaxQ,1,-1
7019,MinimaxQ,1,-1
7020,draw,0,0
7021,Random,-1,1
7022,draw,0,0
7023,Random,-1,1
7024,Random,-1,1
7025,draw,0,0
7026,draw,0,0
7027,MinimaxQ,1,-1
7028,MinimaxQ,1,-1
7029,Random,-1,1
7030,MinimaxQ,1,-1
7031,draw,0,0
7032,MinimaxQ,1,-1
7033,draw,0,0
7034,MinimaxQ,1,-1
7035,MinimaxQ,1,-1
7036,MinimaxQ,1,-1
7037,MinimaxQ,1,-1
7038,MinimaxQ,1,-1
7039,MinimaxQ,1,-1
7040,Random,-1,1
7041,draw,0,0
7042,MinimaxQ,1,-1
7043,draw,0,0
7044,draw,0,0
7045,Random,-1,1
7046,Random,-1,1
7047,Random,-1,1
7048,Random,-1,1
7049,MinimaxQ,1,-1
7050,Random,-1,1
7051,MinimaxQ,1,-1
7052,MinimaxQ,1,-1
7053,draw,0,0
7054,draw,0,0
7055,draw,0,0
7056,Random,-1,1
7057,draw,0,0
7058,MinimaxQ,1,-1
7059,Random,-1,1
7060,draw,0,0
7061,Random,-1,1
7062,Random,-1,1
7063,MinimaxQ,1,-1
7064,Random,-1,1
7065,MinimaxQ,1,-1
7066,Random,-1,1
7067,Random,-1,1
7068,MinimaxQ,1,-1
7069,MinimaxQ,1,-1
7070,Random,-1,1
7071,draw,0,0
7072,Random,-1,1
7073,Random,-1,1
7074,draw,0,0
7075,draw,0,0
7076,Random,-1,1
7077,MinimaxQ,1,-1
7078,draw,0,0
7079,MinimaxQ,1,-1
7080,draw,0,0
7081,MinimaxQ,1,-1
7082,draw,0,0
7083,draw,0,0
7084,MinimaxQ,1,-1
7085,draw,0,0
7086,MinimaxQ,1,-1
7087,MinimaxQ,1,-1
7088,MinimaxQ,1,-1
7089,MinimaxQ,1,-1
7090,MinimaxQ,1,-1
7091,MinimaxQ,1,-1
7092,Random,-1,1
7093,draw,0,0
7094,MinimaxQ,1,-1
7095,draw,0,0
7096,MinimaxQ,1,-1
7097,Random,-1,1
7098,Random,-1,1
7099,draw,0,0
7100,MinimaxQ,1,-1
7101,MinimaxQ,1,-1
7102,Random,-1,1
7103,MinimaxQ,1,-1
7104,draw,0,0
7105,draw,0,0
7106,Random,-1,1
7107,Random,-1,1
7108,MinimaxQ,1,-1
7109,draw,0,0
7110,draw,0,0
7111,MinimaxQ,1,-1
7112,draw,0,0
7113,MinimaxQ,1,-1
7114,Random,-1,1
7115,draw,0,0
7116,MinimaxQ,1,-1
7117,MinimaxQ,1,-1
7118,draw,0,0
7119,draw,0,0
7120,MinimaxQ,1,-1
7121,Random,-1,1
7122,MinimaxQ,1,-1
7123,draw,0,0
7124,MinimaxQ,1,-1
7125,Random,-1,1
7126,MinimaxQ,1,-1
7127,MinimaxQ,1,-1
7128,MinimaxQ,1,-1
7129,MinimaxQ,1,-1
7130,MinimaxQ,1,-1
7131,MinimaxQ,1,-1
7132,Random,-1,1
7133,Random,-1,1
7134,draw,0,0
7135,MinimaxQ,1,-1
7136,draw,0,0
7137,MinimaxQ,1,-1
7138,draw,0,0
7139,MinimaxQ,1,-1
7140,Random,-1,1
7141,MinimaxQ,1,-1
7142,MinimaxQ,1,-1
7143,MinimaxQ,1,-1
7144,MinimaxQ,1,-1
7145,draw,0,0
7146,draw,0,0
7147,MinimaxQ,1,-1
7148,MinimaxQ,1,-1
7149,MinimaxQ,1,-1
7150,draw,0,0
7151,draw,0,0
7152,draw,0,0
7153,MinimaxQ,1,-1
7154,Random,-1,1
7155,MinimaxQ,1,-1
7156,MinimaxQ,1,-1
7157,draw,0,0
7158,draw,0,0
7159,MinimaxQ,1,-1
7160,MinimaxQ,1,-1
7161,MinimaxQ,1,-1
7162,draw,0,0
7163,draw,0,0
7164,MinimaxQ,1,-1
7165,draw,0,0
7166,draw,0,0
7167,MinimaxQ,1,-1
7168,MinimaxQ,1,-1
7169,draw,0,0
7170,draw,0,0
7171,Random,-1,1
7172,draw,0,0
7173,draw,0,0
7174,draw,0,0
7175,draw,0,0
7176,MinimaxQ,1,-1
7177,draw,0,0
7178,MinimaxQ,1,-1
7179,MinimaxQ,1,-1
7180,draw,0,0
7181,draw,0,0
7182,MinimaxQ,1,-1
7183,draw,0,0
7184,MinimaxQ,1,-1
7185,draw,0,0
7186,MinimaxQ,1,-1
7187,MinimaxQ,1,-1
7188,draw,0,0
7189,draw,0,0
7190,MinimaxQ,1,-1
7191,draw,0,0
7192,MinimaxQ,1,-1
7193,MinimaxQ,1,-1
7194,draw,0,0
7195,MinimaxQ,1,-1
7196,MinimaxQ,1,-1
7197,draw,0,0
7198,MinimaxQ,1,-1
7199,Random,-1,1
7200,Random,-1,1
7201,Random,-1,1
7202,MinimaxQ,1,-1
7203,draw,0,0
7204,MinimaxQ,1,-1
7205,Random,-1,1
7206,MinimaxQ,1,-1
7207,MinimaxQ,1,-1
7208,MinimaxQ,1,-1
7209,MinimaxQ,1,-1
7210,Random,-1,1
7211,MinimaxQ,1,-1
7212,MinimaxQ,1,-1
7213,draw,0,0
7214,MinimaxQ,1,-1
7215,MinimaxQ,1,-1
7216,Random,-1,1
7217,MinimaxQ,1,-1
7218,draw,0,0
7219,MinimaxQ,1,-1
7220,draw,0,0
7221,MinimaxQ,1,-1
7222,Random,-1,1
7223,draw,0,0
7224,draw,0,0
7225,MinimaxQ,1,-1
7226,draw,0,0
7227,MinimaxQ,1,-1
7228,MinimaxQ,1,-1
7229,MinimaxQ,1,-1
7230,MinimaxQ,1,-1
7231,MinimaxQ,1,-1
7232,MinimaxQ,1,-1
7233,MinimaxQ,1,-1
7234,Random,-1,1
7235,MinimaxQ,1,-1
7236,MinimaxQ,1,-1
7237,Random,-1,1
7238,MinimaxQ,1,-1
7239,draw,0,0
7240,MinimaxQ,1,-1
7241,MinimaxQ,1,-1
7242,MinimaxQ,1,-1
7243,MinimaxQ,1,-1
7244,Random,-1,1
7245,MinimaxQ,1,-1
7246,Random,-1,1
7247,Random,-1,1
7248,MinimaxQ,1,-1
7249,draw,0,0
7250,MinimaxQ,1,-1
7251,draw,0,0
7252,MinimaxQ,1,-1
7253,MinimaxQ,1,-1
7254,MinimaxQ,1,-1
7255,draw,0,0
7256,draw,0,0
7257,Random,-1,1
7258,draw,0,0
7259,MinimaxQ,1,-1
7260,MinimaxQ,1,-1
7261,MinimaxQ,1,-1
7262,draw,0,0
7263,draw,0,0
7264,draw,0,0
7265,draw,0,0
7266,draw,0,0
7267,draw,0,0
7268,MinimaxQ,1,-1
7269,draw,0,0
7270,MinimaxQ,1,-1
7271,MinimaxQ,1,-1
7272,draw,0,0
7273,draw,0,0
7274,MinimaxQ,1,-1
7275,Random,-1,1
7276,MinimaxQ,1,-1
7277,MinimaxQ,1,-1
7278,draw,0,0
7279,Random,-1,1
7280,draw,0,0
7281,draw,0,0
7282,Random,-1,1
7283,draw,0,0
7284,MinimaxQ,1,-1
7285,Random,-1,1
7286,MinimaxQ,1,-1
7287,Random,-1,1
7288,Random,-1,1
7289,draw,0,0
7290,draw,0,0
7291,draw,0,0
7292,draw,0,0
7293,MinimaxQ,1,-1
7294,MinimaxQ,1,-1
7295,draw,0,0
7296,draw,0,0
7297,draw,0,0
7298,Random,-1,1
7299,draw,0,0
7300,draw,0,0
7301,draw,0,0
7302,MinimaxQ,1,-1
7303,draw,0,0
7304,MinimaxQ,1,-1
7305,Random,-1,1
7306,draw,0,0
7307,MinimaxQ,1,-1
7308,draw,0,0
7309,draw,0,0
7310,MinimaxQ,1,-1
7311,MinimaxQ,1,-1
7312,MinimaxQ,1,-1
7313,draw,0,0
7314,MinimaxQ,1,-1
7315,draw,0,0
7316,Random,-1,1
7317,draw,0,0
7318,MinimaxQ,1,-1
7319,MinimaxQ,1,-1
7320,MinimaxQ,1,-1
7321,draw,0,0
7322,MinimaxQ,1,-1
7323,MinimaxQ,1,-1
7324,MinimaxQ,1,-1
7325,Random,-1,1
7326,draw,0,0
7327,Random,-1,1
7328,draw,0,0
7329,MinimaxQ,1,-1
7330,draw,0,0
7331,MinimaxQ,1,-1
7332,MinimaxQ,1,-1
7333,MinimaxQ,1,-1
7334,MinimaxQ,1,-1
7335,draw,0,0
7336,draw,0,0
7337,Random,-1,1
7338,MinimaxQ,1,-1
7339,draw,0,0
7340,Random,-1,1
7341,MinimaxQ,1,-1
7342,Random,-1,1
7343,draw,0,0
7344,draw,0,0
7345,Random,-1,1
7346,MinimaxQ,1,-1
7347,MinimaxQ,1,-1
7348,Random,-1,1
7349,draw,0,0
7350,MinimaxQ,1,-1
7351,MinimaxQ,1,-1
7352,Random,-1,1
7353,Random,-1,1
7354,MinimaxQ,1,-1
7355,draw,0,0
7356,draw,0,0
7357,MinimaxQ,1,-1
7358,MinimaxQ,1,-1
7359,draw,0,0
7360,MinimaxQ,1,-1
7361,draw,0,0
7362,MinimaxQ,1,-1
7363,MinimaxQ,1,-1
7364,draw,0,0
7365,MinimaxQ,1,-1
7366,MinimaxQ,1,-1
7367,Random,-1,1
7368,MinimaxQ,1,-1
7369,Random,-1,1
7370,MinimaxQ,1,-1
7371,draw,0,0
7372,MinimaxQ,1,-1
7373,MinimaxQ,1,-1
7374,MinimaxQ,1,-1
7375,MinimaxQ,1,-1
7376,MinimaxQ,1,-1
7377,draw,0,0
7378,MinimaxQ,1,-1
7379,draw,0,0
7380,Random,-1,1
7381,draw,0,0
7382,MinimaxQ,1,-1
7383,MinimaxQ,1,-1
7384,MinimaxQ,1,-1
7385,Random,-1,1
7386,draw,0,0
7387,draw,0,0
7388,MinimaxQ,1,-1
7389,draw,0,0
7390,Random,-1,1
7391,Random,-1,1
7392,draw,0,0
7393,MinimaxQ,1,-1
7394,MinimaxQ,1,-1
7395,draw,0,0
7396,draw,0,0
7397,draw,0,0
7398,MinimaxQ,1,-1
7399,Random,-1,1
7400,MinimaxQ,1,-1
7401,MinimaxQ,1,-1
7402,MinimaxQ,1,-1
7403,MinimaxQ,1,-1
7404,Random,-1,1
7405,MinimaxQ,1,-1
7406,draw,0,0
7407,draw,0,0
7408,draw,0,0
7409,Random,-1,1
7410,MinimaxQ,1,-1
7411,MinimaxQ,1,-1
7412,MinimaxQ,1,-1
7413,MinimaxQ,1,-1
7414,draw,0,0
7415,draw,0,0
7416,MinimaxQ,1,-1
7417,draw,0,0
7418,Random,-1,1
7419,MinimaxQ,1,-1
7420,MinimaxQ,1,-1
7421,MinimaxQ,1,-1
7422,MinimaxQ,1,-1
7423,draw,0,0
7424,Random,-1,1
7425,MinimaxQ,1,-1
7426,draw,0,0
7427,MinimaxQ,1,-1
7428,draw,0,0
7429,MinimaxQ,1,-1
7430,Random,-1,1
7431,Random,-1,1
7432,Random,-1,1
7433,MinimaxQ,1,-1
7434,draw,0,0
7435,draw,0,0
7436,Random,-1,1
7437,Random,-1,1
7438,MinimaxQ,1,-1
7439,draw,0,0
7440,Random,-1,1
7441,draw,0,0
7442,draw,0,0
7443,Random,-1,1
7444,MinimaxQ,1,-1
7445,Random,-1,1
7446,MinimaxQ,1,-1
7447,MinimaxQ,1,-1
7448,MinimaxQ,1,-1
7449,MinimaxQ,1,-1
7450,MinimaxQ,1,-1
7451,draw,0,0
7452,draw,0,0
7453,draw,0,0
7454,draw,0,0
7455,MinimaxQ,1,-1
7456,MinimaxQ,1,-1
7457,MinimaxQ,1,-1
7458,Random,-1,1
7459,draw,0,0
7460,MinimaxQ,1,-1
7461,draw,0,0
7462,MinimaxQ,1,-1
7463,draw,0,0
7464,MinimaxQ,1,-1
7465,MinimaxQ,1,-1
7466,MinimaxQ,1,-1
7467,MinimaxQ,1,-1
7468,draw,0,0
7469,draw,0,0
7470,MinimaxQ,1,-1
7471,MinimaxQ,1,-1
7472,Random,-1,1
7473,MinimaxQ,1,-1
7474,MinimaxQ,1,-1
7475,MinimaxQ,1,-1
7476,draw,0,0
7477,MinimaxQ,1,-1
7478,MinimaxQ,1,-1
7479,draw,0,0
7480,MinimaxQ,1,-1
7481,draw,0,0
7482,Random,-1,1
7483,Random,-1,1
7484,MinimaxQ,1,-1
7485,MinimaxQ,1,-1
7486,Random,-1,1
7487,MinimaxQ,1,-1
7488,draw,0,0
7489,MinimaxQ,1,-1
7490,draw,0,0
7491,MinimaxQ,1,-1
7492,draw,0,0
7493,draw,0,0
7494,MinimaxQ,1,-1
7495,MinimaxQ,1,-1
7496,MinimaxQ,1,-1
7497,MinimaxQ,1,-1
7498,MinimaxQ,1,-1
7499,MinimaxQ,1,-1
7500,MinimaxQ,1,-1
7501,MinimaxQ,1,-1
7502,MinimaxQ,1,-1
7503,MinimaxQ,1,-1
7504,MinimaxQ,1,-1
7505,Random,-1,1
7506,draw,0,0
7507,Random,-1,1
7508,draw,0,0
7509,MinimaxQ,1,-1
7510,MinimaxQ,1,-1
7511,draw,0,0
7512,Random,-1,1
7513,draw,0,0
7514,MinimaxQ,1,-1
7515,MinimaxQ,1,-1
7516,MinimaxQ,1,-1
7517,MinimaxQ,1,-1
7518,draw,0,0
7519,Random,-1,1
7520,draw,0,0
7521,Random,-1,1
7522,draw,0,0
7523,MinimaxQ,1,-1
7524,draw,0,0
7525,MinimaxQ,1,-1
7526,Random,-1,1
7527,draw,0,0
7528,MinimaxQ,1,-1
7529,MinimaxQ,1,-1
7530,draw,0,0
7531,MinimaxQ,1,-1
7532,MinimaxQ,1,-1
7533,MinimaxQ,1,-1
7534,MinimaxQ,1,-1
7535,draw,0,0
7536,MinimaxQ,1,-1
7537,MinimaxQ,1,-1
7538,draw,0,0
7539,draw,0,0
7540,draw,0,0
7541,MinimaxQ,1,-1
7542,MinimaxQ,1,-1
7543,draw,0,0
7544,draw,0,0
7545,draw,0,0
7546,MinimaxQ,1,-1
7547,draw,0,0
7548,MinimaxQ,1,-1
7549,draw,0,0
7550,draw,0,0
7551,MinimaxQ,1,-1
7552,MinimaxQ,1,-1
7553,draw,0,0
7554,draw,0,0
7555,MinimaxQ,1,-1
7556,MinimaxQ,1,-1
7557,Random,-1,1
7558,draw,0,0
7559,MinimaxQ,1,-1
7560,draw,0,0
7561,Random,-1,1
7562,Random,-1,1
7563,MinimaxQ,1,-1
7564,MinimaxQ,1,-1
7565,draw,0,0
7566,Random,-1,1
7567,draw,0,0
7568,MinimaxQ,1,-1
7569,Random,-1,1
7570,MinimaxQ,1,-1
7571,Random,-1,1
7572,MinimaxQ,1,-1
7573,MinimaxQ,1,-1
7574,draw,0,0
7575,draw,0,0
7576,draw,0,0
7577,draw,0,0
7578,MinimaxQ,1,-1
7579,MinimaxQ,1,-1
7580,draw,0,0
7581,Random,-1,1
7582,Random,-1,1
7583,Random,-1,1
7584,MinimaxQ,1,-1
7585,MinimaxQ,1,-1
7586,MinimaxQ,1,-1
7587,draw,0,0
7588,draw,0,0
7589,MinimaxQ,1,-1
7590,MinimaxQ,1,-1
7591,Random,-1,1
7592,MinimaxQ,1,-1
7593,Random,-1,1
7594,MinimaxQ,1,-1
7595,MinimaxQ,1,-1
7596,draw,0,0
7597,MinimaxQ,1,-1
7598,draw,0,0
7599,draw,0,0
7600,MinimaxQ,1,-1
7601,MinimaxQ,1,-1
7602,Random,-1,1
7603,draw,0,0
7604,MinimaxQ,1,-1
7605,draw,0,0
7606,MinimaxQ,1,-1
7607,Random,-1,1
7608,MinimaxQ,1,-1
7609,MinimaxQ,1,-1
7610,draw,0,0
7611,MinimaxQ,1,-1
7612,MinimaxQ,1,-1
7613,MinimaxQ,1,-1
7614,MinimaxQ,1,-1
7615,draw,0,0
7616,draw,0,0
7617,MinimaxQ,1,-1
7618,MinimaxQ,1,-1
7619,draw,0,0
7620,draw,0,0
7621,Random,-1,1
7622,Random,-1,1
7623,draw,0,0
7624,Random,-1,1
7625,MinimaxQ,1,-1
7626,draw,0,0
7627,draw,0,0
7628,MinimaxQ,1,-1
7629,Random,-1,1
7630,draw,0,0
7631,MinimaxQ,1,-1
7632,MinimaxQ,1,-1
7633,MinimaxQ,1,-1
7634,MinimaxQ,1,-1
7635,Random,-1,1
7636,draw,0,0
7637,MinimaxQ,1,-1
7638,Random,-1,1
7639,MinimaxQ,1,-1
7640,MinimaxQ,1,-1
7641,draw,0,0
7642,draw,0,0
7643,MinimaxQ,1,-1
7644,draw,0,0
7645,MinimaxQ,1,-1
7646,draw,0,0
7647,draw,0,0
7648,draw,0,0
7649,MinimaxQ,1,-1
7650,MinimaxQ,1,-1
7651,MinimaxQ,1,-1
7652,MinimaxQ,1,-1
7653,MinimaxQ,1,-1
7654,MinimaxQ,1,-1
7655,MinimaxQ,1,-1
7656,Random,-1,1
7657,draw,0,0
7658,draw,0,0
7659,MinimaxQ,1,-1
7660,MinimaxQ,1,-1
7661,draw,0,0
7662,draw,0,0
7663,MinimaxQ,1,-1
7664,draw,0,0
7665,MinimaxQ,1,-1
7666,MinimaxQ,1,-1
7667,MinimaxQ,1,-1
7668,draw,0,0
7669,MinimaxQ,1,-1
7670,MinimaxQ,1,-1
7671,draw,0,0
7672,draw,0,0
7673,MinimaxQ,1,-1
7674,MinimaxQ,1,-1
7675,Random,-1,1
7676,Random,-1,1
7677,MinimaxQ,1,-1
7678,MinimaxQ,1,-1
7679,draw,0,0
7680,draw,0,0
7681,draw,0,0
7682,MinimaxQ,1,-1
7683,MinimaxQ,1,-1
7684,MinimaxQ,1,-1
7685,MinimaxQ,1,-1
7686,draw,0,0
7687,Random,-1,1
7688,draw,0,0
7689,MinimaxQ,1,-1
7690,MinimaxQ,1,-1
7691,draw,0,0
7692,MinimaxQ,1,-1
7693,draw,0,0
7694,Random,-1,1
7695,draw,0,0
7696,draw,0,0
7697,draw,0,0
7698,MinimaxQ,1,-1
7699,Random,-1,1
7700,draw,0,0
7701,MinimaxQ,1,-1
7702,draw,0,0
7703,draw,0,0
7704,MinimaxQ,1,-1
7705,MinimaxQ,1,-1
7706,MinimaxQ,1,-1
7707,MinimaxQ,1,-1
7708,MinimaxQ,1,-1
7709,MinimaxQ,1,-1
7710,MinimaxQ,1,-1
7711,Random,-1,1
7712,draw,0,0
7713,draw,0,0
7714,MinimaxQ,1,-1
7715,draw,0,0
7716,Random,-1,1
7717,draw,0,0
7718,MinimaxQ,1,-1
7719,MinimaxQ,1,-1
7720,MinimaxQ,1,-1
7721,MinimaxQ,1,-1
7722,draw,0,0
7723,MinimaxQ,1,-1
7724,MinimaxQ,1,-1
7725,MinimaxQ,1,-1
7726,draw,0,0
7727,MinimaxQ,1,-1
7728,Random,-1,1
7729,draw,0,0
7730,Random,-1,1
7731,MinimaxQ,1,-1
7732,MinimaxQ,1,-1
7733,draw,0,0
7734,draw,0,0
7735,MinimaxQ,1,-1
7736,draw,0,0
7737,draw,0,0
7738,MinimaxQ,1,-1
7739,MinimaxQ,1,-1
7740,MinimaxQ,1,-1
7741,Random,-1,1
7742,MinimaxQ,1,-1
7743,MinimaxQ,1,-1
7744,draw,0,0
7745,draw,0,0
7746,draw,0,0
7747,MinimaxQ,1,-1
7748,MinimaxQ,1,-1
7749,draw,0,0
7750,Random,-1,1
7751,Random,-1,1
7752,Random,-1,1
7753,MinimaxQ,1,-1
7754,draw,0,0
7755,draw,0,0
7756,draw,0,0
7757,MinimaxQ,1,-1
7758,Random,-1,1
7759,draw,0,0
7760,MinimaxQ,1,-1
7761,MinimaxQ,1,-1
7762,draw,0,0
7763,draw,0,0
7764,draw,0,0
7765,Random,-1,1
7766,draw,0,0
7767,Random,-1,1
7768,MinimaxQ,1,-1
7769,Random,-1,1
7770,MinimaxQ,1,-1
7771,MinimaxQ,1,-1
7772,draw,0,0
7773,MinimaxQ,1,-1
7774,draw,0,0
7775,draw,0,0
7776,draw,0,0
7777,draw,0,0
7778,MinimaxQ,1,-1
7779,draw,0,0
7780,draw,0,0
7781,draw,0,0
7782,draw,0,0
7783,Random,-1,1
7784,MinimaxQ,1,-1
7785,draw,0,0
7786,MinimaxQ,1,-1
7787,Random,-1,1
7788,draw,0,0
7789,MinimaxQ,1,-1
7790,Random,-1,1
7791,Random,-1,1
7792,draw,0,0
7793,MinimaxQ,1,-1
7794,MinimaxQ,1,-1
7795,Random,-1,1
7796,MinimaxQ,1,-1
7797,Random,-1,1
7798,draw,0,0
7799,draw,0,0
7800,draw,0,0
7801,MinimaxQ,1,-1
7802,MinimaxQ,1,-1
7803,draw,0,0
7804,MinimaxQ,1,-1
7805,draw,0,0
7806,MinimaxQ,1,-1
7807,Random,-1,1
7808,Random,-1,1
7809,MinimaxQ,1,-1
7810,Random,-1,1
7811,draw,0,0
7812,Random,-1,1
7813,MinimaxQ,1,-1
7814,MinimaxQ,1,-1
7815,MinimaxQ,1,-1
7816,Random,-1,1
7817,MinimaxQ,1,-1
7818,Random,-1,1
7819,MinimaxQ,1,-1
7820,MinimaxQ,1,-1
7821,draw,0,0
7822,draw,0,0
7823,MinimaxQ,1,-1
7824,draw,0,0
7825,draw,0,0
7826,draw,0,0
7827,Random,-1,1
7828,MinimaxQ,1,-1
7829,draw,0,0
7830,Random,-1,1
7831,draw,0,0
7832,MinimaxQ,1,-1
7833,MinimaxQ,1,-1
7834,draw,0,0
7835,Random,-1,1
7836,draw,0,0
7837,MinimaxQ,1,-1
7838,MinimaxQ,1,-1
7839,draw,0,0
7840,Random,-1,1
7841,Random,-1,1
7842,Random,-1,1
7843,draw,0,0
7844,MinimaxQ,1,-1
7845,MinimaxQ,1,-1
7846,MinimaxQ,1,-1
7847,MinimaxQ,1,-1
7848,Random,-1,1
7849,draw,0,0
7850,Random,-1,1
7851,MinimaxQ,1,-1
7852,Random,-1,1
7853,draw,0,0
7854,draw,0,0
7855,draw,0,0
7856,Random,-1,1
7857,draw,0,0
7858,draw,0,0
7859,MinimaxQ,1,-1
7860,Random,-1,1
7861,MinimaxQ,1,-1
7862,MinimaxQ,1,-1
7863,draw,0,0
7864,MinimaxQ,1,-1
7865,Random,-1,1
7866,draw,0,0
7867,Random,-1,1
7868,MinimaxQ,1,-1
7869,draw,0,0
7870,Random,-1,1
7871,draw,0,0
7872,MinimaxQ,1,-1
7873,draw,0,0
7874,MinimaxQ,1,-1
7875,MinimaxQ,1,-1
7876,MinimaxQ,1,-1
7877,MinimaxQ,1,-1
7878,draw,0,0
7879,draw,0,0
7880,MinimaxQ,1,-1
7881,MinimaxQ,1,-1
7882,draw,0,0
7883,MinimaxQ,1,-1
7884,draw,0,0
7885,Random,-1,1
7886,MinimaxQ,1,-1
7887,MinimaxQ,1,-1
7888,Random,-1,1
7889,draw,0,0
7890,Random,-1,1
7891,MinimaxQ,1,-1
7892,Random,-1,1
7893,MinimaxQ,1,-1
7894,draw,0,0
7895,MinimaxQ,1,-1
7896,Random,-1,1
7897,draw,0,0
7898,Random,-1,1
7899,Random,-1,1
7900,MinimaxQ,1,-1
7901,MinimaxQ,1,-1
7902,MinimaxQ,1,-1
7903,Random,-1,1
7904,Random,-1,1
7905,Random,-1,1
7906,MinimaxQ,1,-1
7907,MinimaxQ,1,-1
7908,MinimaxQ,1,-1
7909,Random,-1,1
7910,MinimaxQ,1,-1
7911,Random,-1,1
7912,MinimaxQ,1,-1
7913,MinimaxQ,1,-1
7914,Random,-1,1
7915,MinimaxQ,1,-1
7916,draw,0,0
7917,MinimaxQ,1,-1
7918,draw,0,0
7919,draw,0,0
7920,MinimaxQ,1,-1
7921,draw,0,0
7922,draw,0,0
7923,MinimaxQ,1,-1
7924,draw,0,0
7925,draw,0,0
7926,draw,0,0
7927,MinimaxQ,1,-1
7928,Random,-1,1
7929,MinimaxQ,1,-1
7930,draw,0,0
7931,draw,0,0
7932,Random,-1,1
7933,draw,0,0
7934,Random,-1,1
7935,MinimaxQ,1,-1
7936,MinimaxQ,1,-1
7937,MinimaxQ,1,-1
7938,MinimaxQ,1,-1
7939,MinimaxQ,1,-1
7940,Random,-1,1
7941,Random,-1,1
7942,draw,0,0
7943,MinimaxQ,1,-1
7944,Random,-1,1
7945,Random,-1,1
7946,MinimaxQ,1,-1
7947,MinimaxQ,1,-1
7948,MinimaxQ,1,-1
7949,MinimaxQ,1,-1
7950,Random,-1,1
7951,draw,0,0
7952,MinimaxQ,1,-1
7953,draw,0,0
7954,MinimaxQ,1,-1
7955,Random,-1,1
7956,draw,0,0
7957,MinimaxQ,1,-1
7958,MinimaxQ,1,-1
7959,draw,0,0
7960,MinimaxQ,1,-1
7961,draw,0,0
7962,MinimaxQ,1,-1
7963,draw,0,0
7964,MinimaxQ,1,-1
7965,Random,-1,1
7966,Random,-1,1
7967,MinimaxQ,1,-1
7968,MinimaxQ,1,-1
7969,draw,0,0
7970,MinimaxQ,1,-1
7971,draw,0,0
7972,Random,-1,1
7973,draw,0,0
7974,draw,0,0
7975,MinimaxQ,1,-1
7976,draw,0,0
7977,draw,0,0
7978,MinimaxQ,1,-1
7979,MinimaxQ,1,-1
7980,draw,0,0
7981,MinimaxQ,1,-1
7982,Random,-1,1
7983,draw,0,0
7984,draw,0,0
7985,MinimaxQ,1,-1
7986,MinimaxQ,1,-1
7987,MinimaxQ,1,-1
7988,MinimaxQ,1,-1
7989,MinimaxQ,1,-1
7990,draw,0,0
7991,MinimaxQ,1,-1
7992,draw,0,0
7993,draw,0,0
7994,draw,0,0
7995,MinimaxQ,1,-1
7996,MinimaxQ,1,-1
7997,Random,-1,1
7998,MinimaxQ,1,-1
7999,Random,-1,1
8000,MinimaxQ,1,-1
8001,MinimaxQ,1,-1
8002,MinimaxQ,1,-1
8003,draw,0,0
8004,MinimaxQ,1,-1
8005,MinimaxQ,1,-1
8006,MinimaxQ,1,-1
8007,MinimaxQ,1,-1
8008,MinimaxQ,1,-1
8009,MinimaxQ,1,-1
8010,Random,-1,1
8011,MinimaxQ,1,-1
8012,draw,0,0
8013,MinimaxQ,1,-1
8014,MinimaxQ,1,-1
8015,MinimaxQ,1,-1
8016,draw,0,0
8017,MinimaxQ,1,-1
8018,MinimaxQ,1,-1
8019,draw,0,0
8020,Random,-1,1
8021,draw,0,0
8022,Random,-1,1
8023,MinimaxQ,1,-1
8024,draw,0,0
8025,draw,0,0
8026,MinimaxQ,1,-1
8027,MinimaxQ,1,-1
8028,draw,0,0
8029,Random,-1,1
8030,MinimaxQ,1,-1
8031,Random,-1,1
8032,MinimaxQ,1,-1
8033,draw,0,0
8034,MinimaxQ,1,-1
8035,MinimaxQ,1,-1
8036,MinimaxQ,1,-1
8037,MinimaxQ,1,-1
8038,MinimaxQ,1,-1
8039,MinimaxQ,1,-1
8040,MinimaxQ,1,-1
8041,Random,-1,1
8042,draw,0,0
8043,MinimaxQ,1,-1
8044,MinimaxQ,1,-1
8045,MinimaxQ,1,-1
8046,draw,0,0
8047,MinimaxQ,1,-1
8048,draw,0,0
8049,MinimaxQ,1,-1
8050,MinimaxQ,1,-1
8051,Random,-1,1
8052,draw,0,0
8053,MinimaxQ,1,-1
8054,MinimaxQ,1,-1
8055,MinimaxQ,1,-1
8056,draw,0,0
8057,draw,0,0
8058,MinimaxQ,1,-1
8059,MinimaxQ,1,-1
8060,Random,-1,1
8061,Random,-1,1
8062,MinimaxQ,1,-1
8063,draw,0,0
8064,Random,-1,1
8065,MinimaxQ,1,-1
8066,MinimaxQ,1,-1
8067,Random,-1,1
8068,draw,0,0
8069,draw,0,0
8070,draw,0,0
8071,draw,0,0
8072,MinimaxQ,1,-1
8073,MinimaxQ,1,-1
8074,MinimaxQ,1,-1
8075,Random,-1,1
8076,draw,0,0
8077,MinimaxQ,1,-1
8078,MinimaxQ,1,-1
8079,MinimaxQ,1,-1
8080,draw,0,0
8081,draw,0,0
8082,MinimaxQ,1,-1
8083,draw,0,0
8084,MinimaxQ,1,-1
8085,MinimaxQ,1,-1
8086,draw,0,0
8087,MinimaxQ,1,-1
8088,Random,-1,1
8089,MinimaxQ,1,-1
8090,MinimaxQ,1,-1
8091,Random,-1,1
8092,MinimaxQ,1,-1
8093,draw,0,0
8094,draw,0,0
8095,Random,-1,1
8096,draw,0,0
8097,MinimaxQ,1,-1
8098,Random,-1,1
8099,MinimaxQ,1,-1
8100,draw,0,0
8101,Random,-1,1
8102,draw,0,0
8103,MinimaxQ,1,-1
8104,Random,-1,1
8105,Random,-1,1
8106,draw,0,0
8107,MinimaxQ,1,-1
8108,draw,0,0
8109,MinimaxQ,1,-1
8110,draw,0,0
8111,draw,0,0
8112,Random,-1,1
8113,MinimaxQ,1,-1
8114,draw,0,0
8115,MinimaxQ,1,-1
8116,draw,0,0
8117,draw,0,0
8118,draw,0,0
8119,MinimaxQ,1,-1
8120,MinimaxQ,1,-1
8121,MinimaxQ,1,-1
8122,MinimaxQ,1,-1
8123,draw,0,0
8124,MinimaxQ,1,-1
8125,draw,0,0
8126,Random,-1,1
8127,MinimaxQ,1,-1
8128,Random,-1,1
8129,Random,-1,1
8130,draw,0,0
8131,draw,0,0
8132,draw,0,0
8133,MinimaxQ,1,-1
8134,MinimaxQ,1,-1
8135,draw,0,0
8136,draw,0,0
8137,MinimaxQ,1,-1
8138,draw,0,0
8139,draw,0,0
8140,draw,0,0
8141,draw,0,0
8142,MinimaxQ,1,-1
8143,draw,0,0
8144,draw,0,0
8145,MinimaxQ,1,-1
8146,MinimaxQ,1,-1
8147,MinimaxQ,1,-1
8148,draw,0,0
8149,draw,0,0
8150,MinimaxQ,1,-1
8151,MinimaxQ,1,-1
8152,MinimaxQ,1,-1
8153,draw,0,0
8154,MinimaxQ,1,-1
8155,MinimaxQ,1,-1
8156,draw,0,0
8157,draw,0,0
8158,draw,0,0
8159,draw,0,0
8160,MinimaxQ,1,-1
8161,MinimaxQ,1,-1
8162,draw,0,0
8163,MinimaxQ,1,-1
8164,Random,-1,1
8165,draw,0,0
8166,Random,-1,1
8167,Random,-1,1
8168,MinimaxQ,1,-1
8169,Random,-1,1
8170,MinimaxQ,1,-1
8171,MinimaxQ,1,-1
8172,MinimaxQ,1,-1
8173,Random,-1,1
8174,MinimaxQ,1,-1
8175,draw,0,0
8176,draw,0,0
8177,Random,-1,1
8178,draw,0,0
8179,draw,0,0
8180,MinimaxQ,1,-1
8181,MinimaxQ,1,-1
8182,draw,0,0
8183,draw,0,0
8184,draw,0,0
8185,MinimaxQ,1,-1
8186,MinimaxQ,1,-1
8187,MinimaxQ,1,-1
8188,MinimaxQ,1,-1
8189,MinimaxQ,1,-1
8190,Random,-1,1
8191,MinimaxQ,1,-1
8192,draw,0,0
8193,draw,0,0
8194,MinimaxQ,1,-1
8195,MinimaxQ,1,-1
8196,MinimaxQ,1,-1
8197,Random,-1,1
8198,MinimaxQ,1,-1
8199,draw,0,0
8200,MinimaxQ,1,-1
8201,MinimaxQ,1,-1
8202,MinimaxQ,1,-1
8203,Random,-1,1
8204,Random,-1,1
8205,MinimaxQ,1,-1
8206,Random,-1,1
8207,MinimaxQ,1,-1
8208,MinimaxQ,1,-1
8209,Random,-1,1
8210,MinimaxQ,1,-1
8211,draw,0,0
8212,MinimaxQ,1,-1
8213,draw,0,0
8214,draw,0,0
8215,draw,0,0
8216,MinimaxQ,1,-1
8217,draw,0,0
8218,MinimaxQ,1,-1
8219,draw,0,0
8220,draw,0,0
8221,MinimaxQ,1,-1
8222,draw,0,0
8223,MinimaxQ,1,-1
8224,Random,-1,1
8225,Random,-1,1
8226,MinimaxQ,1,-1
8227,MinimaxQ,1,-1
8228,draw,0,0
8229,MinimaxQ,1,-1
8230,Random,-1,1
8231,MinimaxQ,1,-1
8232,MinimaxQ,1,-1
8233,draw,0,0
8234,draw,0,0
8235,draw,0,0
8236,draw,0,0
8237,Random,-1,1
8238,draw,0,0
8239,MinimaxQ,1,-1
8240,MinimaxQ,1,-1
8241,MinimaxQ,1,-1
8242,Random,-1,1
8243,MinimaxQ,1,-1
8244,MinimaxQ,1,-1
8245,Random,-1,1
8246,Random,-1,1
8247,MinimaxQ,1,-1
8248,draw,0,0
8249,MinimaxQ,1,-1
8250,MinimaxQ,1,-1
8251,MinimaxQ,1,-1
8252,Random,-1,1
8253,MinimaxQ,1,-1
8254,MinimaxQ,1,-1
8255,Random,-1,1
8256,MinimaxQ,1,-1
8257,MinimaxQ,1,-1
8258,MinimaxQ,1,-1
8259,MinimaxQ,1,-1
8260,MinimaxQ,1,-1
8261,MinimaxQ,1,-1
8262,draw,0,0
8263,Random,-1,1
8264,MinimaxQ,1,-1
8265,draw,0,0
8266,MinimaxQ,1,-1
8267,MinimaxQ,1,-1
8268,MinimaxQ,1,-1
8269,MinimaxQ,1,-1
8270,draw,0,0
8271,draw,0,0
8272,MinimaxQ,1,-1
8273,draw,0,0
8274,draw,0,0
8275,MinimaxQ,1,-1
8276,draw,0,0
8277,MinimaxQ,1,-1
8278,MinimaxQ,1,-1
8279,MinimaxQ,1,-1
8280,MinimaxQ,1,-1
8281,Random,-1,1
8282,MinimaxQ,1,-1
8283,draw,0,0
8284,draw,0,0
8285,MinimaxQ,1,-1
8286,draw,0,0
8287,Random,-1,1
8288,draw,0,0
8289,MinimaxQ,1,-1
8290,MinimaxQ,1,-1
8291,draw,0,0
8292,draw,0,0
8293,draw,0,0
8294,draw,0,0
8295,MinimaxQ,1,-1
8296,draw,0,0
8297,Random,-1,1
8298,draw,0,0
8299,MinimaxQ,1,-1
8300,MinimaxQ,1,-1
8301,MinimaxQ,1,-1
8302,Random,-1,1
8303,MinimaxQ,1,-1
8304,MinimaxQ,1,-1
8305,Random,-1,1
8306,MinimaxQ,1,-1
8307,draw,0,0
8308,MinimaxQ,1,-1
8309,draw,0,0
8310,MinimaxQ,1,-1
8311,MinimaxQ,1,-1
8312,Random,-1,1
8313,draw,0,0
8314,Random,-1,1
8315,draw,0,0
8316,MinimaxQ,1,-1
8317,MinimaxQ,1,-1
8318,MinimaxQ,1,-1
8319,draw,0,0
8320,Random,-1,1
8321,draw,0,0
8322,MinimaxQ,1,-1
8323,draw,0,0
8324,MinimaxQ,1,-1
8325,MinimaxQ,1,-1
8326,MinimaxQ,1,-1
8327,draw,0,0
8328,draw,0,0
8329,draw,0,0
8330,draw,0,0
8331,Random,-1,1
8332,Random,-1,1
8333,draw,0,0
8334,draw,0,0
8335,Random,-1,1
8336,draw,0,0
8337,draw,0,0
8338,draw,0,0
8339,draw,0,0
8340,MinimaxQ,1,-1
8341,Random,-1,1
8342,draw,0,0
8343,Random,-1,1
8344,draw,0,0
8345,MinimaxQ,1,-1
8346,MinimaxQ,1,-1
8347,MinimaxQ,1,-1
8348,MinimaxQ,1,-1
8349,Random,-1,1
8350,MinimaxQ,1,-1
8351,MinimaxQ,1,-1
8352,MinimaxQ,1,-1
8353,draw,0,0
8354,draw,0,0
8355,draw,0,0
8356,draw,0,0
8357,MinimaxQ,1,-1
8358,MinimaxQ,1,-1
8359,MinimaxQ,1,-1
8360,Random,-1,1
8361,MinimaxQ,1,-1
8362,MinimaxQ,1,-1
8363,MinimaxQ,1,-1
8364,MinimaxQ,1,-1
8365,MinimaxQ,1,-1
8366,MinimaxQ,1,-1
8367,draw,0,0
8368,MinimaxQ,1,-1
8369,Random,-1,1
8370,draw,0,0
8371,draw,0,0
8372,draw,0,0
8373,draw,0,0
8374,draw,0,0
8375,MinimaxQ,1,-1
8376,draw,0,0
8377,MinimaxQ,1,-1
8378,MinimaxQ,1,-1
8379,MinimaxQ,1,-1
8380,MinimaxQ,1,-1
8381,draw,0,0
8382,draw,0,0
8383,Random,-1,1
8384,Random,-1,1
8385,draw,0,0
8386,MinimaxQ,1,-1
8387,draw,0,0
8388,MinimaxQ,1,-1
8389,Random,-1,1
8390,draw,0,0
8391,MinimaxQ,1,-1
8392,draw,0,0
8393,MinimaxQ,1,-1
8394,Random,-1,1
8395,draw,0,0
8396,MinimaxQ,1,-1
8397,draw,0,0
8398,draw,0,0
8399,Random,-1,1
8400,MinimaxQ,1,-1
8401,draw,0,0
8402,MinimaxQ,1,-1
8403,Random,-1,1
8404,draw,0,0
8405,MinimaxQ,1,-1
8406,MinimaxQ,1,-1
8407,draw,0,0
8408,Random,-1,1
8409,MinimaxQ,1,-1
8410,Random,-1,1
8411,draw,0,0
8412,Random,-1,1
8413,MinimaxQ,1,-1
8414,MinimaxQ,1,-1
8415,Random,-1,1
8416,MinimaxQ,1,-1
8417,MinimaxQ,1,-1
8418,draw,0,0
8419,MinimaxQ,1,-1
8420,MinimaxQ,1,-1
8421,draw,0,0
8422,draw,0,0
8423,MinimaxQ,1,-1
8424,Random,-1,1
8425,draw,0,0
8426,Random,-1,1
8427,MinimaxQ,1,-1
8428,draw,0,0
8429,Random,-1,1
8430,Random,-1,1
8431,draw,0,0
8432,draw,0,0
8433,MinimaxQ,1,-1
8434,draw,0,0
8435,Random,-1,1
8436,MinimaxQ,1,-1
8437,draw,0,0
8438,Random,-1,1
8439,MinimaxQ,1,-1
8440,MinimaxQ,1,-1
8441,Random,-1,1
8442,MinimaxQ,1,-1
8443,draw,0,0
8444,Random,-1,1
8445,draw,0,0
8446,MinimaxQ,1,-1
8447,draw,0,0
8448,draw,0,0
8449,Random,-1,1
8450,MinimaxQ,1,-1
8451,Random,-1,1
8452,MinimaxQ,1,-1
8453,MinimaxQ,1,-1
8454,MinimaxQ,1,-1
8455,Random,-1,1
8456,MinimaxQ,1,-1
8457,Random,-1,1
8458,MinimaxQ,1,-1
8459,draw,0,0
8460,MinimaxQ,1,-1
8461,draw,0,0
8462,MinimaxQ,1,-1
8463,draw,0,0
8464,MinimaxQ,1,-1
8465,MinimaxQ,1,-1
8466,Random,-1,1
8467,MinimaxQ,1,-1
8468,Random,-1,1
8469,MinimaxQ,1,-1
8470,MinimaxQ,1,-1
8471,MinimaxQ,1,-1
8472,MinimaxQ,1,-1
8473,draw,0,0
8474,draw,0,0
8475,MinimaxQ,1,-1
8476,MinimaxQ,1,-1
8477,draw,0,0
8478,MinimaxQ,1,-1
8479,draw,0,0
8480,MinimaxQ,1,-1
8481,MinimaxQ,1,-1
8482,Random,-1,1
8483,draw,0,0
8484,MinimaxQ,1,-1
8485,MinimaxQ,1,-1
8486,MinimaxQ,1,-1
8487,draw,0,0
8488,MinimaxQ,1,-1
8489,MinimaxQ,1,-1
8490,MinimaxQ,1,-1
8491,MinimaxQ,1,-1
8492,draw,0,0
8493,draw,0,0
8494,MinimaxQ,1,-1
8495,Random,-1,1
8496,MinimaxQ,1,-1
8497,Random,-1,1
8498,Random,-1,1
8499,MinimaxQ,1,-1
8500,MinimaxQ,1,-1
8501,MinimaxQ,1,-1
8502,MinimaxQ,1,-1
8503,Random,-1,1
8504,draw,0,0
8505,MinimaxQ,1,-1
8506,Random,-1,1
8507,draw,0,0
8508,MinimaxQ,1,-1
8509,MinimaxQ,1,-1
8510,MinimaxQ,1,-1
8511,MinimaxQ,1,-1
8512,MinimaxQ,1,-1
8513,MinimaxQ,1,-1
8514,draw,0,0
8515,draw,0,0
8516,Random,-1,1
8517,draw,0,0
8518,MinimaxQ,1,-1
8519,draw,0,0
8520,MinimaxQ,1,-1
8521,draw,0,0
8522,MinimaxQ,1,-1
8523,MinimaxQ,1,-1
8524,draw,0,0
8525,draw,0,0
8526,MinimaxQ,1,-1
8527,Random,-1,1
8528,Random,-1,1
8529,Random,-1,1
8530,MinimaxQ,1,-1
8531,Random,-1,1
8532,MinimaxQ,1,-1
8533,Random,-1,1
8534,draw,0,0
8535,MinimaxQ,1,-1
8536,MinimaxQ,1,-1
8537,MinimaxQ,1,-1
8538,MinimaxQ,1,-1
8539,MinimaxQ,1,-1
8540,MinimaxQ,1,-1
8541,draw,0,0
8542,MinimaxQ,1,-1
8543,MinimaxQ,1,-1
8544,Random,-1,1
8545,draw,0,0
8546,MinimaxQ,1,-1
8547,Random,-1,1
8548,Random,-1,1
8549,MinimaxQ,1,-1
8550,Random,-1,1
8551,draw,0,0
8552,draw,0,0
8553,MinimaxQ,1,-1
8554,MinimaxQ,1,-1
8555,draw,0,0
8556,MinimaxQ,1,-1
8557,draw,0,0
8558,MinimaxQ,1,-1
8559,MinimaxQ,1,-1
8560,draw,0,0
8561,Random,-1,1
8562,Random,-1,1
8563,Random,-1,1
8564,draw,0,0
8565,draw,0,0
8566,MinimaxQ,1,-1
8567,draw,0,0
8568,MinimaxQ,1,-1
8569,Random,-1,1
8570,draw,0,0
8571,draw,0,0
8572,MinimaxQ,1,-1
8573,draw,0,0
8574,draw,0,0
8575,MinimaxQ,1,-1
8576,MinimaxQ,1,-1
8577,draw,0,0
8578,MinimaxQ,1,-1
8579,MinimaxQ,1,-1
8580,MinimaxQ,1,-1
8581,draw,0,0
8582,draw,0,0
8583,MinimaxQ,1,-1
8584,draw,0,0
8585,MinimaxQ,1,-1
8586,MinimaxQ,1,-1
8587,draw,0,0
8588,Random,-1,1
8589,draw,0,0
8590,draw,0,0
8591,MinimaxQ,1,-1
8592,Random,-1,1
8593,draw,0,0
8594,MinimaxQ,1,-1
8595,draw,0,0
8596,Random,-1,1
8597,Random,-1,1
8598,MinimaxQ,1,-1
8599,MinimaxQ,1,-1
8600,MinimaxQ,1,-1
8601,MinimaxQ,1,-1
8602,Random,-1,1
8603,draw,0,0
8604,MinimaxQ,1,-1
8605,Random,-1,1
8606,draw,0,0
8607,MinimaxQ,1,-1
8608,Random,-1,1
8609,Random,-1,1
8610,draw,0,0
8611,draw,0,0
8612,draw,0,0
8613,MinimaxQ,1,-1
8614,MinimaxQ,1,-1
8615,MinimaxQ,1,-1
8616,MinimaxQ,1,-1
8617,Random,-1,1
8618,draw,0,0
8619,MinimaxQ,1,-1
8620,Random,-1,1
8621,MinimaxQ,1,-1
8622,MinimaxQ,1,-1
8623,MinimaxQ,1,-1
8624,draw,0,0
8625,draw,0,0
8626,MinimaxQ,1,-1
8627,MinimaxQ,1,-1
8628,draw,0,0
8629,MinimaxQ,1,-1
8630,MinimaxQ,1,-1
8631,draw,0,0
8632,MinimaxQ,1,-1
8633,Random,-1,1
8634,draw,0,0
8635,MinimaxQ,1,-1
8636,MinimaxQ,1,-1
8637,Random,-1,1
8638,MinimaxQ,1,-1
8639,Random,-1,1
8640,draw,0,0
8641,draw,0,0
8642,Random,-1,1
8643,MinimaxQ,1,-1
8644,draw,0,0
8645,MinimaxQ,1,-1
8646,MinimaxQ,1,-1
8647,Random,-1,1
8648,Random,-1,1
8649,Random,-1,1
8650,MinimaxQ,1,-1
8651,Random,-1,1
8652,draw,0,0
8653,draw,0,0
8654,draw,0,0
8655,Random,-1,1
8656,MinimaxQ,1,-1
8657,MinimaxQ,1,-1
8658,draw,0,0
8659,MinimaxQ,1,-1
8660,MinimaxQ,1,-1
8661,draw,0,0
8662,MinimaxQ,1,-1
8663,draw,0,0
8664,MinimaxQ,1,-1
8665,draw,0,0
8666,MinimaxQ,1,-1
8667,MinimaxQ,1,-1
8668,MinimaxQ,1,-1
8669,MinimaxQ,1,-1
8670,MinimaxQ,1,-1
8671,draw,0,0
8672,MinimaxQ,1,-1
8673,draw,0,0
8674,MinimaxQ,1,-1
8675,draw,0,0
8676,draw,0,0
8677,MinimaxQ,1,-1
8678,Random,-1,1
8679,draw,0,0
8680,Random,-1,1
8681,draw,0,0
8682,draw,0,0
8683,MinimaxQ,1,-1
8684,Random,-1,1
8685,MinimaxQ,1,-1
8686,draw,0,0
8687,MinimaxQ,1,-1
8688,Random,-1,1
8689,draw,0,0
8690,MinimaxQ,1,-1
8691,draw,0,0
8692,MinimaxQ,1,-1
8693,Random,-1,1
8694,MinimaxQ,1,-1
8695,Random,-1,1
8696,MinimaxQ,1,-1
8697,MinimaxQ,1,-1
8698,draw,0,0
8699,MinimaxQ,1,-1
8700,MinimaxQ,1,-1
8701,draw,0,0
8702,draw,0,0
8703,Random,-1,1
8704,Random,-1,1
8705,Random,-1,1
8706,draw,0,0
8707,Random,-1,1
8708,draw,0,0
8709,MinimaxQ,1,-1
8710,MinimaxQ,1,-1
8711,MinimaxQ,1,-1
8712,MinimaxQ,1,-1
8713,MinimaxQ,1,-1
8714,draw,0,0
8715,MinimaxQ,1,-1
8716,draw,0,0
8717,Random,-1,1
8718,MinimaxQ,1,-1
8719,draw,0,0
8720,draw,0,0
8721,MinimaxQ,1,-1
8722,MinimaxQ,1,-1
8723,draw,0,0
8724,MinimaxQ,1,-1
8725,draw,0,0
8726,Random,-1,1
8727,MinimaxQ,1,-1
8728,MinimaxQ,1,-1
8729,MinimaxQ,1,-1
8730,draw,0,0
8731,Random,-1,1
8732,MinimaxQ,1,-1
8733,MinimaxQ,1,-1
8734,Random,-1,1
8735,Random,-1,1
8736,draw,0,0
8737,draw,0,0
8738,draw,0,0
8739,draw,0,0
8740,MinimaxQ,1,-1
8741,draw,0,0
8742,MinimaxQ,1,-1
8743,Random,-1,1
8744,MinimaxQ,1,-1
8745,MinimaxQ,1,-1
8746,MinimaxQ,1,-1
8747,MinimaxQ,1,-1
8748,Random,-1,1
8749,draw,0,0
8750,MinimaxQ,1,-1
8751,draw,0,0
8752,draw,0,0
8753,MinimaxQ,1,-1
8754,draw,0,0
8755,draw,0,0
8756,draw,0,0
8757,draw,0,0
8758,draw,0,0
8759,MinimaxQ,1,-1
8760,MinimaxQ,1,-1
8761,Random,-1,1
8762,MinimaxQ,1,-1
8763,draw,0,0
8764,Random,-1,1
8765,MinimaxQ,1,-1
8766,MinimaxQ,1,-1
8767,MinimaxQ,1,-1
8768,draw,0,0
8769,draw,0,0
8770,MinimaxQ,1,-1
8771,MinimaxQ,1,-1
8772,Random,-1,1
8773,MinimaxQ,1,-1
8774,MinimaxQ,1,-1
8775,MinimaxQ,1,-1
8776,MinimaxQ,1,-1
8777,draw,0,0
8778,MinimaxQ,1,-1
8779,draw,0,0
8780,MinimaxQ,1,-1
8781,MinimaxQ,1,-1
8782,Random,-1,1
8783,draw,0,0
8784,draw,0,0
8785,Random,-1,1
8786,draw,0,0
8787,MinimaxQ,1,-1
8788,MinimaxQ,1,-1
8789,draw,0,0
8790,MinimaxQ,1,-1
8791,draw,0,0
8792,MinimaxQ,1,-1
8793,MinimaxQ,1,-1
8794,Random,-1,1
8795,MinimaxQ,1,-1
8796,draw,0,0
8797,draw,0,0
8798,draw,0,0
8799,draw,0,0
8800,draw,0,0
8801,MinimaxQ,1,-1
8802,MinimaxQ,1,-1
8803,MinimaxQ,1,-1
8804,draw,0,0
8805,draw,0,0
8806,draw,0,0
8807,MinimaxQ,1,-1
8808,draw,0,0
8809,draw,0,0
8810,MinimaxQ,1,-1
8811,MinimaxQ,1,-1
8812,draw,0,0
8813,draw,0,0
8814,draw,0,0
8815,MinimaxQ,1,-1
8816,draw,0,0
8817,draw,0,0
8818,draw,0,0
8819,Random,-1,1
8820,draw,0,0
8821,MinimaxQ,1,-1
8822,MinimaxQ,1,-1
8823,draw,0,0
8824,draw,0,0
8825,draw,0,0
8826,draw,0,0
8827,MinimaxQ,1,-1
8828,draw,0,0
8829,Random,-1,1
8830,draw,0,0
8831,MinimaxQ,1,-1
8832,MinimaxQ,1,-1
8833,draw,0,0
8834,draw,0,0
8835,Random,-1,1
8836,MinimaxQ,1,-1
8837,MinimaxQ,1,-1
8838,Random,-1,1
8839,MinimaxQ,1,-1
8840,draw,0,0
8841,draw,0,0
8842,MinimaxQ,1,-1
8843,MinimaxQ,1,-1
8844,draw,0,0
8845,MinimaxQ,1,-1
8846,Random,-1,1
8847,MinimaxQ,1,-1
8848,draw,0,0
8849,MinimaxQ,1,-1
8850,Random,-1,1
8851,Random,-1,1
8852,draw,0,0
8853,MinimaxQ,1,-1
8854,MinimaxQ,1,-1
8855,MinimaxQ,1,-1
8856,draw,0,0
8857,MinimaxQ,1,-1
8858,MinimaxQ,1,-1
8859,Random,-1,1
8860,MinimaxQ,1,-1
8861,draw,0,0
8862,Random,-1,1
8863,draw,0,0
8864,draw,0,0
8865,MinimaxQ,1,-1
8866,MinimaxQ,1,-1
8867,MinimaxQ,1,-1
8868,Random,-1,1
8869,MinimaxQ,1,-1
8870,MinimaxQ,1,-1
8871,draw,0,0
8872,draw,0,0
8873,Random,-1,1
8874,MinimaxQ,1,-1
8875,MinimaxQ,1,-1
8876,draw,0,0
8877,Random,-1,1
8878,MinimaxQ,1,-1
8879,MinimaxQ,1,-1
8880,draw,0,0
8881,MinimaxQ,1,-1
8882,Random,-1,1
8883,MinimaxQ,1,-1
8884,draw,0,0
8885,MinimaxQ,1,-1
8886,draw,0,0
8887,Random,-1,1
8888,MinimaxQ,1,-1
8889,draw,0,0
8890,Random,-1,1
8891,draw,0,0
8892,draw,0,0
8893,Random,-1,1
8894,draw,0,0
8895,MinimaxQ,1,-1
8896,draw,0,0
8897,Random,-1,1
8898,MinimaxQ,1,-1
8899,draw,0,0
8900,draw,0,0
8901,Random,-1,1
8902,MinimaxQ,1,-1
8903,MinimaxQ,1,-1
8904,draw,0,0
8905,draw,0,0
8906,draw,0,0
8907,draw,0,0
8908,draw,0,0
8909,MinimaxQ,1,-1
8910,Random,-1,1
8911,Random,-1,1
8912,MinimaxQ,1,-1
8913,Random,-1,1
8914,draw,0,0
8915,MinimaxQ,1,-1
8916,Random,-1,1
8917,MinimaxQ,1,-1
8918,draw,0,0
8919,Random,-1,1
8920,draw,0,0
8921,MinimaxQ,1,-1
8922,Random,-1,1
8923,MinimaxQ,1,-1
8924,MinimaxQ,1,-1
8925,MinimaxQ,1,-1
8926,MinimaxQ,1,-1
8927,MinimaxQ,1,-1
8928,Random,-1,1
8929,MinimaxQ,1,-1
8930,draw,0,0
8931,draw,0,0
8932,draw,0,0
8933,draw,0,0
8934,draw,0,0
8935,MinimaxQ,1,-1
8936,draw,0,0
8937,MinimaxQ,1,-1
8938,MinimaxQ,1,-1
8939,draw,0,0
8940,draw,0,0
8941,Random,-1,1
8942,MinimaxQ,1,-1
8943,draw,0,0
8944,Random,-1,1
8945,Random,-1,1
8946,MinimaxQ,1,-1
8947,MinimaxQ,1,-1
8948,draw,0,0
8949,MinimaxQ,1,-1
8950,MinimaxQ,1,-1
8951,MinimaxQ,1,-1
8952,draw,0,0
8953,draw,0,0
8954,draw,0,0
8955,MinimaxQ,1,-1
8956,Random,-1,1
8957,MinimaxQ,1,-1
8958,Random,-1,1
8959,Random,-1,1
8960,Random,-1,1
8961,MinimaxQ,1,-1
8962,MinimaxQ,1,-1
8963,draw,0,0
8964,MinimaxQ,1,-1
8965,MinimaxQ,1,-1
8966,draw,0,0
8967,MinimaxQ,1,-1
8968,draw,0,0
8969,MinimaxQ,1,-1
8970,MinimaxQ,1,-1
8971,MinimaxQ,1,-1
8972,Random,-1,1
8973,MinimaxQ,1,-1
8974,MinimaxQ,1,-1
8975,draw,0,0
8976,MinimaxQ,1,-1
8977,draw,0,0
8978,draw,0,0
8979,Random,-1,1
8980,MinimaxQ,1,-1
8981,draw,0,0
8982,MinimaxQ,1,-1
8983,draw,0,0
8984,draw,0,0
8985,MinimaxQ,1,-1
8986,MinimaxQ,1,-1
8987,MinimaxQ,1,-1
8988,draw,0,0
8989,draw,0,0
8990,draw,0,0
8991,Random,-1,1
8992,MinimaxQ,1,-1
8993,draw,0,0
8994,draw,0,0
8995,Random,-1,1
8996,draw,0,0
8997,Random,-1,1
8998,MinimaxQ,1,-1
8999,Random,-1,1
9000,MinimaxQ,1,-1
9001,draw,0,0
9002,MinimaxQ,1,-1
9003,Random,-1,1
9004,MinimaxQ,1,-1
9005,MinimaxQ,1,-1
9006,draw,0,0
9007,draw,0,0
9008,MinimaxQ,1,-1
9009,draw,0,0
9010,MinimaxQ,1,-1
9011,MinimaxQ,1,-1
9012,draw,0,0
9013,draw,0,0
9014,MinimaxQ,1,-1
9015,MinimaxQ,1,-1
9016,MinimaxQ,1,-1
9017,draw,0,0
9018,MinimaxQ,1,-1
9019,draw,0,0
9020,draw,0,0
9021,Random,-1,1
9022,draw,0,0
9023,MinimaxQ,1,-1
9024,MinimaxQ,1,-1
9025,draw,0,0
9026,MinimaxQ,1,-1
9027,MinimaxQ,1,-1
9028,Random,-1,1
9029,draw,0,0
9030,draw,0,0
9031,Random,-1,1
9032,draw,0,0
9033,Random,-1,1
9034,draw,0,0
9035,draw,0,0
9036,Random,-1,1
9037,MinimaxQ,1,-1
9038,Random,-1,1
9039,MinimaxQ,1,-1
9040,Random,-1,1
9041,draw,0,0
9042,draw,0,0
9043,MinimaxQ,1,-1
9044,MinimaxQ,1,-1
9045,MinimaxQ,1,-1
9046,Random,-1,1
9047,MinimaxQ,1,-1
9048,draw,0,0
9049,draw,0,0
9050,MinimaxQ,1,-1
9051,draw,0,0
9052,MinimaxQ,1,-1
9053,draw,0,0
9054,draw,0,0
9055,Random,-1,1
9056,Random,-1,1
9057,MinimaxQ,1,-1
9058,draw,0,0
9059,Random,-1,1
9060,draw,0,0
9061,Random,-1,1
9062,draw,0,0
9063,MinimaxQ,1,-1
9064,MinimaxQ,1,-1
9065,draw,0,0
9066,MinimaxQ,1,-1
9067,MinimaxQ,1,-1
9068,draw,0,0
9069,draw,0,0
9070,MinimaxQ,1,-1
9071,draw,0,0
9072,draw,0,0
9073,draw,0,0
9074,Random,-1,1
9075,Random,-1,1
9076,draw,0,0
9077,draw,0,0
9078,draw,0,0
9079,MinimaxQ,1,-1
9080,draw,0,0
9081,MinimaxQ,1,-1
9082,MinimaxQ,1,-1
9083,draw,0,0
9084,draw,0,0
9085,MinimaxQ,1,-1
9086,draw,0,0
9087,MinimaxQ,1,-1
9088,Random,-1,1
9089,MinimaxQ,1,-1
9090,Random,-1,1
9091,MinimaxQ,1,-1
9092,MinimaxQ,1,-1
9093,draw,0,0
9094,Random,-1,1
9095,MinimaxQ,1,-1
9096,MinimaxQ,1,-1
9097,draw,0,0
9098,draw,0,0
9099,MinimaxQ,1,-1
9100,MinimaxQ,1,-1
9101,draw,0,0
9102,MinimaxQ,1,-1
9103,Random,-1,1
9104,draw,0,0
9105,draw,0,0
9106,MinimaxQ,1,-1
9107,Random,-1,1
9108,MinimaxQ,1,-1
9109,MinimaxQ,1,-1
9110,MinimaxQ,1,-1
9111,MinimaxQ,1,-1
9112,draw,0,0
9113,draw,0,0
9114,Random,-1,1
9115,MinimaxQ,1,-1
9116,MinimaxQ,1,-1
9117,MinimaxQ,1,-1
9118,draw,0,0
9119,Random,-1,1
9120,MinimaxQ,1,-1
9121,MinimaxQ,1,-1
9122,Random,-1,1
9123,MinimaxQ,1,-1
9124,draw,0,0
9125,Random,-1,1
9126,draw,0,0
9127,MinimaxQ,1,-1
9128,draw,0,0
9129,Random,-1,1
9130,MinimaxQ,1,-1
9131,MinimaxQ,1,-1
9132,MinimaxQ,1,-1
9133,MinimaxQ,1,-1
9134,MinimaxQ,1,-1
9135,Random,-1,1
9136,MinimaxQ,1,-1
9137,draw,0,0
9138,MinimaxQ,1,-1
9139,draw,0,0
9140,Random,-1,1
9141,MinimaxQ,1,-1
9142,draw,0,0
9143,MinimaxQ,1,-1
9144,MinimaxQ,1,-1
9145,MinimaxQ,1,-1
9146,MinimaxQ,1,-1
9147,MinimaxQ,1,-1
9148,MinimaxQ,1,-1
9149,draw,0,0
9150,draw,0,0
9151,Random,-1,1
9152,MinimaxQ,1,-1
9153,MinimaxQ,1,-1
9154,MinimaxQ,1,-1
9155,draw,0,0
9156,draw,0,0
9157,MinimaxQ,1,-1
9158,draw,0,0
9159,MinimaxQ,1,-1
9160,MinimaxQ,1,-1
9161,draw,0,0
9162,Random,-1,1
9163,draw,0,0
9164,Random,-1,1
9165,draw,0,0
9166,draw,0,0
9167,Random,-1,1
9168,MinimaxQ,1,-1
9169,draw,0,0
9170,draw,0,0
9171,draw,0,0
9172,MinimaxQ,1,-1
9173,MinimaxQ,1,-1
9174,Random,-1,1
9175,MinimaxQ,1,-1
9176,draw,0,0
9177,Random,-1,1
9178,draw,0,0
9179,draw,0,0
9180,MinimaxQ,1,-1
9181,Random,-1,1
9182,MinimaxQ,1,-1
9183,draw,0,0
9184,MinimaxQ,1,-1
9185,Random,-1,1
9186,MinimaxQ,1,-1
9187,MinimaxQ,1,-1
9188,MinimaxQ,1,-1
9189,MinimaxQ,1,-1
9190,Random,-1,1
9191,MinimaxQ,1,-1
9192,MinimaxQ,1,-1
9193,draw,0,0
9194,Random,-1,1
9195,draw,0,0
9196,MinimaxQ,1,-1
9197,Random,-1,1
9198,Random,-1,1
9199,MinimaxQ,1,-1
9200,MinimaxQ,1,-1
9201,Random,-1,1
9202,draw,0,0
9203,MinimaxQ,1,-1
9204,Random,-1,1
9205,Random,-1,1
9206,MinimaxQ,1,-1
9207,Random,-1,1
9208,MinimaxQ,1,-1
9209,Random,-1,1
9210,draw,0,0
9211,draw,0,0
9212,MinimaxQ,1,-1
9213,MinimaxQ,1,-1
9214,MinimaxQ,1,-1
9215,draw,0,0
9216,draw,0,0
9217,draw,0,0
9218,MinimaxQ,1,-1
9219,MinimaxQ,1,-1
9220,draw,0,0
9221,MinimaxQ,1,-1
9222,draw,0,0
9223,MinimaxQ,1,-1
9224,MinimaxQ,1,-1
9225,draw,0,0
9226,Random,-1,1
9227,draw,0,0
9228,MinimaxQ,1,-1
9229,Random,-1,1
9230,MinimaxQ,1,-1
9231,draw,0,0
9232,MinimaxQ,1,-1
9233,MinimaxQ,1,-1
9234,draw,0,0
9235,MinimaxQ,1,-1
9236,MinimaxQ,1,-1
9237,Random,-1,1
9238,MinimaxQ,1,-1
9239,MinimaxQ,1,-1
9240,MinimaxQ,1,-1
9241,draw,0,0
9242,draw,0,0
9243,MinimaxQ,1,-1
9244,draw,0,0
9245,MinimaxQ,1,-1
9246,Random,-1,1
9247,draw,0,0
9248,Random,-1,1
9249,MinimaxQ,1,-1
9250,MinimaxQ,1,-1
9251,MinimaxQ,1,-1
9252,MinimaxQ,1,-1
9253,MinimaxQ,1,-1
9254,MinimaxQ,1,-1
9255,draw,0,0
9256,draw,0,0
9257,MinimaxQ,1,-1
9258,MinimaxQ,1,-1
9259,MinimaxQ,1,-1
9260,draw,0,0
9261,draw,0,0
9262,draw,0,0
9263,MinimaxQ,1,-1
9264,MinimaxQ,1,-1
9265,draw,0,0
9266,MinimaxQ,1,-1
9267,MinimaxQ,1,-1
9268,Random,-1,1
9269,MinimaxQ,1,-1
9270,MinimaxQ,1,-1
9271,MinimaxQ,1,-1
9272,draw,0,0
9273,MinimaxQ,1,-1
9274,draw,0,0
9275,draw,0,0
9276,draw,0,0
9277,MinimaxQ,1,-1
9278,Random,-1,1
9279,MinimaxQ,1,-1
9280,MinimaxQ,1,-1
9281,MinimaxQ,1,-1
9282,Random,-1,1
9283,MinimaxQ,1,-1
9284,MinimaxQ,1,-1
9285,MinimaxQ,1,-1
9286,MinimaxQ,1,-1
9287,MinimaxQ,1,-1
9288,MinimaxQ,1,-1
9289,MinimaxQ,1,-1
9290,MinimaxQ,1,-1
9291,MinimaxQ,1,-1
9292,MinimaxQ,1,-1
9293,MinimaxQ,1,-1
9294,draw,0,0
9295,Random,-1,1
9296,MinimaxQ,1,-1
9297,draw,0,0
9298,MinimaxQ,1,-1
9299,MinimaxQ,1,-1
9300,MinimaxQ,1,-1
9301,draw,0,0
9302,draw,0,0
9303,MinimaxQ,1,-1
9304,Random,-1,1
9305,MinimaxQ,1,-1
9306,MinimaxQ,1,-1
9307,MinimaxQ,1,-1
9308,MinimaxQ,1,-1
9309,MinimaxQ,1,-1
9310,draw,0,0
9311,MinimaxQ,1,-1
9312,MinimaxQ,1,-1
9313,MinimaxQ,1,-1
9314,draw,0,0
9315,MinimaxQ,1,-1
9316,MinimaxQ,1,-1
9317,MinimaxQ,1,-1
9318,MinimaxQ,1,-1
9319,MinimaxQ,1,-1
9320,draw,0,0
9321,MinimaxQ,1,-1
9322,draw,0,0
9323,draw,0,0
9324,Random,-1,1
9325,MinimaxQ,1,-1
9326,draw,0,0
9327,MinimaxQ,1,-1
9328,MinimaxQ,1,-1
9329,draw,0,0
9330,Random,-1,1
9331,MinimaxQ,1,-1
9332,draw,0,0
9333,Random,-1,1
9334,draw,0,0
9335,MinimaxQ,1,-1
9336,MinimaxQ,1,-1
9337,Random,-1,1
9338,Random,-1,1
9339,draw,0,0
9340,draw,0,0
9341,draw,0,0
9342,MinimaxQ,1,-1
9343,MinimaxQ,1,-1
9344,MinimaxQ,1,-1
9345,MinimaxQ,1,-1
9346,MinimaxQ,1,-1
9347,MinimaxQ,1,-1
9348,draw,0,0
9349,MinimaxQ,1,-1
9350,draw,0,0
9351,MinimaxQ,1,-1
9352,draw,0,0
9353,Random,-1,1
9354,draw,0,0
9355,Random,-1,1
9356,draw,0,0
9357,draw,0,0
9358,MinimaxQ,1,-1
9359,draw,0,0
9360,draw,0,0
9361,draw,0,0
9362,MinimaxQ,1,-1
9363,MinimaxQ,1,-1
9364,MinimaxQ,1,-1
9365,MinimaxQ,1,-1
9366,MinimaxQ,1,-1
9367,MinimaxQ,1,-1
9368,Random,-1,1
9369,draw,0,0
9370,draw,0,0
9371,MinimaxQ,1,-1
9372,draw,0,0
9373,MinimaxQ,1,-1
9374,MinimaxQ,1,-1
9375,draw,0,0
9376,draw,0,0
9377,MinimaxQ,1,-1
9378,draw,0,0
9379,MinimaxQ,1,-1
9380,draw,0,0
9381,draw,0,0
9382,Random,-1,1
9383,MinimaxQ,1,-1
9384,draw,0,0
9385,draw,0,0
9386,Random,-1,1
9387,draw,0,0
9388,MinimaxQ,1,-1
9389,MinimaxQ,1,-1
9390,MinimaxQ,1,-1
9391,draw,0,0
9392,Random,-1,1
9393,Random,-1,1
9394,draw,0,0
9395,MinimaxQ,1,-1
9396,MinimaxQ,1,-1
9397,MinimaxQ,1,-1
9398,MinimaxQ,1,-1
9399,MinimaxQ,1,-1
9400,MinimaxQ,1,-1
9401,draw,0,0
9402,MinimaxQ,1,-1
9403,draw,0,0
9404,draw,0,0
9405,draw,0,0
9406,MinimaxQ,1,-1
9407,MinimaxQ,1,-1
9408,MinimaxQ,1,-1
9409,MinimaxQ,1,-1
9410,Random,-1,1
9411,MinimaxQ,1,-1
9412,Random,-1,1
9413,MinimaxQ,1,-1
9414,MinimaxQ,1,-1
9415,draw,0,0
9416,MinimaxQ,1,-1
9417,MinimaxQ,1,-1
9418,draw,0,0
9419,draw,0,0
9420,draw,0,0
9421,draw,0,0
9422,MinimaxQ,1,-1
9423,MinimaxQ,1,-1
9424,MinimaxQ,1,-1
9425,Random,-1,1
9426,Random,-1,1
9427,MinimaxQ,1,-1
9428,MinimaxQ,1,-1
9429,MinimaxQ,1,-1
9430,MinimaxQ,1,-1
9431,MinimaxQ,1,-1
9432,MinimaxQ,1,-1
9433,Random,-1,1
9434,draw,0,0
9435,MinimaxQ,1,-1
9436,Random,-1,1
9437,draw,0,0
9438,draw,0,0
9439,MinimaxQ,1,-1
9440,draw,0,0
9441,Random,-1,1
9442,draw,0,0
9443,MinimaxQ,1,-1
9444,draw,0,0
9445,MinimaxQ,1,-1
9446,MinimaxQ,1,-1
9447,draw,0,0
9448,draw,0,0
9449,MinimaxQ,1,-1
9450,draw,0,0
9451,MinimaxQ,1,-1
9452,Random,-1,1
9453,MinimaxQ,1,-1
9454,MinimaxQ,1,-1
9455,MinimaxQ,1,-1
9456,MinimaxQ,1,-1
9457,draw,0,0
9458,MinimaxQ,1,-1
9459,MinimaxQ,1,-1
9460,draw,0,0
9461,MinimaxQ,1,-1
9462,draw,0,0
9463,MinimaxQ,1,-1
9464,draw,0,0
9465,Random,-1,1
9466,MinimaxQ,1,-1
9467,draw,0,0
9468,MinimaxQ,1,-1
9469,Random,-1,1
9470,draw,0,0
9471,draw,0,0
9472,draw,0,0
9473,MinimaxQ,1,-1
9474,draw,0,0
9475,Random,-1,1
9476,MinimaxQ,1,-1
9477,draw,0,0
9478,draw,0,0
9479,draw,0,0
9480,draw,0,0
9481,MinimaxQ,1,-1
9482,MinimaxQ,1,-1
9483,Random,-1,1
9484,Random,-1,1
9485,MinimaxQ,1,-1
9486,draw,0,0
9487,Random,-1,1
9488,MinimaxQ,1,-1
9489,draw,0,0
9490,Random,-1,1
9491,MinimaxQ,1,-1
9492,MinimaxQ,1,-1
9493,draw,0,0
9494,MinimaxQ,1,-1
9495,draw,0,0
9496,Random,-1,1
9497,MinimaxQ,1,-1
9498,Random,-1,1
9499,MinimaxQ,1,-1
9500,draw,0,0
9501,MinimaxQ,1,-1
9502,MinimaxQ,1,-1
9503,MinimaxQ,1,-1
9504,MinimaxQ,1,-1
9505,MinimaxQ,1,-1
9506,draw,0,0
9507,Random,-1,1
9508,Random,-1,1
9509,MinimaxQ,1,-1
9510,MinimaxQ,1,-1
9511,draw,0,0
9512,MinimaxQ,1,-1
9513,MinimaxQ,1,-1
9514,draw,0,0
9515,draw,0,0
9516,draw,0,0
9517,MinimaxQ,1,-1
9518,draw,0,0
9519,MinimaxQ,1,-1
9520,draw,0,0
9521,MinimaxQ,1,-1
9522,draw,0,0
9523,Random,-1,1
9524,Random,-1,1
9525,MinimaxQ,1,-1
9526,MinimaxQ,1,-1
9527,draw,0,0
9528,draw,0,0
9529,MinimaxQ,1,-1
9530,MinimaxQ,1,-1
9531,Random,-1,1
9532,MinimaxQ,1,-1
9533,draw,0,0
9534,MinimaxQ,1,-1
9535,MinimaxQ,1,-1
9536,Random,-1,1
9537,draw,0,0
9538,draw,0,0
9539,MinimaxQ,1,-1
9540,draw,0,0
9541,Random,-1,1
9542,MinimaxQ,1,-1
9543,draw,0,0
9544,MinimaxQ,1,-1
9545,MinimaxQ,1,-1
9546,draw,0,0
9547,MinimaxQ,1,-1
9548,MinimaxQ,1,-1
9549,Random,-1,1
9550,MinimaxQ,1,-1
9551,draw,0,0
9552,MinimaxQ,1,-1
9553,MinimaxQ,1,-1
9554,draw,0,0
9555,Random,-1,1
9556,draw,0,0
9557,draw,0,0
9558,MinimaxQ,1,-1
9559,MinimaxQ,1,-1
9560,MinimaxQ,1,-1
9561,MinimaxQ,1,-1
9562,MinimaxQ,1,-1
9563,draw,0,0
9564,draw,0,0
9565,MinimaxQ,1,-1
9566,Random,-1,1
9567,MinimaxQ,1,-1
9568,Random,-1,1
9569,Random,-1,1
9570,MinimaxQ,1,-1
9571,MinimaxQ,1,-1
9572,MinimaxQ,1,-1
9573,MinimaxQ,1,-1
9574,MinimaxQ,1,-1
9575,MinimaxQ,1,-1
9576,MinimaxQ,1,-1
9577,MinimaxQ,1,-1
9578,Random,-1,1
9579,MinimaxQ,1,-1
9580,MinimaxQ,1,-1
9581,MinimaxQ,1,-1
9582,MinimaxQ,1,-1
9583,draw,0,0
9584,draw,0,0
9585,draw,0,0
9586,Random,-1,1
9587,MinimaxQ,1,-1
9588,draw,0,0
9589,MinimaxQ,1,-1
9590,MinimaxQ,1,-1
9591,MinimaxQ,1,-1
9592,MinimaxQ,1,-1
9593,draw,0,0
9594,MinimaxQ,1,-1
9595,MinimaxQ,1,-1
9596,MinimaxQ,1,-1
9597,draw,0,0
9598,MinimaxQ,1,-1
9599,MinimaxQ,1,-1
9600,draw,0,0
9601,MinimaxQ,1,-1
9602,Random,-1,1
9603,MinimaxQ,1,-1
9604,draw,0,0
9605,draw,0,0
9606,draw,0,0
9607,MinimaxQ,1,-1
9608,MinimaxQ,1,-1
9609,MinimaxQ,1,-1
9610,Random,-1,1
9611,draw,0,0
9612,draw,0,0
9613,MinimaxQ,1,-1
9614,MinimaxQ,1,-1
9615,MinimaxQ,1,-1
9616,MinimaxQ,1,-1
9617,Random,-1,1
9618,Random,-1,1
9619,MinimaxQ,1,-1
9620,MinimaxQ,1,-1
9621,Random,-1,1
9622,Random,-1,1
9623,MinimaxQ,1,-1
9624,draw,0,0
9625,MinimaxQ,1,-1
9626,draw,0,0
9627,draw,0,0
9628,MinimaxQ,1,-1
9629,Random,-1,1
9630,draw,0,0
9631,MinimaxQ,1,-1
9632,draw,0,0
9633,draw,0,0
9634,Random,-1,1
9635,draw,0,0
9636,draw,0,0
9637,Random,-1,1
9638,draw,0,0
9639,draw,0,0
9640,MinimaxQ,1,-1
9641,Random,-1,1
9642,MinimaxQ,1,-1
9643,draw,0,0
9644,draw,0,0
9645,MinimaxQ,1,-1
9646,MinimaxQ,1,-1
9647,MinimaxQ,1,-1
9648,Random,-1,1
9649,Random,-1,1
9650,draw,0,0
9651,draw,0,0
9652,MinimaxQ,1,-1
9653,Random,-1,1
9654,draw,0,0
9655,Random,-1,1
9656,draw,0,0
9657,draw,0,0
9658,Random,-1,1
9659,MinimaxQ,1,-1
9660,Random,-1,1
9661,draw,0,0
9662,draw,0,0
9663,MinimaxQ,1,-1
9664,MinimaxQ,1,-1
9665,draw,0,0
9666,draw,0,0
9667,Random,-1,1
9668,draw,0,0
9669,MinimaxQ,1,-1
9670,MinimaxQ,1,-1
9671,MinimaxQ,1,-1
9672,MinimaxQ,1,-1
9673,draw,0,0
9674,MinimaxQ,1,-1
9675,draw,0,0
9676,MinimaxQ,1,-1
9677,draw,0,0
9678,MinimaxQ,1,-1
9679,MinimaxQ,1,-1
9680,draw,0,0
9681,draw,0,0
9682,Random,-1,1
9683,draw,0,0
9684,MinimaxQ,1,-1
9685,draw,0,0
9686,MinimaxQ,1,-1
9687,MinimaxQ,1,-1
9688,MinimaxQ,1,-1
9689,Random,-1,1
9690,draw,0,0
9691,MinimaxQ,1,-1
9692,MinimaxQ,1,-1
9693,draw,0,0
9694,MinimaxQ,1,-1
9695,Random,-1,1
9696,MinimaxQ,1,-1
9697,draw,0,0
9698,MinimaxQ,1,-1
9699,draw,0,0
9700,MinimaxQ,1,-1
9701,MinimaxQ,1,-1
9702,draw,0,0
9703,Random,-1,1
9704,MinimaxQ,1,-1
9705,MinimaxQ,1,-1
9706,draw,0,0
9707,Random,-1,1
9708,MinimaxQ,1,-1
9709,draw,0,0
9710,draw,0,0
9711,Random,-1,1
9712,MinimaxQ,1,-1
9713,MinimaxQ,1,-1
9714,draw,0,0
9715,MinimaxQ,1,-1
9716,MinimaxQ,1,-1
9717,draw,0,0
9718,Random,-1,1
9719,Random,-1,1
9720,MinimaxQ,1,-1
9721,MinimaxQ,1,-1
9722,MinimaxQ,1,-1
9723,draw,0,0
9724,draw,0,0
9725,draw,0,0
9726,draw,0,0
9727,MinimaxQ,1,-1
9728,Random,-1,1
9729,Random,-1,1
9730,Random,-1,1
9731,MinimaxQ,1,-1
9732,draw,0,0
9733,MinimaxQ,1,-1
9734,draw,0,0
9735,Random,-1,1
9736,MinimaxQ,1,-1
9737,MinimaxQ,1,-1
9738,Random,-1,1
9739,MinimaxQ,1,-1
9740,MinimaxQ,1,-1
9741,draw,0,0
9742,Random,-1,1
9743,draw,0,0
9744,Random,-1,1
9745,MinimaxQ,1,-1
9746,draw,0,0
9747,draw,0,0
9748,MinimaxQ,1,-1
9749,MinimaxQ,1,-1
9750,MinimaxQ,1,-1
9751,MinimaxQ,1,-1
9752,MinimaxQ,1,-1
9753,draw,0,0
9754,MinimaxQ,1,-1
9755,draw,0,0
9756,MinimaxQ,1,-1
9757,draw,0,0
9758,MinimaxQ,1,-1
9759,MinimaxQ,1,-1
9760,MinimaxQ,1,-1
9761,MinimaxQ,1,-1
9762,Random,-1,1
9763,draw,0,0
9764,draw,0,0
9765,MinimaxQ,1,-1
9766,draw,0,0
9767,MinimaxQ,1,-1
9768,draw,0,0
9769,Random,-1,1
9770,MinimaxQ,1,-1
9771,MinimaxQ,1,-1
9772,MinimaxQ,1,-1
9773,Random,-1,1
9774,MinimaxQ,1,-1
9775,MinimaxQ,1,-1
9776,Random,-1,1
9777,Random,-1,1
9778,draw,0,0
9779,Random,-1,1
9780,MinimaxQ,1,-1
9781,draw,0,0
9782,Random,-1,1
9783,MinimaxQ,1,-1
9784,MinimaxQ,1,-1
9785,MinimaxQ,1,-1
9786,MinimaxQ,1,-1
9787,MinimaxQ,1,-1
9788,Random,-1,1
9789,Random,-1,1
9790,MinimaxQ,1,-1
9791,Random,-1,1
9792,Random,-1,1
9793,MinimaxQ,1,-1
9794,draw,0,0
9795,draw,0,0
9796,Random,-1,1
9797,MinimaxQ,1,-1
9798,draw,0,0
9799,MinimaxQ,1,-1
9800,MinimaxQ,1,-1
9801,MinimaxQ,1,-1
9802,draw,0,0
9803,Random,-1,1
9804,MinimaxQ,1,-1
9805,draw,0,0
9806,MinimaxQ,1,-1
9807,Random,-1,1
9808,Random,-1,1
9809,draw,0,0
9810,MinimaxQ,1,-1
9811,Random,-1,1
9812,draw,0,0
9813,MinimaxQ,1,-1
9814,MinimaxQ,1,-1
9815,MinimaxQ,1,-1
9816,MinimaxQ,1,-1
9817,draw,0,0
9818,draw,0,0
9819,Random,-1,1
9820,Random,-1,1
9821,draw,0,0
9822,MinimaxQ,1,-1
9823,MinimaxQ,1,-1
9824,MinimaxQ,1,-1
9825,draw,0,0
9826,MinimaxQ,1,-1
9827,Random,-1,1
9828,MinimaxQ,1,-1
9829,Random,-1,1
9830,MinimaxQ,1,-1
9831,draw,0,0
9832,MinimaxQ,1,-1
9833,MinimaxQ,1,-1
9834,MinimaxQ,1,-1
9835,MinimaxQ,1,-1
9836,Random,-1,1
9837,draw,0,0
9838,draw,0,0
9839,MinimaxQ,1,-1
9840,MinimaxQ,1,-1
9841,MinimaxQ,1,-1
9842,MinimaxQ,1,-1
9843,draw,0,0
9844,MinimaxQ,1,-1
9845,MinimaxQ,1,-1
9846,MinimaxQ,1,-1
9847,draw,0,0
9848,MinimaxQ,1,-1
9849,MinimaxQ,1,-1
9850,MinimaxQ,1,-1
9851,MinimaxQ,1,-1
9852,MinimaxQ,1,-1
9853,MinimaxQ,1,-1
9854,MinimaxQ,1,-1
9855,MinimaxQ,1,-1
9856,draw,0,0
9857,MinimaxQ,1,-1
9858,draw,0,0
9859,MinimaxQ,1,-1
9860,draw,0,0
9861,draw,0,0
9862,draw,0,0
9863,MinimaxQ,1,-1
9864,draw,0,0
9865,draw,0,0
9866,MinimaxQ,1,-1
9867,draw,0,0
9868,draw,0,0
9869,Random,-1,1
9870,MinimaxQ,1,-1
9871,MinimaxQ,1,-1
9872,MinimaxQ,1,-1
9873,draw,0,0
9874,MinimaxQ,1,-1
9875,Random,-1,1
9876,MinimaxQ,1,-1
9877,Random,-1,1
9878,MinimaxQ,1,-1
9879,draw,0,0
9880,MinimaxQ,1,-1
9881,MinimaxQ,1,-1
9882,draw,0,0
9883,draw,0,0
9884,draw,0,0
9885,draw,0,0
9886,Random,-1,1
9887,Random,-1,1
9888,MinimaxQ,1,-1
9889,Random,-1,1
9890,MinimaxQ,1,-1
9891,MinimaxQ,1,-1
9892,MinimaxQ,1,-1
9893,MinimaxQ,1,-1
9894,Random,-1,1
9895,draw,0,0
9896,MinimaxQ,1,-1
9897,Random,-1,1
9898,draw,0,0
9899,MinimaxQ,1,-1
9900,MinimaxQ,1,-1
9901,MinimaxQ,1,-1
9902,Random,-1,1
9903,draw,0,0
9904,Random,-1,1
9905,MinimaxQ,1,-1
9906,draw,0,0
9907,draw,0,0
9908,MinimaxQ,1,-1
9909,draw,0,0
9910,draw,0,0
9911,Random,-1,1
9912,draw,0,0
9913,draw,0,0
9914,MinimaxQ,1,-1
9915,draw,0,0
9916,draw,0,0
9917,MinimaxQ,1,-1
9918,MinimaxQ,1,-1
9919,MinimaxQ,1,-1
9920,draw,0,0
9921,Random,-1,1
9922,draw,0,0
9923,MinimaxQ,1,-1
9924,MinimaxQ,1,-1
9925,draw,0,0
9926,MinimaxQ,1,-1
9927,draw,0,0
9928,MinimaxQ,1,-1
9929,MinimaxQ,1,-1
9930,MinimaxQ,1,-1
9931,MinimaxQ,1,-1
9932,MinimaxQ,1,-1
9933,draw,0,0
9934,draw,0,0
9935,MinimaxQ,1,-1
9936,MinimaxQ,1,-1
9937,MinimaxQ,1,-1
9938,MinimaxQ,1,-1
9939,MinimaxQ,1,-1
9940,MinimaxQ,1,-1
9941,draw,0,0
9942,Random,-1,1
9943,draw,0,0
9944,MinimaxQ,1,-1
9945,MinimaxQ,1,-1
9946,Random,-1,1
9947,draw,0,0
9948,MinimaxQ,1,-1
9949,MinimaxQ,1,-1
9950,draw,0,0
9951,Random,-1,1
9952,draw,0,0
9953,MinimaxQ,1,-1
9954,MinimaxQ,1,-1
9955,MinimaxQ,1,-1
9956,draw,0,0
9957,MinimaxQ,1,-1
9958,MinimaxQ,1,-1
9959,draw,0,0
9960,draw,0,0
9961,Random,-1,1
9962,MinimaxQ,1,-1
9963,MinimaxQ,1,-1
9964,draw,0,0
9965,draw,0,0
9966,MinimaxQ,1,-1
9967,draw,0,0
9968,MinimaxQ,1,-1
9969,draw,0,0
9970,draw,0,0
9971,MinimaxQ,1,-1
9972,MinimaxQ,1,-1
9973,MinimaxQ,1,-1
9974,draw,0,0
9975,MinimaxQ,1,-1
9976,draw,0,0
9977,MinimaxQ,1,-1
9978,draw,0,0
9979,Random,-1,1
9980,MinimaxQ,1,-1
9981,draw,0,0
9982,Random,-1,1
9983,MinimaxQ,1,-1
9984,MinimaxQ,1,-1
9985,MinimaxQ,1,-1
9986,draw,0,0
9987,Random,-1,1
9988,draw,0,0
9989,draw,0,0
9990,draw,0,0
9991,MinimaxQ,1,-1
9992,draw,0,0
9993,MinimaxQ,1,-1
9994,draw,0,0
9995,Random,-1,1
9996,draw,0,0
9997,draw,0,0
9998,draw,0,0
9999,draw,0,0
10000,MinimaxQ,1,-1
