episode,winner,DQN,DQN_2
1,DQN_2,-1,1
2,draw,0,0
3,DQN_2,-1,1
4,DQN_2,-1,1
5,draw,0,0
6,draw,0,0
7,draw,0,0
8,DQN,1,-1
9,DQN,1,-1
10,draw,0,0
11,DQN,1,-1
12,draw,0,0
13,DQN,1,-1
14,draw,0,0
15,DQN_2,-1,1
16,DQN_2,-1,1
17,draw,0,0
18,draw,0,0
19,DQN,1,-1
20,DQN_2,-1,1
21,draw,0,0
22,draw,0,0
23,DQN_2,-1,1
24,DQN_2,-1,1
25,DQN,1,-1
26,draw,0,0
27,draw,0,0
28,DQN_2,-1,1
29,DQN,1,-1
30,DQN_2,-1,1
31,draw,0,0
32,draw,0,0
33,draw,0,0
34,draw,0,0
35,draw,0,0
36,draw,0,0
37,draw,0,0
38,draw,0,0
39,DQN,1,-1
40,draw,0,0
41,draw,0,0
42,draw,0,0
43,draw,0,0
44,draw,0,0
45,draw,0,0
46,DQN,1,-1
47,draw,0,0
48,draw,0,0
49,draw,0,0
50,draw,0,0
51,draw,0,0
52,draw,0,0
53,draw,0,0
54,DQN,1,-1
55,draw,0,0
56,draw,0,0
57,DQN,1,-1
58,draw,0,0
59,draw,0,0
60,draw,0,0
61,DQN,1,-1
62,DQN,1,-1
63,DQN,1,-1
64,draw,0,0
65,DQN,1,-1
66,draw,0,0
67,draw,0,0
68,DQN,1,-1
69,draw,0,0
70,draw,0,0
71,draw,0,0
72,draw,0,0
73,draw,0,0
74,draw,0,0
75,draw,0,0
76,DQN,1,-1
77,draw,0,0
78,draw,0,0
79,draw,0,0
80,draw,0,0
81,draw,0,0
82,draw,0,0
83,draw,0,0
84,draw,0,0
85,draw,0,0
86,draw,0,0
87,DQN,1,-1
88,draw,0,0
89,draw,0,0
90,draw,0,0
91,draw,0,0
92,draw,0,0
93,draw,0,0
94,draw,0,0
95,draw,0,0
96,draw,0,0
97,draw,0,0
98,draw,0,0
99,draw,0,0
100,draw,0,0
101,DQN_2,-1,1
102,draw,0,0
103,draw,0,0
104,draw,0,0
105,draw,0,0
106,draw,0,0
107,draw,0,0
108,draw,0,0
109,draw,0,0
110,DQN,1,-1
111,draw,0,0
112,draw,0,0
113,draw,0,0
114,draw,0,0
115,draw,0,0
116,draw,0,0
117,draw,0,0
118,draw,0,0
119,draw,0,0
120,draw,0,0
121,draw,0,0
122,draw,0,0
123,draw,0,0
124,draw,0,0
125,draw,0,0
126,draw,0,0
127,draw,0,0
128,draw,0,0
129,draw,0,0
130,draw,0,0
131,draw,0,0
132,draw,0,0
133,draw,0,0
134,draw,0,0
135,draw,0,0
136,draw,0,0
137,draw,0,0
138,draw,0,0
139,DQN,1,-1
140,draw,0,0
141,draw,0,0
142,draw,0,0
143,draw,0,0
144,draw,0,0
145,draw,0,0
146,draw,0,0
147,draw,0,0
148,draw,0,0
149,DQN_2,-1,1
150,draw,0,0
151,draw,0,0
152,draw,0,0
153,draw,0,0
154,draw,0,0
155,draw,0,0
156,draw,0,0
157,DQN_2,-1,1
158,draw,0,0
159,DQN,1,-1
160,draw,0,0
161,draw,0,0
162,draw,0,0
163,draw,0,0
164,draw,0,0
165,draw,0,0
166,draw,0,0
167,draw,0,0
168,draw,0,0
169,draw,0,0
170,draw,0,0
171,draw,0,0
172,DQN_2,-1,1
173,DQN,1,-1
174,DQN_2,-1,1
175,draw,0,0
176,draw,0,0
177,draw,0,0
178,draw,0,0
179,draw,0,0
180,draw,0,0
181,draw,0,0
182,draw,0,0
183,draw,0,0
184,draw,0,0
185,draw,0,0
186,draw,0,0
187,draw,0,0
188,DQN_2,-1,1
189,draw,0,0
190,draw,0,0
191,draw,0,0
192,DQN,1,-1
193,draw,0,0
194,draw,0,0
195,draw,0,0
196,DQN,1,-1
197,DQN_2,-1,1
198,draw,0,0
199,draw,0,0
200,draw,0,0
201,draw,0,0
202,draw,0,0
203,DQN,1,-1
204,draw,0,0
205,draw,0,0
206,draw,0,0
207,draw,0,0
208,draw,0,0
209,DQN,1,-1
210,DQN,1,-1
211,DQN_2,-1,1
212,draw,0,0
213,draw,0,0
214,DQN,1,-1
215,draw,0,0
216,draw,0,0
217,draw,0,0
218,draw,0,0
219,draw,0,0
220,DQN_2,-1,1
221,draw,0,0
222,draw,0,0
223,draw,0,0
224,draw,0,0
225,draw,0,0
226,draw,0,0
227,draw,0,0
228,DQN,1,-1
229,draw,0,0
230,DQN,1,-1
231,draw,0,0
232,draw,0,0
233,draw,0,0
234,DQN,1,-1
235,draw,0,0
236,draw,0,0
237,DQN,1,-1
238,draw,0,0
239,draw,0,0
240,draw,0,0
241,draw,0,0
242,draw,0,0
243,draw,0,0
244,DQN_2,-1,1
245,DQN_2,-1,1
246,draw,0,0
247,draw,0,0
248,draw,0,0
249,draw,0,0
250,draw,0,0
251,draw,0,0
252,DQN_2,-1,1
253,draw,0,0
254,draw,0,0
255,draw,0,0
256,draw,0,0
257,draw,0,0
258,DQN_2,-1,1
259,draw,0,0
260,draw,0,0
261,draw,0,0
262,draw,0,0
263,draw,0,0
264,draw,0,0
265,DQN,1,-1
266,draw,0,0
267,draw,0,0
268,draw,0,0
269,draw,0,0
270,draw,0,0
271,draw,0,0
272,draw,0,0
273,draw,0,0
274,draw,0,0
275,DQN,1,-1
276,draw,0,0
277,draw,0,0
278,draw,0,0
279,draw,0,0
280,draw,0,0
281,draw,0,0
282,draw,0,0
283,DQN,1,-1
284,draw,0,0
285,draw,0,0
286,draw,0,0
287,draw,0,0
288,draw,0,0
289,draw,0,0
290,draw,0,0
291,DQN_2,-1,1
292,draw,0,0
293,draw,0,0
294,draw,0,0
295,draw,0,0
296,DQN_2,-1,1
297,draw,0,0
298,draw,0,0
299,draw,0,0
300,draw,0,0
301,draw,0,0
302,draw,0,0
303,DQN_2,-1,1
304,draw,0,0
305,draw,0,0
306,draw,0,0
307,draw,0,0
308,draw,0,0
309,draw,0,0
310,draw,0,0
311,draw,0,0
312,draw,0,0
313,draw,0,0
314,draw,0,0
315,draw,0,0
316,draw,0,0
317,draw,0,0
318,draw,0,0
319,draw,0,0
320,draw,0,0
321,draw,0,0
322,draw,0,0
323,draw,0,0
324,draw,0,0
325,draw,0,0
326,draw,0,0
327,draw,0,0
328,draw,0,0
329,draw,0,0
330,draw,0,0
331,draw,0,0
332,DQN,1,-1
333,draw,0,0
334,draw,0,0
335,draw,0,0
336,draw,0,0
337,draw,0,0
338,draw,0,0
339,draw,0,0
340,draw,0,0
341,draw,0,0
342,draw,0,0
343,draw,0,0
344,draw,0,0
345,draw,0,0
346,draw,0,0
347,draw,0,0
348,draw,0,0
349,draw,0,0
350,draw,0,0
351,draw,0,0
352,draw,0,0
353,draw,0,0
354,draw,0,0
355,draw,0,0
356,draw,0,0
357,draw,0,0
358,draw,0,0
359,draw,0,0
360,DQN,1,-1
361,draw,0,0
362,draw,0,0
363,draw,0,0
364,draw,0,0
365,draw,0,0
366,draw,0,0
367,draw,0,0
368,DQN,1,-1
369,draw,0,0
370,draw,0,0
371,draw,0,0
372,draw,0,0
373,draw,0,0
374,DQN,1,-1
375,draw,0,0
376,draw,0,0
377,draw,0,0
378,draw,0,0
379,draw,0,0
380,DQN,1,-1
381,draw,0,0
382,draw,0,0
383,draw,0,0
384,draw,0,0
385,draw,0,0
386,draw,0,0
387,draw,0,0
388,draw,0,0
389,draw,0,0
390,draw,0,0
391,draw,0,0
392,draw,0,0
393,DQN,1,-1
394,DQN_2,-1,1
395,draw,0,0
396,draw,0,0
397,draw,0,0
398,draw,0,0
399,DQN,1,-1
400,draw,0,0
401,draw,0,0
402,draw,0,0
403,draw,0,0
404,draw,0,0
405,draw,0,0
406,draw,0,0
407,draw,0,0
408,draw,0,0
409,draw,0,0
410,DQN,1,-1
411,draw,0,0
412,draw,0,0
413,draw,0,0
414,draw,0,0
415,DQN,1,-1
416,draw,0,0
417,draw,0,0
418,draw,0,0
419,draw,0,0
420,draw,0,0
421,draw,0,0
422,draw,0,0
423,draw,0,0
424,draw,0,0
425,DQN_2,-1,1
426,draw,0,0
427,DQN_2,-1,1
428,draw,0,0
429,draw,0,0
430,DQN_2,-1,1
431,DQN,1,-1
432,draw,0,0
433,DQN_2,-1,1
434,draw,0,0
435,draw,0,0
436,DQN_2,-1,1
437,draw,0,0
438,draw,0,0
439,draw,0,0
440,DQN_2,-1,1
441,draw,0,0
442,draw,0,0
443,DQN_2,-1,1
444,DQN,1,-1
445,draw,0,0
446,draw,0,0
447,draw,0,0
448,DQN_2,-1,1
449,draw,0,0
450,draw,0,0
451,draw,0,0
452,DQN_2,-1,1
453,DQN_2,-1,1
454,draw,0,0
455,draw,0,0
456,draw,0,0
457,DQN_2,-1,1
458,draw,0,0
459,draw,0,0
460,draw,0,0
461,draw,0,0
462,draw,0,0
463,draw,0,0
464,draw,0,0
465,draw,0,0
466,draw,0,0
467,draw,0,0
468,draw,0,0
469,draw,0,0
470,DQN,1,-1
471,DQN,1,-1
472,DQN,1,-1
473,DQN,1,-1
474,draw,0,0
475,DQN_2,-1,1
476,draw,0,0
477,draw,0,0
478,DQN_2,-1,1
479,draw,0,0
480,DQN_2,-1,1
481,draw,0,0
482,draw,0,0
483,DQN_2,-1,1
484,draw,0,0
485,draw,0,0
486,DQN_2,-1,1
487,draw,0,0
488,draw,0,0
489,draw,0,0
490,draw,0,0
491,draw,0,0
492,DQN,1,-1
493,DQN_2,-1,1
494,draw,0,0
495,draw,0,0
496,draw,0,0
497,draw,0,0
498,DQN,1,-1
499,draw,0,0
500,draw,0,0
501,DQN,1,-1
502,draw,0,0
503,DQN_2,-1,1
504,draw,0,0
505,draw,0,0
506,draw,0,0
507,draw,0,0
508,draw,0,0
509,draw,0,0
510,draw,0,0
511,draw,0,0
512,DQN,1,-1
513,draw,0,0
514,draw,0,0
515,draw,0,0
516,DQN_2,-1,1
517,draw,0,0
518,draw,0,0
519,draw,0,0
520,draw,0,0
521,draw,0,0
522,draw,0,0
523,draw,0,0
524,draw,0,0
525,draw,0,0
526,draw,0,0
527,draw,0,0
528,draw,0,0
529,draw,0,0
530,draw,0,0
531,draw,0,0
532,draw,0,0
533,draw,0,0
534,DQN,1,-1
535,draw,0,0
536,draw,0,0
537,draw,0,0
538,draw,0,0
539,draw,0,0
540,DQN_2,-1,1
541,DQN_2,-1,1
542,draw,0,0
543,draw,0,0
544,DQN,1,-1
545,draw,0,0
546,DQN,1,-1
547,DQN_2,-1,1
548,draw,0,0
549,draw,0,0
550,DQN,1,-1
551,DQN,1,-1
552,draw,0,0
553,draw,0,0
554,DQN,1,-1
555,draw,0,0
556,draw,0,0
557,draw,0,0
558,DQN,1,-1
559,draw,0,0
560,draw,0,0
561,draw,0,0
562,draw,0,0
563,DQN_2,-1,1
564,DQN,1,-1
565,draw,0,0
566,DQN_2,-1,1
567,draw,0,0
568,DQN_2,-1,1
569,draw,0,0
570,DQN_2,-1,1
571,draw,0,0
572,draw,0,0
573,DQN,1,-1
574,draw,0,0
575,draw,0,0
576,draw,0,0
577,draw,0,0
578,draw,0,0
579,draw,0,0
580,draw,0,0
581,DQN_2,-1,1
582,draw,0,0
583,draw,0,0
584,draw,0,0
585,DQN,1,-1
586,draw,0,0
587,DQN_2,-1,1
588,draw,0,0
589,draw,0,0
590,DQN_2,-1,1
591,draw,0,0
592,draw,0,0
593,draw,0,0
594,draw,0,0
595,draw,0,0
596,draw,0,0
597,DQN_2,-1,1
598,draw,0,0
599,draw,0,0
600,draw,0,0
601,DQN_2,-1,1
602,draw,0,0
603,draw,0,0
604,draw,0,0
605,draw,0,0
606,draw,0,0
607,draw,0,0
608,draw,0,0
609,draw,0,0
610,draw,0,0
611,draw,0,0
612,DQN,1,-1
613,DQN_2,-1,1
614,draw,0,0
615,draw,0,0
616,draw,0,0
617,draw,0,0
618,draw,0,0
619,draw,0,0
620,draw,0,0
621,draw,0,0
622,draw,0,0
623,draw,0,0
624,draw,0,0
625,draw,0,0
626,draw,0,0
627,draw,0,0
628,draw,0,0
629,draw,0,0
630,draw,0,0
631,draw,0,0
632,draw,0,0
633,DQN_2,-1,1
634,draw,0,0
635,draw,0,0
636,draw,0,0
637,draw,0,0
638,draw,0,0
639,DQN_2,-1,1
640,DQN_2,-1,1
641,draw,0,0
642,draw,0,0
643,draw,0,0
644,draw,0,0
645,draw,0,0
646,draw,0,0
647,draw,0,0
648,draw,0,0
649,DQN,1,-1
650,draw,0,0
651,draw,0,0
652,draw,0,0
653,DQN_2,-1,1
654,draw,0,0
655,draw,0,0
656,draw,0,0
657,draw,0,0
658,draw,0,0
659,DQN_2,-1,1
660,draw,0,0
661,DQN_2,-1,1
662,draw,0,0
663,draw,0,0
664,DQN_2,-1,1
665,draw,0,0
666,DQN_2,-1,1
667,draw,0,0
668,draw,0,0
669,draw,0,0
670,draw,0,0
671,draw,0,0
672,draw,0,0
673,draw,0,0
674,DQN_2,-1,1
675,DQN_2,-1,1
676,draw,0,0
677,draw,0,0
678,draw,0,0
679,draw,0,0
680,DQN,1,-1
681,draw,0,0
682,draw,0,0
683,draw,0,0
684,draw,0,0
685,DQN,1,-1
686,draw,0,0
687,draw,0,0
688,draw,0,0
689,draw,0,0
690,DQN_2,-1,1
691,draw,0,0
692,draw,0,0
693,draw,0,0
694,draw,0,0
695,draw,0,0
696,DQN_2,-1,1
697,DQN_2,-1,1
698,DQN_2,-1,1
699,DQN_2,-1,1
700,draw,0,0
701,DQN_2,-1,1
702,DQN_2,-1,1
703,draw,0,0
704,DQN_2,-1,1
705,draw,0,0
706,draw,0,0
707,draw,0,0
708,DQN_2,-1,1
709,DQN_2,-1,1
710,draw,0,0
711,draw,0,0
712,draw,0,0
713,DQN_2,-1,1
714,draw,0,0
715,DQN_2,-1,1
716,draw,0,0
717,draw,0,0
718,draw,0,0
719,DQN_2,-1,1
720,DQN_2,-1,1
721,draw,0,0
722,draw,0,0
723,DQN_2,-1,1
724,DQN,1,-1
725,DQN_2,-1,1
726,draw,0,0
727,DQN,1,-1
728,DQN_2,-1,1
729,draw,0,0
730,draw,0,0
731,DQN_2,-1,1
732,DQN_2,-1,1
733,draw,0,0
734,draw,0,0
735,draw,0,0
736,DQN_2,-1,1
737,DQN_2,-1,1
738,draw,0,0
739,draw,0,0
740,DQN,1,-1
741,draw,0,0
742,DQN_2,-1,1
743,draw,0,0
744,DQN_2,-1,1
745,draw,0,0
746,draw,0,0
747,draw,0,0
748,DQN_2,-1,1
749,draw,0,0
750,DQN_2,-1,1
751,DQN,1,-1
752,draw,0,0
753,draw,0,0
754,DQN_2,-1,1
755,draw,0,0
756,draw,0,0
757,draw,0,0
758,DQN,1,-1
759,DQN_2,-1,1
760,draw,0,0
761,DQN,1,-1
762,DQN_2,-1,1
763,DQN,1,-1
764,DQN_2,-1,1
765,DQN_2,-1,1
766,draw,0,0
767,DQN,1,-1
768,draw,0,0
769,draw,0,0
770,DQN,1,-1
771,DQN,1,-1
772,DQN,1,-1
773,draw,0,0
774,draw,0,0
775,draw,0,0
776,DQN_2,-1,1
777,DQN_2,-1,1
778,draw,0,0
779,draw,0,0
780,draw,0,0
781,DQN_2,-1,1
782,draw,0,0
783,draw,0,0
784,draw,0,0
785,draw,0,0
786,draw,0,0
787,DQN_2,-1,1
788,draw,0,0
789,draw,0,0
790,draw,0,0
791,DQN_2,-1,1
792,draw,0,0
793,draw,0,0
794,draw,0,0
795,draw,0,0
796,draw,0,0
797,draw,0,0
798,draw,0,0
799,draw,0,0
800,draw,0,0
801,draw,0,0
802,draw,0,0
803,draw,0,0
804,draw,0,0
805,draw,0,0
806,draw,0,0
807,draw,0,0
808,draw,0,0
809,draw,0,0
810,draw,0,0
811,draw,0,0
812,draw,0,0
813,draw,0,0
814,draw,0,0
815,draw,0,0
816,DQN,1,-1
817,draw,0,0
818,DQN,1,-1
819,DQN,1,-1
820,draw,0,0
821,draw,0,0
822,draw,0,0
823,DQN_2,-1,1
824,draw,0,0
825,draw,0,0
826,draw,0,0
827,draw,0,0
828,draw,0,0
829,draw,0,0
830,DQN,1,-1
831,draw,0,0
832,draw,0,0
833,draw,0,0
834,draw,0,0
835,draw,0,0
836,draw,0,0
837,DQN_2,-1,1
838,draw,0,0
839,draw,0,0
840,draw,0,0
841,draw,0,0
842,draw,0,0
843,draw,0,0
844,draw,0,0
845,draw,0,0
846,draw,0,0
847,draw,0,0
848,draw,0,0
849,draw,0,0
850,draw,0,0
851,draw,0,0
852,draw,0,0
853,draw,0,0
854,draw,0,0
855,draw,0,0
856,draw,0,0
857,DQN_2,-1,1
858,draw,0,0
859,draw,0,0
860,draw,0,0
861,draw,0,0
862,draw,0,0
863,DQN_2,-1,1
864,DQN_2,-1,1
865,draw,0,0
866,draw,0,0
867,DQN_2,-1,1
868,DQN_2,-1,1
869,draw,0,0
870,draw,0,0
871,DQN_2,-1,1
872,draw,0,0
873,draw,0,0
874,draw,0,0
875,draw,0,0
876,DQN_2,-1,1
877,DQN,1,-1
878,draw,0,0
879,draw,0,0
880,draw,0,0
881,DQN,1,-1
882,draw,0,0
883,draw,0,0
884,draw,0,0
885,draw,0,0
886,draw,0,0
887,draw,0,0
888,DQN,1,-1
889,draw,0,0
890,DQN,1,-1
891,draw,0,0
892,draw,0,0
893,draw,0,0
894,draw,0,0
895,draw,0,0
896,draw,0,0
897,draw,0,0
898,draw,0,0
899,DQN_2,-1,1
900,draw,0,0
901,draw,0,0
902,draw,0,0
903,draw,0,0
904,draw,0,0
905,draw,0,0
906,draw,0,0
907,draw,0,0
908,draw,0,0
909,DQN_2,-1,1
910,draw,0,0
911,draw,0,0
912,draw,0,0
913,draw,0,0
914,draw,0,0
915,draw,0,0
916,DQN,1,-1
917,draw,0,0
918,draw,0,0
919,draw,0,0
920,draw,0,0
921,DQN_2,-1,1
922,draw,0,0
923,draw,0,0
924,draw,0,0
925,DQN_2,-1,1
926,draw,0,0
927,DQN_2,-1,1
928,draw,0,0
929,DQN_2,-1,1
930,DQN_2,-1,1
931,draw,0,0
932,draw,0,0
933,draw,0,0
934,draw,0,0
935,draw,0,0
936,DQN,1,-1
937,DQN,1,-1
938,DQN,1,-1
939,draw,0,0
940,draw,0,0
941,draw,0,0
942,draw,0,0
943,draw,0,0
944,DQN_2,-1,1
945,DQN_2,-1,1
946,draw,0,0
947,draw,0,0
948,draw,0,0
949,DQN,1,-1
950,draw,0,0
951,draw,0,0
952,draw,0,0
953,draw,0,0
954,draw,0,0
955,draw,0,0
956,draw,0,0
957,draw,0,0
958,draw,0,0
959,draw,0,0
960,draw,0,0
961,draw,0,0
962,DQN_2,-1,1
963,DQN_2,-1,1
964,draw,0,0
965,draw,0,0
966,draw,0,0
967,DQN_2,-1,1
968,draw,0,0
969,draw,0,0
970,DQN_2,-1,1
971,draw,0,0
972,DQN,1,-1
973,DQN_2,-1,1
974,DQN_2,-1,1
975,draw,0,0
976,draw,0,0
977,draw,0,0
978,DQN_2,-1,1
979,DQN_2,-1,1
980,draw,0,0
981,DQN_2,-1,1
982,draw,0,0
983,draw,0,0
984,DQN_2,-1,1
985,draw,0,0
986,draw,0,0
987,DQN_2,-1,1
988,DQN_2,-1,1
989,DQN,1,-1
990,draw,0,0
991,draw,0,0
992,draw,0,0
993,draw,0,0
994,draw,0,0
995,draw,0,0
996,DQN_2,-1,1
997,draw,0,0
998,draw,0,0
999,draw,0,0
1000,draw,0,0
1001,draw,0,0
1002,draw,0,0
1003,DQN,1,-1
1004,draw,0,0
1005,draw,0,0
1006,DQN_2,-1,1
1007,draw,0,0
1008,DQN,1,-1
1009,draw,0,0
1010,draw,0,0
1011,draw,0,0
1012,draw,0,0
1013,draw,0,0
1014,DQN,1,-1
1015,draw,0,0
1016,draw,0,0
1017,DQN_2,-1,1
1018,draw,0,0
1019,DQN,1,-1
1020,draw,0,0
1021,DQN_2,-1,1
1022,DQN,1,-1
1023,draw,0,0
1024,DQN,1,-1
1025,draw,0,0
1026,draw,0,0
1027,draw,0,0
1028,draw,0,0
1029,draw,0,0
1030,DQN,1,-1
1031,DQN_2,-1,1
1032,draw,0,0
1033,draw,0,0
1034,draw,0,0
1035,draw,0,0
1036,draw,0,0
1037,DQN_2,-1,1
1038,draw,0,0
1039,draw,0,0
1040,draw,0,0
1041,draw,0,0
1042,DQN_2,-1,1
1043,DQN_2,-1,1
1044,draw,0,0
1045,DQN,1,-1
1046,DQN_2,-1,1
1047,draw,0,0
1048,draw,0,0
1049,DQN_2,-1,1
1050,draw,0,0
1051,draw,0,0
1052,draw,0,0
1053,draw,0,0
1054,draw,0,0
1055,draw,0,0
1056,DQN_2,-1,1
1057,draw,0,0
1058,DQN_2,-1,1
1059,draw,0,0
1060,draw,0,0
1061,draw,0,0
1062,draw,0,0
1063,draw,0,0
1064,draw,0,0
1065,draw,0,0
1066,draw,0,0
1067,DQN,1,-1
1068,draw,0,0
1069,draw,0,0
1070,draw,0,0
1071,draw,0,0
1072,DQN_2,-1,1
1073,draw,0,0
1074,DQN_2,-1,1
1075,draw,0,0
1076,draw,0,0
1077,DQN,1,-1
1078,draw,0,0
1079,draw,0,0
1080,draw,0,0
1081,DQN,1,-1
1082,DQN,1,-1
1083,DQN,1,-1
1084,DQN,1,-1
1085,DQN,1,-1
1086,draw,0,0
1087,DQN,1,-1
1088,DQN,1,-1
1089,draw,0,0
1090,DQN_2,-1,1
1091,DQN,1,-1
1092,draw,0,0
1093,DQN,1,-1
1094,DQN,1,-1
1095,draw,0,0
1096,DQN,1,-1
1097,draw,0,0
1098,draw,0,0
1099,draw,0,0
1100,draw,0,0
1101,draw,0,0
1102,draw,0,0
1103,DQN_2,-1,1
1104,draw,0,0
1105,draw,0,0
1106,draw,0,0
1107,draw,0,0
1108,draw,0,0
1109,DQN_2,-1,1
1110,draw,0,0
1111,draw,0,0
1112,draw,0,0
1113,draw,0,0
1114,draw,0,0
1115,DQN_2,-1,1
1116,draw,0,0
1117,draw,0,0
1118,draw,0,0
1119,draw,0,0
1120,draw,0,0
1121,draw,0,0
1122,DQN,1,-1
1123,DQN,1,-1
1124,draw,0,0
1125,draw,0,0
1126,draw,0,0
1127,draw,0,0
1128,draw,0,0
1129,draw,0,0
1130,DQN,1,-1
1131,DQN_2,-1,1
1132,DQN_2,-1,1
1133,draw,0,0
1134,draw,0,0
1135,DQN,1,-1
1136,draw,0,0
1137,draw,0,0
1138,draw,0,0
1139,draw,0,0
1140,draw,0,0
1141,draw,0,0
1142,draw,0,0
1143,draw,0,0
1144,draw,0,0
1145,draw,0,0
1146,DQN_2,-1,1
1147,DQN_2,-1,1
1148,DQN_2,-1,1
1149,draw,0,0
1150,draw,0,0
1151,draw,0,0
1152,DQN_2,-1,1
1153,draw,0,0
1154,draw,0,0
1155,DQN_2,-1,1
1156,DQN_2,-1,1
1157,draw,0,0
1158,draw,0,0
1159,DQN_2,-1,1
1160,draw,0,0
1161,draw,0,0
1162,draw,0,0
1163,draw,0,0
1164,draw,0,0
1165,draw,0,0
1166,DQN_2,-1,1
1167,draw,0,0
1168,draw,0,0
1169,DQN_2,-1,1
1170,draw,0,0
1171,draw,0,0
1172,DQN_2,-1,1
1173,draw,0,0
1174,draw,0,0
1175,draw,0,0
1176,draw,0,0
1177,draw,0,0
1178,draw,0,0
1179,draw,0,0
1180,draw,0,0
1181,draw,0,0
1182,draw,0,0
1183,DQN_2,-1,1
1184,draw,0,0
1185,draw,0,0
1186,draw,0,0
1187,DQN,1,-1
1188,draw,0,0
1189,draw,0,0
1190,draw,0,0
1191,draw,0,0
1192,DQN_2,-1,1
1193,draw,0,0
1194,draw,0,0
1195,draw,0,0
1196,draw,0,0
1197,draw,0,0
1198,DQN,1,-1
1199,draw,0,0
1200,draw,0,0
1201,DQN_2,-1,1
1202,DQN,1,-1
1203,draw,0,0
1204,DQN,1,-1
1205,draw,0,0
1206,draw,0,0
1207,draw,0,0
1208,DQN,1,-1
1209,DQN,1,-1
1210,DQN,1,-1
1211,DQN,1,-1
1212,DQN,1,-1
1213,DQN,1,-1
1214,DQN,1,-1
1215,DQN,1,-1
1216,DQN,1,-1
1217,DQN,1,-1
1218,DQN_2,-1,1
1219,DQN,1,-1
1220,DQN,1,-1
1221,DQN,1,-1
1222,DQN,1,-1
1223,draw,0,0
1224,DQN,1,-1
1225,draw,0,0
1226,DQN,1,-1
1227,DQN,1,-1
1228,draw,0,0
1229,draw,0,0
1230,DQN_2,-1,1
1231,DQN,1,-1
1232,draw,0,0
1233,draw,0,0
1234,draw,0,0
1235,draw,0,0
1236,DQN,1,-1
1237,draw,0,0
1238,draw,0,0
1239,draw,0,0
1240,draw,0,0
1241,draw,0,0
1242,draw,0,0
1243,draw,0,0
1244,draw,0,0
1245,draw,0,0
1246,draw,0,0
1247,DQN_2,-1,1
1248,draw,0,0
1249,draw,0,0
1250,draw,0,0
1251,draw,0,0
1252,draw,0,0
1253,DQN,1,-1
1254,DQN,1,-1
1255,draw,0,0
1256,DQN,1,-1
1257,draw,0,0
1258,draw,0,0
1259,draw,0,0
1260,draw,0,0
1261,draw,0,0
1262,draw,0,0
1263,draw,0,0
1264,draw,0,0
1265,draw,0,0
1266,DQN,1,-1
1267,draw,0,0
1268,draw,0,0
1269,draw,0,0
1270,draw,0,0
1271,draw,0,0
1272,DQN,1,-1
1273,draw,0,0
1274,draw,0,0
1275,DQN,1,-1
1276,draw,0,0
1277,draw,0,0
1278,DQN,1,-1
1279,draw,0,0
1280,draw,0,0
1281,DQN,1,-1
1282,draw,0,0
1283,draw,0,0
1284,draw,0,0
1285,draw,0,0
1286,draw,0,0
1287,draw,0,0
1288,DQN,1,-1
1289,draw,0,0
1290,DQN_2,-1,1
1291,draw,0,0
1292,draw,0,0
1293,DQN,1,-1
1294,DQN_2,-1,1
1295,DQN,1,-1
1296,draw,0,0
1297,draw,0,0
1298,draw,0,0
1299,draw,0,0
1300,DQN,1,-1
1301,DQN,1,-1
1302,DQN,1,-1
1303,DQN,1,-1
1304,DQN,1,-1
1305,DQN,1,-1
1306,draw,0,0
1307,draw,0,0
1308,DQN,1,-1
1309,DQN,1,-1
1310,DQN,1,-1
1311,DQN_2,-1,1
1312,draw,0,0
1313,draw,0,0
1314,draw,0,0
1315,draw,0,0
1316,draw,0,0
1317,draw,0,0
1318,draw,0,0
1319,DQN,1,-1
1320,DQN,1,-1
1321,draw,0,0
1322,DQN_2,-1,1
1323,draw,0,0
1324,draw,0,0
1325,draw,0,0
1326,draw,0,0
1327,draw,0,0
1328,draw,0,0
1329,draw,0,0
1330,DQN_2,-1,1
1331,DQN_2,-1,1
1332,DQN,1,-1
1333,draw,0,0
1334,DQN_2,-1,1
1335,DQN_2,-1,1
1336,draw,0,0
1337,draw,0,0
1338,draw,0,0
1339,draw,0,0
1340,draw,0,0
1341,DQN_2,-1,1
1342,DQN,1,-1
1343,DQN,1,-1
1344,draw,0,0
1345,draw,0,0
1346,draw,0,0
1347,draw,0,0
1348,draw,0,0
1349,draw,0,0
1350,draw,0,0
1351,DQN,1,-1
1352,draw,0,0
1353,draw,0,0
1354,draw,0,0
1355,draw,0,0
1356,draw,0,0
1357,DQN,1,-1
1358,DQN_2,-1,1
1359,draw,0,0
1360,draw,0,0
1361,DQN,1,-1
1362,DQN,1,-1
1363,DQN_2,-1,1
1364,DQN,1,-1
1365,DQN,1,-1
1366,draw,0,0
1367,DQN,1,-1
1368,draw,0,0
1369,draw,0,0
1370,DQN,1,-1
1371,draw,0,0
1372,draw,0,0
1373,draw,0,0
1374,draw,0,0
1375,draw,0,0
1376,draw,0,0
1377,draw,0,0
1378,DQN_2,-1,1
1379,draw,0,0
1380,DQN_2,-1,1
1381,DQN,1,-1
1382,draw,0,0
1383,draw,0,0
1384,DQN,1,-1
1385,draw,0,0
1386,draw,0,0
1387,draw,0,0
1388,DQN_2,-1,1
1389,draw,0,0
1390,DQN,1,-1
1391,DQN,1,-1
1392,draw,0,0
1393,draw,0,0
1394,DQN,1,-1
1395,DQN,1,-1
1396,DQN,1,-1
1397,draw,0,0
1398,draw,0,0
1399,DQN_2,-1,1
1400,DQN,1,-1
1401,DQN,1,-1
1402,DQN,1,-1
1403,draw,0,0
1404,DQN,1,-1
1405,DQN_2,-1,1
1406,DQN,1,-1
1407,draw,0,0
1408,DQN_2,-1,1
1409,draw,0,0
1410,DQN,1,-1
1411,DQN,1,-1
1412,DQN,1,-1
1413,draw,0,0
1414,DQN_2,-1,1
1415,DQN,1,-1
1416,DQN,1,-1
1417,DQN,1,-1
1418,DQN,1,-1
1419,DQN,1,-1
1420,draw,0,0
1421,draw,0,0
1422,DQN,1,-1
1423,DQN,1,-1
1424,DQN,1,-1
1425,DQN,1,-1
1426,DQN,1,-1
1427,DQN_2,-1,1
1428,DQN,1,-1
1429,draw,0,0
1430,DQN,1,-1
1431,DQN,1,-1
1432,DQN,1,-1
1433,draw,0,0
1434,draw,0,0
1435,DQN,1,-1
1436,draw,0,0
1437,draw,0,0
1438,draw,0,0
1439,DQN,1,-1
1440,DQN,1,-1
1441,DQN,1,-1
1442,draw,0,0
1443,DQN,1,-1
1444,DQN_2,-1,1
1445,draw,0,0
1446,DQN,1,-1
1447,DQN_2,-1,1
1448,draw,0,0
1449,draw,0,0
1450,DQN_2,-1,1
1451,draw,0,0
1452,draw,0,0
1453,DQN,1,-1
1454,draw,0,0
1455,DQN,1,-1
1456,draw,0,0
1457,draw,0,0
1458,draw,0,0
1459,draw,0,0
1460,DQN,1,-1
1461,draw,0,0
1462,DQN,1,-1
1463,DQN,1,-1
1464,draw,0,0
1465,DQN_2,-1,1
1466,DQN_2,-1,1
1467,draw,0,0
1468,DQN_2,-1,1
1469,DQN,1,-1
1470,DQN_2,-1,1
1471,DQN,1,-1
1472,draw,0,0
1473,DQN,1,-1
1474,DQN_2,-1,1
1475,draw,0,0
1476,DQN,1,-1
1477,DQN,1,-1
1478,DQN_2,-1,1
1479,draw,0,0
1480,draw,0,0
1481,DQN,1,-1
1482,DQN,1,-1
1483,DQN,1,-1
1484,DQN,1,-1
1485,DQN,1,-1
1486,DQN,1,-1
1487,DQN,1,-1
1488,draw,0,0
1489,DQN,1,-1
1490,DQN,1,-1
1491,DQN_2,-1,1
1492,DQN_2,-1,1
1493,draw,0,0
1494,draw,0,0
1495,DQN,1,-1
1496,draw,0,0
1497,draw,0,0
1498,draw,0,0
1499,draw,0,0
1500,DQN,1,-1
1501,DQN,1,-1
1502,DQN,1,-1
1503,DQN,1,-1
1504,DQN,1,-1
1505,draw,0,0
1506,DQN,1,-1
1507,DQN,1,-1
1508,DQN,1,-1
1509,draw,0,0
1510,draw,0,0
1511,DQN,1,-1
1512,draw,0,0
1513,DQN,1,-1
1514,draw,0,0
1515,DQN,1,-1
1516,DQN,1,-1
1517,draw,0,0
1518,DQN,1,-1
1519,DQN_2,-1,1
1520,DQN,1,-1
1521,draw,0,0
1522,DQN,1,-1
1523,DQN_2,-1,1
1524,DQN,1,-1
1525,draw,0,0
1526,DQN_2,-1,1
1527,DQN_2,-1,1
1528,DQN_2,-1,1
1529,DQN,1,-1
1530,DQN,1,-1
1531,DQN,1,-1
1532,draw,0,0
1533,DQN,1,-1
1534,draw,0,0
1535,DQN_2,-1,1
1536,draw,0,0
1537,draw,0,0
1538,draw,0,0
1539,draw,0,0
1540,DQN,1,-1
1541,draw,0,0
1542,draw,0,0
1543,DQN,1,-1
1544,draw,0,0
1545,draw,0,0
1546,DQN_2,-1,1
1547,draw,0,0
1548,draw,0,0
1549,draw,0,0
1550,DQN_2,-1,1
1551,DQN,1,-1
1552,draw,0,0
1553,DQN_2,-1,1
1554,draw,0,0
1555,draw,0,0
1556,DQN_2,-1,1
1557,draw,0,0
1558,DQN_2,-1,1
1559,draw,0,0
1560,DQN,1,-1
1561,draw,0,0
1562,draw,0,0
1563,draw,0,0
1564,draw,0,0
1565,DQN_2,-1,1
1566,draw,0,0
1567,draw,0,0
1568,draw,0,0
1569,draw,0,0
1570,draw,0,0
1571,draw,0,0
1572,draw,0,0
1573,DQN_2,-1,1
1574,draw,0,0
1575,draw,0,0
1576,DQN_2,-1,1
1577,DQN,1,-1
1578,draw,0,0
1579,DQN_2,-1,1
1580,DQN_2,-1,1
1581,DQN_2,-1,1
1582,draw,0,0
1583,draw,0,0
1584,draw,0,0
1585,draw,0,0
1586,DQN_2,-1,1
1587,draw,0,0
1588,DQN_2,-1,1
1589,draw,0,0
1590,draw,0,0
1591,draw,0,0
1592,draw,0,0
1593,draw,0,0
1594,DQN,1,-1
1595,DQN_2,-1,1
1596,DQN_2,-1,1
1597,draw,0,0
1598,draw,0,0
1599,draw,0,0
1600,DQN_2,-1,1
1601,draw,0,0
1602,DQN_2,-1,1
1603,draw,0,0
1604,draw,0,0
1605,draw,0,0
1606,draw,0,0
1607,DQN,1,-1
1608,draw,0,0
1609,draw,0,0
1610,DQN_2,-1,1
1611,DQN_2,-1,1
1612,DQN,1,-1
1613,DQN_2,-1,1
1614,DQN_2,-1,1
1615,DQN_2,-1,1
1616,DQN,1,-1
1617,DQN,1,-1
1618,DQN,1,-1
1619,DQN,1,-1
1620,DQN,1,-1
1621,draw,0,0
1622,DQN,1,-1
1623,draw,0,0
1624,DQN_2,-1,1
1625,draw,0,0
1626,DQN,1,-1
1627,draw,0,0
1628,DQN,1,-1
1629,draw,0,0
1630,draw,0,0
1631,DQN_2,-1,1
1632,DQN_2,-1,1
1633,DQN,1,-1
1634,DQN_2,-1,1
1635,draw,0,0
1636,DQN,1,-1
1637,draw,0,0
1638,DQN_2,-1,1
1639,DQN,1,-1
1640,draw,0,0
1641,DQN,1,-1
1642,DQN_2,-1,1
1643,DQN_2,-1,1
1644,DQN,1,-1
1645,draw,0,0
1646,draw,0,0
1647,DQN_2,-1,1
1648,DQN,1,-1
1649,draw,0,0
1650,DQN_2,-1,1
1651,DQN,1,-1
1652,DQN,1,-1
1653,draw,0,0
1654,DQN_2,-1,1
1655,DQN,1,-1
1656,DQN,1,-1
1657,draw,0,0
1658,DQN_2,-1,1
1659,DQN_2,-1,1
1660,DQN,1,-1
1661,draw,0,0
1662,draw,0,0
1663,DQN_2,-1,1
1664,DQN_2,-1,1
1665,draw,0,0
1666,DQN,1,-1
1667,DQN,1,-1
1668,DQN,1,-1
1669,draw,0,0
1670,draw,0,0
1671,DQN,1,-1
1672,DQN,1,-1
1673,DQN_2,-1,1
1674,DQN_2,-1,1
1675,DQN_2,-1,1
1676,DQN,1,-1
1677,DQN_2,-1,1
1678,DQN,1,-1
1679,draw,0,0
1680,DQN,1,-1
1681,DQN_2,-1,1
1682,DQN_2,-1,1
1683,DQN,1,-1
1684,DQN,1,-1
1685,DQN,1,-1
1686,DQN,1,-1
1687,draw,0,0
1688,DQN_2,-1,1
1689,draw,0,0
1690,draw,0,0
1691,DQN,1,-1
1692,draw,0,0
1693,DQN,1,-1
1694,DQN,1,-1
1695,draw,0,0
1696,draw,0,0
1697,draw,0,0
1698,DQN_2,-1,1
1699,draw,0,0
1700,DQN,1,-1
1701,DQN,1,-1
1702,DQN,1,-1
1703,DQN_2,-1,1
1704,DQN,1,-1
1705,DQN_2,-1,1
1706,DQN,1,-1
1707,DQN,1,-1
1708,DQN,1,-1
1709,DQN,1,-1
1710,draw,0,0
1711,draw,0,0
1712,DQN,1,-1
1713,DQN,1,-1
1714,DQN_2,-1,1
1715,DQN_2,-1,1
1716,draw,0,0
1717,DQN,1,-1
1718,DQN_2,-1,1
1719,draw,0,0
1720,draw,0,0
1721,draw,0,0
1722,DQN_2,-1,1
1723,DQN,1,-1
1724,DQN,1,-1
1725,draw,0,0
1726,draw,0,0
1727,draw,0,0
1728,draw,0,0
1729,DQN_2,-1,1
1730,DQN_2,-1,1
1731,DQN_2,-1,1
1732,DQN,1,-1
1733,draw,0,0
1734,draw,0,0
1735,DQN,1,-1
1736,DQN,1,-1
1737,draw,0,0
1738,DQN,1,-1
1739,DQN,1,-1
1740,draw,0,0
1741,DQN_2,-1,1
1742,DQN_2,-1,1
1743,DQN,1,-1
1744,DQN,1,-1
1745,DQN_2,-1,1
1746,draw,0,0
1747,DQN,1,-1
1748,draw,0,0
1749,draw,0,0
1750,draw,0,0
1751,draw,0,0
1752,DQN,1,-1
1753,draw,0,0
1754,DQN,1,-1
1755,DQN_2,-1,1
1756,DQN_2,-1,1
1757,draw,0,0
1758,draw,0,0
1759,DQN_2,-1,1
1760,DQN_2,-1,1
1761,DQN,1,-1
1762,DQN,1,-1
1763,DQN_2,-1,1
1764,DQN_2,-1,1
1765,DQN_2,-1,1
1766,draw,0,0
1767,DQN_2,-1,1
1768,DQN_2,-1,1
1769,draw,0,0
1770,DQN_2,-1,1
1771,draw,0,0
1772,DQN,1,-1
1773,draw,0,0
1774,draw,0,0
1775,DQN_2,-1,1
1776,draw,0,0
1777,draw,0,0
1778,draw,0,0
1779,draw,0,0
1780,DQN_2,-1,1
1781,draw,0,0
1782,draw,0,0
1783,draw,0,0
1784,draw,0,0
1785,draw,0,0
1786,draw,0,0
1787,DQN,1,-1
1788,DQN,1,-1
1789,draw,0,0
1790,DQN,1,-1
1791,draw,0,0
1792,DQN,1,-1
1793,DQN,1,-1
1794,draw,0,0
1795,draw,0,0
1796,DQN,1,-1
1797,DQN_2,-1,1
1798,draw,0,0
1799,draw,0,0
1800,DQN,1,-1
1801,draw,0,0
1802,DQN_2,-1,1
1803,draw,0,0
1804,DQN,1,-1
1805,DQN_2,-1,1
1806,draw,0,0
1807,draw,0,0
1808,DQN_2,-1,1
1809,DQN_2,-1,1
1810,draw,0,0
1811,DQN_2,-1,1
1812,draw,0,0
1813,draw,0,0
1814,draw,0,0
1815,draw,0,0
1816,draw,0,0
1817,draw,0,0
1818,DQN,1,-1
1819,draw,0,0
1820,draw,0,0
1821,DQN_2,-1,1
1822,DQN_2,-1,1
1823,DQN_2,-1,1
1824,draw,0,0
1825,DQN_2,-1,1
1826,DQN,1,-1
1827,draw,0,0
1828,draw,0,0
1829,DQN,1,-1
1830,DQN,1,-1
1831,DQN,1,-1
1832,DQN,1,-1
1833,DQN,1,-1
1834,DQN,1,-1
1835,DQN,1,-1
1836,draw,0,0
1837,draw,0,0
1838,DQN,1,-1
1839,DQN_2,-1,1
1840,DQN,1,-1
1841,DQN_2,-1,1
1842,DQN_2,-1,1
1843,draw,0,0
1844,DQN,1,-1
1845,DQN_2,-1,1
1846,DQN,1,-1
1847,DQN_2,-1,1
1848,DQN,1,-1
1849,DQN,1,-1
1850,draw,0,0
1851,draw,0,0
1852,DQN_2,-1,1
1853,DQN,1,-1
1854,DQN,1,-1
1855,DQN,1,-1
1856,draw,0,0
1857,DQN,1,-1
1858,DQN,1,-1
1859,DQN_2,-1,1
1860,draw,0,0
1861,DQN_2,-1,1
1862,DQN,1,-1
1863,DQN,1,-1
1864,DQN,1,-1
1865,DQN_2,-1,1
1866,DQN_2,-1,1
1867,DQN_2,-1,1
1868,DQN,1,-1
1869,DQN_2,-1,1
1870,DQN_2,-1,1
1871,draw,0,0
1872,DQN_2,-1,1
1873,DQN,1,-1
1874,draw,0,0
1875,DQN_2,-1,1
1876,DQN_2,-1,1
1877,DQN,1,-1
1878,DQN,1,-1
1879,draw,0,0
1880,draw,0,0
1881,DQN_2,-1,1
1882,DQN,1,-1
1883,DQN_2,-1,1
1884,DQN_2,-1,1
1885,DQN,1,-1
1886,DQN_2,-1,1
1887,DQN,1,-1
1888,draw,0,0
1889,DQN,1,-1
1890,DQN_2,-1,1
1891,DQN,1,-1
1892,DQN,1,-1
1893,DQN,1,-1
1894,DQN_2,-1,1
1895,draw,0,0
1896,DQN_2,-1,1
1897,DQN_2,-1,1
1898,DQN_2,-1,1
1899,draw,0,0
1900,draw,0,0
1901,draw,0,0
1902,DQN,1,-1
1903,draw,0,0
1904,draw,0,0
1905,draw,0,0
1906,DQN_2,-1,1
1907,DQN,1,-1
1908,DQN_2,-1,1
1909,DQN,1,-1
1910,DQN_2,-1,1
1911,DQN_2,-1,1
1912,DQN_2,-1,1
1913,DQN,1,-1
1914,DQN,1,-1
1915,draw,0,0
1916,DQN,1,-1
1917,draw,0,0
1918,draw,0,0
1919,DQN_2,-1,1
1920,draw,0,0
1921,DQN,1,-1
1922,draw,0,0
1923,draw,0,0
1924,DQN,1,-1
1925,draw,0,0
1926,DQN_2,-1,1
1927,draw,0,0
1928,DQN,1,-1
1929,DQN,1,-1
1930,DQN_2,-1,1
1931,DQN_2,-1,1
1932,DQN,1,-1
1933,DQN,1,-1
1934,DQN_2,-1,1
1935,DQN_2,-1,1
1936,DQN,1,-1
1937,draw,0,0
1938,DQN_2,-1,1
1939,DQN,1,-1
1940,DQN,1,-1
1941,DQN,1,-1
1942,DQN_2,-1,1
1943,DQN,1,-1
1944,DQN,1,-1
1945,DQN_2,-1,1
1946,draw,0,0
1947,draw,0,0
1948,DQN,1,-1
1949,draw,0,0
1950,draw,0,0
1951,draw,0,0
1952,draw,0,0
1953,draw,0,0
1954,draw,0,0
1955,draw,0,0
1956,draw,0,0
1957,draw,0,0
1958,draw,0,0
1959,draw,0,0
1960,draw,0,0
1961,draw,0,0
1962,draw,0,0
1963,DQN,1,-1
1964,draw,0,0
1965,DQN,1,-1
1966,draw,0,0
1967,DQN_2,-1,1
1968,DQN,1,-1
1969,DQN_2,-1,1
1970,draw,0,0
1971,DQN_2,-1,1
1972,DQN_2,-1,1
1973,DQN_2,-1,1
1974,DQN,1,-1
1975,draw,0,0
1976,draw,0,0
1977,DQN,1,-1
1978,draw,0,0
1979,draw,0,0
1980,draw,0,0
1981,draw,0,0
1982,DQN,1,-1
1983,DQN,1,-1
1984,draw,0,0
1985,draw,0,0
1986,draw,0,0
1987,draw,0,0
1988,DQN_2,-1,1
1989,DQN_2,-1,1
1990,DQN_2,-1,1
1991,draw,0,0
1992,DQN,1,-1
1993,DQN_2,-1,1
1994,draw,0,0
1995,draw,0,0
1996,DQN_2,-1,1
1997,DQN_2,-1,1
1998,draw,0,0
1999,draw,0,0
2000,draw,0,0
2001,draw,0,0
2002,draw,0,0
2003,DQN_2,-1,1
2004,draw,0,0
2005,DQN,1,-1
2006,DQN,1,-1
2007,draw,0,0
2008,draw,0,0
2009,DQN_2,-1,1
2010,draw,0,0
2011,draw,0,0
2012,DQN_2,-1,1
2013,DQN_2,-1,1
2014,draw,0,0
2015,DQN,1,-1
2016,draw,0,0
2017,draw,0,0
2018,draw,0,0
2019,draw,0,0
2020,draw,0,0
2021,draw,0,0
2022,draw,0,0
2023,draw,0,0
2024,draw,0,0
2025,draw,0,0
2026,DQN_2,-1,1
2027,draw,0,0
2028,draw,0,0
2029,draw,0,0
2030,draw,0,0
2031,DQN_2,-1,1
2032,draw,0,0
2033,DQN,1,-1
2034,draw,0,0
2035,draw,0,0
2036,draw,0,0
2037,DQN_2,-1,1
2038,DQN,1,-1
2039,DQN,1,-1
2040,DQN,1,-1
2041,draw,0,0
2042,draw,0,0
2043,DQN_2,-1,1
2044,DQN_2,-1,1
2045,DQN_2,-1,1
2046,DQN,1,-1
2047,DQN,1,-1
2048,DQN_2,-1,1
2049,DQN,1,-1
2050,DQN_2,-1,1
2051,DQN_2,-1,1
2052,draw,0,0
2053,DQN,1,-1
2054,DQN,1,-1
2055,DQN,1,-1
2056,DQN,1,-1
2057,DQN_2,-1,1
2058,DQN_2,-1,1
2059,DQN,1,-1
2060,DQN,1,-1
2061,DQN_2,-1,1
2062,draw,0,0
2063,DQN_2,-1,1
2064,DQN_2,-1,1
2065,draw,0,0
2066,DQN,1,-1
2067,DQN,1,-1
2068,DQN_2,-1,1
2069,draw,0,0
2070,DQN,1,-1
2071,DQN,1,-1
2072,DQN,1,-1
2073,DQN,1,-1
2074,DQN,1,-1
2075,DQN,1,-1
2076,DQN_2,-1,1
2077,DQN,1,-1
2078,draw,0,0
2079,DQN,1,-1
2080,DQN,1,-1
2081,DQN,1,-1
2082,DQN,1,-1
2083,DQN,1,-1
2084,DQN,1,-1
2085,DQN,1,-1
2086,DQN_2,-1,1
2087,DQN,1,-1
2088,DQN,1,-1
2089,DQN,1,-1
2090,DQN_2,-1,1
2091,draw,0,0
2092,DQN,1,-1
2093,DQN,1,-1
2094,DQN,1,-1
2095,DQN,1,-1
2096,DQN_2,-1,1
2097,DQN_2,-1,1
2098,DQN,1,-1
2099,DQN,1,-1
2100,DQN_2,-1,1
2101,DQN,1,-1
2102,DQN,1,-1
2103,DQN,1,-1
2104,DQN,1,-1
2105,DQN,1,-1
2106,DQN_2,-1,1
2107,DQN,1,-1
2108,DQN,1,-1
2109,DQN,1,-1
2110,DQN,1,-1
2111,DQN,1,-1
2112,DQN,1,-1
2113,DQN,1,-1
2114,DQN_2,-1,1
2115,DQN_2,-1,1
2116,DQN,1,-1
2117,DQN_2,-1,1
2118,DQN,1,-1
2119,DQN_2,-1,1
2120,DQN,1,-1
2121,draw,0,0
2122,DQN,1,-1
2123,DQN,1,-1
2124,DQN,1,-1
2125,DQN,1,-1
2126,DQN,1,-1
2127,DQN_2,-1,1
2128,DQN,1,-1
2129,DQN,1,-1
2130,DQN,1,-1
2131,DQN,1,-1
2132,DQN,1,-1
2133,DQN,1,-1
2134,DQN,1,-1
2135,DQN,1,-1
2136,DQN,1,-1
2137,DQN,1,-1
2138,DQN,1,-1
2139,DQN,1,-1
2140,DQN,1,-1
2141,DQN,1,-1
2142,DQN,1,-1
2143,DQN,1,-1
2144,DQN,1,-1
2145,DQN_2,-1,1
2146,DQN_2,-1,1
2147,DQN,1,-1
2148,DQN,1,-1
2149,DQN,1,-1
2150,DQN_2,-1,1
2151,DQN,1,-1
2152,DQN,1,-1
2153,DQN,1,-1
2154,draw,0,0
2155,DQN,1,-1
2156,DQN,1,-1
2157,DQN,1,-1
2158,DQN,1,-1
2159,DQN,1,-1
2160,DQN_2,-1,1
2161,DQN_2,-1,1
2162,draw,0,0
2163,DQN,1,-1
2164,DQN,1,-1
2165,DQN,1,-1
2166,DQN,1,-1
2167,DQN,1,-1
2168,DQN_2,-1,1
2169,DQN_2,-1,1
2170,DQN_2,-1,1
2171,draw,0,0
2172,DQN_2,-1,1
2173,DQN_2,-1,1
2174,DQN,1,-1
2175,DQN_2,-1,1
2176,DQN,1,-1
2177,DQN_2,-1,1
2178,DQN_2,-1,1
2179,DQN,1,-1
2180,DQN,1,-1
2181,DQN,1,-1
2182,DQN_2,-1,1
2183,DQN_2,-1,1
2184,DQN_2,-1,1
2185,DQN,1,-1
2186,DQN_2,-1,1
2187,draw,0,0
2188,DQN_2,-1,1
2189,DQN_2,-1,1
2190,DQN,1,-1
2191,DQN,1,-1
2192,DQN,1,-1
2193,DQN,1,-1
2194,DQN_2,-1,1
2195,DQN,1,-1
2196,DQN_2,-1,1
2197,DQN_2,-1,1
2198,DQN_2,-1,1
2199,DQN,1,-1
2200,draw,0,0
2201,DQN,1,-1
2202,DQN,1,-1
2203,DQN,1,-1
2204,DQN,1,-1
2205,DQN,1,-1
2206,DQN_2,-1,1
2207,DQN_2,-1,1
2208,DQN,1,-1
2209,DQN_2,-1,1
2210,draw,0,0
2211,DQN_2,-1,1
2212,DQN,1,-1
2213,DQN,1,-1
2214,DQN,1,-1
2215,DQN,1,-1
2216,DQN_2,-1,1
2217,draw,0,0
2218,DQN,1,-1
2219,DQN,1,-1
2220,DQN,1,-1
2221,DQN,1,-1
2222,DQN,1,-1
2223,DQN,1,-1
2224,DQN,1,-1
2225,DQN,1,-1
2226,DQN,1,-1
2227,DQN,1,-1
2228,DQN,1,-1
2229,DQN,1,-1
2230,DQN,1,-1
2231,draw,0,0
2232,DQN,1,-1
2233,DQN,1,-1
2234,draw,0,0
2235,draw,0,0
2236,DQN,1,-1
2237,DQN,1,-1
2238,DQN,1,-1
2239,draw,0,0
2240,draw,0,0
2241,DQN_2,-1,1
2242,DQN_2,-1,1
2243,draw,0,0
2244,DQN,1,-1
2245,draw,0,0
2246,draw,0,0
2247,DQN,1,-1
2248,DQN_2,-1,1
2249,draw,0,0
2250,DQN,1,-1
2251,DQN,1,-1
2252,draw,0,0
2253,draw,0,0
2254,DQN,1,-1
2255,draw,0,0
2256,DQN,1,-1
2257,DQN,1,-1
2258,draw,0,0
2259,draw,0,0
2260,draw,0,0
2261,DQN,1,-1
2262,DQN,1,-1
2263,draw,0,0
2264,DQN,1,-1
2265,DQN,1,-1
2266,draw,0,0
2267,DQN,1,-1
2268,DQN,1,-1
2269,draw,0,0
2270,DQN,1,-1
2271,draw,0,0
2272,DQN,1,-1
2273,DQN,1,-1
2274,DQN,1,-1
2275,DQN,1,-1
2276,DQN,1,-1
2277,DQN_2,-1,1
2278,DQN,1,-1
2279,DQN,1,-1
2280,draw,0,0
2281,DQN_2,-1,1
2282,DQN,1,-1
2283,draw,0,0
2284,draw,0,0
2285,DQN,1,-1
2286,DQN,1,-1
2287,draw,0,0
2288,draw,0,0
2289,draw,0,0
2290,draw,0,0
2291,draw,0,0
2292,DQN,1,-1
2293,draw,0,0
2294,DQN_2,-1,1
2295,draw,0,0
2296,DQN_2,-1,1
2297,DQN_2,-1,1
2298,DQN,1,-1
2299,DQN_2,-1,1
2300,DQN_2,-1,1
2301,DQN_2,-1,1
2302,DQN_2,-1,1
2303,draw,0,0
2304,draw,0,0
2305,DQN_2,-1,1
2306,DQN,1,-1
2307,draw,0,0
2308,DQN_2,-1,1
2309,DQN_2,-1,1
2310,DQN,1,-1
2311,DQN_2,-1,1
2312,DQN,1,-1
2313,DQN_2,-1,1
2314,DQN_2,-1,1
2315,DQN,1,-1
2316,DQN_2,-1,1
2317,DQN,1,-1
2318,draw,0,0
2319,DQN_2,-1,1
2320,DQN,1,-1
2321,draw,0,0
2322,draw,0,0
2323,DQN_2,-1,1
2324,DQN_2,-1,1
2325,DQN,1,-1
2326,draw,0,0
2327,draw,0,0
2328,draw,0,0
2329,DQN_2,-1,1
2330,DQN_2,-1,1
2331,DQN_2,-1,1
2332,DQN_2,-1,1
2333,draw,0,0
2334,DQN_2,-1,1
2335,DQN,1,-1
2336,draw,0,0
2337,DQN_2,-1,1
2338,DQN_2,-1,1
2339,draw,0,0
2340,DQN,1,-1
2341,draw,0,0
2342,DQN_2,-1,1
2343,DQN_2,-1,1
2344,draw,0,0
2345,DQN,1,-1
2346,DQN,1,-1
2347,draw,0,0
2348,DQN,1,-1
2349,DQN,1,-1
2350,DQN,1,-1
2351,DQN,1,-1
2352,draw,0,0
2353,DQN,1,-1
2354,DQN,1,-1
2355,DQN,1,-1
2356,DQN,1,-1
2357,DQN,1,-1
2358,DQN,1,-1
2359,DQN,1,-1
2360,DQN,1,-1
2361,DQN,1,-1
2362,DQN,1,-1
2363,draw,0,0
2364,DQN,1,-1
2365,DQN,1,-1
2366,draw,0,0
2367,DQN,1,-1
2368,draw,0,0
2369,draw,0,0
2370,draw,0,0
2371,draw,0,0
2372,draw,0,0
2373,draw,0,0
2374,draw,0,0
2375,draw,0,0
2376,DQN_2,-1,1
2377,draw,0,0
2378,draw,0,0
2379,draw,0,0
2380,DQN,1,-1
2381,draw,0,0
2382,draw,0,0
2383,draw,0,0
2384,draw,0,0
2385,draw,0,0
2386,draw,0,0
2387,draw,0,0
2388,draw,0,0
2389,draw,0,0
2390,DQN,1,-1
2391,draw,0,0
2392,draw,0,0
2393,draw,0,0
2394,draw,0,0
2395,DQN,1,-1
2396,draw,0,0
2397,draw,0,0
2398,DQN,1,-1
2399,draw,0,0
2400,draw,0,0
2401,draw,0,0
2402,DQN_2,-1,1
2403,DQN,1,-1
2404,DQN,1,-1
2405,DQN,1,-1
2406,draw,0,0
2407,draw,0,0
2408,DQN,1,-1
2409,draw,0,0
2410,DQN_2,-1,1
2411,DQN,1,-1
2412,DQN_2,-1,1
2413,draw,0,0
2414,draw,0,0
2415,draw,0,0
2416,draw,0,0
2417,draw,0,0
2418,draw,0,0
2419,DQN,1,-1
2420,draw,0,0
2421,DQN_2,-1,1
2422,draw,0,0
2423,draw,0,0
2424,DQN_2,-1,1
2425,DQN_2,-1,1
2426,DQN,1,-1
2427,draw,0,0
2428,DQN_2,-1,1
2429,DQN,1,-1
2430,DQN,1,-1
2431,DQN_2,-1,1
2432,DQN_2,-1,1
2433,draw,0,0
2434,draw,0,0
2435,draw,0,0
2436,draw,0,0
2437,draw,0,0
2438,draw,0,0
2439,draw,0,0
2440,draw,0,0
2441,draw,0,0
2442,draw,0,0
2443,draw,0,0
2444,draw,0,0
2445,draw,0,0
2446,draw,0,0
2447,DQN,1,-1
2448,draw,0,0
2449,draw,0,0
2450,DQN,1,-1
2451,draw,0,0
2452,draw,0,0
2453,draw,0,0
2454,DQN,1,-1
2455,draw,0,0
2456,draw,0,0
2457,draw,0,0
2458,draw,0,0
2459,draw,0,0
2460,draw,0,0
2461,draw,0,0
2462,DQN_2,-1,1
2463,draw,0,0
2464,draw,0,0
2465,draw,0,0
2466,draw,0,0
2467,draw,0,0
2468,draw,0,0
2469,DQN,1,-1
2470,DQN,1,-1
2471,draw,0,0
2472,draw,0,0
2473,DQN,1,-1
2474,DQN,1,-1
2475,draw,0,0
2476,DQN,1,-1
2477,draw,0,0
2478,draw,0,0
2479,DQN,1,-1
2480,draw,0,0
2481,DQN,1,-1
2482,DQN,1,-1
2483,draw,0,0
2484,DQN,1,-1
2485,draw,0,0
2486,draw,0,0
2487,draw,0,0
2488,draw,0,0
2489,draw,0,0
2490,draw,0,0
2491,draw,0,0
2492,draw,0,0
2493,draw,0,0
2494,DQN,1,-1
2495,draw,0,0
2496,draw,0,0
2497,draw,0,0
2498,DQN,1,-1
2499,draw,0,0
2500,draw,0,0
2501,draw,0,0
2502,DQN,1,-1
2503,draw,0,0
2504,DQN,1,-1
2505,DQN,1,-1
2506,draw,0,0
2507,DQN_2,-1,1
2508,DQN,1,-1
2509,DQN,1,-1
2510,DQN_2,-1,1
2511,draw,0,0
2512,DQN,1,-1
2513,draw,0,0
2514,DQN,1,-1
2515,DQN,1,-1
2516,DQN,1,-1
2517,draw,0,0
2518,DQN,1,-1
2519,draw,0,0
2520,DQN_2,-1,1
2521,draw,0,0
2522,DQN,1,-1
2523,draw,0,0
2524,DQN,1,-1
2525,DQN,1,-1
2526,DQN,1,-1
2527,draw,0,0
2528,DQN,1,-1
2529,draw,0,0
2530,DQN,1,-1
2531,draw,0,0
2532,draw,0,0
2533,draw,0,0
2534,draw,0,0
2535,draw,0,0
2536,DQN,1,-1
2537,draw,0,0
2538,DQN_2,-1,1
2539,DQN_2,-1,1
2540,DQN,1,-1
2541,draw,0,0
2542,draw,0,0
2543,draw,0,0
2544,draw,0,0
2545,draw,0,0
2546,draw,0,0
2547,draw,0,0
2548,DQN_2,-1,1
2549,DQN,1,-1
2550,DQN,1,-1
2551,draw,0,0
2552,draw,0,0
2553,draw,0,0
2554,draw,0,0
2555,draw,0,0
2556,draw,0,0
2557,draw,0,0
2558,draw,0,0
2559,draw,0,0
2560,draw,0,0
2561,draw,0,0
2562,draw,0,0
2563,draw,0,0
2564,draw,0,0
2565,DQN_2,-1,1
2566,draw,0,0
2567,draw,0,0
2568,draw,0,0
2569,draw,0,0
2570,draw,0,0
2571,draw,0,0
2572,draw,0,0
2573,draw,0,0
2574,draw,0,0
2575,draw,0,0
2576,draw,0,0
2577,DQN_2,-1,1
2578,draw,0,0
2579,DQN_2,-1,1
2580,draw,0,0
2581,draw,0,0
2582,draw,0,0
2583,DQN_2,-1,1
2584,DQN_2,-1,1
2585,draw,0,0
2586,DQN_2,-1,1
2587,DQN,1,-1
2588,draw,0,0
2589,draw,0,0
2590,DQN_2,-1,1
2591,draw,0,0
2592,draw,0,0
2593,draw,0,0
2594,draw,0,0
2595,draw,0,0
2596,DQN_2,-1,1
2597,draw,0,0
2598,draw,0,0
2599,draw,0,0
2600,draw,0,0
2601,draw,0,0
2602,draw,0,0
2603,draw,0,0
2604,draw,0,0
2605,draw,0,0
2606,DQN,1,-1
2607,draw,0,0
2608,draw,0,0
2609,draw,0,0
2610,draw,0,0
2611,draw,0,0
2612,draw,0,0
2613,draw,0,0
2614,DQN_2,-1,1
2615,draw,0,0
2616,draw,0,0
2617,draw,0,0
2618,DQN_2,-1,1
2619,DQN_2,-1,1
2620,draw,0,0
2621,draw,0,0
2622,draw,0,0
2623,draw,0,0
2624,DQN,1,-1
2625,DQN_2,-1,1
2626,DQN_2,-1,1
2627,draw,0,0
2628,draw,0,0
2629,draw,0,0
2630,draw,0,0
2631,draw,0,0
2632,DQN,1,-1
2633,DQN,1,-1
2634,draw,0,0
2635,draw,0,0
2636,draw,0,0
2637,DQN,1,-1
2638,draw,0,0
2639,DQN,1,-1
2640,draw,0,0
2641,draw,0,0
2642,DQN,1,-1
2643,DQN_2,-1,1
2644,draw,0,0
2645,draw,0,0
2646,DQN_2,-1,1
2647,DQN,1,-1
2648,draw,0,0
2649,draw,0,0
2650,draw,0,0
2651,DQN_2,-1,1
2652,draw,0,0
2653,draw,0,0
2654,DQN,1,-1
2655,draw,0,0
2656,draw,0,0
2657,DQN,1,-1
2658,draw,0,0
2659,DQN,1,-1
2660,draw,0,0
2661,draw,0,0
2662,DQN,1,-1
2663,DQN,1,-1
2664,DQN,1,-1
2665,draw,0,0
2666,draw,0,0
2667,draw,0,0
2668,DQN,1,-1
2669,DQN,1,-1
2670,draw,0,0
2671,draw,0,0
2672,DQN_2,-1,1
2673,draw,0,0
2674,draw,0,0
2675,DQN,1,-1
2676,DQN_2,-1,1
2677,draw,0,0
2678,DQN,1,-1
2679,DQN,1,-1
2680,DQN,1,-1
2681,DQN,1,-1
2682,draw,0,0
2683,DQN,1,-1
2684,draw,0,0
2685,DQN,1,-1
2686,DQN,1,-1
2687,DQN,1,-1
2688,DQN,1,-1
2689,DQN,1,-1
2690,draw,0,0
2691,DQN_2,-1,1
2692,draw,0,0
2693,draw,0,0
2694,DQN_2,-1,1
2695,draw,0,0
2696,DQN,1,-1
2697,draw,0,0
2698,draw,0,0
2699,draw,0,0
2700,draw,0,0
2701,draw,0,0
2702,draw,0,0
2703,draw,0,0
2704,draw,0,0
2705,draw,0,0
2706,draw,0,0
2707,DQN,1,-1
2708,DQN_2,-1,1
2709,DQN_2,-1,1
2710,DQN,1,-1
2711,DQN,1,-1
2712,DQN,1,-1
2713,draw,0,0
2714,DQN,1,-1
2715,DQN,1,-1
2716,draw,0,0
2717,draw,0,0
2718,DQN,1,-1
2719,draw,0,0
2720,draw,0,0
2721,DQN,1,-1
2722,draw,0,0
2723,draw,0,0
2724,draw,0,0
2725,draw,0,0
2726,draw,0,0
2727,draw,0,0
2728,draw,0,0
2729,draw,0,0
2730,draw,0,0
2731,draw,0,0
2732,draw,0,0
2733,DQN,1,-1
2734,draw,0,0
2735,draw,0,0
2736,DQN,1,-1
2737,DQN,1,-1
2738,draw,0,0
2739,draw,0,0
2740,draw,0,0
2741,draw,0,0
2742,DQN_2,-1,1
2743,DQN,1,-1
2744,draw,0,0
2745,DQN,1,-1
2746,draw,0,0
2747,DQN,1,-1
2748,DQN_2,-1,1
2749,DQN,1,-1
2750,draw,0,0
2751,draw,0,0
2752,DQN,1,-1
2753,draw,0,0
2754,draw,0,0
2755,DQN,1,-1
2756,draw,0,0
2757,draw,0,0
2758,draw,0,0
2759,draw,0,0
2760,draw,0,0
2761,DQN,1,-1
2762,draw,0,0
2763,DQN_2,-1,1
2764,draw,0,0
2765,DQN,1,-1
2766,DQN,1,-1
2767,DQN,1,-1
2768,draw,0,0
2769,draw,0,0
2770,draw,0,0
2771,DQN,1,-1
2772,draw,0,0
2773,DQN,1,-1
2774,DQN_2,-1,1
2775,draw,0,0
2776,DQN_2,-1,1
2777,DQN_2,-1,1
2778,DQN,1,-1
2779,draw,0,0
2780,DQN,1,-1
2781,draw,0,0
2782,DQN,1,-1
2783,draw,0,0
2784,DQN,1,-1
2785,draw,0,0
2786,draw,0,0
2787,draw,0,0
2788,DQN,1,-1
2789,DQN_2,-1,1
2790,draw,0,0
2791,draw,0,0
2792,draw,0,0
2793,draw,0,0
2794,draw,0,0
2795,draw,0,0
2796,DQN,1,-1
2797,draw,0,0
2798,DQN_2,-1,1
2799,draw,0,0
2800,draw,0,0
2801,DQN,1,-1
2802,DQN,1,-1
2803,DQN_2,-1,1
2804,DQN,1,-1
2805,DQN,1,-1
2806,DQN,1,-1
2807,DQN,1,-1
2808,DQN,1,-1
2809,DQN,1,-1
2810,DQN,1,-1
2811,DQN,1,-1
2812,DQN,1,-1
2813,DQN,1,-1
2814,DQN,1,-1
2815,draw,0,0
2816,draw,0,0
2817,draw,0,0
2818,draw,0,0
2819,DQN,1,-1
2820,DQN,1,-1
2821,draw,0,0
2822,DQN,1,-1
2823,DQN_2,-1,1
2824,DQN,1,-1
2825,DQN_2,-1,1
2826,DQN_2,-1,1
2827,draw,0,0
2828,DQN_2,-1,1
2829,DQN_2,-1,1
2830,DQN,1,-1
2831,DQN,1,-1
2832,DQN,1,-1
2833,draw,0,0
2834,DQN,1,-1
2835,draw,0,0
2836,DQN,1,-1
2837,draw,0,0
2838,draw,0,0
2839,DQN,1,-1
2840,draw,0,0
2841,DQN_2,-1,1
2842,DQN,1,-1
2843,draw,0,0
2844,DQN,1,-1
2845,draw,0,0
2846,draw,0,0
2847,DQN_2,-1,1
2848,draw,0,0
2849,DQN,1,-1
2850,draw,0,0
2851,DQN_2,-1,1
2852,DQN,1,-1
2853,DQN,1,-1
2854,DQN,1,-1
2855,draw,0,0
2856,draw,0,0
2857,draw,0,0
2858,DQN,1,-1
2859,DQN,1,-1
2860,DQN,1,-1
2861,draw,0,0
2862,draw,0,0
2863,draw,0,0
2864,draw,0,0
2865,DQN,1,-1
2866,draw,0,0
2867,draw,0,0
2868,draw,0,0
2869,DQN,1,-1
2870,DQN_2,-1,1
2871,DQN,1,-1
2872,DQN,1,-1
2873,DQN,1,-1
2874,draw,0,0
2875,draw,0,0
2876,DQN,1,-1
2877,DQN,1,-1
2878,draw,0,0
2879,DQN,1,-1
2880,DQN,1,-1
2881,DQN,1,-1
2882,DQN,1,-1
2883,DQN,1,-1
2884,DQN,1,-1
2885,DQN,1,-1
2886,draw,0,0
2887,DQN,1,-1
2888,DQN,1,-1
2889,DQN,1,-1
2890,DQN_2,-1,1
2891,DQN,1,-1
2892,DQN,1,-1
2893,DQN,1,-1
2894,DQN,1,-1
2895,draw,0,0
2896,DQN,1,-1
2897,DQN,1,-1
2898,DQN,1,-1
2899,DQN,1,-1
2900,DQN,1,-1
2901,DQN,1,-1
2902,DQN,1,-1
2903,DQN,1,-1
2904,DQN,1,-1
2905,draw,0,0
2906,DQN,1,-1
2907,DQN,1,-1
2908,DQN,1,-1
2909,DQN,1,-1
2910,draw,0,0
2911,draw,0,0
2912,DQN,1,-1
2913,DQN_2,-1,1
2914,draw,0,0
2915,DQN,1,-1
2916,DQN_2,-1,1
2917,draw,0,0
2918,DQN_2,-1,1
2919,DQN,1,-1
2920,draw,0,0
2921,draw,0,0
2922,DQN,1,-1
2923,DQN_2,-1,1
2924,DQN,1,-1
2925,DQN,1,-1
2926,DQN,1,-1
2927,DQN,1,-1
2928,DQN,1,-1
2929,draw,0,0
2930,DQN_2,-1,1
2931,draw,0,0
2932,draw,0,0
2933,DQN_2,-1,1
2934,draw,0,0
2935,DQN,1,-1
2936,DQN,1,-1
2937,DQN_2,-1,1
2938,DQN,1,-1
2939,DQN,1,-1
2940,DQN_2,-1,1
2941,draw,0,0
2942,DQN,1,-1
2943,DQN,1,-1
2944,DQN_2,-1,1
2945,draw,0,0
2946,DQN_2,-1,1
2947,DQN_2,-1,1
2948,DQN,1,-1
2949,DQN,1,-1
2950,DQN,1,-1
2951,DQN,1,-1
2952,DQN,1,-1
2953,DQN_2,-1,1
2954,DQN,1,-1
2955,draw,0,0
2956,DQN,1,-1
2957,DQN,1,-1
2958,DQN,1,-1
2959,DQN,1,-1
2960,DQN_2,-1,1
2961,DQN,1,-1
2962,DQN_2,-1,1
2963,DQN,1,-1
2964,DQN,1,-1
2965,DQN,1,-1
2966,draw,0,0
2967,DQN_2,-1,1
2968,DQN,1,-1
2969,DQN_2,-1,1
2970,DQN,1,-1
2971,draw,0,0
2972,DQN,1,-1
2973,DQN_2,-1,1
2974,DQN,1,-1
2975,draw,0,0
2976,draw,0,0
2977,DQN,1,-1
2978,DQN,1,-1
2979,DQN,1,-1
2980,DQN,1,-1
2981,DQN,1,-1
2982,draw,0,0
2983,DQN,1,-1
2984,draw,0,0
2985,DQN,1,-1
2986,draw,0,0
2987,draw,0,0
2988,DQN_2,-1,1
2989,DQN,1,-1
2990,DQN,1,-1
2991,DQN,1,-1
2992,DQN,1,-1
2993,DQN,1,-1
2994,DQN,1,-1
2995,DQN_2,-1,1
2996,draw,0,0
2997,DQN,1,-1
2998,DQN,1,-1
2999,DQN,1,-1
3000,DQN,1,-1
3001,DQN,1,-1
3002,DQN,1,-1
3003,DQN,1,-1
3004,draw,0,0
3005,DQN_2,-1,1
3006,DQN,1,-1
3007,draw,0,0
3008,DQN,1,-1
3009,draw,0,0
3010,DQN,1,-1
3011,DQN,1,-1
3012,DQN_2,-1,1
3013,DQN,1,-1
3014,DQN,1,-1
3015,DQN,1,-1
3016,DQN_2,-1,1
3017,DQN,1,-1
3018,DQN,1,-1
3019,DQN,1,-1
3020,DQN,1,-1
3021,DQN,1,-1
3022,draw,0,0
3023,draw,0,0
3024,DQN_2,-1,1
3025,draw,0,0
3026,draw,0,0
3027,DQN,1,-1
3028,DQN,1,-1
3029,draw,0,0
3030,DQN,1,-1
3031,draw,0,0
3032,draw,0,0
3033,DQN,1,-1
3034,DQN,1,-1
3035,DQN,1,-1
3036,DQN,1,-1
3037,DQN,1,-1
3038,DQN,1,-1
3039,DQN_2,-1,1
3040,draw,0,0
3041,DQN_2,-1,1
3042,DQN,1,-1
3043,DQN,1,-1
3044,draw,0,0
3045,DQN,1,-1
3046,draw,0,0
3047,DQN_2,-1,1
3048,DQN,1,-1
3049,DQN,1,-1
3050,draw,0,0
3051,draw,0,0
3052,draw,0,0
3053,draw,0,0
3054,draw,0,0
3055,draw,0,0
3056,draw,0,0
3057,DQN_2,-1,1
3058,draw,0,0
3059,draw,0,0
3060,draw,0,0
3061,draw,0,0
3062,DQN_2,-1,1
3063,draw,0,0
3064,draw,0,0
3065,DQN_2,-1,1
3066,draw,0,0
3067,draw,0,0
3068,DQN_2,-1,1
3069,draw,0,0
3070,draw,0,0
3071,draw,0,0
3072,DQN_2,-1,1
3073,draw,0,0
3074,DQN_2,-1,1
3075,DQN,1,-1
3076,draw,0,0
3077,draw,0,0
3078,draw,0,0
3079,draw,0,0
3080,draw,0,0
3081,DQN,1,-1
3082,draw,0,0
3083,DQN,1,-1
3084,DQN,1,-1
3085,DQN,1,-1
3086,DQN,1,-1
3087,draw,0,0
3088,draw,0,0
3089,DQN,1,-1
3090,draw,0,0
3091,DQN,1,-1
3092,DQN,1,-1
3093,draw,0,0
3094,draw,0,0
3095,DQN,1,-1
3096,DQN_2,-1,1
3097,DQN,1,-1
3098,DQN,1,-1
3099,DQN_2,-1,1
3100,DQN_2,-1,1
3101,DQN,1,-1
3102,DQN_2,-1,1
3103,DQN,1,-1
3104,draw,0,0
3105,draw,0,0
3106,DQN_2,-1,1
3107,DQN,1,-1
3108,DQN,1,-1
3109,DQN,1,-1
3110,DQN_2,-1,1
3111,draw,0,0
3112,DQN_2,-1,1
3113,draw,0,0
3114,DQN_2,-1,1
3115,draw,0,0
3116,draw,0,0
3117,DQN,1,-1
3118,draw,0,0
3119,draw,0,0
3120,DQN,1,-1
3121,DQN_2,-1,1
3122,DQN_2,-1,1
3123,DQN,1,-1
3124,DQN,1,-1
3125,DQN,1,-1
3126,DQN,1,-1
3127,DQN_2,-1,1
3128,draw,0,0
3129,DQN,1,-1
3130,DQN_2,-1,1
3131,draw,0,0
3132,draw,0,0
3133,DQN_2,-1,1
3134,DQN_2,-1,1
3135,DQN,1,-1
3136,DQN_2,-1,1
3137,draw,0,0
3138,draw,0,0
3139,draw,0,0
3140,draw,0,0
3141,draw,0,0
3142,draw,0,0
3143,DQN,1,-1
3144,draw,0,0
3145,DQN_2,-1,1
3146,DQN,1,-1
3147,draw,0,0
3148,draw,0,0
3149,draw,0,0
3150,DQN_2,-1,1
3151,draw,0,0
3152,draw,0,0
3153,draw,0,0
3154,draw,0,0
3155,draw,0,0
3156,draw,0,0
3157,draw,0,0
3158,draw,0,0
3159,draw,0,0
3160,draw,0,0
3161,DQN,1,-1
3162,draw,0,0
3163,DQN_2,-1,1
3164,draw,0,0
3165,draw,0,0
3166,draw,0,0
3167,draw,0,0
3168,draw,0,0
3169,draw,0,0
3170,DQN,1,-1
3171,draw,0,0
3172,DQN,1,-1
3173,draw,0,0
3174,draw,0,0
3175,draw,0,0
3176,draw,0,0
3177,draw,0,0
3178,draw,0,0
3179,DQN,1,-1
3180,draw,0,0
3181,draw,0,0
3182,draw,0,0
3183,DQN,1,-1
3184,DQN,1,-1
3185,draw,0,0
3186,draw,0,0
3187,DQN,1,-1
3188,draw,0,0
3189,draw,0,0
3190,draw,0,0
3191,draw,0,0
3192,draw,0,0
3193,draw,0,0
3194,draw,0,0
3195,DQN,1,-1
3196,draw,0,0
3197,draw,0,0
3198,DQN_2,-1,1
3199,draw,0,0
3200,DQN_2,-1,1
3201,draw,0,0
3202,draw,0,0
3203,draw,0,0
3204,draw,0,0
3205,draw,0,0
3206,draw,0,0
3207,draw,0,0
3208,draw,0,0
3209,draw,0,0
3210,DQN_2,-1,1
3211,DQN,1,-1
3212,draw,0,0
3213,draw,0,0
3214,DQN,1,-1
3215,DQN,1,-1
3216,draw,0,0
3217,draw,0,0
3218,DQN_2,-1,1
3219,draw,0,0
3220,draw,0,0
3221,draw,0,0
3222,draw,0,0
3223,draw,0,0
3224,draw,0,0
3225,draw,0,0
3226,DQN_2,-1,1
3227,DQN,1,-1
3228,draw,0,0
3229,DQN_2,-1,1
3230,draw,0,0
3231,DQN,1,-1
3232,draw,0,0
3233,DQN,1,-1
3234,DQN,1,-1
3235,draw,0,0
3236,DQN,1,-1
3237,draw,0,0
3238,DQN_2,-1,1
3239,DQN,1,-1
3240,DQN,1,-1
3241,draw,0,0
3242,draw,0,0
3243,draw,0,0
3244,DQN_2,-1,1
3245,DQN,1,-1
3246,draw,0,0
3247,DQN_2,-1,1
3248,draw,0,0
3249,DQN,1,-1
3250,draw,0,0
3251,DQN,1,-1
3252,DQN,1,-1
3253,DQN_2,-1,1
3254,draw,0,0
3255,DQN,1,-1
3256,DQN,1,-1
3257,DQN_2,-1,1
3258,draw,0,0
3259,DQN,1,-1
3260,DQN,1,-1
3261,draw,0,0
3262,DQN,1,-1
3263,DQN,1,-1
3264,draw,0,0
3265,draw,0,0
3266,draw,0,0
3267,draw,0,0
3268,draw,0,0
3269,draw,0,0
3270,draw,0,0
3271,draw,0,0
3272,DQN_2,-1,1
3273,DQN,1,-1
3274,draw,0,0
3275,draw,0,0
3276,draw,0,0
3277,draw,0,0
3278,draw,0,0
3279,draw,0,0
3280,draw,0,0
3281,draw,0,0
3282,draw,0,0
3283,draw,0,0
3284,draw,0,0
3285,draw,0,0
3286,draw,0,0
3287,draw,0,0
3288,draw,0,0
3289,draw,0,0
3290,draw,0,0
3291,draw,0,0
3292,draw,0,0
3293,draw,0,0
3294,draw,0,0
3295,draw,0,0
3296,draw,0,0
3297,draw,0,0
3298,draw,0,0
3299,draw,0,0
3300,DQN_2,-1,1
3301,DQN,1,-1
3302,draw,0,0
3303,draw,0,0
3304,draw,0,0
3305,draw,0,0
3306,draw,0,0
3307,draw,0,0
3308,draw,0,0
3309,DQN,1,-1
3310,DQN,1,-1
3311,draw,0,0
3312,DQN,1,-1
3313,draw,0,0
3314,draw,0,0
3315,draw,0,0
3316,draw,0,0
3317,draw,0,0
3318,DQN,1,-1
3319,draw,0,0
3320,DQN,1,-1
3321,draw,0,0
3322,DQN,1,-1
3323,draw,0,0
3324,draw,0,0
3325,DQN,1,-1
3326,draw,0,0
3327,draw,0,0
3328,DQN,1,-1
3329,draw,0,0
3330,DQN_2,-1,1
3331,DQN,1,-1
3332,DQN,1,-1
3333,DQN,1,-1
3334,draw,0,0
3335,draw,0,0
3336,DQN,1,-1
3337,DQN,1,-1
3338,DQN,1,-1
3339,DQN,1,-1
3340,DQN,1,-1
3341,DQN,1,-1
3342,DQN,1,-1
3343,DQN_2,-1,1
3344,DQN_2,-1,1
3345,DQN,1,-1
3346,DQN,1,-1
3347,DQN_2,-1,1
3348,DQN_2,-1,1
3349,DQN_2,-1,1
3350,DQN,1,-1
3351,DQN,1,-1
3352,DQN,1,-1
3353,draw,0,0
3354,DQN,1,-1
3355,DQN_2,-1,1
3356,DQN_2,-1,1
3357,DQN,1,-1
3358,DQN_2,-1,1
3359,DQN,1,-1
3360,draw,0,0
3361,draw,0,0
3362,DQN,1,-1
3363,DQN,1,-1
3364,draw,0,0
3365,DQN_2,-1,1
3366,DQN,1,-1
3367,DQN,1,-1
3368,DQN,1,-1
3369,DQN,1,-1
3370,draw,0,0
3371,draw,0,0
3372,draw,0,0
3373,draw,0,0
3374,DQN_2,-1,1
3375,draw,0,0
3376,DQN,1,-1
3377,DQN,1,-1
3378,DQN_2,-1,1
3379,draw,0,0
3380,DQN,1,-1
3381,draw,0,0
3382,DQN_2,-1,1
3383,draw,0,0
3384,draw,0,0
3385,DQN_2,-1,1
3386,DQN_2,-1,1
3387,draw,0,0
3388,DQN_2,-1,1
3389,draw,0,0
3390,draw,0,0
3391,draw,0,0
3392,draw,0,0
3393,DQN,1,-1
3394,DQN,1,-1
3395,draw,0,0
3396,draw,0,0
3397,draw,0,0
3398,draw,0,0
3399,DQN,1,-1
3400,draw,0,0
3401,draw,0,0
3402,DQN_2,-1,1
3403,draw,0,0
3404,DQN,1,-1
3405,draw,0,0
3406,draw,0,0
3407,DQN_2,-1,1
3408,DQN_2,-1,1
3409,draw,0,0
3410,draw,0,0
3411,draw,0,0
3412,draw,0,0
3413,draw,0,0
3414,draw,0,0
3415,draw,0,0
3416,DQN,1,-1
3417,draw,0,0
3418,draw,0,0
3419,DQN_2,-1,1
3420,DQN,1,-1
3421,draw,0,0
3422,draw,0,0
3423,draw,0,0
3424,draw,0,0
3425,draw,0,0
3426,DQN_2,-1,1
3427,DQN,1,-1
3428,draw,0,0
3429,draw,0,0
3430,draw,0,0
3431,DQN_2,-1,1
3432,draw,0,0
3433,DQN,1,-1
3434,draw,0,0
3435,draw,0,0
3436,DQN,1,-1
3437,DQN_2,-1,1
3438,draw,0,0
3439,draw,0,0
3440,draw,0,0
3441,draw,0,0
3442,draw,0,0
3443,DQN_2,-1,1
3444,DQN_2,-1,1
3445,DQN,1,-1
3446,DQN,1,-1
3447,draw,0,0
3448,draw,0,0
3449,DQN,1,-1
3450,draw,0,0
3451,draw,0,0
3452,draw,0,0
3453,draw,0,0
3454,draw,0,0
3455,draw,0,0
3456,DQN_2,-1,1
3457,DQN_2,-1,1
3458,draw,0,0
3459,draw,0,0
3460,DQN_2,-1,1
3461,draw,0,0
3462,DQN,1,-1
3463,DQN,1,-1
3464,DQN,1,-1
3465,draw,0,0
3466,DQN,1,-1
3467,draw,0,0
3468,draw,0,0
3469,draw,0,0
3470,draw,0,0
3471,draw,0,0
3472,draw,0,0
3473,draw,0,0
3474,draw,0,0
3475,draw,0,0
3476,draw,0,0
3477,draw,0,0
3478,draw,0,0
3479,DQN,1,-1
3480,DQN,1,-1
3481,DQN,1,-1
3482,DQN,1,-1
3483,DQN_2,-1,1
3484,draw,0,0
3485,draw,0,0
3486,draw,0,0
3487,draw,0,0
3488,draw,0,0
3489,draw,0,0
3490,draw,0,0
3491,draw,0,0
3492,draw,0,0
3493,draw,0,0
3494,DQN_2,-1,1
3495,draw,0,0
3496,draw,0,0
3497,draw,0,0
3498,draw,0,0
3499,draw,0,0
3500,draw,0,0
3501,draw,0,0
3502,DQN_2,-1,1
3503,draw,0,0
3504,draw,0,0
3505,draw,0,0
3506,DQN,1,-1
3507,DQN_2,-1,1
3508,DQN,1,-1
3509,DQN,1,-1
3510,draw,0,0
3511,draw,0,0
3512,draw,0,0
3513,draw,0,0
3514,DQN_2,-1,1
3515,DQN,1,-1
3516,DQN,1,-1
3517,DQN,1,-1
3518,DQN,1,-1
3519,DQN,1,-1
3520,DQN,1,-1
3521,DQN_2,-1,1
3522,draw,0,0
3523,draw,0,0
3524,DQN,1,-1
3525,draw,0,0
3526,DQN,1,-1
3527,draw,0,0
3528,draw,0,0
3529,DQN,1,-1
3530,DQN,1,-1
3531,DQN,1,-1
3532,draw,0,0
3533,draw,0,0
3534,draw,0,0
3535,DQN_2,-1,1
3536,draw,0,0
3537,DQN,1,-1
3538,DQN_2,-1,1
3539,draw,0,0
3540,draw,0,0
3541,draw,0,0
3542,draw,0,0
3543,draw,0,0
3544,DQN_2,-1,1
3545,DQN,1,-1
3546,DQN,1,-1
3547,draw,0,0
3548,draw,0,0
3549,DQN,1,-1
3550,draw,0,0
3551,DQN,1,-1
3552,DQN,1,-1
3553,draw,0,0
3554,draw,0,0
3555,DQN,1,-1
3556,draw,0,0
3557,DQN,1,-1
3558,DQN_2,-1,1
3559,draw,0,0
3560,draw,0,0
3561,DQN_2,-1,1
3562,draw,0,0
3563,draw,0,0
3564,DQN_2,-1,1
3565,DQN,1,-1
3566,DQN_2,-1,1
3567,DQN_2,-1,1
3568,DQN,1,-1
3569,draw,0,0
3570,DQN_2,-1,1
3571,draw,0,0
3572,DQN,1,-1
3573,DQN_2,-1,1
3574,draw,0,0
3575,DQN,1,-1
3576,DQN,1,-1
3577,draw,0,0
3578,DQN,1,-1
3579,DQN_2,-1,1
3580,draw,0,0
3581,DQN_2,-1,1
3582,DQN_2,-1,1
3583,draw,0,0
3584,DQN_2,-1,1
3585,draw,0,0
3586,draw,0,0
3587,DQN_2,-1,1
3588,DQN_2,-1,1
3589,DQN_2,-1,1
3590,DQN_2,-1,1
3591,DQN_2,-1,1
3592,draw,0,0
3593,DQN_2,-1,1
3594,DQN,1,-1
3595,draw,0,0
3596,DQN_2,-1,1
3597,DQN_2,-1,1
3598,DQN,1,-1
3599,DQN_2,-1,1
3600,draw,0,0
3601,DQN,1,-1
3602,draw,0,0
3603,DQN_2,-1,1
3604,DQN,1,-1
3605,DQN_2,-1,1
3606,DQN_2,-1,1
3607,DQN_2,-1,1
3608,draw,0,0
3609,DQN_2,-1,1
3610,draw,0,0
3611,draw,0,0
3612,DQN_2,-1,1
3613,DQN_2,-1,1
3614,DQN_2,-1,1
3615,DQN_2,-1,1
3616,DQN_2,-1,1
3617,DQN,1,-1
3618,DQN_2,-1,1
3619,DQN_2,-1,1
3620,DQN_2,-1,1
3621,DQN_2,-1,1
3622,draw,0,0
3623,draw,0,0
3624,DQN,1,-1
3625,DQN,1,-1
3626,DQN_2,-1,1
3627,draw,0,0
3628,DQN_2,-1,1
3629,DQN_2,-1,1
3630,DQN_2,-1,1
3631,draw,0,0
3632,DQN,1,-1
3633,DQN,1,-1
3634,DQN_2,-1,1
3635,DQN_2,-1,1
3636,DQN_2,-1,1
3637,DQN_2,-1,1
3638,draw,0,0
3639,draw,0,0
3640,DQN,1,-1
3641,DQN_2,-1,1
3642,DQN_2,-1,1
3643,draw,0,0
3644,draw,0,0
3645,draw,0,0
3646,draw,0,0
3647,DQN,1,-1
3648,DQN_2,-1,1
3649,DQN_2,-1,1
3650,DQN_2,-1,1
3651,draw,0,0
3652,draw,0,0
3653,draw,0,0
3654,DQN_2,-1,1
3655,draw,0,0
3656,draw,0,0
3657,DQN_2,-1,1
3658,draw,0,0
3659,DQN_2,-1,1
3660,DQN_2,-1,1
3661,DQN_2,-1,1
3662,draw,0,0
3663,draw,0,0
3664,DQN_2,-1,1
3665,DQN_2,-1,1
3666,DQN_2,-1,1
3667,DQN,1,-1
3668,DQN_2,-1,1
3669,DQN_2,-1,1
3670,DQN_2,-1,1
3671,DQN_2,-1,1
3672,DQN_2,-1,1
3673,DQN_2,-1,1
3674,DQN_2,-1,1
3675,DQN_2,-1,1
3676,draw,0,0
3677,draw,0,0
3678,DQN,1,-1
3679,draw,0,0
3680,DQN_2,-1,1
3681,draw,0,0
3682,DQN_2,-1,1
3683,DQN_2,-1,1
3684,DQN_2,-1,1
3685,draw,0,0
3686,draw,0,0
3687,DQN,1,-1
3688,draw,0,0
3689,DQN_2,-1,1
3690,DQN,1,-1
3691,DQN,1,-1
3692,DQN_2,-1,1
3693,DQN,1,-1
3694,DQN,1,-1
3695,DQN_2,-1,1
3696,draw,0,0
3697,DQN_2,-1,1
3698,draw,0,0
3699,draw,0,0
3700,DQN,1,-1
3701,DQN,1,-1
3702,draw,0,0
3703,DQN_2,-1,1
3704,DQN,1,-1
3705,DQN,1,-1
3706,draw,0,0
3707,DQN_2,-1,1
3708,DQN,1,-1
3709,DQN_2,-1,1
3710,DQN_2,-1,1
3711,DQN_2,-1,1
3712,DQN,1,-1
3713,DQN_2,-1,1
3714,DQN,1,-1
3715,DQN_2,-1,1
3716,DQN,1,-1
3717,DQN_2,-1,1
3718,DQN,1,-1
3719,DQN,1,-1
3720,DQN_2,-1,1
3721,DQN,1,-1
3722,DQN,1,-1
3723,DQN_2,-1,1
3724,DQN_2,-1,1
3725,DQN,1,-1
3726,DQN,1,-1
3727,draw,0,0
3728,draw,0,0
3729,DQN,1,-1
3730,DQN,1,-1
3731,DQN,1,-1
3732,DQN,1,-1
3733,DQN_2,-1,1
3734,draw,0,0
3735,draw,0,0
3736,DQN_2,-1,1
3737,DQN_2,-1,1
3738,DQN,1,-1
3739,draw,0,0
3740,draw,0,0
3741,DQN,1,-1
3742,draw,0,0
3743,draw,0,0
3744,DQN,1,-1
3745,DQN,1,-1
3746,draw,0,0
3747,DQN_2,-1,1
3748,draw,0,0
3749,DQN,1,-1
3750,DQN,1,-1
3751,DQN,1,-1
3752,DQN,1,-1
3753,draw,0,0
3754,DQN,1,-1
3755,DQN,1,-1
3756,DQN,1,-1
3757,DQN,1,-1
3758,DQN,1,-1
3759,DQN,1,-1
3760,DQN,1,-1
3761,draw,0,0
3762,draw,0,0
3763,DQN,1,-1
3764,DQN,1,-1
3765,draw,0,0
3766,DQN_2,-1,1
3767,draw,0,0
3768,draw,0,0
3769,DQN,1,-1
3770,DQN,1,-1
3771,DQN,1,-1
3772,draw,0,0
3773,draw,0,0
3774,draw,0,0
3775,DQN_2,-1,1
3776,DQN_2,-1,1
3777,DQN,1,-1
3778,DQN_2,-1,1
3779,DQN_2,-1,1
3780,draw,0,0
3781,DQN,1,-1
3782,DQN,1,-1
3783,draw,0,0
3784,draw,0,0
3785,draw,0,0
3786,DQN,1,-1
3787,draw,0,0
3788,draw,0,0
3789,DQN,1,-1
3790,draw,0,0
3791,draw,0,0
3792,draw,0,0
3793,DQN,1,-1
3794,DQN,1,-1
3795,draw,0,0
3796,draw,0,0
3797,draw,0,0
3798,DQN,1,-1
3799,DQN_2,-1,1
3800,draw,0,0
3801,draw,0,0
3802,DQN,1,-1
3803,draw,0,0
3804,DQN_2,-1,1
3805,DQN,1,-1
3806,draw,0,0
3807,draw,0,0
3808,DQN_2,-1,1
3809,draw,0,0
3810,DQN_2,-1,1
3811,draw,0,0
3812,draw,0,0
3813,DQN_2,-1,1
3814,DQN_2,-1,1
3815,DQN_2,-1,1
3816,DQN_2,-1,1
3817,draw,0,0
3818,DQN_2,-1,1
3819,DQN_2,-1,1
3820,DQN,1,-1
3821,DQN_2,-1,1
3822,draw,0,0
3823,draw,0,0
3824,draw,0,0
3825,draw,0,0
3826,draw,0,0
3827,draw,0,0
3828,DQN,1,-1
3829,DQN,1,-1
3830,draw,0,0
3831,draw,0,0
3832,DQN_2,-1,1
3833,draw,0,0
3834,draw,0,0
3835,DQN_2,-1,1
3836,DQN_2,-1,1
3837,draw,0,0
3838,DQN,1,-1
3839,draw,0,0
3840,DQN_2,-1,1
3841,DQN_2,-1,1
3842,draw,0,0
3843,draw,0,0
3844,draw,0,0
3845,draw,0,0
3846,draw,0,0
3847,draw,0,0
3848,draw,0,0
3849,DQN_2,-1,1
3850,DQN,1,-1
3851,DQN_2,-1,1
3852,DQN_2,-1,1
3853,DQN,1,-1
3854,DQN_2,-1,1
3855,DQN_2,-1,1
3856,DQN_2,-1,1
3857,draw,0,0
3858,DQN_2,-1,1
3859,DQN_2,-1,1
3860,DQN_2,-1,1
3861,DQN_2,-1,1
3862,DQN_2,-1,1
3863,DQN_2,-1,1
3864,DQN_2,-1,1
3865,DQN,1,-1
3866,DQN_2,-1,1
3867,DQN_2,-1,1
3868,draw,0,0
3869,DQN_2,-1,1
3870,draw,0,0
3871,draw,0,0
3872,draw,0,0
3873,draw,0,0
3874,draw,0,0
3875,DQN_2,-1,1
3876,draw,0,0
3877,DQN,1,-1
3878,draw,0,0
3879,draw,0,0
3880,DQN_2,-1,1
3881,DQN_2,-1,1
3882,draw,0,0
3883,DQN_2,-1,1
3884,draw,0,0
3885,DQN_2,-1,1
3886,DQN_2,-1,1
3887,DQN_2,-1,1
3888,DQN_2,-1,1
3889,DQN,1,-1
3890,DQN_2,-1,1
3891,DQN_2,-1,1
3892,DQN,1,-1
3893,DQN,1,-1
3894,DQN,1,-1
3895,DQN_2,-1,1
3896,DQN_2,-1,1
3897,DQN,1,-1
3898,DQN_2,-1,1
3899,DQN_2,-1,1
3900,DQN_2,-1,1
3901,draw,0,0
3902,DQN_2,-1,1
3903,DQN,1,-1
3904,draw,0,0
3905,draw,0,0
3906,DQN_2,-1,1
3907,draw,0,0
3908,DQN,1,-1
3909,DQN_2,-1,1
3910,DQN_2,-1,1
3911,DQN_2,-1,1
3912,DQN,1,-1
3913,DQN_2,-1,1
3914,DQN_2,-1,1
3915,DQN_2,-1,1
3916,DQN_2,-1,1
3917,DQN_2,-1,1
3918,draw,0,0
3919,DQN_2,-1,1
3920,DQN_2,-1,1
3921,DQN_2,-1,1
3922,draw,0,0
3923,draw,0,0
3924,DQN,1,-1
3925,DQN,1,-1
3926,draw,0,0
3927,DQN,1,-1
3928,DQN_2,-1,1
3929,draw,0,0
3930,draw,0,0
3931,DQN_2,-1,1
3932,DQN_2,-1,1
3933,draw,0,0
3934,DQN_2,-1,1
3935,draw,0,0
3936,draw,0,0
3937,draw,0,0
3938,DQN_2,-1,1
3939,DQN_2,-1,1
3940,draw,0,0
3941,DQN_2,-1,1
3942,DQN_2,-1,1
3943,DQN_2,-1,1
3944,DQN_2,-1,1
3945,draw,0,0
3946,draw,0,0
3947,draw,0,0
3948,draw,0,0
3949,DQN,1,-1
3950,draw,0,0
3951,draw,0,0
3952,DQN,1,-1
3953,draw,0,0
3954,DQN_2,-1,1
3955,draw,0,0
3956,DQN_2,-1,1
3957,DQN_2,-1,1
3958,DQN_2,-1,1
3959,draw,0,0
3960,DQN_2,-1,1
3961,DQN_2,-1,1
3962,draw,0,0
3963,draw,0,0
3964,DQN_2,-1,1
3965,DQN,1,-1
3966,draw,0,0
3967,draw,0,0
3968,DQN_2,-1,1
3969,DQN,1,-1
3970,draw,0,0
3971,DQN,1,-1
3972,DQN,1,-1
3973,DQN_2,-1,1
3974,DQN,1,-1
3975,draw,0,0
3976,DQN_2,-1,1
3977,draw,0,0
3978,DQN_2,-1,1
3979,DQN,1,-1
3980,DQN_2,-1,1
3981,DQN_2,-1,1
3982,DQN_2,-1,1
3983,draw,0,0
3984,DQN_2,-1,1
3985,DQN_2,-1,1
3986,DQN,1,-1
3987,DQN_2,-1,1
3988,DQN,1,-1
3989,DQN_2,-1,1
3990,DQN,1,-1
3991,DQN_2,-1,1
3992,DQN,1,-1
3993,DQN,1,-1
3994,DQN_2,-1,1
3995,DQN,1,-1
3996,DQN,1,-1
3997,DQN,1,-1
3998,DQN_2,-1,1
3999,draw,0,0
4000,DQN_2,-1,1
4001,DQN_2,-1,1
4002,DQN_2,-1,1
4003,DQN_2,-1,1
4004,DQN,1,-1
4005,DQN_2,-1,1
4006,DQN_2,-1,1
4007,DQN,1,-1
4008,DQN_2,-1,1
4009,DQN_2,-1,1
4010,DQN,1,-1
4011,DQN_2,-1,1
4012,DQN,1,-1
4013,DQN_2,-1,1
4014,DQN_2,-1,1
4015,DQN_2,-1,1
4016,DQN_2,-1,1
4017,DQN,1,-1
4018,DQN,1,-1
4019,DQN_2,-1,1
4020,DQN_2,-1,1
4021,draw,0,0
4022,DQN_2,-1,1
4023,DQN,1,-1
4024,draw,0,0
4025,DQN_2,-1,1
4026,DQN_2,-1,1
4027,DQN_2,-1,1
4028,draw,0,0
4029,DQN,1,-1
4030,DQN,1,-1
4031,DQN,1,-1
4032,DQN,1,-1
4033,DQN,1,-1
4034,DQN_2,-1,1
4035,DQN_2,-1,1
4036,DQN_2,-1,1
4037,DQN,1,-1
4038,DQN,1,-1
4039,DQN,1,-1
4040,DQN,1,-1
4041,DQN_2,-1,1
4042,DQN,1,-1
4043,DQN_2,-1,1
4044,DQN_2,-1,1
4045,DQN,1,-1
4046,DQN_2,-1,1
4047,DQN_2,-1,1
4048,DQN,1,-1
4049,DQN,1,-1
4050,DQN,1,-1
4051,DQN_2,-1,1
4052,DQN,1,-1
4053,DQN_2,-1,1
4054,DQN,1,-1
4055,DQN_2,-1,1
4056,DQN_2,-1,1
4057,DQN,1,-1
4058,draw,0,0
4059,DQN,1,-1
4060,DQN,1,-1
4061,DQN,1,-1
4062,DQN,1,-1
4063,DQN,1,-1
4064,DQN,1,-1
4065,DQN,1,-1
4066,DQN_2,-1,1
4067,DQN,1,-1
4068,DQN,1,-1
4069,DQN,1,-1
4070,DQN,1,-1
4071,DQN,1,-1
4072,DQN_2,-1,1
4073,DQN,1,-1
4074,DQN,1,-1
4075,DQN,1,-1
4076,DQN_2,-1,1
4077,DQN,1,-1
4078,DQN,1,-1
4079,DQN,1,-1
4080,DQN_2,-1,1
4081,DQN_2,-1,1
4082,DQN,1,-1
4083,DQN,1,-1
4084,DQN,1,-1
4085,DQN,1,-1
4086,DQN,1,-1
4087,draw,0,0
4088,DQN,1,-1
4089,DQN,1,-1
4090,DQN,1,-1
4091,DQN,1,-1
4092,DQN,1,-1
4093,DQN,1,-1
4094,DQN,1,-1
4095,DQN,1,-1
4096,draw,0,0
4097,DQN,1,-1
4098,DQN,1,-1
4099,DQN,1,-1
4100,DQN,1,-1
4101,DQN,1,-1
4102,DQN,1,-1
4103,DQN,1,-1
4104,DQN,1,-1
4105,draw,0,0
4106,DQN,1,-1
4107,DQN,1,-1
4108,DQN_2,-1,1
4109,DQN_2,-1,1
4110,DQN_2,-1,1
4111,DQN,1,-1
4112,DQN,1,-1
4113,draw,0,0
4114,DQN,1,-1
4115,DQN,1,-1
4116,DQN_2,-1,1
4117,DQN,1,-1
4118,DQN_2,-1,1
4119,draw,0,0
4120,DQN,1,-1
4121,DQN,1,-1
4122,draw,0,0
4123,draw,0,0
4124,DQN,1,-1
4125,DQN,1,-1
4126,DQN_2,-1,1
4127,DQN,1,-1
4128,draw,0,0
4129,DQN_2,-1,1
4130,DQN_2,-1,1
4131,DQN,1,-1
4132,DQN_2,-1,1
4133,DQN_2,-1,1
4134,DQN_2,-1,1
4135,DQN_2,-1,1
4136,DQN,1,-1
4137,draw,0,0
4138,DQN,1,-1
4139,DQN_2,-1,1
4140,draw,0,0
4141,DQN,1,-1
4142,DQN_2,-1,1
4143,DQN_2,-1,1
4144,DQN_2,-1,1
4145,DQN_2,-1,1
4146,DQN_2,-1,1
4147,DQN_2,-1,1
4148,DQN,1,-1
4149,draw,0,0
4150,DQN_2,-1,1
4151,DQN_2,-1,1
4152,DQN,1,-1
4153,draw,0,0
4154,draw,0,0
4155,DQN,1,-1
4156,DQN,1,-1
4157,DQN_2,-1,1
4158,DQN_2,-1,1
4159,DQN_2,-1,1
4160,DQN_2,-1,1
4161,DQN_2,-1,1
4162,DQN_2,-1,1
4163,DQN_2,-1,1
4164,DQN_2,-1,1
4165,DQN_2,-1,1
4166,DQN_2,-1,1
4167,DQN_2,-1,1
4168,DQN_2,-1,1
4169,DQN_2,-1,1
4170,DQN_2,-1,1
4171,draw,0,0
4172,draw,0,0
4173,draw,0,0
4174,draw,0,0
4175,DQN_2,-1,1
4176,DQN_2,-1,1
4177,DQN_2,-1,1
4178,DQN_2,-1,1
4179,DQN_2,-1,1
4180,DQN_2,-1,1
4181,DQN_2,-1,1
4182,DQN,1,-1
4183,DQN_2,-1,1
4184,DQN_2,-1,1
4185,DQN,1,-1
4186,DQN_2,-1,1
4187,DQN,1,-1
4188,DQN_2,-1,1
4189,DQN_2,-1,1
4190,DQN_2,-1,1
4191,DQN_2,-1,1
4192,DQN_2,-1,1
4193,draw,0,0
4194,draw,0,0
4195,DQN_2,-1,1
4196,draw,0,0
4197,DQN_2,-1,1
4198,draw,0,0
4199,DQN,1,-1
4200,DQN_2,-1,1
4201,DQN,1,-1
4202,draw,0,0
4203,DQN_2,-1,1
4204,draw,0,0
4205,DQN,1,-1
4206,draw,0,0
4207,draw,0,0
4208,DQN_2,-1,1
4209,draw,0,0
4210,draw,0,0
4211,draw,0,0
4212,draw,0,0
4213,draw,0,0
4214,DQN_2,-1,1
4215,DQN,1,-1
4216,draw,0,0
4217,draw,0,0
4218,draw,0,0
4219,draw,0,0
4220,DQN_2,-1,1
4221,draw,0,0
4222,DQN_2,-1,1
4223,DQN_2,-1,1
4224,DQN_2,-1,1
4225,DQN_2,-1,1
4226,DQN_2,-1,1
4227,DQN,1,-1
4228,draw,0,0
4229,DQN_2,-1,1
4230,DQN_2,-1,1
4231,DQN_2,-1,1
4232,DQN_2,-1,1
4233,draw,0,0
4234,DQN_2,-1,1
4235,DQN,1,-1
4236,DQN_2,-1,1
4237,DQN_2,-1,1
4238,draw,0,0
4239,draw,0,0
4240,DQN_2,-1,1
4241,DQN_2,-1,1
4242,DQN_2,-1,1
4243,DQN,1,-1
4244,draw,0,0
4245,DQN,1,-1
4246,draw,0,0
4247,DQN_2,-1,1
4248,draw,0,0
4249,DQN,1,-1
4250,DQN_2,-1,1
4251,DQN_2,-1,1
4252,DQN,1,-1
4253,DQN_2,-1,1
4254,DQN,1,-1
4255,DQN_2,-1,1
4256,draw,0,0
4257,DQN_2,-1,1
4258,draw,0,0
4259,DQN_2,-1,1
4260,DQN,1,-1
4261,draw,0,0
4262,draw,0,0
4263,draw,0,0
4264,DQN_2,-1,1
4265,DQN_2,-1,1
4266,draw,0,0
4267,DQN,1,-1
4268,DQN_2,-1,1
4269,draw,0,0
4270,DQN_2,-1,1
4271,DQN_2,-1,1
4272,DQN,1,-1
4273,draw,0,0
4274,DQN_2,-1,1
4275,draw,0,0
4276,draw,0,0
4277,DQN_2,-1,1
4278,DQN_2,-1,1
4279,DQN_2,-1,1
4280,draw,0,0
4281,draw,0,0
4282,draw,0,0
4283,draw,0,0
4284,DQN_2,-1,1
4285,draw,0,0
4286,draw,0,0
4287,draw,0,0
4288,draw,0,0
4289,draw,0,0
4290,draw,0,0
4291,DQN_2,-1,1
4292,draw,0,0
4293,draw,0,0
4294,draw,0,0
4295,draw,0,0
4296,draw,0,0
4297,draw,0,0
4298,draw,0,0
4299,draw,0,0
4300,draw,0,0
4301,draw,0,0
4302,DQN,1,-1
4303,DQN,1,-1
4304,draw,0,0
4305,draw,0,0
4306,draw,0,0
4307,DQN_2,-1,1
4308,DQN_2,-1,1
4309,DQN_2,-1,1
4310,draw,0,0
4311,DQN_2,-1,1
4312,draw,0,0
4313,DQN,1,-1
4314,DQN_2,-1,1
4315,DQN,1,-1
4316,draw,0,0
4317,DQN_2,-1,1
4318,draw,0,0
4319,DQN_2,-1,1
4320,DQN_2,-1,1
4321,DQN,1,-1
4322,DQN_2,-1,1
4323,draw,0,0
4324,draw,0,0
4325,DQN,1,-1
4326,DQN,1,-1
4327,DQN,1,-1
4328,DQN_2,-1,1
4329,draw,0,0
4330,DQN_2,-1,1
4331,DQN_2,-1,1
4332,DQN_2,-1,1
4333,DQN_2,-1,1
4334,draw,0,0
4335,draw,0,0
4336,DQN,1,-1
4337,DQN_2,-1,1
4338,draw,0,0
4339,draw,0,0
4340,draw,0,0
4341,DQN,1,-1
4342,DQN_2,-1,1
4343,DQN,1,-1
4344,draw,0,0
4345,draw,0,0
4346,DQN_2,-1,1
4347,draw,0,0
4348,DQN_2,-1,1
4349,DQN,1,-1
4350,DQN,1,-1
4351,DQN_2,-1,1
4352,draw,0,0
4353,draw,0,0
4354,draw,0,0
4355,DQN_2,-1,1
4356,DQN_2,-1,1
4357,DQN,1,-1
4358,DQN_2,-1,1
4359,DQN_2,-1,1
4360,DQN,1,-1
4361,DQN,1,-1
4362,DQN_2,-1,1
4363,DQN_2,-1,1
4364,draw,0,0
4365,DQN,1,-1
4366,DQN,1,-1
4367,draw,0,0
4368,draw,0,0
4369,draw,0,0
4370,DQN,1,-1
4371,draw,0,0
4372,draw,0,0
4373,DQN_2,-1,1
4374,DQN_2,-1,1
4375,draw,0,0
4376,DQN_2,-1,1
4377,DQN_2,-1,1
4378,draw,0,0
4379,draw,0,0
4380,DQN,1,-1
4381,DQN_2,-1,1
4382,draw,0,0
4383,DQN_2,-1,1
4384,DQN_2,-1,1
4385,DQN,1,-1
4386,draw,0,0
4387,draw,0,0
4388,DQN_2,-1,1
4389,draw,0,0
4390,draw,0,0
4391,draw,0,0
4392,draw,0,0
4393,draw,0,0
4394,DQN,1,-1
4395,DQN_2,-1,1
4396,DQN,1,-1
4397,DQN_2,-1,1
4398,DQN,1,-1
4399,DQN_2,-1,1
4400,DQN,1,-1
4401,DQN_2,-1,1
4402,draw,0,0
4403,DQN_2,-1,1
4404,DQN_2,-1,1
4405,DQN_2,-1,1
4406,DQN_2,-1,1
4407,draw,0,0
4408,draw,0,0
4409,DQN,1,-1
4410,DQN_2,-1,1
4411,DQN,1,-1
4412,draw,0,0
4413,DQN_2,-1,1
4414,DQN_2,-1,1
4415,DQN_2,-1,1
4416,draw,0,0
4417,DQN,1,-1
4418,DQN_2,-1,1
4419,draw,0,0
4420,DQN_2,-1,1
4421,DQN,1,-1
4422,draw,0,0
4423,DQN_2,-1,1
4424,draw,0,0
4425,DQN_2,-1,1
4426,draw,0,0
4427,draw,0,0
4428,DQN_2,-1,1
4429,DQN_2,-1,1
4430,DQN_2,-1,1
4431,DQN_2,-1,1
4432,DQN_2,-1,1
4433,draw,0,0
4434,DQN_2,-1,1
4435,DQN_2,-1,1
4436,draw,0,0
4437,draw,0,0
4438,DQN_2,-1,1
4439,DQN_2,-1,1
4440,draw,0,0
4441,DQN_2,-1,1
4442,DQN_2,-1,1
4443,DQN_2,-1,1
4444,DQN_2,-1,1
4445,DQN_2,-1,1
4446,DQN,1,-1
4447,DQN_2,-1,1
4448,DQN,1,-1
4449,DQN_2,-1,1
4450,DQN_2,-1,1
4451,DQN_2,-1,1
4452,DQN_2,-1,1
4453,DQN_2,-1,1
4454,draw,0,0
4455,draw,0,0
4456,DQN,1,-1
4457,draw,0,0
4458,draw,0,0
4459,DQN,1,-1
4460,draw,0,0
4461,draw,0,0
4462,draw,0,0
4463,DQN_2,-1,1
4464,DQN_2,-1,1
4465,DQN_2,-1,1
4466,DQN_2,-1,1
4467,DQN_2,-1,1
4468,DQN_2,-1,1
4469,draw,0,0
4470,DQN_2,-1,1
4471,draw,0,0
4472,DQN_2,-1,1
4473,DQN_2,-1,1
4474,DQN_2,-1,1
4475,DQN_2,-1,1
4476,DQN_2,-1,1
4477,DQN,1,-1
4478,draw,0,0
4479,DQN_2,-1,1
4480,draw,0,0
4481,draw,0,0
4482,DQN_2,-1,1
4483,draw,0,0
4484,draw,0,0
4485,DQN,1,-1
4486,DQN_2,-1,1
4487,DQN_2,-1,1
4488,DQN,1,-1
4489,draw,0,0
4490,draw,0,0
4491,DQN_2,-1,1
4492,DQN,1,-1
4493,draw,0,0
4494,draw,0,0
4495,draw,0,0
4496,draw,0,0
4497,draw,0,0
4498,draw,0,0
4499,draw,0,0
4500,draw,0,0
4501,DQN_2,-1,1
4502,draw,0,0
4503,draw,0,0
4504,draw,0,0
4505,draw,0,0
4506,draw,0,0
4507,draw,0,0
4508,draw,0,0
4509,draw,0,0
4510,draw,0,0
4511,draw,0,0
4512,DQN_2,-1,1
4513,draw,0,0
4514,DQN,1,-1
4515,draw,0,0
4516,draw,0,0
4517,DQN_2,-1,1
4518,DQN_2,-1,1
4519,DQN_2,-1,1
4520,DQN_2,-1,1
4521,DQN_2,-1,1
4522,DQN_2,-1,1
4523,DQN_2,-1,1
4524,DQN,1,-1
4525,draw,0,0
4526,DQN_2,-1,1
4527,DQN,1,-1
4528,draw,0,0
4529,draw,0,0
4530,draw,0,0
4531,DQN_2,-1,1
4532,draw,0,0
4533,draw,0,0
4534,draw,0,0
4535,draw,0,0
4536,draw,0,0
4537,draw,0,0
4538,draw,0,0
4539,DQN,1,-1
4540,draw,0,0
4541,draw,0,0
4542,DQN,1,-1
4543,draw,0,0
4544,draw,0,0
4545,draw,0,0
4546,draw,0,0
4547,draw,0,0
4548,draw,0,0
4549,draw,0,0
4550,draw,0,0
4551,draw,0,0
4552,draw,0,0
4553,draw,0,0
4554,draw,0,0
4555,draw,0,0
4556,draw,0,0
4557,draw,0,0
4558,draw,0,0
4559,draw,0,0
4560,draw,0,0
4561,draw,0,0
4562,draw,0,0
4563,draw,0,0
4564,draw,0,0
4565,draw,0,0
4566,DQN_2,-1,1
4567,draw,0,0
4568,draw,0,0
4569,draw,0,0
4570,draw,0,0
4571,draw,0,0
4572,DQN,1,-1
4573,draw,0,0
4574,DQN_2,-1,1
4575,DQN,1,-1
4576,draw,0,0
4577,draw,0,0
4578,draw,0,0
4579,DQN_2,-1,1
4580,draw,0,0
4581,draw,0,0
4582,draw,0,0
4583,draw,0,0
4584,draw,0,0
4585,draw,0,0
4586,draw,0,0
4587,draw,0,0
4588,draw,0,0
4589,DQN_2,-1,1
4590,draw,0,0
4591,draw,0,0
4592,draw,0,0
4593,draw,0,0
4594,draw,0,0
4595,DQN,1,-1
4596,draw,0,0
4597,draw,0,0
4598,DQN,1,-1
4599,draw,0,0
4600,draw,0,0
4601,draw,0,0
4602,draw,0,0
4603,draw,0,0
4604,draw,0,0
4605,draw,0,0
4606,draw,0,0
4607,DQN_2,-1,1
4608,DQN_2,-1,1
4609,DQN_2,-1,1
4610,DQN_2,-1,1
4611,DQN_2,-1,1
4612,draw,0,0
4613,draw,0,0
4614,draw,0,0
4615,DQN,1,-1
4616,DQN_2,-1,1
4617,draw,0,0
4618,draw,0,0
4619,draw,0,0
4620,DQN_2,-1,1
4621,draw,0,0
4622,draw,0,0
4623,DQN,1,-1
4624,draw,0,0
4625,draw,0,0
4626,draw,0,0
4627,draw,0,0
4628,DQN_2,-1,1
4629,DQN_2,-1,1
4630,draw,0,0
4631,DQN,1,-1
4632,draw,0,0
4633,DQN_2,-1,1
4634,DQN_2,-1,1
4635,draw,0,0
4636,DQN_2,-1,1
4637,draw,0,0
4638,draw,0,0
4639,draw,0,0
4640,draw,0,0
4641,DQN,1,-1
4642,DQN_2,-1,1
4643,DQN_2,-1,1
4644,DQN,1,-1
4645,DQN,1,-1
4646,DQN,1,-1
4647,DQN_2,-1,1
4648,DQN_2,-1,1
4649,draw,0,0
4650,draw,0,0
4651,DQN,1,-1
4652,DQN,1,-1
4653,draw,0,0
4654,DQN,1,-1
4655,DQN,1,-1
4656,draw,0,0
4657,DQN_2,-1,1
4658,DQN,1,-1
4659,draw,0,0
4660,DQN_2,-1,1
4661,DQN,1,-1
4662,DQN,1,-1
4663,draw,0,0
4664,DQN_2,-1,1
4665,draw,0,0
4666,DQN_2,-1,1
4667,draw,0,0
4668,draw,0,0
4669,draw,0,0
4670,DQN,1,-1
4671,DQN,1,-1
4672,DQN_2,-1,1
4673,draw,0,0
4674,DQN,1,-1
4675,DQN,1,-1
4676,DQN,1,-1
4677,DQN,1,-1
4678,DQN_2,-1,1
4679,DQN_2,-1,1
4680,DQN,1,-1
4681,draw,0,0
4682,DQN,1,-1
4683,DQN_2,-1,1
4684,DQN,1,-1
4685,DQN_2,-1,1
4686,draw,0,0
4687,DQN_2,-1,1
4688,DQN,1,-1
4689,DQN,1,-1
4690,draw,0,0
4691,draw,0,0
4692,draw,0,0
4693,draw,0,0
4694,draw,0,0
4695,DQN,1,-1
4696,DQN_2,-1,1
4697,DQN_2,-1,1
4698,DQN_2,-1,1
4699,DQN_2,-1,1
4700,DQN,1,-1
4701,DQN,1,-1
4702,DQN_2,-1,1
4703,DQN_2,-1,1
4704,DQN,1,-1
4705,DQN,1,-1
4706,DQN,1,-1
4707,DQN_2,-1,1
4708,DQN,1,-1
4709,DQN_2,-1,1
4710,DQN,1,-1
4711,DQN,1,-1
4712,DQN,1,-1
4713,DQN_2,-1,1
4714,DQN_2,-1,1
4715,DQN_2,-1,1
4716,DQN,1,-1
4717,DQN_2,-1,1
4718,DQN_2,-1,1
4719,DQN_2,-1,1
4720,DQN_2,-1,1
4721,DQN,1,-1
4722,DQN,1,-1
4723,DQN_2,-1,1
4724,DQN_2,-1,1
4725,DQN_2,-1,1
4726,DQN_2,-1,1
4727,DQN_2,-1,1
4728,DQN,1,-1
4729,DQN_2,-1,1
4730,draw,0,0
4731,DQN,1,-1
4732,DQN,1,-1
4733,DQN_2,-1,1
4734,DQN,1,-1
4735,DQN_2,-1,1
4736,DQN,1,-1
4737,DQN_2,-1,1
4738,DQN,1,-1
4739,DQN_2,-1,1
4740,DQN,1,-1
4741,DQN,1,-1
4742,draw,0,0
4743,DQN_2,-1,1
4744,DQN,1,-1
4745,DQN_2,-1,1
4746,DQN_2,-1,1
4747,DQN_2,-1,1
4748,DQN,1,-1
4749,DQN_2,-1,1
4750,DQN_2,-1,1
4751,DQN,1,-1
4752,DQN_2,-1,1
4753,DQN_2,-1,1
4754,DQN,1,-1
4755,DQN_2,-1,1
4756,DQN_2,-1,1
4757,DQN,1,-1
4758,DQN,1,-1
4759,DQN,1,-1
4760,DQN_2,-1,1
4761,DQN,1,-1
4762,draw,0,0
4763,DQN,1,-1
4764,DQN,1,-1
4765,DQN,1,-1
4766,DQN_2,-1,1
4767,DQN_2,-1,1
4768,DQN_2,-1,1
4769,draw,0,0
4770,DQN_2,-1,1
4771,DQN_2,-1,1
4772,DQN_2,-1,1
4773,DQN,1,-1
4774,DQN_2,-1,1
4775,DQN_2,-1,1
4776,DQN,1,-1
4777,DQN_2,-1,1
4778,draw,0,0
4779,draw,0,0
4780,draw,0,0
4781,DQN,1,-1
4782,draw,0,0
4783,DQN_2,-1,1
4784,DQN_2,-1,1
4785,draw,0,0
4786,DQN_2,-1,1
4787,DQN,1,-1
4788,draw,0,0
4789,draw,0,0
4790,draw,0,0
4791,draw,0,0
4792,draw,0,0
4793,draw,0,0
4794,draw,0,0
4795,draw,0,0
4796,draw,0,0
4797,draw,0,0
4798,draw,0,0
4799,DQN_2,-1,1
4800,draw,0,0
4801,draw,0,0
4802,draw,0,0
4803,DQN_2,-1,1
4804,DQN_2,-1,1
4805,draw,0,0
4806,draw,0,0
4807,draw,0,0
4808,draw,0,0
4809,DQN_2,-1,1
4810,DQN_2,-1,1
4811,DQN_2,-1,1
4812,DQN_2,-1,1
4813,draw,0,0
4814,draw,0,0
4815,draw,0,0
4816,draw,0,0
4817,draw,0,0
4818,draw,0,0
4819,draw,0,0
4820,draw,0,0
4821,draw,0,0
4822,draw,0,0
4823,DQN_2,-1,1
4824,DQN_2,-1,1
4825,draw,0,0
4826,DQN,1,-1
4827,draw,0,0
4828,draw,0,0
4829,draw,0,0
4830,draw,0,0
4831,draw,0,0
4832,draw,0,0
4833,draw,0,0
4834,draw,0,0
4835,draw,0,0
4836,draw,0,0
4837,draw,0,0
4838,draw,0,0
4839,draw,0,0
4840,draw,0,0
4841,draw,0,0
4842,DQN_2,-1,1
4843,draw,0,0
4844,draw,0,0
4845,draw,0,0
4846,draw,0,0
4847,draw,0,0
4848,draw,0,0
4849,draw,0,0
4850,draw,0,0
4851,draw,0,0
4852,draw,0,0
4853,draw,0,0
4854,draw,0,0
4855,draw,0,0
4856,draw,0,0
4857,draw,0,0
4858,draw,0,0
4859,DQN_2,-1,1
4860,draw,0,0
4861,draw,0,0
4862,draw,0,0
4863,draw,0,0
4864,draw,0,0
4865,draw,0,0
4866,draw,0,0
4867,draw,0,0
4868,draw,0,0
4869,draw,0,0
4870,draw,0,0
4871,draw,0,0
4872,draw,0,0
4873,draw,0,0
4874,draw,0,0
4875,draw,0,0
4876,draw,0,0
4877,draw,0,0
4878,draw,0,0
4879,draw,0,0
4880,draw,0,0
4881,draw,0,0
4882,draw,0,0
4883,draw,0,0
4884,draw,0,0
4885,draw,0,0
4886,draw,0,0
4887,draw,0,0
4888,draw,0,0
4889,draw,0,0
4890,draw,0,0
4891,draw,0,0
4892,draw,0,0
4893,draw,0,0
4894,draw,0,0
4895,draw,0,0
4896,draw,0,0
4897,draw,0,0
4898,draw,0,0
4899,DQN,1,-1
4900,draw,0,0
4901,draw,0,0
4902,draw,0,0
4903,draw,0,0
4904,draw,0,0
4905,draw,0,0
4906,DQN,1,-1
4907,draw,0,0
4908,DQN_2,-1,1
4909,draw,0,0
4910,draw,0,0
4911,DQN_2,-1,1
4912,draw,0,0
4913,DQN,1,-1
4914,draw,0,0
4915,DQN,1,-1
4916,DQN,1,-1
4917,draw,0,0
4918,DQN,1,-1
4919,DQN,1,-1
4920,DQN,1,-1
4921,DQN_2,-1,1
4922,DQN,1,-1
4923,DQN,1,-1
4924,DQN,1,-1
4925,DQN_2,-1,1
4926,DQN,1,-1
4927,DQN,1,-1
4928,DQN_2,-1,1
4929,DQN,1,-1
4930,DQN_2,-1,1
4931,DQN_2,-1,1
4932,DQN,1,-1
4933,DQN_2,-1,1
4934,DQN_2,-1,1
4935,DQN,1,-1
4936,DQN,1,-1
4937,DQN,1,-1
4938,DQN,1,-1
4939,DQN,1,-1
4940,DQN_2,-1,1
4941,DQN_2,-1,1
4942,DQN,1,-1
4943,DQN_2,-1,1
4944,DQN_2,-1,1
4945,DQN_2,-1,1
4946,DQN_2,-1,1
4947,DQN_2,-1,1
4948,DQN_2,-1,1
4949,DQN_2,-1,1
4950,DQN,1,-1
4951,DQN_2,-1,1
4952,DQN_2,-1,1
4953,DQN,1,-1
4954,DQN_2,-1,1
4955,DQN,1,-1
4956,DQN_2,-1,1
4957,DQN,1,-1
4958,DQN,1,-1
4959,DQN,1,-1
4960,DQN,1,-1
4961,DQN_2,-1,1
4962,DQN,1,-1
4963,DQN_2,-1,1
4964,DQN,1,-1
4965,DQN_2,-1,1
4966,DQN_2,-1,1
4967,DQN_2,-1,1
4968,DQN,1,-1
4969,DQN_2,-1,1
4970,DQN_2,-1,1
4971,DQN,1,-1
4972,DQN,1,-1
4973,DQN,1,-1
4974,DQN,1,-1
4975,DQN_2,-1,1
4976,DQN,1,-1
4977,DQN_2,-1,1
4978,DQN_2,-1,1
4979,DQN_2,-1,1
4980,DQN_2,-1,1
4981,DQN_2,-1,1
4982,DQN,1,-1
4983,DQN_2,-1,1
4984,DQN,1,-1
4985,DQN,1,-1
4986,DQN_2,-1,1
4987,DQN,1,-1
4988,DQN_2,-1,1
4989,DQN_2,-1,1
4990,DQN,1,-1
4991,DQN_2,-1,1
4992,draw,0,0
4993,DQN,1,-1
4994,DQN,1,-1
4995,DQN_2,-1,1
4996,DQN,1,-1
4997,DQN,1,-1
4998,DQN,1,-1
4999,DQN,1,-1
5000,DQN,1,-1
5001,DQN,1,-1
5002,DQN,1,-1
5003,DQN,1,-1
5004,draw,0,0
5005,draw,0,0
5006,DQN_2,-1,1
5007,DQN_2,-1,1
5008,draw,0,0
5009,DQN_2,-1,1
5010,DQN_2,-1,1
5011,draw,0,0
5012,DQN_2,-1,1
5013,draw,0,0
5014,draw,0,0
5015,draw,0,0
5016,DQN_2,-1,1
5017,DQN_2,-1,1
5018,DQN_2,-1,1
5019,DQN_2,-1,1
5020,DQN_2,-1,1
5021,draw,0,0
5022,DQN_2,-1,1
5023,DQN_2,-1,1
5024,draw,0,0
5025,DQN_2,-1,1
5026,draw,0,0
5027,DQN,1,-1
5028,DQN_2,-1,1
5029,DQN_2,-1,1
5030,DQN_2,-1,1
5031,DQN_2,-1,1
5032,DQN_2,-1,1
5033,DQN_2,-1,1
5034,DQN_2,-1,1
5035,DQN_2,-1,1
5036,DQN_2,-1,1
5037,draw,0,0
5038,DQN_2,-1,1
5039,DQN_2,-1,1
5040,DQN_2,-1,1
5041,DQN,1,-1
5042,draw,0,0
5043,draw,0,0
5044,DQN_2,-1,1
5045,draw,0,0
5046,draw,0,0
5047,DQN_2,-1,1
5048,DQN_2,-1,1
5049,DQN_2,-1,1
5050,draw,0,0
5051,DQN,1,-1
5052,DQN,1,-1
5053,draw,0,0
5054,DQN_2,-1,1
5055,draw,0,0
5056,DQN,1,-1
5057,DQN_2,-1,1
5058,DQN_2,-1,1
5059,DQN_2,-1,1
5060,DQN_2,-1,1
5061,DQN_2,-1,1
5062,draw,0,0
5063,DQN_2,-1,1
5064,DQN,1,-1
5065,draw,0,0
5066,DQN_2,-1,1
5067,DQN_2,-1,1
5068,draw,0,0
5069,DQN,1,-1
5070,draw,0,0
5071,DQN,1,-1
5072,DQN_2,-1,1
5073,DQN_2,-1,1
5074,DQN_2,-1,1
5075,DQN_2,-1,1
5076,DQN_2,-1,1
5077,DQN_2,-1,1
5078,draw,0,0
5079,draw,0,0
5080,DQN_2,-1,1
5081,DQN_2,-1,1
5082,DQN_2,-1,1
5083,DQN,1,-1
5084,DQN_2,-1,1
5085,draw,0,0
5086,DQN_2,-1,1
5087,draw,0,0
5088,draw,0,0
5089,DQN,1,-1
5090,draw,0,0
5091,DQN_2,-1,1
5092,draw,0,0
5093,DQN_2,-1,1
5094,DQN_2,-1,1
5095,draw,0,0
5096,DQN_2,-1,1
5097,draw,0,0
5098,DQN_2,-1,1
5099,draw,0,0
5100,DQN_2,-1,1
5101,DQN_2,-1,1
5102,draw,0,0
5103,DQN_2,-1,1
5104,DQN_2,-1,1
5105,draw,0,0
5106,draw,0,0
5107,draw,0,0
5108,draw,0,0
5109,DQN_2,-1,1
5110,draw,0,0
5111,draw,0,0
5112,draw,0,0
5113,draw,0,0
5114,DQN,1,-1
5115,DQN_2,-1,1
5116,DQN_2,-1,1
5117,draw,0,0
5118,draw,0,0
5119,draw,0,0
5120,draw,0,0
5121,draw,0,0
5122,DQN_2,-1,1
5123,draw,0,0
5124,draw,0,0
5125,DQN,1,-1
5126,draw,0,0
5127,draw,0,0
5128,draw,0,0
5129,draw,0,0
5130,draw,0,0
5131,DQN_2,-1,1
5132,draw,0,0
5133,draw,0,0
5134,draw,0,0
5135,draw,0,0
5136,draw,0,0
5137,draw,0,0
5138,draw,0,0
5139,draw,0,0
5140,draw,0,0
5141,draw,0,0
5142,draw,0,0
5143,DQN_2,-1,1
5144,draw,0,0
5145,draw,0,0
5146,draw,0,0
5147,draw,0,0
5148,draw,0,0
5149,DQN_2,-1,1
5150,draw,0,0
5151,draw,0,0
5152,draw,0,0
5153,draw,0,0
5154,draw,0,0
5155,DQN,1,-1
5156,DQN_2,-1,1
5157,draw,0,0
5158,DQN_2,-1,1
5159,draw,0,0
5160,draw,0,0
5161,draw,0,0
5162,DQN,1,-1
5163,draw,0,0
5164,DQN_2,-1,1
5165,draw,0,0
5166,draw,0,0
5167,DQN,1,-1
5168,DQN,1,-1
5169,draw,0,0
5170,DQN_2,-1,1
5171,draw,0,0
5172,draw,0,0
5173,draw,0,0
5174,DQN_2,-1,1
5175,draw,0,0
5176,draw,0,0
5177,DQN,1,-1
5178,DQN_2,-1,1
5179,draw,0,0
5180,draw,0,0
5181,draw,0,0
5182,draw,0,0
5183,DQN,1,-1
5184,draw,0,0
5185,DQN,1,-1
5186,draw,0,0
5187,DQN,1,-1
5188,draw,0,0
5189,DQN,1,-1
5190,DQN_2,-1,1
5191,draw,0,0
5192,draw,0,0
5193,draw,0,0
5194,draw,0,0
5195,DQN_2,-1,1
5196,DQN_2,-1,1
5197,DQN_2,-1,1
5198,draw,0,0
5199,draw,0,0
5200,DQN,1,-1
5201,DQN,1,-1
5202,DQN,1,-1
5203,DQN,1,-1
5204,DQN,1,-1
5205,DQN,1,-1
5206,DQN,1,-1
5207,draw,0,0
5208,draw,0,0
5209,draw,0,0
5210,DQN,1,-1
5211,draw,0,0
5212,DQN_2,-1,1
5213,draw,0,0
5214,DQN_2,-1,1
5215,draw,0,0
5216,DQN_2,-1,1
5217,draw,0,0
5218,draw,0,0
5219,draw,0,0
5220,draw,0,0
5221,draw,0,0
5222,draw,0,0
5223,DQN_2,-1,1
5224,draw,0,0
5225,draw,0,0
5226,draw,0,0
5227,draw,0,0
5228,draw,0,0
5229,DQN_2,-1,1
5230,DQN_2,-1,1
5231,DQN_2,-1,1
5232,DQN_2,-1,1
5233,DQN_2,-1,1
5234,DQN_2,-1,1
5235,draw,0,0
5236,DQN_2,-1,1
5237,DQN_2,-1,1
5238,draw,0,0
5239,draw,0,0
5240,draw,0,0
5241,draw,0,0
5242,draw,0,0
5243,DQN_2,-1,1
5244,DQN_2,-1,1
5245,DQN_2,-1,1
5246,draw,0,0
5247,DQN_2,-1,1
5248,draw,0,0
5249,DQN_2,-1,1
5250,draw,0,0
5251,draw,0,0
5252,DQN_2,-1,1
5253,DQN_2,-1,1
5254,DQN,1,-1
5255,DQN_2,-1,1
5256,DQN,1,-1
5257,DQN_2,-1,1
5258,DQN_2,-1,1
5259,DQN_2,-1,1
5260,draw,0,0
5261,DQN_2,-1,1
5262,DQN_2,-1,1
5263,draw,0,0
5264,DQN_2,-1,1
5265,DQN_2,-1,1
5266,DQN,1,-1
5267,DQN_2,-1,1
5268,DQN_2,-1,1
5269,DQN_2,-1,1
5270,DQN,1,-1
5271,DQN_2,-1,1
5272,DQN_2,-1,1
5273,DQN_2,-1,1
5274,DQN,1,-1
5275,DQN_2,-1,1
5276,DQN_2,-1,1
5277,DQN_2,-1,1
5278,DQN_2,-1,1
5279,DQN,1,-1
5280,draw,0,0
5281,DQN_2,-1,1
5282,DQN_2,-1,1
5283,draw,0,0
5284,DQN,1,-1
5285,DQN_2,-1,1
5286,draw,0,0
5287,DQN,1,-1
5288,DQN_2,-1,1
5289,DQN,1,-1
5290,DQN_2,-1,1
5291,DQN_2,-1,1
5292,DQN_2,-1,1
5293,DQN_2,-1,1
5294,DQN,1,-1
5295,DQN_2,-1,1
5296,DQN_2,-1,1
5297,DQN,1,-1
5298,DQN_2,-1,1
5299,DQN,1,-1
5300,DQN_2,-1,1
5301,DQN_2,-1,1
5302,DQN_2,-1,1
5303,DQN_2,-1,1
5304,DQN,1,-1
5305,DQN_2,-1,1
5306,DQN_2,-1,1
5307,DQN_2,-1,1
5308,draw,0,0
5309,DQN,1,-1
5310,draw,0,0
5311,DQN,1,-1
5312,DQN,1,-1
5313,DQN,1,-1
5314,DQN_2,-1,1
5315,DQN_2,-1,1
5316,draw,0,0
5317,DQN_2,-1,1
5318,draw,0,0
5319,DQN_2,-1,1
5320,DQN_2,-1,1
5321,DQN,1,-1
5322,draw,0,0
5323,DQN,1,-1
5324,draw,0,0
5325,draw,0,0
5326,draw,0,0
5327,draw,0,0
5328,draw,0,0
5329,draw,0,0
5330,DQN,1,-1
5331,DQN_2,-1,1
5332,draw,0,0
5333,DQN_2,-1,1
5334,DQN,1,-1
5335,DQN,1,-1
5336,DQN_2,-1,1
5337,DQN,1,-1
5338,DQN_2,-1,1
5339,DQN_2,-1,1
5340,DQN,1,-1
5341,DQN,1,-1
5342,DQN_2,-1,1
5343,draw,0,0
5344,draw,0,0
5345,draw,0,0
5346,draw,0,0
5347,draw,0,0
5348,draw,0,0
5349,draw,0,0
5350,draw,0,0
5351,DQN,1,-1
5352,draw,0,0
5353,draw,0,0
5354,DQN_2,-1,1
5355,DQN,1,-1
5356,draw,0,0
5357,draw,0,0
5358,draw,0,0
5359,draw,0,0
5360,draw,0,0
5361,draw,0,0
5362,draw,0,0
5363,draw,0,0
5364,DQN_2,-1,1
5365,draw,0,0
5366,draw,0,0
5367,DQN,1,-1
5368,draw,0,0
5369,DQN,1,-1
5370,DQN,1,-1
5371,draw,0,0
5372,draw,0,0
5373,DQN,1,-1
5374,draw,0,0
5375,DQN_2,-1,1
5376,draw,0,0
5377,DQN,1,-1
5378,draw,0,0
5379,draw,0,0
5380,DQN,1,-1
5381,DQN,1,-1
5382,DQN,1,-1
5383,draw,0,0
5384,DQN,1,-1
5385,draw,0,0
5386,DQN,1,-1
5387,DQN,1,-1
5388,draw,0,0
5389,draw,0,0
5390,DQN,1,-1
5391,DQN,1,-1
5392,DQN,1,-1
5393,DQN,1,-1
5394,DQN_2,-1,1
5395,DQN,1,-1
5396,DQN,1,-1
5397,DQN,1,-1
5398,DQN,1,-1
5399,DQN,1,-1
5400,DQN,1,-1
5401,DQN,1,-1
5402,DQN,1,-1
5403,DQN,1,-1
5404,DQN_2,-1,1
5405,DQN_2,-1,1
5406,DQN,1,-1
5407,draw,0,0
5408,DQN,1,-1
5409,DQN,1,-1
5410,DQN,1,-1
5411,DQN,1,-1
5412,draw,0,0
5413,DQN,1,-1
5414,DQN_2,-1,1
5415,DQN,1,-1
5416,DQN,1,-1
5417,DQN,1,-1
5418,DQN,1,-1
5419,DQN,1,-1
5420,DQN,1,-1
5421,DQN,1,-1
5422,DQN,1,-1
5423,DQN,1,-1
5424,DQN,1,-1
5425,DQN_2,-1,1
5426,DQN_2,-1,1
5427,draw,0,0
5428,DQN_2,-1,1
5429,draw,0,0
5430,DQN,1,-1
5431,DQN_2,-1,1
5432,draw,0,0
5433,DQN_2,-1,1
5434,DQN,1,-1
5435,draw,0,0
5436,DQN_2,-1,1
5437,draw,0,0
5438,DQN_2,-1,1
5439,draw,0,0
5440,draw,0,0
5441,draw,0,0
5442,draw,0,0
5443,draw,0,0
5444,draw,0,0
5445,DQN,1,-1
5446,DQN,1,-1
5447,draw,0,0
5448,draw,0,0
5449,DQN_2,-1,1
5450,DQN_2,-1,1
5451,DQN_2,-1,1
5452,DQN,1,-1
5453,DQN_2,-1,1
5454,DQN_2,-1,1
5455,draw,0,0
5456,draw,0,0
5457,draw,0,0
5458,DQN_2,-1,1
5459,DQN,1,-1
5460,DQN,1,-1
5461,DQN_2,-1,1
5462,draw,0,0
5463,draw,0,0
5464,DQN,1,-1
5465,draw,0,0
5466,DQN,1,-1
5467,draw,0,0
5468,DQN_2,-1,1
5469,DQN_2,-1,1
5470,draw,0,0
5471,draw,0,0
5472,DQN_2,-1,1
5473,draw,0,0
5474,draw,0,0
5475,draw,0,0
5476,DQN_2,-1,1
5477,draw,0,0
5478,DQN,1,-1
5479,draw,0,0
5480,DQN,1,-1
5481,draw,0,0
5482,DQN_2,-1,1
5483,draw,0,0
5484,draw,0,0
5485,DQN,1,-1
5486,draw,0,0
5487,DQN,1,-1
5488,DQN_2,-1,1
5489,draw,0,0
5490,DQN_2,-1,1
5491,draw,0,0
5492,DQN,1,-1
5493,DQN_2,-1,1
5494,DQN_2,-1,1
5495,DQN_2,-1,1
5496,draw,0,0
5497,draw,0,0
5498,DQN,1,-1
5499,draw,0,0
5500,DQN_2,-1,1
5501,DQN_2,-1,1
5502,draw,0,0
5503,DQN_2,-1,1
5504,draw,0,0
5505,draw,0,0
5506,DQN_2,-1,1
5507,draw,0,0
5508,DQN_2,-1,1
5509,DQN_2,-1,1
5510,DQN_2,-1,1
5511,draw,0,0
5512,DQN_2,-1,1
5513,DQN_2,-1,1
5514,DQN_2,-1,1
5515,DQN_2,-1,1
5516,DQN_2,-1,1
5517,DQN_2,-1,1
5518,DQN_2,-1,1
5519,DQN_2,-1,1
5520,draw,0,0
5521,DQN,1,-1
5522,draw,0,0
5523,DQN_2,-1,1
5524,draw,0,0
5525,DQN,1,-1
5526,DQN_2,-1,1
5527,DQN_2,-1,1
5528,DQN_2,-1,1
5529,DQN,1,-1
5530,draw,0,0
5531,draw,0,0
5532,draw,0,0
5533,draw,0,0
5534,DQN_2,-1,1
5535,DQN,1,-1
5536,DQN,1,-1
5537,draw,0,0
5538,DQN_2,-1,1
5539,DQN_2,-1,1
5540,draw,0,0
5541,DQN_2,-1,1
5542,DQN_2,-1,1
5543,draw,0,0
5544,draw,0,0
5545,draw,0,0
5546,draw,0,0
5547,draw,0,0
5548,DQN_2,-1,1
5549,draw,0,0
5550,draw,0,0
5551,draw,0,0
5552,draw,0,0
5553,DQN_2,-1,1
5554,draw,0,0
5555,DQN_2,-1,1
5556,draw,0,0
5557,draw,0,0
5558,draw,0,0
5559,DQN_2,-1,1
5560,draw,0,0
5561,draw,0,0
5562,draw,0,0
5563,draw,0,0
5564,draw,0,0
5565,draw,0,0
5566,draw,0,0
5567,draw,0,0
5568,draw,0,0
5569,draw,0,0
5570,DQN_2,-1,1
5571,draw,0,0
5572,draw,0,0
5573,draw,0,0
5574,draw,0,0
5575,draw,0,0
5576,DQN_2,-1,1
5577,DQN_2,-1,1
5578,DQN_2,-1,1
5579,draw,0,0
5580,draw,0,0
5581,DQN,1,-1
5582,draw,0,0
5583,draw,0,0
5584,draw,0,0
5585,DQN_2,-1,1
5586,draw,0,0
5587,DQN,1,-1
5588,draw,0,0
5589,DQN,1,-1
5590,draw,0,0
5591,draw,0,0
5592,draw,0,0
5593,DQN_2,-1,1
5594,draw,0,0
5595,draw,0,0
5596,draw,0,0
5597,draw,0,0
5598,draw,0,0
5599,draw,0,0
5600,draw,0,0
5601,draw,0,0
5602,DQN,1,-1
5603,draw,0,0
5604,draw,0,0
5605,draw,0,0
5606,draw,0,0
5607,draw,0,0
5608,draw,0,0
5609,draw,0,0
5610,draw,0,0
5611,draw,0,0
5612,draw,0,0
5613,draw,0,0
5614,draw,0,0
5615,draw,0,0
5616,DQN_2,-1,1
5617,draw,0,0
5618,draw,0,0
5619,draw,0,0
5620,DQN_2,-1,1
5621,draw,0,0
5622,DQN_2,-1,1
5623,draw,0,0
5624,draw,0,0
5625,draw,0,0
5626,DQN,1,-1
5627,draw,0,0
5628,DQN_2,-1,1
5629,DQN,1,-1
5630,draw,0,0
5631,DQN,1,-1
5632,DQN_2,-1,1
5633,DQN_2,-1,1
5634,draw,0,0
5635,draw,0,0
5636,draw,0,0
5637,draw,0,0
5638,DQN_2,-1,1
5639,draw,0,0
5640,DQN_2,-1,1
5641,draw,0,0
5642,draw,0,0
5643,draw,0,0
5644,DQN_2,-1,1
5645,draw,0,0
5646,DQN,1,-1
5647,draw,0,0
5648,DQN,1,-1
5649,draw,0,0
5650,draw,0,0
5651,draw,0,0
5652,DQN_2,-1,1
5653,draw,0,0
5654,DQN,1,-1
5655,draw,0,0
5656,DQN,1,-1
5657,draw,0,0
5658,draw,0,0
5659,draw,0,0
5660,draw,0,0
5661,draw,0,0
5662,DQN,1,-1
5663,draw,0,0
5664,draw,0,0
5665,draw,0,0
5666,DQN_2,-1,1
5667,draw,0,0
5668,draw,0,0
5669,draw,0,0
5670,draw,0,0
5671,draw,0,0
5672,draw,0,0
5673,draw,0,0
5674,draw,0,0
5675,draw,0,0
5676,DQN_2,-1,1
5677,draw,0,0
5678,draw,0,0
5679,draw,0,0
5680,DQN_2,-1,1
5681,DQN,1,-1
5682,draw,0,0
5683,draw,0,0
5684,DQN_2,-1,1
5685,draw,0,0
5686,draw,0,0
5687,draw,0,0
5688,draw,0,0
5689,draw,0,0
5690,DQN_2,-1,1
5691,DQN_2,-1,1
5692,DQN_2,-1,1
5693,DQN_2,-1,1
5694,DQN,1,-1
5695,draw,0,0
5696,draw,0,0
5697,DQN_2,-1,1
5698,DQN_2,-1,1
5699,DQN,1,-1
5700,DQN,1,-1
5701,DQN_2,-1,1
5702,DQN,1,-1
5703,DQN_2,-1,1
5704,draw,0,0
5705,DQN,1,-1
5706,DQN_2,-1,1
5707,DQN_2,-1,1
5708,DQN,1,-1
5709,draw,0,0
5710,DQN,1,-1
5711,DQN_2,-1,1
5712,DQN,1,-1
5713,DQN,1,-1
5714,DQN,1,-1
5715,DQN,1,-1
5716,DQN_2,-1,1
5717,DQN_2,-1,1
5718,DQN_2,-1,1
5719,DQN,1,-1
5720,DQN,1,-1
5721,draw,0,0
5722,DQN_2,-1,1
5723,DQN_2,-1,1
5724,DQN,1,-1
5725,DQN,1,-1
5726,draw,0,0
5727,DQN_2,-1,1
5728,draw,0,0
5729,draw,0,0
5730,DQN,1,-1
5731,DQN,1,-1
5732,DQN_2,-1,1
5733,DQN_2,-1,1
5734,DQN_2,-1,1
5735,DQN,1,-1
5736,draw,0,0
5737,DQN_2,-1,1
5738,draw,0,0
5739,DQN_2,-1,1
5740,draw,0,0
5741,draw,0,0
5742,DQN,1,-1
5743,DQN_2,-1,1
5744,DQN_2,-1,1
5745,DQN_2,-1,1
5746,DQN_2,-1,1
5747,DQN_2,-1,1
5748,DQN_2,-1,1
5749,DQN,1,-1
5750,draw,0,0
5751,draw,0,0
5752,DQN,1,-1
5753,draw,0,0
5754,draw,0,0
5755,DQN,1,-1
5756,DQN,1,-1
5757,draw,0,0
5758,DQN,1,-1
5759,DQN,1,-1
5760,draw,0,0
5761,DQN,1,-1
5762,draw,0,0
5763,DQN,1,-1
5764,DQN_2,-1,1
5765,draw,0,0
5766,DQN,1,-1
5767,draw,0,0
5768,DQN_2,-1,1
5769,draw,0,0
5770,draw,0,0
5771,draw,0,0
5772,DQN_2,-1,1
5773,draw,0,0
5774,DQN,1,-1
5775,DQN_2,-1,1
5776,DQN_2,-1,1
5777,draw,0,0
5778,DQN,1,-1
5779,draw,0,0
5780,draw,0,0
5781,draw,0,0
5782,DQN_2,-1,1
5783,DQN,1,-1
5784,DQN,1,-1
5785,DQN_2,-1,1
5786,draw,0,0
5787,draw,0,0
5788,DQN,1,-1
5789,draw,0,0
5790,DQN_2,-1,1
5791,DQN,1,-1
5792,DQN_2,-1,1
5793,DQN,1,-1
5794,DQN_2,-1,1
5795,draw,0,0
5796,DQN,1,-1
5797,draw,0,0
5798,DQN,1,-1
5799,DQN,1,-1
5800,DQN_2,-1,1
5801,draw,0,0
5802,DQN_2,-1,1
5803,draw,0,0
5804,draw,0,0
5805,DQN,1,-1
5806,DQN_2,-1,1
5807,draw,0,0
5808,DQN_2,-1,1
5809,draw,0,0
5810,DQN_2,-1,1
5811,draw,0,0
5812,draw,0,0
5813,DQN,1,-1
5814,DQN_2,-1,1
5815,DQN,1,-1
5816,DQN,1,-1
5817,draw,0,0
5818,DQN,1,-1
5819,DQN,1,-1
5820,DQN,1,-1
5821,DQN_2,-1,1
5822,draw,0,0
5823,draw,0,0
5824,DQN,1,-1
5825,DQN,1,-1
5826,DQN,1,-1
5827,DQN_2,-1,1
5828,DQN_2,-1,1
5829,DQN,1,-1
5830,DQN_2,-1,1
5831,DQN_2,-1,1
5832,DQN,1,-1
5833,DQN_2,-1,1
5834,DQN,1,-1
5835,DQN,1,-1
5836,DQN_2,-1,1
5837,DQN,1,-1
5838,DQN,1,-1
5839,DQN,1,-1
5840,DQN,1,-1
5841,DQN_2,-1,1
5842,DQN_2,-1,1
5843,DQN_2,-1,1
5844,DQN,1,-1
5845,DQN_2,-1,1
5846,DQN_2,-1,1
5847,DQN_2,-1,1
5848,DQN_2,-1,1
5849,DQN_2,-1,1
5850,draw,0,0
5851,DQN,1,-1
5852,DQN_2,-1,1
5853,draw,0,0
5854,draw,0,0
5855,draw,0,0
5856,DQN,1,-1
5857,DQN,1,-1
5858,DQN_2,-1,1
5859,DQN_2,-1,1
5860,draw,0,0
5861,draw,0,0
5862,DQN,1,-1
5863,draw,0,0
5864,DQN,1,-1
5865,DQN,1,-1
5866,draw,0,0
5867,DQN,1,-1
5868,DQN,1,-1
5869,DQN,1,-1
5870,DQN,1,-1
5871,DQN,1,-1
5872,DQN,1,-1
5873,DQN,1,-1
5874,draw,0,0
5875,DQN_2,-1,1
5876,draw,0,0
5877,DQN,1,-1
5878,DQN,1,-1
5879,DQN,1,-1
5880,DQN,1,-1
5881,DQN,1,-1
5882,DQN,1,-1
5883,draw,0,0
5884,draw,0,0
5885,DQN,1,-1
5886,DQN,1,-1
5887,draw,0,0
5888,DQN,1,-1
5889,DQN,1,-1
5890,DQN_2,-1,1
5891,DQN,1,-1
5892,DQN,1,-1
5893,DQN,1,-1
5894,draw,0,0
5895,DQN_2,-1,1
5896,DQN,1,-1
5897,DQN,1,-1
5898,DQN_2,-1,1
5899,DQN,1,-1
5900,DQN_2,-1,1
5901,DQN_2,-1,1
5902,DQN,1,-1
5903,DQN,1,-1
5904,DQN_2,-1,1
5905,DQN,1,-1
5906,DQN,1,-1
5907,DQN_2,-1,1
5908,DQN,1,-1
5909,DQN_2,-1,1
5910,DQN,1,-1
5911,DQN,1,-1
5912,DQN,1,-1
5913,DQN,1,-1
5914,DQN_2,-1,1
5915,DQN,1,-1
5916,DQN,1,-1
5917,draw,0,0
5918,DQN_2,-1,1
5919,DQN,1,-1
5920,DQN,1,-1
5921,draw,0,0
5922,DQN_2,-1,1
5923,DQN,1,-1
5924,DQN,1,-1
5925,DQN_2,-1,1
5926,DQN_2,-1,1
5927,draw,0,0
5928,DQN,1,-1
5929,DQN,1,-1
5930,DQN,1,-1
5931,DQN_2,-1,1
5932,DQN,1,-1
5933,DQN,1,-1
5934,DQN,1,-1
5935,DQN_2,-1,1
5936,DQN_2,-1,1
5937,DQN,1,-1
5938,DQN,1,-1
5939,DQN,1,-1
5940,DQN,1,-1
5941,DQN,1,-1
5942,DQN,1,-1
5943,DQN,1,-1
5944,DQN_2,-1,1
5945,DQN,1,-1
5946,DQN,1,-1
5947,draw,0,0
5948,DQN,1,-1
5949,DQN,1,-1
5950,DQN,1,-1
5951,DQN,1,-1
5952,DQN_2,-1,1
5953,DQN,1,-1
5954,DQN,1,-1
5955,DQN,1,-1
5956,DQN,1,-1
5957,DQN_2,-1,1
5958,DQN,1,-1
5959,DQN_2,-1,1
5960,draw,0,0
5961,DQN,1,-1
5962,draw,0,0
5963,DQN_2,-1,1
5964,DQN_2,-1,1
5965,DQN_2,-1,1
5966,DQN,1,-1
5967,DQN,1,-1
5968,DQN,1,-1
5969,DQN,1,-1
5970,DQN_2,-1,1
5971,DQN,1,-1
5972,DQN,1,-1
5973,DQN,1,-1
5974,DQN,1,-1
5975,draw,0,0
5976,DQN,1,-1
5977,DQN,1,-1
5978,DQN,1,-1
5979,DQN,1,-1
5980,DQN,1,-1
5981,DQN_2,-1,1
5982,DQN_2,-1,1
5983,DQN_2,-1,1
5984,DQN,1,-1
5985,DQN,1,-1
5986,DQN_2,-1,1
5987,DQN_2,-1,1
5988,DQN_2,-1,1
5989,DQN,1,-1
5990,DQN,1,-1
5991,DQN,1,-1
5992,DQN,1,-1
5993,DQN,1,-1
5994,DQN,1,-1
5995,draw,0,0
5996,draw,0,0
5997,draw,0,0
5998,DQN_2,-1,1
5999,DQN,1,-1
6000,DQN,1,-1
6001,DQN,1,-1
6002,draw,0,0
6003,DQN_2,-1,1
6004,DQN,1,-1
6005,DQN_2,-1,1
6006,DQN,1,-1
6007,draw,0,0
6008,DQN_2,-1,1
6009,draw,0,0
6010,DQN_2,-1,1
6011,draw,0,0
6012,DQN_2,-1,1
6013,DQN,1,-1
6014,DQN,1,-1
6015,DQN,1,-1
6016,DQN_2,-1,1
6017,draw,0,0
6018,DQN,1,-1
6019,DQN_2,-1,1
6020,DQN_2,-1,1
6021,DQN_2,-1,1
6022,DQN_2,-1,1
6023,DQN,1,-1
6024,draw,0,0
6025,DQN_2,-1,1
6026,DQN,1,-1
6027,draw,0,0
6028,draw,0,0
6029,draw,0,0
6030,draw,0,0
6031,DQN,1,-1
6032,DQN,1,-1
6033,draw,0,0
6034,DQN_2,-1,1
6035,DQN,1,-1
6036,DQN_2,-1,1
6037,DQN,1,-1
6038,draw,0,0
6039,DQN,1,-1
6040,DQN_2,-1,1
6041,draw,0,0
6042,DQN,1,-1
6043,DQN_2,-1,1
6044,DQN,1,-1
6045,DQN_2,-1,1
6046,draw,0,0
6047,DQN,1,-1
6048,DQN_2,-1,1
6049,DQN,1,-1
6050,DQN,1,-1
6051,DQN_2,-1,1
6052,DQN_2,-1,1
6053,draw,0,0
6054,DQN,1,-1
6055,DQN,1,-1
6056,draw,0,0
6057,draw,0,0
6058,draw,0,0
6059,draw,0,0
6060,draw,0,0
6061,draw,0,0
6062,DQN,1,-1
6063,draw,0,0
6064,DQN_2,-1,1
6065,DQN_2,-1,1
6066,draw,0,0
6067,DQN_2,-1,1
6068,draw,0,0
6069,DQN,1,-1
6070,DQN,1,-1
6071,DQN_2,-1,1
6072,DQN,1,-1
6073,DQN_2,-1,1
6074,DQN_2,-1,1
6075,DQN_2,-1,1
6076,DQN,1,-1
6077,DQN_2,-1,1
6078,draw,0,0
6079,DQN,1,-1
6080,DQN,1,-1
6081,DQN,1,-1
6082,DQN_2,-1,1
6083,DQN,1,-1
6084,DQN_2,-1,1
6085,DQN,1,-1
6086,DQN,1,-1
6087,DQN_2,-1,1
6088,DQN_2,-1,1
6089,draw,0,0
6090,DQN_2,-1,1
6091,DQN,1,-1
6092,draw,0,0
6093,DQN,1,-1
6094,DQN,1,-1
6095,DQN,1,-1
6096,DQN,1,-1
6097,DQN,1,-1
6098,DQN,1,-1
6099,DQN_2,-1,1
6100,DQN_2,-1,1
6101,DQN,1,-1
6102,draw,0,0
6103,DQN,1,-1
6104,draw,0,0
6105,draw,0,0
6106,DQN,1,-1
6107,DQN,1,-1
6108,DQN_2,-1,1
6109,DQN,1,-1
6110,draw,0,0
6111,DQN,1,-1
6112,DQN,1,-1
6113,DQN,1,-1
6114,DQN,1,-1
6115,DQN,1,-1
6116,DQN,1,-1
6117,DQN,1,-1
6118,DQN,1,-1
6119,DQN,1,-1
6120,DQN,1,-1
6121,DQN,1,-1
6122,DQN,1,-1
6123,DQN,1,-1
6124,DQN,1,-1
6125,DQN,1,-1
6126,DQN,1,-1
6127,draw,0,0
6128,DQN,1,-1
6129,DQN,1,-1
6130,DQN,1,-1
6131,DQN,1,-1
6132,DQN,1,-1
6133,DQN,1,-1
6134,DQN,1,-1
6135,DQN_2,-1,1
6136,DQN,1,-1
6137,DQN,1,-1
6138,DQN,1,-1
6139,DQN,1,-1
6140,DQN,1,-1
6141,DQN,1,-1
6142,DQN,1,-1
6143,DQN,1,-1
6144,draw,0,0
6145,DQN,1,-1
6146,DQN,1,-1
6147,DQN_2,-1,1
6148,DQN_2,-1,1
6149,DQN_2,-1,1
6150,DQN,1,-1
6151,DQN,1,-1
6152,DQN,1,-1
6153,DQN,1,-1
6154,DQN,1,-1
6155,DQN,1,-1
6156,DQN,1,-1
6157,DQN,1,-1
6158,DQN,1,-1
6159,draw,0,0
6160,DQN,1,-1
6161,DQN,1,-1
6162,draw,0,0
6163,DQN,1,-1
6164,draw,0,0
6165,draw,0,0
6166,DQN,1,-1
6167,DQN,1,-1
6168,DQN,1,-1
6169,DQN_2,-1,1
6170,draw,0,0
6171,DQN_2,-1,1
6172,DQN_2,-1,1
6173,draw,0,0
6174,DQN_2,-1,1
6175,draw,0,0
6176,draw,0,0
6177,draw,0,0
6178,DQN,1,-1
6179,DQN_2,-1,1
6180,DQN_2,-1,1
6181,DQN,1,-1
6182,DQN_2,-1,1
6183,DQN_2,-1,1
6184,DQN_2,-1,1
6185,draw,0,0
6186,draw,0,0
6187,DQN,1,-1
6188,DQN_2,-1,1
6189,DQN_2,-1,1
6190,DQN,1,-1
6191,DQN_2,-1,1
6192,DQN,1,-1
6193,DQN,1,-1
6194,DQN,1,-1
6195,DQN_2,-1,1
6196,DQN_2,-1,1
6197,DQN,1,-1
6198,draw,0,0
6199,DQN_2,-1,1
6200,draw,0,0
6201,DQN_2,-1,1
6202,draw,0,0
6203,DQN_2,-1,1
6204,DQN,1,-1
6205,DQN_2,-1,1
6206,draw,0,0
6207,draw,0,0
6208,DQN,1,-1
6209,DQN_2,-1,1
6210,DQN_2,-1,1
6211,DQN_2,-1,1
6212,DQN_2,-1,1
6213,draw,0,0
6214,draw,0,0
6215,DQN,1,-1
6216,DQN,1,-1
6217,draw,0,0
6218,DQN_2,-1,1
6219,DQN,1,-1
6220,DQN,1,-1
6221,DQN,1,-1
6222,DQN_2,-1,1
6223,DQN,1,-1
6224,DQN_2,-1,1
6225,DQN,1,-1
6226,draw,0,0
6227,draw,0,0
6228,DQN_2,-1,1
6229,DQN,1,-1
6230,DQN_2,-1,1
6231,DQN,1,-1
6232,draw,0,0
6233,DQN_2,-1,1
6234,draw,0,0
6235,DQN,1,-1
6236,DQN_2,-1,1
6237,draw,0,0
6238,DQN,1,-1
6239,DQN,1,-1
6240,DQN_2,-1,1
6241,DQN_2,-1,1
6242,draw,0,0
6243,draw,0,0
6244,DQN,1,-1
6245,draw,0,0
6246,draw,0,0
6247,DQN_2,-1,1
6248,draw,0,0
6249,draw,0,0
6250,draw,0,0
6251,draw,0,0
6252,DQN_2,-1,1
6253,draw,0,0
6254,DQN,1,-1
6255,draw,0,0
6256,DQN_2,-1,1
6257,DQN_2,-1,1
6258,draw,0,0
6259,DQN_2,-1,1
6260,DQN_2,-1,1
6261,draw,0,0
6262,draw,0,0
6263,draw,0,0
6264,DQN_2,-1,1
6265,draw,0,0
6266,DQN_2,-1,1
6267,DQN,1,-1
6268,draw,0,0
6269,DQN,1,-1
6270,DQN_2,-1,1
6271,draw,0,0
6272,DQN_2,-1,1
6273,draw,0,0
6274,DQN,1,-1
6275,DQN_2,-1,1
6276,draw,0,0
6277,DQN_2,-1,1
6278,DQN,1,-1
6279,DQN_2,-1,1
6280,draw,0,0
6281,DQN,1,-1
6282,DQN,1,-1
6283,DQN_2,-1,1
6284,DQN_2,-1,1
6285,DQN_2,-1,1
6286,DQN_2,-1,1
6287,DQN_2,-1,1
6288,DQN,1,-1
6289,DQN,1,-1
6290,DQN,1,-1
6291,DQN,1,-1
6292,DQN_2,-1,1
6293,DQN,1,-1
6294,DQN,1,-1
6295,DQN_2,-1,1
6296,DQN,1,-1
6297,DQN,1,-1
6298,DQN,1,-1
6299,DQN_2,-1,1
6300,DQN,1,-1
6301,DQN,1,-1
6302,DQN_2,-1,1
6303,DQN_2,-1,1
6304,DQN,1,-1
6305,DQN,1,-1
6306,DQN,1,-1
6307,DQN,1,-1
6308,DQN,1,-1
6309,DQN_2,-1,1
6310,DQN,1,-1
6311,DQN,1,-1
6312,DQN_2,-1,1
6313,DQN,1,-1
6314,DQN_2,-1,1
6315,DQN,1,-1
6316,DQN_2,-1,1
6317,DQN_2,-1,1
6318,DQN,1,-1
6319,draw,0,0
6320,DQN_2,-1,1
6321,DQN_2,-1,1
6322,DQN_2,-1,1
6323,DQN,1,-1
6324,DQN,1,-1
6325,DQN,1,-1
6326,DQN,1,-1
6327,DQN,1,-1
6328,DQN,1,-1
6329,DQN,1,-1
6330,DQN,1,-1
6331,DQN,1,-1
6332,DQN,1,-1
6333,DQN_2,-1,1
6334,DQN,1,-1
6335,DQN_2,-1,1
6336,DQN_2,-1,1
6337,DQN,1,-1
6338,DQN,1,-1
6339,DQN,1,-1
6340,DQN,1,-1
6341,DQN_2,-1,1
6342,DQN_2,-1,1
6343,DQN,1,-1
6344,DQN,1,-1
6345,DQN,1,-1
6346,DQN,1,-1
6347,DQN,1,-1
6348,DQN,1,-1
6349,draw,0,0
6350,DQN_2,-1,1
6351,DQN,1,-1
6352,DQN,1,-1
6353,DQN_2,-1,1
6354,draw,0,0
6355,DQN,1,-1
6356,DQN,1,-1
6357,DQN_2,-1,1
6358,DQN,1,-1
6359,DQN,1,-1
6360,DQN_2,-1,1
6361,DQN_2,-1,1
6362,DQN,1,-1
6363,draw,0,0
6364,DQN_2,-1,1
6365,DQN_2,-1,1
6366,DQN_2,-1,1
6367,DQN,1,-1
6368,DQN,1,-1
6369,draw,0,0
6370,DQN_2,-1,1
6371,DQN,1,-1
6372,DQN_2,-1,1
6373,DQN_2,-1,1
6374,DQN_2,-1,1
6375,DQN_2,-1,1
6376,DQN_2,-1,1
6377,DQN,1,-1
6378,DQN,1,-1
6379,draw,0,0
6380,DQN,1,-1
6381,DQN,1,-1
6382,draw,0,0
6383,DQN_2,-1,1
6384,DQN_2,-1,1
6385,DQN_2,-1,1
6386,draw,0,0
6387,draw,0,0
6388,DQN,1,-1
6389,DQN_2,-1,1
6390,DQN_2,-1,1
6391,DQN_2,-1,1
6392,DQN_2,-1,1
6393,DQN_2,-1,1
6394,DQN_2,-1,1
6395,DQN_2,-1,1
6396,DQN_2,-1,1
6397,DQN_2,-1,1
6398,DQN,1,-1
6399,DQN,1,-1
6400,DQN_2,-1,1
6401,DQN_2,-1,1
6402,DQN,1,-1
6403,DQN_2,-1,1
6404,DQN_2,-1,1
6405,DQN,1,-1
6406,DQN,1,-1
6407,DQN,1,-1
6408,DQN,1,-1
6409,DQN_2,-1,1
6410,DQN_2,-1,1
6411,draw,0,0
6412,draw,0,0
6413,DQN_2,-1,1
6414,DQN_2,-1,1
6415,DQN,1,-1
6416,DQN,1,-1
6417,DQN_2,-1,1
6418,draw,0,0
6419,DQN_2,-1,1
6420,DQN_2,-1,1
6421,draw,0,0
6422,draw,0,0
6423,DQN_2,-1,1
6424,DQN_2,-1,1
6425,DQN_2,-1,1
6426,draw,0,0
6427,DQN_2,-1,1
6428,DQN_2,-1,1
6429,draw,0,0
6430,DQN,1,-1
6431,DQN_2,-1,1
6432,DQN_2,-1,1
6433,draw,0,0
6434,draw,0,0
6435,DQN_2,-1,1
6436,DQN_2,-1,1
6437,DQN,1,-1
6438,draw,0,0
6439,DQN_2,-1,1
6440,draw,0,0
6441,draw,0,0
6442,DQN,1,-1
6443,DQN_2,-1,1
6444,draw,0,0
6445,DQN_2,-1,1
6446,DQN,1,-1
6447,DQN_2,-1,1
6448,DQN_2,-1,1
6449,DQN,1,-1
6450,DQN_2,-1,1
6451,DQN,1,-1
6452,draw,0,0
6453,DQN_2,-1,1
6454,DQN,1,-1
6455,draw,0,0
6456,DQN,1,-1
6457,DQN_2,-1,1
6458,draw,0,0
6459,draw,0,0
6460,DQN,1,-1
6461,DQN_2,-1,1
6462,DQN,1,-1
6463,DQN,1,-1
6464,DQN,1,-1
6465,DQN_2,-1,1
6466,draw,0,0
6467,DQN,1,-1
6468,draw,0,0
6469,draw,0,0
6470,DQN,1,-1
6471,DQN_2,-1,1
6472,DQN,1,-1
6473,DQN_2,-1,1
6474,DQN_2,-1,1
6475,DQN_2,-1,1
6476,DQN,1,-1
6477,DQN_2,-1,1
6478,DQN_2,-1,1
6479,DQN_2,-1,1
6480,draw,0,0
6481,DQN,1,-1
6482,DQN_2,-1,1
6483,DQN_2,-1,1
6484,DQN_2,-1,1
6485,DQN_2,-1,1
6486,DQN_2,-1,1
6487,DQN_2,-1,1
6488,DQN,1,-1
6489,DQN_2,-1,1
6490,draw,0,0
6491,DQN_2,-1,1
6492,draw,0,0
6493,DQN,1,-1
6494,DQN,1,-1
6495,DQN_2,-1,1
6496,DQN_2,-1,1
6497,DQN_2,-1,1
6498,DQN,1,-1
6499,DQN_2,-1,1
6500,DQN,1,-1
6501,DQN,1,-1
6502,DQN_2,-1,1
6503,DQN_2,-1,1
6504,DQN_2,-1,1
6505,DQN,1,-1
6506,DQN,1,-1
6507,DQN,1,-1
6508,draw,0,0
6509,DQN_2,-1,1
6510,DQN_2,-1,1
6511,DQN_2,-1,1
6512,DQN_2,-1,1
6513,DQN,1,-1
6514,DQN,1,-1
6515,DQN_2,-1,1
6516,DQN,1,-1
6517,DQN,1,-1
6518,DQN,1,-1
6519,DQN,1,-1
6520,DQN_2,-1,1
6521,DQN,1,-1
6522,DQN_2,-1,1
6523,DQN,1,-1
6524,DQN,1,-1
6525,draw,0,0
6526,draw,0,0
6527,draw,0,0
6528,draw,0,0
6529,draw,0,0
6530,draw,0,0
6531,DQN,1,-1
6532,DQN,1,-1
6533,draw,0,0
6534,draw,0,0
6535,draw,0,0
6536,DQN,1,-1
6537,draw,0,0
6538,DQN,1,-1
6539,draw,0,0
6540,DQN_2,-1,1
6541,draw,0,0
6542,DQN_2,-1,1
6543,DQN_2,-1,1
6544,DQN_2,-1,1
6545,draw,0,0
6546,draw,0,0
6547,draw,0,0
6548,draw,0,0
6549,draw,0,0
6550,draw,0,0
6551,draw,0,0
6552,draw,0,0
6553,draw,0,0
6554,draw,0,0
6555,draw,0,0
6556,draw,0,0
6557,DQN_2,-1,1
6558,DQN_2,-1,1
6559,DQN_2,-1,1
6560,DQN,1,-1
6561,DQN,1,-1
6562,draw,0,0
6563,DQN_2,-1,1
6564,DQN_2,-1,1
6565,DQN_2,-1,1
6566,DQN,1,-1
6567,draw,0,0
6568,DQN,1,-1
6569,DQN_2,-1,1
6570,DQN,1,-1
6571,draw,0,0
6572,draw,0,0
6573,draw,0,0
6574,draw,0,0
6575,DQN_2,-1,1
6576,draw,0,0
6577,DQN_2,-1,1
6578,DQN,1,-1
6579,draw,0,0
6580,DQN,1,-1
6581,draw,0,0
6582,draw,0,0
6583,draw,0,0
6584,DQN_2,-1,1
6585,DQN_2,-1,1
6586,DQN_2,-1,1
6587,draw,0,0
6588,draw,0,0
6589,draw,0,0
6590,draw,0,0
6591,draw,0,0
6592,draw,0,0
6593,draw,0,0
6594,DQN_2,-1,1
6595,draw,0,0
6596,draw,0,0
6597,draw,0,0
6598,draw,0,0
6599,draw,0,0
6600,draw,0,0
6601,DQN,1,-1
6602,draw,0,0
6603,DQN,1,-1
6604,draw,0,0
6605,DQN,1,-1
6606,draw,0,0
6607,DQN,1,-1
6608,draw,0,0
6609,DQN,1,-1
6610,draw,0,0
6611,DQN,1,-1
6612,DQN,1,-1
6613,draw,0,0
6614,DQN,1,-1
6615,DQN,1,-1
6616,DQN,1,-1
6617,DQN,1,-1
6618,DQN,1,-1
6619,DQN,1,-1
6620,DQN,1,-1
6621,DQN,1,-1
6622,DQN,1,-1
6623,draw,0,0
6624,DQN_2,-1,1
6625,DQN_2,-1,1
6626,DQN,1,-1
6627,DQN_2,-1,1
6628,draw,0,0
6629,DQN,1,-1
6630,DQN,1,-1
6631,DQN,1,-1
6632,DQN,1,-1
6633,DQN,1,-1
6634,DQN,1,-1
6635,DQN,1,-1
6636,DQN_2,-1,1
6637,DQN,1,-1
6638,DQN_2,-1,1
6639,DQN,1,-1
6640,DQN,1,-1
6641,draw,0,0
6642,DQN,1,-1
6643,DQN,1,-1
6644,DQN,1,-1
6645,DQN,1,-1
6646,DQN,1,-1
6647,DQN_2,-1,1
6648,DQN_2,-1,1
6649,DQN_2,-1,1
6650,DQN_2,-1,1
6651,DQN,1,-1
6652,DQN_2,-1,1
6653,DQN_2,-1,1
6654,DQN_2,-1,1
6655,DQN_2,-1,1
6656,DQN_2,-1,1
6657,DQN,1,-1
6658,DQN_2,-1,1
6659,DQN_2,-1,1
6660,DQN_2,-1,1
6661,DQN,1,-1
6662,DQN,1,-1
6663,DQN_2,-1,1
6664,DQN_2,-1,1
6665,DQN_2,-1,1
6666,DQN,1,-1
6667,DQN,1,-1
6668,DQN_2,-1,1
6669,DQN,1,-1
6670,DQN,1,-1
6671,DQN_2,-1,1
6672,DQN,1,-1
6673,DQN,1,-1
6674,draw,0,0
6675,DQN_2,-1,1
6676,DQN,1,-1
6677,DQN_2,-1,1
6678,DQN_2,-1,1
6679,DQN_2,-1,1
6680,DQN,1,-1
6681,DQN_2,-1,1
6682,draw,0,0
6683,DQN,1,-1
6684,DQN,1,-1
6685,DQN_2,-1,1
6686,DQN_2,-1,1
6687,DQN_2,-1,1
6688,DQN_2,-1,1
6689,DQN_2,-1,1
6690,DQN_2,-1,1
6691,draw,0,0
6692,DQN_2,-1,1
6693,draw,0,0
6694,draw,0,0
6695,DQN_2,-1,1
6696,draw,0,0
6697,draw,0,0
6698,DQN,1,-1
6699,DQN_2,-1,1
6700,draw,0,0
6701,draw,0,0
6702,draw,0,0
6703,DQN,1,-1
6704,DQN_2,-1,1
6705,DQN_2,-1,1
6706,draw,0,0
6707,DQN,1,-1
6708,draw,0,0
6709,DQN,1,-1
6710,DQN_2,-1,1
6711,draw,0,0
6712,DQN,1,-1
6713,DQN_2,-1,1
6714,draw,0,0
6715,draw,0,0
6716,DQN,1,-1
6717,DQN,1,-1
6718,draw,0,0
6719,DQN,1,-1
6720,DQN,1,-1
6721,DQN,1,-1
6722,DQN_2,-1,1
6723,DQN,1,-1
6724,DQN,1,-1
6725,DQN_2,-1,1
6726,DQN_2,-1,1
6727,DQN,1,-1
6728,DQN,1,-1
6729,DQN_2,-1,1
6730,draw,0,0
6731,DQN,1,-1
6732,DQN,1,-1
6733,DQN,1,-1
6734,DQN,1,-1
6735,DQN,1,-1
6736,DQN,1,-1
6737,draw,0,0
6738,DQN,1,-1
6739,DQN_2,-1,1
6740,draw,0,0
6741,draw,0,0
6742,draw,0,0
6743,DQN,1,-1
6744,draw,0,0
6745,draw,0,0
6746,draw,0,0
6747,draw,0,0
6748,DQN_2,-1,1
6749,draw,0,0
6750,draw,0,0
6751,DQN_2,-1,1
6752,draw,0,0
6753,draw,0,0
6754,draw,0,0
6755,DQN_2,-1,1
6756,draw,0,0
6757,draw,0,0
6758,draw,0,0
6759,draw,0,0
6760,DQN_2,-1,1
6761,draw,0,0
6762,draw,0,0
6763,draw,0,0
6764,DQN_2,-1,1
6765,draw,0,0
6766,draw,0,0
6767,DQN_2,-1,1
6768,draw,0,0
6769,draw,0,0
6770,DQN_2,-1,1
6771,DQN_2,-1,1
6772,draw,0,0
6773,draw,0,0
6774,draw,0,0
6775,DQN,1,-1
6776,draw,0,0
6777,draw,0,0
6778,draw,0,0
6779,draw,0,0
6780,draw,0,0
6781,draw,0,0
6782,draw,0,0
6783,draw,0,0
6784,DQN_2,-1,1
6785,DQN_2,-1,1
6786,DQN,1,-1
6787,DQN,1,-1
6788,draw,0,0
6789,DQN,1,-1
6790,draw,0,0
6791,DQN,1,-1
6792,DQN,1,-1
6793,DQN,1,-1
6794,DQN,1,-1
6795,DQN_2,-1,1
6796,DQN_2,-1,1
6797,DQN,1,-1
6798,DQN,1,-1
6799,DQN,1,-1
6800,DQN_2,-1,1
6801,DQN,1,-1
6802,draw,0,0
6803,DQN,1,-1
6804,DQN,1,-1
6805,DQN,1,-1
6806,DQN,1,-1
6807,DQN,1,-1
6808,DQN_2,-1,1
6809,DQN,1,-1
6810,draw,0,0
6811,DQN,1,-1
6812,DQN,1,-1
6813,DQN,1,-1
6814,DQN_2,-1,1
6815,DQN,1,-1
6816,DQN,1,-1
6817,DQN,1,-1
6818,DQN,1,-1
6819,DQN,1,-1
6820,DQN_2,-1,1
6821,DQN,1,-1
6822,DQN,1,-1
6823,DQN_2,-1,1
6824,DQN,1,-1
6825,draw,0,0
6826,DQN_2,-1,1
6827,draw,0,0
6828,DQN_2,-1,1
6829,DQN_2,-1,1
6830,DQN,1,-1
6831,DQN_2,-1,1
6832,DQN,1,-1
6833,DQN,1,-1
6834,DQN_2,-1,1
6835,DQN_2,-1,1
6836,DQN,1,-1
6837,DQN_2,-1,1
6838,DQN_2,-1,1
6839,draw,0,0
6840,DQN,1,-1
6841,DQN_2,-1,1
6842,DQN_2,-1,1
6843,DQN,1,-1
6844,DQN,1,-1
6845,DQN_2,-1,1
6846,DQN,1,-1
6847,DQN,1,-1
6848,DQN,1,-1
6849,DQN,1,-1
6850,DQN_2,-1,1
6851,draw,0,0
6852,DQN_2,-1,1
6853,DQN_2,-1,1
6854,DQN_2,-1,1
6855,DQN_2,-1,1
6856,draw,0,0
6857,DQN,1,-1
6858,draw,0,0
6859,DQN,1,-1
6860,DQN,1,-1
6861,DQN,1,-1
6862,DQN_2,-1,1
6863,DQN_2,-1,1
6864,DQN_2,-1,1
6865,DQN_2,-1,1
6866,draw,0,0
6867,DQN,1,-1
6868,DQN,1,-1
6869,DQN_2,-1,1
6870,draw,0,0
6871,DQN_2,-1,1
6872,DQN_2,-1,1
6873,DQN,1,-1
6874,DQN,1,-1
6875,draw,0,0
6876,DQN_2,-1,1
6877,DQN,1,-1
6878,DQN,1,-1
6879,DQN,1,-1
6880,DQN,1,-1
6881,draw,0,0
6882,draw,0,0
6883,DQN_2,-1,1
6884,draw,0,0
6885,draw,0,0
6886,draw,0,0
6887,DQN_2,-1,1
6888,draw,0,0
6889,draw,0,0
6890,draw,0,0
6891,DQN_2,-1,1
6892,draw,0,0
6893,DQN_2,-1,1
6894,DQN_2,-1,1
6895,DQN_2,-1,1
6896,draw,0,0
6897,draw,0,0
6898,draw,0,0
6899,draw,0,0
6900,draw,0,0
6901,draw,0,0
6902,draw,0,0
6903,draw,0,0
6904,draw,0,0
6905,DQN_2,-1,1
6906,draw,0,0
6907,DQN,1,-1
6908,DQN_2,-1,1
6909,DQN_2,-1,1
6910,DQN_2,-1,1
6911,DQN_2,-1,1
6912,DQN_2,-1,1
6913,DQN_2,-1,1
6914,DQN_2,-1,1
6915,DQN_2,-1,1
6916,DQN,1,-1
6917,draw,0,0
6918,DQN_2,-1,1
6919,DQN_2,-1,1
6920,DQN_2,-1,1
6921,DQN_2,-1,1
6922,DQN,1,-1
6923,draw,0,0
6924,DQN,1,-1
6925,DQN_2,-1,1
6926,DQN_2,-1,1
6927,DQN_2,-1,1
6928,DQN_2,-1,1
6929,DQN_2,-1,1
6930,DQN_2,-1,1
6931,draw,0,0
6932,draw,0,0
6933,draw,0,0
6934,draw,0,0
6935,draw,0,0
6936,draw,0,0
6937,DQN_2,-1,1
6938,draw,0,0
6939,draw,0,0
6940,DQN_2,-1,1
6941,draw,0,0
6942,draw,0,0
6943,draw,0,0
6944,draw,0,0
6945,draw,0,0
6946,draw,0,0
6947,DQN,1,-1
6948,DQN,1,-1
6949,DQN,1,-1
6950,draw,0,0
6951,draw,0,0
6952,draw,0,0
6953,draw,0,0
6954,draw,0,0
6955,draw,0,0
6956,draw,0,0
6957,DQN,1,-1
6958,draw,0,0
6959,DQN_2,-1,1
6960,draw,0,0
6961,draw,0,0
6962,draw,0,0
6963,draw,0,0
6964,DQN,1,-1
6965,draw,0,0
6966,draw,0,0
6967,draw,0,0
6968,draw,0,0
6969,draw,0,0
6970,DQN_2,-1,1
6971,DQN,1,-1
6972,draw,0,0
6973,DQN_2,-1,1
6974,draw,0,0
6975,DQN_2,-1,1
6976,draw,0,0
6977,draw,0,0
6978,DQN_2,-1,1
6979,draw,0,0
6980,draw,0,0
6981,draw,0,0
6982,draw,0,0
6983,DQN_2,-1,1
6984,DQN_2,-1,1
6985,draw,0,0
6986,draw,0,0
6987,draw,0,0
6988,draw,0,0
6989,DQN_2,-1,1
6990,DQN_2,-1,1
6991,draw,0,0
6992,draw,0,0
6993,draw,0,0
6994,draw,0,0
6995,draw,0,0
6996,draw,0,0
6997,draw,0,0
6998,DQN_2,-1,1
6999,DQN_2,-1,1
7000,draw,0,0
7001,draw,0,0
7002,draw,0,0
7003,DQN_2,-1,1
7004,DQN,1,-1
7005,DQN,1,-1
7006,DQN_2,-1,1
7007,draw,0,0
7008,draw,0,0
7009,draw,0,0
7010,DQN_2,-1,1
7011,draw,0,0
7012,DQN_2,-1,1
7013,draw,0,0
7014,DQN_2,-1,1
7015,draw,0,0
7016,draw,0,0
7017,draw,0,0
7018,DQN_2,-1,1
7019,DQN_2,-1,1
7020,DQN,1,-1
7021,DQN_2,-1,1
7022,DQN,1,-1
7023,DQN_2,-1,1
7024,DQN_2,-1,1
7025,DQN_2,-1,1
7026,draw,0,0
7027,DQN,1,-1
7028,DQN_2,-1,1
7029,DQN,1,-1
7030,DQN_2,-1,1
7031,DQN,1,-1
7032,DQN_2,-1,1
7033,DQN_2,-1,1
7034,DQN_2,-1,1
7035,DQN_2,-1,1
7036,DQN,1,-1
7037,DQN_2,-1,1
7038,DQN,1,-1
7039,DQN_2,-1,1
7040,DQN,1,-1
7041,DQN_2,-1,1
7042,DQN_2,-1,1
7043,DQN_2,-1,1
7044,draw,0,0
7045,DQN_2,-1,1
7046,DQN_2,-1,1
7047,DQN_2,-1,1
7048,DQN,1,-1
7049,DQN,1,-1
7050,DQN_2,-1,1
7051,DQN_2,-1,1
7052,DQN_2,-1,1
7053,DQN,1,-1
7054,draw,0,0
7055,DQN,1,-1
7056,DQN_2,-1,1
7057,DQN,1,-1
7058,DQN,1,-1
7059,DQN_2,-1,1
7060,DQN_2,-1,1
7061,draw,0,0
7062,DQN_2,-1,1
7063,DQN_2,-1,1
7064,DQN_2,-1,1
7065,DQN,1,-1
7066,DQN_2,-1,1
7067,DQN,1,-1
7068,DQN_2,-1,1
7069,DQN_2,-1,1
7070,DQN,1,-1
7071,draw,0,0
7072,DQN_2,-1,1
7073,DQN_2,-1,1
7074,DQN_2,-1,1
7075,DQN,1,-1
7076,DQN_2,-1,1
7077,draw,0,0
7078,DQN_2,-1,1
7079,DQN,1,-1
7080,DQN_2,-1,1
7081,DQN,1,-1
7082,DQN_2,-1,1
7083,DQN_2,-1,1
7084,draw,0,0
7085,DQN_2,-1,1
7086,DQN_2,-1,1
7087,DQN_2,-1,1
7088,DQN,1,-1
7089,DQN,1,-1
7090,draw,0,0
7091,DQN,1,-1
7092,DQN_2,-1,1
7093,DQN,1,-1
7094,draw,0,0
7095,DQN,1,-1
7096,draw,0,0
7097,DQN,1,-1
7098,DQN_2,-1,1
7099,DQN_2,-1,1
7100,DQN,1,-1
7101,DQN,1,-1
7102,DQN_2,-1,1
7103,DQN_2,-1,1
7104,DQN_2,-1,1
7105,DQN,1,-1
7106,DQN,1,-1
7107,DQN,1,-1
7108,DQN,1,-1
7109,DQN_2,-1,1
7110,DQN_2,-1,1
7111,DQN_2,-1,1
7112,DQN,1,-1
7113,DQN_2,-1,1
7114,DQN,1,-1
7115,draw,0,0
7116,DQN,1,-1
7117,DQN_2,-1,1
7118,DQN_2,-1,1
7119,DQN_2,-1,1
7120,DQN,1,-1
7121,DQN,1,-1
7122,DQN_2,-1,1
7123,DQN_2,-1,1
7124,DQN,1,-1
7125,DQN_2,-1,1
7126,DQN_2,-1,1
7127,DQN,1,-1
7128,DQN_2,-1,1
7129,DQN,1,-1
7130,DQN,1,-1
7131,DQN_2,-1,1
7132,DQN_2,-1,1
7133,draw,0,0
7134,DQN_2,-1,1
7135,DQN,1,-1
7136,DQN,1,-1
7137,DQN_2,-1,1
7138,DQN_2,-1,1
7139,DQN,1,-1
7140,DQN_2,-1,1
7141,DQN,1,-1
7142,draw,0,0
7143,DQN,1,-1
7144,DQN_2,-1,1
7145,DQN_2,-1,1
7146,DQN_2,-1,1
7147,DQN_2,-1,1
7148,DQN_2,-1,1
7149,DQN,1,-1
7150,draw,0,0
7151,DQN_2,-1,1
7152,DQN_2,-1,1
7153,DQN,1,-1
7154,DQN_2,-1,1
7155,DQN,1,-1
7156,DQN_2,-1,1
7157,DQN_2,-1,1
7158,DQN,1,-1
7159,DQN,1,-1
7160,DQN_2,-1,1
7161,DQN_2,-1,1
7162,DQN_2,-1,1
7163,DQN_2,-1,1
7164,DQN_2,-1,1
7165,DQN_2,-1,1
7166,DQN_2,-1,1
7167,DQN,1,-1
7168,DQN,1,-1
7169,DQN_2,-1,1
7170,DQN_2,-1,1
7171,draw,0,0
7172,DQN_2,-1,1
7173,DQN_2,-1,1
7174,DQN,1,-1
7175,DQN,1,-1
7176,DQN_2,-1,1
7177,DQN,1,-1
7178,DQN,1,-1
7179,DQN_2,-1,1
7180,DQN_2,-1,1
7181,DQN_2,-1,1
7182,draw,0,0
7183,DQN_2,-1,1
7184,DQN_2,-1,1
7185,DQN_2,-1,1
7186,DQN_2,-1,1
7187,DQN_2,-1,1
7188,draw,0,0
7189,DQN_2,-1,1
7190,draw,0,0
7191,draw,0,0
7192,DQN,1,-1
7193,DQN_2,-1,1
7194,DQN_2,-1,1
7195,DQN_2,-1,1
7196,DQN,1,-1
7197,DQN,1,-1
7198,DQN,1,-1
7199,DQN_2,-1,1
7200,draw,0,0
7201,DQN_2,-1,1
7202,draw,0,0
7203,draw,0,0
7204,draw,0,0
7205,draw,0,0
7206,draw,0,0
7207,DQN_2,-1,1
7208,DQN_2,-1,1
7209,draw,0,0
7210,draw,0,0
7211,DQN,1,-1
7212,DQN,1,-1
7213,draw,0,0
7214,DQN_2,-1,1
7215,draw,0,0
7216,draw,0,0
7217,DQN_2,-1,1
7218,DQN,1,-1
7219,DQN,1,-1
7220,DQN,1,-1
7221,DQN_2,-1,1
7222,DQN,1,-1
7223,draw,0,0
7224,draw,0,0
7225,DQN_2,-1,1
7226,DQN_2,-1,1
7227,draw,0,0
7228,DQN,1,-1
7229,draw,0,0
7230,draw,0,0
7231,DQN,1,-1
7232,DQN,1,-1
7233,DQN,1,-1
7234,DQN_2,-1,1
7235,DQN_2,-1,1
7236,DQN_2,-1,1
7237,DQN_2,-1,1
7238,DQN_2,-1,1
7239,draw,0,0
7240,DQN,1,-1
7241,DQN,1,-1
7242,DQN,1,-1
7243,draw,0,0
7244,draw,0,0
7245,DQN,1,-1
7246,DQN_2,-1,1
7247,draw,0,0
7248,draw,0,0
7249,draw,0,0
7250,draw,0,0
7251,draw,0,0
7252,DQN_2,-1,1
7253,DQN_2,-1,1
7254,DQN_2,-1,1
7255,DQN_2,-1,1
7256,draw,0,0
7257,draw,0,0
7258,DQN_2,-1,1
7259,draw,0,0
7260,DQN_2,-1,1
7261,DQN_2,-1,1
7262,draw,0,0
7263,draw,0,0
7264,DQN_2,-1,1
7265,draw,0,0
7266,draw,0,0
7267,draw,0,0
7268,DQN_2,-1,1
7269,draw,0,0
7270,draw,0,0
7271,draw,0,0
7272,draw,0,0
7273,draw,0,0
7274,draw,0,0
7275,draw,0,0
7276,draw,0,0
7277,DQN_2,-1,1
7278,DQN_2,-1,1
7279,DQN_2,-1,1
7280,DQN_2,-1,1
7281,DQN_2,-1,1
7282,DQN_2,-1,1
7283,draw,0,0
7284,draw,0,0
7285,draw,0,0
7286,draw,0,0
7287,draw,0,0
7288,DQN_2,-1,1
7289,draw,0,0
7290,draw,0,0
7291,draw,0,0
7292,draw,0,0
7293,draw,0,0
7294,draw,0,0
7295,draw,0,0
7296,draw,0,0
7297,DQN_2,-1,1
7298,DQN_2,-1,1
7299,draw,0,0
7300,draw,0,0
7301,DQN_2,-1,1
7302,draw,0,0
7303,draw,0,0
7304,draw,0,0
7305,draw,0,0
7306,draw,0,0
7307,draw,0,0
7308,DQN_2,-1,1
7309,DQN,1,-1
7310,DQN,1,-1
7311,DQN,1,-1
7312,DQN_2,-1,1
7313,DQN,1,-1
7314,draw,0,0
7315,draw,0,0
7316,draw,0,0
7317,draw,0,0
7318,DQN,1,-1
7319,draw,0,0
7320,draw,0,0
7321,draw,0,0
7322,draw,0,0
7323,DQN_2,-1,1
7324,draw,0,0
7325,DQN_2,-1,1
7326,draw,0,0
7327,draw,0,0
7328,draw,0,0
7329,draw,0,0
7330,draw,0,0
7331,DQN,1,-1
7332,draw,0,0
7333,draw,0,0
7334,DQN_2,-1,1
7335,DQN,1,-1
7336,DQN_2,-1,1
7337,DQN,1,-1
7338,draw,0,0
7339,draw,0,0
7340,DQN_2,-1,1
7341,DQN,1,-1
7342,DQN_2,-1,1
7343,DQN_2,-1,1
7344,draw,0,0
7345,draw,0,0
7346,DQN,1,-1
7347,DQN_2,-1,1
7348,DQN_2,-1,1
7349,draw,0,0
7350,DQN_2,-1,1
7351,draw,0,0
7352,DQN,1,-1
7353,DQN_2,-1,1
7354,DQN,1,-1
7355,draw,0,0
7356,DQN,1,-1
7357,draw,0,0
7358,DQN,1,-1
7359,draw,0,0
7360,DQN,1,-1
7361,draw,0,0
7362,DQN_2,-1,1
7363,DQN,1,-1
7364,DQN_2,-1,1
7365,DQN,1,-1
7366,DQN_2,-1,1
7367,DQN,1,-1
7368,draw,0,0
7369,draw,0,0
7370,draw,0,0
7371,DQN_2,-1,1
7372,DQN,1,-1
7373,DQN,1,-1
7374,draw,0,0
7375,DQN,1,-1
7376,DQN_2,-1,1
7377,DQN,1,-1
7378,DQN_2,-1,1
7379,draw,0,0
7380,DQN,1,-1
7381,DQN,1,-1
7382,DQN_2,-1,1
7383,DQN,1,-1
7384,DQN,1,-1
7385,DQN_2,-1,1
7386,DQN,1,-1
7387,DQN,1,-1
7388,DQN,1,-1
7389,draw,0,0
7390,DQN_2,-1,1
7391,DQN,1,-1
7392,DQN_2,-1,1
7393,DQN_2,-1,1
7394,DQN_2,-1,1
7395,DQN_2,-1,1
7396,draw,0,0
7397,draw,0,0
7398,DQN,1,-1
7399,draw,0,0
7400,DQN_2,-1,1
7401,DQN_2,-1,1
7402,draw,0,0
7403,DQN_2,-1,1
7404,draw,0,0
7405,draw,0,0
7406,DQN,1,-1
7407,DQN_2,-1,1
7408,DQN_2,-1,1
7409,DQN_2,-1,1
7410,DQN_2,-1,1
7411,draw,0,0
7412,DQN_2,-1,1
7413,DQN_2,-1,1
7414,DQN_2,-1,1
7415,DQN_2,-1,1
7416,draw,0,0
7417,DQN_2,-1,1
7418,draw,0,0
7419,DQN,1,-1
7420,draw,0,0
7421,draw,0,0
7422,DQN,1,-1
7423,DQN,1,-1
7424,DQN,1,-1
7425,draw,0,0
7426,DQN,1,-1
7427,DQN_2,-1,1
7428,DQN,1,-1
7429,draw,0,0
7430,draw,0,0
7431,DQN_2,-1,1
7432,draw,0,0
7433,draw,0,0
7434,DQN,1,-1
7435,DQN,1,-1
7436,DQN,1,-1
7437,draw,0,0
7438,DQN_2,-1,1
7439,DQN_2,-1,1
7440,DQN_2,-1,1
7441,DQN_2,-1,1
7442,DQN,1,-1
7443,DQN_2,-1,1
7444,DQN,1,-1
7445,DQN,1,-1
7446,draw,0,0
7447,DQN,1,-1
7448,DQN,1,-1
7449,DQN_2,-1,1
7450,draw,0,0
7451,DQN_2,-1,1
7452,DQN,1,-1
7453,DQN,1,-1
7454,DQN,1,-1
7455,DQN_2,-1,1
7456,DQN_2,-1,1
7457,DQN_2,-1,1
7458,DQN,1,-1
7459,DQN,1,-1
7460,DQN_2,-1,1
7461,draw,0,0
7462,draw,0,0
7463,DQN,1,-1
7464,draw,0,0
7465,DQN,1,-1
7466,draw,0,0
7467,draw,0,0
7468,draw,0,0
7469,draw,0,0
7470,DQN_2,-1,1
7471,draw,0,0
7472,DQN_2,-1,1
7473,draw,0,0
7474,draw,0,0
7475,DQN,1,-1
7476,DQN,1,-1
7477,draw,0,0
7478,draw,0,0
7479,draw,0,0
7480,draw,0,0
7481,draw,0,0
7482,DQN_2,-1,1
7483,DQN_2,-1,1
7484,draw,0,0
7485,DQN_2,-1,1
7486,draw,0,0
7487,draw,0,0
7488,draw,0,0
7489,draw,0,0
7490,draw,0,0
7491,draw,0,0
7492,DQN_2,-1,1
7493,DQN_2,-1,1
7494,draw,0,0
7495,draw,0,0
7496,draw,0,0
7497,draw,0,0
7498,DQN_2,-1,1
7499,draw,0,0
7500,draw,0,0
7501,draw,0,0
7502,draw,0,0
7503,DQN_2,-1,1
7504,DQN_2,-1,1
7505,draw,0,0
7506,DQN_2,-1,1
7507,draw,0,0
7508,draw,0,0
7509,draw,0,0
7510,DQN_2,-1,1
7511,DQN_2,-1,1
7512,DQN_2,-1,1
7513,draw,0,0
7514,DQN,1,-1
7515,DQN_2,-1,1
7516,DQN_2,-1,1
7517,draw,0,0
7518,DQN_2,-1,1
7519,DQN_2,-1,1
7520,draw,0,0
7521,DQN_2,-1,1
7522,DQN,1,-1
7523,DQN_2,-1,1
7524,DQN_2,-1,1
7525,DQN_2,-1,1
7526,draw,0,0
7527,draw,0,0
7528,DQN_2,-1,1
7529,draw,0,0
7530,draw,0,0
7531,draw,0,0
7532,draw,0,0
7533,DQN_2,-1,1
7534,DQN_2,-1,1
7535,draw,0,0
7536,draw,0,0
7537,draw,0,0
7538,DQN_2,-1,1
7539,DQN_2,-1,1
7540,DQN_2,-1,1
7541,DQN_2,-1,1
7542,DQN_2,-1,1
7543,DQN_2,-1,1
7544,draw,0,0
7545,DQN_2,-1,1
7546,DQN_2,-1,1
7547,DQN_2,-1,1
7548,DQN_2,-1,1
7549,draw,0,0
7550,DQN_2,-1,1
7551,DQN_2,-1,1
7552,draw,0,0
7553,draw,0,0
7554,draw,0,0
7555,DQN_2,-1,1
7556,draw,0,0
7557,DQN_2,-1,1
7558,draw,0,0
7559,DQN_2,-1,1
7560,DQN_2,-1,1
7561,draw,0,0
7562,DQN,1,-1
7563,draw,0,0
7564,DQN,1,-1
7565,DQN_2,-1,1
7566,draw,0,0
7567,DQN_2,-1,1
7568,DQN,1,-1
7569,DQN,1,-1
7570,draw,0,0
7571,DQN_2,-1,1
7572,draw,0,0
7573,draw,0,0
7574,draw,0,0
7575,draw,0,0
7576,DQN,1,-1
7577,DQN,1,-1
7578,DQN_2,-1,1
7579,DQN,1,-1
7580,draw,0,0
7581,DQN,1,-1
7582,DQN_2,-1,1
7583,DQN_2,-1,1
7584,draw,0,0
7585,DQN,1,-1
7586,DQN,1,-1
7587,DQN_2,-1,1
7588,DQN_2,-1,1
7589,DQN_2,-1,1
7590,draw,0,0
7591,draw,0,0
7592,draw,0,0
7593,DQN,1,-1
7594,DQN_2,-1,1
7595,draw,0,0
7596,draw,0,0
7597,DQN_2,-1,1
7598,DQN_2,-1,1
7599,DQN,1,-1
7600,draw,0,0
7601,DQN_2,-1,1
7602,draw,0,0
7603,draw,0,0
7604,draw,0,0
7605,DQN,1,-1
7606,draw,0,0
7607,draw,0,0
7608,draw,0,0
7609,DQN_2,-1,1
7610,draw,0,0
7611,DQN_2,-1,1
7612,DQN_2,-1,1
7613,DQN,1,-1
7614,DQN,1,-1
7615,DQN_2,-1,1
7616,DQN,1,-1
7617,draw,0,0
7618,DQN,1,-1
7619,draw,0,0
7620,DQN_2,-1,1
7621,DQN,1,-1
7622,DQN_2,-1,1
7623,DQN,1,-1
7624,DQN_2,-1,1
7625,draw,0,0
7626,DQN_2,-1,1
7627,draw,0,0
7628,DQN_2,-1,1
7629,draw,0,0
7630,DQN_2,-1,1
7631,draw,0,0
7632,DQN_2,-1,1
7633,draw,0,0
7634,DQN_2,-1,1
7635,draw,0,0
7636,DQN_2,-1,1
7637,DQN_2,-1,1
7638,DQN_2,-1,1
7639,DQN_2,-1,1
7640,DQN_2,-1,1
7641,DQN_2,-1,1
7642,DQN_2,-1,1
7643,DQN_2,-1,1
7644,DQN_2,-1,1
7645,draw,0,0
7646,draw,0,0
7647,DQN,1,-1
7648,draw,0,0
7649,DQN,1,-1
7650,DQN_2,-1,1
7651,DQN,1,-1
7652,DQN,1,-1
7653,DQN_2,-1,1
7654,DQN,1,-1
7655,DQN,1,-1
7656,DQN,1,-1
7657,DQN,1,-1
7658,DQN,1,-1
7659,DQN_2,-1,1
7660,draw,0,0
7661,DQN,1,-1
7662,draw,0,0
7663,DQN,1,-1
7664,DQN,1,-1
7665,DQN_2,-1,1
7666,DQN,1,-1
7667,DQN_2,-1,1
7668,DQN,1,-1
7669,DQN_2,-1,1
7670,DQN,1,-1
7671,DQN,1,-1
7672,DQN_2,-1,1
7673,DQN,1,-1
7674,draw,0,0
7675,DQN,1,-1
7676,DQN,1,-1
7677,DQN,1,-1
7678,DQN,1,-1
7679,DQN,1,-1
7680,DQN,1,-1
7681,DQN,1,-1
7682,DQN_2,-1,1
7683,DQN,1,-1
7684,DQN_2,-1,1
7685,DQN_2,-1,1
7686,DQN_2,-1,1
7687,DQN,1,-1
7688,DQN_2,-1,1
7689,DQN,1,-1
7690,DQN,1,-1
7691,DQN_2,-1,1
7692,DQN_2,-1,1
7693,DQN_2,-1,1
7694,DQN,1,-1
7695,DQN_2,-1,1
7696,draw,0,0
7697,draw,0,0
7698,DQN_2,-1,1
7699,DQN_2,-1,1
7700,DQN,1,-1
7701,draw,0,0
7702,DQN_2,-1,1
7703,draw,0,0
7704,draw,0,0
7705,DQN,1,-1
7706,DQN_2,-1,1
7707,draw,0,0
7708,DQN,1,-1
7709,DQN,1,-1
7710,DQN,1,-1
7711,DQN,1,-1
7712,DQN,1,-1
7713,DQN,1,-1
7714,DQN_2,-1,1
7715,DQN,1,-1
7716,DQN_2,-1,1
7717,draw,0,0
7718,DQN,1,-1
7719,DQN,1,-1
7720,DQN,1,-1
7721,DQN_2,-1,1
7722,draw,0,0
7723,DQN_2,-1,1
7724,draw,0,0
7725,DQN_2,-1,1
7726,DQN,1,-1
7727,DQN,1,-1
7728,DQN,1,-1
7729,DQN_2,-1,1
7730,DQN_2,-1,1
7731,draw,0,0
7732,draw,0,0
7733,draw,0,0
7734,DQN_2,-1,1
7735,draw,0,0
7736,draw,0,0
7737,DQN_2,-1,1
7738,DQN,1,-1
7739,draw,0,0
7740,draw,0,0
7741,DQN_2,-1,1
7742,DQN,1,-1
7743,draw,0,0
7744,draw,0,0
7745,draw,0,0
7746,draw,0,0
7747,DQN_2,-1,1
7748,DQN_2,-1,1
7749,DQN_2,-1,1
7750,draw,0,0
7751,DQN_2,-1,1
7752,draw,0,0
7753,DQN_2,-1,1
7754,DQN_2,-1,1
7755,draw,0,0
7756,draw,0,0
7757,draw,0,0
7758,draw,0,0
7759,DQN_2,-1,1
7760,draw,0,0
7761,draw,0,0
7762,draw,0,0
7763,DQN_2,-1,1
7764,draw,0,0
7765,draw,0,0
7766,DQN_2,-1,1
7767,DQN_2,-1,1
7768,draw,0,0
7769,DQN_2,-1,1
7770,DQN_2,-1,1
7771,DQN_2,-1,1
7772,draw,0,0
7773,DQN_2,-1,1
7774,DQN_2,-1,1
7775,DQN_2,-1,1
7776,DQN_2,-1,1
7777,draw,0,0
7778,DQN_2,-1,1
7779,DQN_2,-1,1
7780,draw,0,0
7781,DQN_2,-1,1
7782,draw,0,0
7783,draw,0,0
7784,draw,0,0
7785,DQN_2,-1,1
7786,draw,0,0
7787,DQN_2,-1,1
7788,DQN_2,-1,1
7789,DQN_2,-1,1
7790,DQN_2,-1,1
7791,DQN_2,-1,1
7792,DQN_2,-1,1
7793,DQN_2,-1,1
7794,DQN_2,-1,1
7795,DQN_2,-1,1
7796,DQN_2,-1,1
7797,DQN_2,-1,1
7798,DQN_2,-1,1
7799,draw,0,0
7800,draw,0,0
7801,draw,0,0
7802,draw,0,0
7803,draw,0,0
7804,DQN_2,-1,1
7805,DQN_2,-1,1
7806,DQN_2,-1,1
7807,draw,0,0
7808,draw,0,0
7809,DQN_2,-1,1
7810,DQN_2,-1,1
7811,draw,0,0
7812,draw,0,0
7813,draw,0,0
7814,DQN_2,-1,1
7815,draw,0,0
7816,DQN_2,-1,1
7817,DQN_2,-1,1
7818,draw,0,0
7819,DQN_2,-1,1
7820,DQN_2,-1,1
7821,draw,0,0
7822,DQN_2,-1,1
7823,draw,0,0
7824,draw,0,0
7825,DQN_2,-1,1
7826,draw,0,0
7827,draw,0,0
7828,DQN_2,-1,1
7829,draw,0,0
7830,DQN_2,-1,1
7831,DQN_2,-1,1
7832,DQN_2,-1,1
7833,draw,0,0
7834,draw,0,0
7835,DQN_2,-1,1
7836,draw,0,0
7837,DQN_2,-1,1
7838,DQN_2,-1,1
7839,draw,0,0
7840,DQN_2,-1,1
7841,draw,0,0
7842,draw,0,0
7843,draw,0,0
7844,DQN_2,-1,1
7845,DQN_2,-1,1
7846,draw,0,0
7847,DQN_2,-1,1
7848,DQN_2,-1,1
7849,draw,0,0
7850,DQN_2,-1,1
7851,draw,0,0
7852,DQN,1,-1
7853,DQN_2,-1,1
7854,draw,0,0
7855,DQN_2,-1,1
7856,draw,0,0
7857,draw,0,0
7858,draw,0,0
7859,draw,0,0
7860,draw,0,0
7861,DQN_2,-1,1
7862,DQN_2,-1,1
7863,draw,0,0
7864,DQN_2,-1,1
7865,draw,0,0
7866,draw,0,0
7867,DQN_2,-1,1
7868,DQN_2,-1,1
7869,draw,0,0
7870,DQN_2,-1,1
7871,draw,0,0
7872,draw,0,0
7873,draw,0,0
7874,draw,0,0
7875,DQN_2,-1,1
7876,DQN_2,-1,1
7877,DQN_2,-1,1
7878,draw,0,0
7879,DQN_2,-1,1
7880,draw,0,0
7881,DQN_2,-1,1
7882,draw,0,0
7883,draw,0,0
7884,draw,0,0
7885,DQN_2,-1,1
7886,DQN,1,-1
7887,DQN_2,-1,1
7888,DQN_2,-1,1
7889,DQN_2,-1,1
7890,DQN_2,-1,1
7891,draw,0,0
7892,draw,0,0
7893,draw,0,0
7894,draw,0,0
7895,draw,0,0
7896,draw,0,0
7897,draw,0,0
7898,draw,0,0
7899,DQN_2,-1,1
7900,draw,0,0
7901,DQN_2,-1,1
7902,draw,0,0
7903,DQN_2,-1,1
7904,DQN,1,-1
7905,draw,0,0
7906,DQN_2,-1,1
7907,DQN_2,-1,1
7908,DQN_2,-1,1
7909,draw,0,0
7910,draw,0,0
7911,draw,0,0
7912,DQN_2,-1,1
7913,DQN,1,-1
7914,DQN_2,-1,1
7915,draw,0,0
7916,DQN_2,-1,1
7917,DQN,1,-1
7918,DQN,1,-1
7919,DQN_2,-1,1
7920,draw,0,0
7921,DQN_2,-1,1
7922,DQN,1,-1
7923,draw,0,0
7924,DQN_2,-1,1
7925,DQN_2,-1,1
7926,draw,0,0
7927,draw,0,0
7928,DQN,1,-1
7929,draw,0,0
7930,DQN_2,-1,1
7931,draw,0,0
7932,DQN_2,-1,1
7933,draw,0,0
7934,DQN_2,-1,1
7935,draw,0,0
7936,DQN_2,-1,1
7937,DQN,1,-1
7938,DQN_2,-1,1
7939,DQN_2,-1,1
7940,draw,0,0
7941,DQN_2,-1,1
7942,DQN_2,-1,1
7943,draw,0,0
7944,DQN_2,-1,1
7945,DQN_2,-1,1
7946,draw,0,0
7947,DQN_2,-1,1
7948,DQN_2,-1,1
7949,DQN_2,-1,1
7950,DQN_2,-1,1
7951,draw,0,0
7952,draw,0,0
7953,DQN_2,-1,1
7954,draw,0,0
7955,DQN_2,-1,1
7956,draw,0,0
7957,draw,0,0
7958,draw,0,0
7959,draw,0,0
7960,DQN_2,-1,1
7961,DQN_2,-1,1
7962,DQN,1,-1
7963,DQN_2,-1,1
7964,DQN_2,-1,1
7965,draw,0,0
7966,draw,0,0
7967,DQN_2,-1,1
7968,draw,0,0
7969,draw,0,0
7970,draw,0,0
7971,DQN_2,-1,1
7972,DQN_2,-1,1
7973,DQN_2,-1,1
7974,draw,0,0
7975,DQN_2,-1,1
7976,DQN_2,-1,1
7977,DQN,1,-1
7978,draw,0,0
7979,draw,0,0
7980,DQN_2,-1,1
7981,draw,0,0
7982,draw,0,0
7983,draw,0,0
7984,draw,0,0
7985,draw,0,0
7986,draw,0,0
7987,DQN_2,-1,1
7988,draw,0,0
7989,draw,0,0
7990,draw,0,0
7991,DQN_2,-1,1
7992,DQN_2,-1,1
7993,draw,0,0
7994,DQN_2,-1,1
7995,DQN_2,-1,1
7996,DQN,1,-1
7997,draw,0,0
7998,draw,0,0
7999,draw,0,0
8000,DQN_2,-1,1
8001,draw,0,0
8002,draw,0,0
8003,draw,0,0
8004,DQN_2,-1,1
8005,draw,0,0
8006,DQN_2,-1,1
8007,draw,0,0
8008,DQN_2,-1,1
8009,DQN_2,-1,1
8010,DQN_2,-1,1
8011,draw,0,0
8012,DQN_2,-1,1
8013,DQN_2,-1,1
8014,DQN,1,-1
8015,DQN_2,-1,1
8016,draw,0,0
8017,DQN_2,-1,1
8018,DQN,1,-1
8019,DQN_2,-1,1
8020,draw,0,0
8021,DQN_2,-1,1
8022,draw,0,0
8023,draw,0,0
8024,DQN,1,-1
8025,DQN_2,-1,1
8026,DQN_2,-1,1
8027,DQN_2,-1,1
8028,DQN_2,-1,1
8029,DQN_2,-1,1
8030,DQN_2,-1,1
8031,DQN,1,-1
8032,DQN,1,-1
8033,draw,0,0
8034,DQN_2,-1,1
8035,draw,0,0
8036,DQN_2,-1,1
8037,DQN_2,-1,1
8038,draw,0,0
8039,DQN,1,-1
8040,DQN_2,-1,1
8041,DQN,1,-1
8042,DQN,1,-1
8043,DQN,1,-1
8044,DQN,1,-1
8045,DQN,1,-1
8046,DQN,1,-1
8047,DQN_2,-1,1
8048,DQN,1,-1
8049,DQN_2,-1,1
8050,DQN,1,-1
8051,DQN,1,-1
8052,DQN,1,-1
8053,DQN_2,-1,1
8054,DQN,1,-1
8055,DQN_2,-1,1
8056,DQN_2,-1,1
8057,DQN_2,-1,1
8058,DQN_2,-1,1
8059,DQN_2,-1,1
8060,DQN,1,-1
8061,DQN,1,-1
8062,draw,0,0
8063,DQN_2,-1,1
8064,draw,0,0
8065,DQN_2,-1,1
8066,DQN_2,-1,1
8067,draw,0,0
8068,DQN_2,-1,1
8069,draw,0,0
8070,DQN,1,-1
8071,DQN_2,-1,1
8072,DQN_2,-1,1
8073,DQN_2,-1,1
8074,DQN_2,-1,1
8075,DQN_2,-1,1
8076,draw,0,0
8077,DQN,1,-1
8078,DQN_2,-1,1
8079,draw,0,0
8080,draw,0,0
8081,draw,0,0
8082,DQN_2,-1,1
8083,draw,0,0
8084,draw,0,0
8085,DQN_2,-1,1
8086,DQN_2,-1,1
8087,draw,0,0
8088,DQN_2,-1,1
8089,draw,0,0
8090,draw,0,0
8091,draw,0,0
8092,DQN,1,-1
8093,DQN,1,-1
8094,draw,0,0
8095,draw,0,0
8096,draw,0,0
8097,DQN_2,-1,1
8098,draw,0,0
8099,DQN_2,-1,1
8100,DQN,1,-1
8101,DQN,1,-1
8102,DQN_2,-1,1
8103,draw,0,0
8104,DQN,1,-1
8105,draw,0,0
8106,DQN,1,-1
8107,draw,0,0
8108,draw,0,0
8109,DQN,1,-1
8110,DQN_2,-1,1
8111,DQN_2,-1,1
8112,DQN_2,-1,1
8113,DQN_2,-1,1
8114,DQN,1,-1
8115,DQN_2,-1,1
8116,DQN,1,-1
8117,draw,0,0
8118,DQN_2,-1,1
8119,draw,0,0
8120,DQN_2,-1,1
8121,draw,0,0
8122,DQN,1,-1
8123,draw,0,0
8124,DQN,1,-1
8125,DQN,1,-1
8126,DQN,1,-1
8127,draw,0,0
8128,draw,0,0
8129,DQN_2,-1,1
8130,DQN_2,-1,1
8131,DQN,1,-1
8132,draw,0,0
8133,DQN_2,-1,1
8134,draw,0,0
8135,DQN_2,-1,1
8136,DQN_2,-1,1
8137,draw,0,0
8138,draw,0,0
8139,draw,0,0
8140,draw,0,0
8141,DQN_2,-1,1
8142,draw,0,0
8143,draw,0,0
8144,DQN_2,-1,1
8145,draw,0,0
8146,DQN,1,-1
8147,DQN_2,-1,1
8148,draw,0,0
8149,DQN_2,-1,1
8150,DQN_2,-1,1
8151,DQN_2,-1,1
8152,draw,0,0
8153,DQN,1,-1
8154,draw,0,0
8155,draw,0,0
8156,draw,0,0
8157,DQN_2,-1,1
8158,DQN_2,-1,1
8159,DQN_2,-1,1
8160,DQN_2,-1,1
8161,draw,0,0
8162,draw,0,0
8163,draw,0,0
8164,draw,0,0
8165,DQN_2,-1,1
8166,DQN_2,-1,1
8167,DQN_2,-1,1
8168,DQN_2,-1,1
8169,DQN_2,-1,1
8170,DQN_2,-1,1
8171,draw,0,0
8172,draw,0,0
8173,draw,0,0
8174,DQN_2,-1,1
8175,DQN_2,-1,1
8176,DQN_2,-1,1
8177,DQN_2,-1,1
8178,DQN_2,-1,1
8179,DQN_2,-1,1
8180,draw,0,0
8181,DQN_2,-1,1
8182,DQN_2,-1,1
8183,DQN_2,-1,1
8184,DQN_2,-1,1
8185,DQN_2,-1,1
8186,DQN_2,-1,1
8187,draw,0,0
8188,draw,0,0
8189,draw,0,0
8190,DQN_2,-1,1
8191,DQN_2,-1,1
8192,draw,0,0
8193,DQN_2,-1,1
8194,DQN_2,-1,1
8195,draw,0,0
8196,draw,0,0
8197,draw,0,0
8198,DQN_2,-1,1
8199,DQN_2,-1,1
8200,draw,0,0
8201,DQN_2,-1,1
8202,draw,0,0
8203,DQN_2,-1,1
8204,draw,0,0
8205,draw,0,0
8206,DQN_2,-1,1
8207,draw,0,0
8208,DQN_2,-1,1
8209,DQN_2,-1,1
8210,draw,0,0
8211,draw,0,0
8212,DQN,1,-1
8213,draw,0,0
8214,DQN_2,-1,1
8215,draw,0,0
8216,DQN,1,-1
8217,draw,0,0
8218,draw,0,0
8219,DQN_2,-1,1
8220,DQN_2,-1,1
8221,draw,0,0
8222,draw,0,0
8223,DQN_2,-1,1
8224,DQN,1,-1
8225,draw,0,0
8226,draw,0,0
8227,draw,0,0
8228,draw,0,0
8229,draw,0,0
8230,draw,0,0
8231,draw,0,0
8232,draw,0,0
8233,draw,0,0
8234,draw,0,0
8235,DQN_2,-1,1
8236,draw,0,0
8237,DQN,1,-1
8238,draw,0,0
8239,DQN_2,-1,1
8240,DQN,1,-1
8241,DQN,1,-1
8242,DQN,1,-1
8243,DQN,1,-1
8244,DQN,1,-1
8245,DQN_2,-1,1
8246,DQN,1,-1
8247,draw,0,0
8248,draw,0,0
8249,DQN_2,-1,1
8250,DQN_2,-1,1
8251,draw,0,0
8252,draw,0,0
8253,draw,0,0
8254,DQN_2,-1,1
8255,DQN_2,-1,1
8256,DQN,1,-1
8257,DQN_2,-1,1
8258,DQN_2,-1,1
8259,draw,0,0
8260,DQN_2,-1,1
8261,draw,0,0
8262,draw,0,0
8263,draw,0,0
8264,draw,0,0
8265,draw,0,0
8266,DQN,1,-1
8267,DQN_2,-1,1
8268,draw,0,0
8269,draw,0,0
8270,DQN_2,-1,1
8271,DQN,1,-1
8272,DQN_2,-1,1
8273,DQN,1,-1
8274,DQN,1,-1
8275,draw,0,0
8276,draw,0,0
8277,draw,0,0
8278,draw,0,0
8279,draw,0,0
8280,draw,0,0
8281,DQN_2,-1,1
8282,DQN_2,-1,1
8283,DQN_2,-1,1
8284,draw,0,0
8285,DQN_2,-1,1
8286,DQN_2,-1,1
8287,DQN_2,-1,1
8288,DQN_2,-1,1
8289,DQN_2,-1,1
8290,draw,0,0
8291,DQN_2,-1,1
8292,draw,0,0
8293,draw,0,0
8294,draw,0,0
8295,draw,0,0
8296,DQN_2,-1,1
8297,DQN_2,-1,1
8298,draw,0,0
8299,draw,0,0
8300,draw,0,0
8301,DQN_2,-1,1
8302,DQN_2,-1,1
8303,DQN_2,-1,1
8304,DQN_2,-1,1
8305,draw,0,0
8306,draw,0,0
8307,DQN,1,-1
8308,DQN_2,-1,1
8309,DQN_2,-1,1
8310,DQN_2,-1,1
8311,draw,0,0
8312,DQN_2,-1,1
8313,draw,0,0
8314,DQN_2,-1,1
8315,draw,0,0
8316,DQN_2,-1,1
8317,DQN_2,-1,1
8318,draw,0,0
8319,DQN_2,-1,1
8320,DQN_2,-1,1
8321,DQN_2,-1,1
8322,DQN_2,-1,1
8323,DQN_2,-1,1
8324,DQN_2,-1,1
8325,draw,0,0
8326,draw,0,0
8327,DQN_2,-1,1
8328,DQN,1,-1
8329,draw,0,0
8330,DQN_2,-1,1
8331,draw,0,0
8332,draw,0,0
8333,draw,0,0
8334,draw,0,0
8335,DQN,1,-1
8336,DQN_2,-1,1
8337,DQN,1,-1
8338,DQN_2,-1,1
8339,draw,0,0
8340,DQN_2,-1,1
8341,DQN_2,-1,1
8342,draw,0,0
8343,DQN_2,-1,1
8344,draw,0,0
8345,draw,0,0
8346,DQN_2,-1,1
8347,draw,0,0
8348,draw,0,0
8349,DQN_2,-1,1
8350,DQN,1,-1
8351,draw,0,0
8352,DQN,1,-1
8353,draw,0,0
8354,draw,0,0
8355,DQN,1,-1
8356,DQN,1,-1
8357,draw,0,0
8358,DQN,1,-1
8359,draw,0,0
8360,DQN_2,-1,1
8361,DQN_2,-1,1
8362,DQN_2,-1,1
8363,DQN_2,-1,1
8364,DQN_2,-1,1
8365,draw,0,0
8366,draw,0,0
8367,draw,0,0
8368,DQN_2,-1,1
8369,draw,0,0
8370,draw,0,0
8371,DQN_2,-1,1
8372,draw,0,0
8373,DQN_2,-1,1
8374,draw,0,0
8375,draw,0,0
8376,DQN_2,-1,1
8377,DQN_2,-1,1
8378,draw,0,0
8379,draw,0,0
8380,draw,0,0
8381,DQN_2,-1,1
8382,DQN_2,-1,1
8383,DQN,1,-1
8384,draw,0,0
8385,DQN_2,-1,1
8386,DQN,1,-1
8387,DQN_2,-1,1
8388,DQN_2,-1,1
8389,draw,0,0
8390,draw,0,0
8391,DQN,1,-1
8392,draw,0,0
8393,DQN,1,-1
8394,DQN_2,-1,1
8395,DQN_2,-1,1
8396,DQN_2,-1,1
8397,DQN_2,-1,1
8398,draw,0,0
8399,draw,0,0
8400,DQN_2,-1,1
8401,DQN_2,-1,1
8402,draw,0,0
8403,DQN_2,-1,1
8404,draw,0,0
8405,DQN_2,-1,1
8406,DQN_2,-1,1
8407,DQN,1,-1
8408,draw,0,0
8409,draw,0,0
8410,draw,0,0
8411,draw,0,0
8412,DQN_2,-1,1
8413,DQN_2,-1,1
8414,draw,0,0
8415,DQN_2,-1,1
8416,DQN_2,-1,1
8417,draw,0,0
8418,DQN_2,-1,1
8419,draw,0,0
8420,DQN_2,-1,1
8421,draw,0,0
8422,draw,0,0
8423,DQN_2,-1,1
8424,draw,0,0
8425,DQN_2,-1,1
8426,DQN_2,-1,1
8427,DQN_2,-1,1
8428,DQN_2,-1,1
8429,draw,0,0
8430,DQN,1,-1
8431,draw,0,0
8432,draw,0,0
8433,DQN_2,-1,1
8434,draw,0,0
8435,DQN_2,-1,1
8436,DQN_2,-1,1
8437,DQN_2,-1,1
8438,DQN_2,-1,1
8439,draw,0,0
8440,DQN_2,-1,1
8441,DQN,1,-1
8442,DQN_2,-1,1
8443,DQN_2,-1,1
8444,draw,0,0
8445,draw,0,0
8446,DQN_2,-1,1
8447,draw,0,0
8448,DQN_2,-1,1
8449,draw,0,0
8450,draw,0,0
8451,draw,0,0
8452,DQN_2,-1,1
8453,draw,0,0
8454,DQN_2,-1,1
8455,DQN_2,-1,1
8456,DQN_2,-1,1
8457,DQN_2,-1,1
8458,draw,0,0
8459,DQN_2,-1,1
8460,DQN_2,-1,1
8461,draw,0,0
8462,DQN_2,-1,1
8463,DQN,1,-1
8464,DQN_2,-1,1
8465,draw,0,0
8466,DQN_2,-1,1
8467,DQN_2,-1,1
8468,draw,0,0
8469,DQN,1,-1
8470,draw,0,0
8471,draw,0,0
8472,draw,0,0
8473,draw,0,0
8474,DQN,1,-1
8475,draw,0,0
8476,DQN_2,-1,1
8477,draw,0,0
8478,DQN_2,-1,1
8479,draw,0,0
8480,DQN_2,-1,1
8481,DQN_2,-1,1
8482,DQN_2,-1,1
8483,draw,0,0
8484,draw,0,0
8485,draw,0,0
8486,DQN_2,-1,1
8487,DQN_2,-1,1
8488,draw,0,0
8489,DQN_2,-1,1
8490,draw,0,0
8491,DQN_2,-1,1
8492,DQN_2,-1,1
8493,DQN_2,-1,1
8494,DQN_2,-1,1
8495,draw,0,0
8496,draw,0,0
8497,DQN_2,-1,1
8498,DQN_2,-1,1
8499,DQN_2,-1,1
8500,DQN_2,-1,1
8501,DQN_2,-1,1
8502,DQN_2,-1,1
8503,DQN_2,-1,1
8504,DQN_2,-1,1
8505,DQN_2,-1,1
8506,DQN_2,-1,1
8507,draw,0,0
8508,draw,0,0
8509,DQN_2,-1,1
8510,DQN_2,-1,1
8511,draw,0,0
8512,draw,0,0
8513,DQN_2,-1,1
8514,DQN_2,-1,1
8515,draw,0,0
8516,draw,0,0
8517,draw,0,0
8518,DQN_2,-1,1
8519,DQN_2,-1,1
8520,DQN_2,-1,1
8521,draw,0,0
8522,DQN_2,-1,1
8523,draw,0,0
8524,DQN_2,-1,1
8525,DQN_2,-1,1
8526,DQN_2,-1,1
8527,DQN_2,-1,1
8528,DQN_2,-1,1
8529,DQN_2,-1,1
8530,DQN_2,-1,1
8531,DQN_2,-1,1
8532,draw,0,0
8533,DQN_2,-1,1
8534,DQN_2,-1,1
8535,DQN_2,-1,1
8536,DQN_2,-1,1
8537,DQN_2,-1,1
8538,DQN_2,-1,1
8539,DQN_2,-1,1
8540,DQN_2,-1,1
8541,draw,0,0
8542,DQN,1,-1
8543,DQN_2,-1,1
8544,DQN_2,-1,1
8545,DQN_2,-1,1
8546,DQN_2,-1,1
8547,DQN_2,-1,1
8548,DQN_2,-1,1
8549,DQN_2,-1,1
8550,DQN_2,-1,1
8551,DQN_2,-1,1
8552,DQN_2,-1,1
8553,DQN_2,-1,1
8554,DQN_2,-1,1
8555,DQN,1,-1
8556,DQN_2,-1,1
8557,DQN_2,-1,1
8558,DQN_2,-1,1
8559,DQN,1,-1
8560,DQN_2,-1,1
8561,DQN,1,-1
8562,DQN_2,-1,1
8563,DQN_2,-1,1
8564,DQN,1,-1
8565,DQN_2,-1,1
8566,DQN_2,-1,1
8567,DQN,1,-1
8568,DQN_2,-1,1
8569,DQN_2,-1,1
8570,draw,0,0
8571,DQN_2,-1,1
8572,DQN_2,-1,1
8573,DQN,1,-1
8574,DQN,1,-1
8575,DQN,1,-1
8576,DQN_2,-1,1
8577,DQN_2,-1,1
8578,DQN_2,-1,1
8579,DQN,1,-1
8580,DQN,1,-1
8581,DQN,1,-1
8582,DQN,1,-1
8583,DQN_2,-1,1
8584,DQN_2,-1,1
8585,DQN_2,-1,1
8586,DQN,1,-1
8587,DQN,1,-1
8588,DQN,1,-1
8589,DQN,1,-1
8590,DQN,1,-1
8591,DQN_2,-1,1
8592,DQN_2,-1,1
8593,DQN_2,-1,1
8594,DQN_2,-1,1
8595,DQN_2,-1,1
8596,DQN,1,-1
8597,DQN,1,-1
8598,DQN,1,-1
8599,DQN,1,-1
8600,DQN_2,-1,1
8601,DQN,1,-1
8602,DQN_2,-1,1
8603,DQN,1,-1
8604,draw,0,0
8605,draw,0,0
8606,draw,0,0
8607,DQN_2,-1,1
8608,draw,0,0
8609,draw,0,0
8610,DQN,1,-1
8611,DQN_2,-1,1
8612,DQN_2,-1,1
8613,DQN_2,-1,1
8614,draw,0,0
8615,DQN_2,-1,1
8616,DQN_2,-1,1
8617,draw,0,0
8618,DQN_2,-1,1
8619,DQN_2,-1,1
8620,DQN_2,-1,1
8621,DQN_2,-1,1
8622,DQN,1,-1
8623,DQN_2,-1,1
8624,DQN_2,-1,1
8625,DQN_2,-1,1
8626,DQN,1,-1
8627,DQN_2,-1,1
8628,DQN_2,-1,1
8629,draw,0,0
8630,DQN,1,-1
8631,DQN,1,-1
8632,DQN_2,-1,1
8633,DQN,1,-1
8634,DQN_2,-1,1
8635,DQN,1,-1
8636,DQN_2,-1,1
8637,DQN_2,-1,1
8638,DQN_2,-1,1
8639,DQN_2,-1,1
8640,DQN_2,-1,1
8641,DQN,1,-1
8642,DQN,1,-1
8643,DQN_2,-1,1
8644,DQN_2,-1,1
8645,DQN_2,-1,1
8646,DQN,1,-1
8647,DQN,1,-1
8648,DQN,1,-1
8649,DQN,1,-1
8650,DQN_2,-1,1
8651,DQN_2,-1,1
8652,DQN,1,-1
8653,DQN_2,-1,1
8654,DQN_2,-1,1
8655,DQN_2,-1,1
8656,DQN_2,-1,1
8657,DQN,1,-1
8658,DQN_2,-1,1
8659,DQN,1,-1
8660,DQN,1,-1
8661,DQN_2,-1,1
8662,draw,0,0
8663,DQN_2,-1,1
8664,DQN,1,-1
8665,DQN_2,-1,1
8666,DQN,1,-1
8667,DQN,1,-1
8668,DQN,1,-1
8669,DQN_2,-1,1
8670,DQN_2,-1,1
8671,DQN,1,-1
8672,DQN_2,-1,1
8673,DQN_2,-1,1
8674,DQN_2,-1,1
8675,DQN_2,-1,1
8676,DQN_2,-1,1
8677,DQN_2,-1,1
8678,DQN_2,-1,1
8679,DQN_2,-1,1
8680,DQN_2,-1,1
8681,DQN_2,-1,1
8682,DQN,1,-1
8683,DQN,1,-1
8684,DQN,1,-1
8685,DQN,1,-1
8686,DQN,1,-1
8687,DQN,1,-1
8688,DQN_2,-1,1
8689,DQN,1,-1
8690,DQN_2,-1,1
8691,DQN,1,-1
8692,DQN,1,-1
8693,DQN_2,-1,1
8694,draw,0,0
8695,DQN,1,-1
8696,DQN,1,-1
8697,DQN,1,-1
8698,DQN,1,-1
8699,DQN,1,-1
8700,DQN_2,-1,1
8701,DQN_2,-1,1
8702,DQN,1,-1
8703,DQN_2,-1,1
8704,DQN,1,-1
8705,DQN,1,-1
8706,DQN,1,-1
8707,DQN,1,-1
8708,DQN,1,-1
8709,DQN,1,-1
8710,DQN,1,-1
8711,DQN,1,-1
8712,DQN,1,-1
8713,DQN,1,-1
8714,DQN,1,-1
8715,DQN,1,-1
8716,DQN,1,-1
8717,DQN,1,-1
8718,draw,0,0
8719,DQN,1,-1
8720,DQN_2,-1,1
8721,DQN,1,-1
8722,DQN,1,-1
8723,DQN,1,-1
8724,DQN,1,-1
8725,DQN,1,-1
8726,DQN,1,-1
8727,DQN,1,-1
8728,DQN,1,-1
8729,DQN,1,-1
8730,DQN,1,-1
8731,DQN,1,-1
8732,DQN,1,-1
8733,DQN,1,-1
8734,DQN,1,-1
8735,DQN,1,-1
8736,DQN_2,-1,1
8737,DQN_2,-1,1
8738,DQN,1,-1
8739,DQN,1,-1
8740,draw,0,0
8741,draw,0,0
8742,DQN,1,-1
8743,DQN,1,-1
8744,draw,0,0
8745,draw,0,0
8746,draw,0,0
8747,DQN_2,-1,1
8748,draw,0,0
8749,DQN,1,-1
8750,DQN,1,-1
8751,DQN_2,-1,1
8752,draw,0,0
8753,DQN_2,-1,1
8754,DQN_2,-1,1
8755,DQN_2,-1,1
8756,DQN_2,-1,1
8757,DQN_2,-1,1
8758,draw,0,0
8759,draw,0,0
8760,draw,0,0
8761,DQN,1,-1
8762,draw,0,0
8763,DQN,1,-1
8764,DQN_2,-1,1
8765,draw,0,0
8766,DQN_2,-1,1
8767,DQN,1,-1
8768,DQN_2,-1,1
8769,DQN_2,-1,1
8770,DQN,1,-1
8771,DQN_2,-1,1
8772,DQN,1,-1
8773,DQN,1,-1
8774,DQN,1,-1
8775,DQN_2,-1,1
8776,DQN,1,-1
8777,DQN,1,-1
8778,DQN,1,-1
8779,DQN_2,-1,1
8780,DQN_2,-1,1
8781,DQN,1,-1
8782,DQN,1,-1
8783,draw,0,0
8784,DQN_2,-1,1
8785,draw,0,0
8786,draw,0,0
8787,DQN_2,-1,1
8788,draw,0,0
8789,DQN_2,-1,1
8790,DQN_2,-1,1
8791,DQN_2,-1,1
8792,DQN_2,-1,1
8793,draw,0,0
8794,draw,0,0
8795,DQN_2,-1,1
8796,DQN_2,-1,1
8797,DQN,1,-1
8798,DQN,1,-1
8799,DQN_2,-1,1
8800,DQN,1,-1
8801,DQN_2,-1,1
8802,DQN_2,-1,1
8803,DQN,1,-1
8804,draw,0,0
8805,DQN_2,-1,1
8806,DQN,1,-1
8807,DQN_2,-1,1
8808,DQN,1,-1
8809,draw,0,0
8810,DQN_2,-1,1
8811,draw,0,0
8812,DQN,1,-1
8813,DQN_2,-1,1
8814,draw,0,0
8815,draw,0,0
8816,DQN_2,-1,1
8817,draw,0,0
8818,DQN_2,-1,1
8819,draw,0,0
8820,DQN_2,-1,1
8821,DQN,1,-1
8822,draw,0,0
8823,DQN_2,-1,1
8824,draw,0,0
8825,draw,0,0
8826,DQN,1,-1
8827,DQN,1,-1
8828,draw,0,0
8829,draw,0,0
8830,DQN_2,-1,1
8831,DQN,1,-1
8832,draw,0,0
8833,DQN_2,-1,1
8834,DQN_2,-1,1
8835,DQN,1,-1
8836,DQN_2,-1,1
8837,draw,0,0
8838,draw,0,0
8839,DQN_2,-1,1
8840,DQN_2,-1,1
8841,DQN_2,-1,1
8842,draw,0,0
8843,DQN_2,-1,1
8844,DQN_2,-1,1
8845,DQN_2,-1,1
8846,DQN_2,-1,1
8847,DQN,1,-1
8848,DQN,1,-1
8849,DQN_2,-1,1
8850,DQN_2,-1,1
8851,DQN_2,-1,1
8852,DQN_2,-1,1
8853,DQN_2,-1,1
8854,DQN_2,-1,1
8855,DQN,1,-1
8856,DQN_2,-1,1
8857,DQN_2,-1,1
8858,DQN_2,-1,1
8859,DQN_2,-1,1
8860,DQN_2,-1,1
8861,DQN_2,-1,1
8862,DQN_2,-1,1
8863,draw,0,0
8864,DQN_2,-1,1
8865,DQN_2,-1,1
8866,draw,0,0
8867,DQN_2,-1,1
8868,DQN_2,-1,1
8869,draw,0,0
8870,DQN_2,-1,1
8871,draw,0,0
8872,DQN_2,-1,1
8873,draw,0,0
8874,DQN_2,-1,1
8875,DQN_2,-1,1
8876,draw,0,0
8877,DQN,1,-1
8878,DQN,1,-1
8879,DQN_2,-1,1
8880,DQN_2,-1,1
8881,DQN_2,-1,1
8882,draw,0,0
8883,DQN_2,-1,1
8884,draw,0,0
8885,draw,0,0
8886,draw,0,0
8887,DQN_2,-1,1
8888,DQN_2,-1,1
8889,draw,0,0
8890,DQN_2,-1,1
8891,DQN,1,-1
8892,draw,0,0
8893,draw,0,0
8894,DQN_2,-1,1
8895,draw,0,0
8896,DQN,1,-1
8897,draw,0,0
8898,draw,0,0
8899,draw,0,0
8900,draw,0,0
8901,draw,0,0
8902,draw,0,0
8903,draw,0,0
8904,DQN_2,-1,1
8905,draw,0,0
8906,draw,0,0
8907,DQN_2,-1,1
8908,DQN_2,-1,1
8909,draw,0,0
8910,draw,0,0
8911,DQN_2,-1,1
8912,DQN,1,-1
8913,DQN,1,-1
8914,draw,0,0
8915,draw,0,0
8916,DQN_2,-1,1
8917,draw,0,0
8918,draw,0,0
8919,draw,0,0
8920,draw,0,0
8921,draw,0,0
8922,draw,0,0
8923,DQN_2,-1,1
8924,DQN_2,-1,1
8925,draw,0,0
8926,DQN_2,-1,1
8927,DQN_2,-1,1
8928,DQN_2,-1,1
8929,draw,0,0
8930,DQN_2,-1,1
8931,DQN_2,-1,1
8932,DQN_2,-1,1
8933,draw,0,0
8934,DQN_2,-1,1
8935,draw,0,0
8936,draw,0,0
8937,draw,0,0
8938,draw,0,0
8939,draw,0,0
8940,DQN_2,-1,1
8941,draw,0,0
8942,draw,0,0
8943,draw,0,0
8944,DQN_2,-1,1
8945,draw,0,0
8946,draw,0,0
8947,DQN_2,-1,1
8948,DQN_2,-1,1
8949,draw,0,0
8950,DQN_2,-1,1
8951,DQN,1,-1
8952,DQN_2,-1,1
8953,DQN_2,-1,1
8954,draw,0,0
8955,draw,0,0
8956,draw,0,0
8957,DQN_2,-1,1
8958,draw,0,0
8959,draw,0,0
8960,draw,0,0
8961,draw,0,0
8962,DQN_2,-1,1
8963,draw,0,0
8964,draw,0,0
8965,DQN_2,-1,1
8966,draw,0,0
8967,draw,0,0
8968,draw,0,0
8969,DQN_2,-1,1
8970,draw,0,0
8971,DQN_2,-1,1
8972,DQN_2,-1,1
8973,draw,0,0
8974,draw,0,0
8975,draw,0,0
8976,draw,0,0
8977,DQN,1,-1
8978,draw,0,0
8979,DQN,1,-1
8980,DQN,1,-1
8981,DQN,1,-1
8982,draw,0,0
8983,draw,0,0
8984,draw,0,0
8985,draw,0,0
8986,draw,0,0
8987,draw,0,0
8988,DQN_2,-1,1
8989,draw,0,0
8990,draw,0,0
8991,DQN_2,-1,1
8992,draw,0,0
8993,DQN_2,-1,1
8994,draw,0,0
8995,DQN_2,-1,1
8996,draw,0,0
8997,draw,0,0
8998,DQN_2,-1,1
8999,draw,0,0
9000,DQN_2,-1,1
9001,DQN_2,-1,1
9002,draw,0,0
9003,draw,0,0
9004,DQN,1,-1
9005,DQN,1,-1
9006,DQN,1,-1
9007,draw,0,0
9008,DQN,1,-1
9009,DQN,1,-1
9010,DQN_2,-1,1
9011,DQN_2,-1,1
9012,DQN_2,-1,1
9013,DQN,1,-1
9014,DQN,1,-1
9015,DQN,1,-1
9016,DQN,1,-1
9017,DQN_2,-1,1
9018,DQN,1,-1
9019,DQN,1,-1
9020,DQN_2,-1,1
9021,DQN_2,-1,1
9022,DQN,1,-1
9023,DQN,1,-1
9024,DQN_2,-1,1
9025,draw,0,0
9026,DQN_2,-1,1
9027,DQN_2,-1,1
9028,DQN,1,-1
9029,DQN_2,-1,1
9030,DQN_2,-1,1
9031,DQN_2,-1,1
9032,draw,0,0
9033,DQN_2,-1,1
9034,DQN,1,-1
9035,DQN_2,-1,1
9036,DQN_2,-1,1
9037,DQN_2,-1,1
9038,DQN_2,-1,1
9039,DQN_2,-1,1
9040,DQN,1,-1
9041,DQN_2,-1,1
9042,draw,0,0
9043,draw,0,0
9044,DQN_2,-1,1
9045,DQN_2,-1,1
9046,DQN_2,-1,1
9047,DQN_2,-1,1
9048,DQN_2,-1,1
9049,draw,0,0
9050,DQN,1,-1
9051,DQN,1,-1
9052,DQN_2,-1,1
9053,DQN,1,-1
9054,DQN,1,-1
9055,draw,0,0
9056,DQN_2,-1,1
9057,DQN_2,-1,1
9058,DQN_2,-1,1
9059,DQN_2,-1,1
9060,DQN,1,-1
9061,DQN,1,-1
9062,DQN,1,-1
9063,DQN_2,-1,1
9064,draw,0,0
9065,DQN_2,-1,1
9066,DQN,1,-1
9067,DQN,1,-1
9068,DQN_2,-1,1
9069,DQN_2,-1,1
9070,DQN,1,-1
9071,DQN_2,-1,1
9072,DQN_2,-1,1
9073,DQN,1,-1
9074,DQN,1,-1
9075,DQN,1,-1
9076,DQN,1,-1
9077,DQN_2,-1,1
9078,DQN_2,-1,1
9079,DQN_2,-1,1
9080,DQN_2,-1,1
9081,DQN,1,-1
9082,DQN_2,-1,1
9083,DQN,1,-1
9084,DQN_2,-1,1
9085,DQN_2,-1,1
9086,DQN_2,-1,1
9087,DQN_2,-1,1
9088,DQN_2,-1,1
9089,DQN_2,-1,1
9090,DQN,1,-1
9091,DQN_2,-1,1
9092,DQN_2,-1,1
9093,DQN_2,-1,1
9094,draw,0,0
9095,DQN_2,-1,1
9096,DQN_2,-1,1
9097,DQN_2,-1,1
9098,DQN_2,-1,1
9099,DQN,1,-1
9100,DQN,1,-1
9101,draw,0,0
9102,DQN_2,-1,1
9103,draw,0,0
9104,DQN_2,-1,1
9105,DQN_2,-1,1
9106,DQN,1,-1
9107,DQN_2,-1,1
9108,DQN,1,-1
9109,DQN,1,-1
9110,DQN_2,-1,1
9111,DQN,1,-1
9112,DQN_2,-1,1
9113,DQN_2,-1,1
9114,DQN,1,-1
9115,draw,0,0
9116,DQN,1,-1
9117,DQN,1,-1
9118,DQN,1,-1
9119,DQN,1,-1
9120,DQN,1,-1
9121,DQN_2,-1,1
9122,DQN_2,-1,1
9123,DQN_2,-1,1
9124,DQN,1,-1
9125,DQN_2,-1,1
9126,DQN,1,-1
9127,DQN_2,-1,1
9128,DQN,1,-1
9129,DQN_2,-1,1
9130,DQN_2,-1,1
9131,DQN_2,-1,1
9132,draw,0,0
9133,draw,0,0
9134,DQN,1,-1
9135,DQN_2,-1,1
9136,draw,0,0
9137,DQN_2,-1,1
9138,DQN_2,-1,1
9139,draw,0,0
9140,draw,0,0
9141,DQN_2,-1,1
9142,DQN_2,-1,1
9143,DQN_2,-1,1
9144,DQN_2,-1,1
9145,DQN_2,-1,1
9146,draw,0,0
9147,draw,0,0
9148,DQN_2,-1,1
9149,draw,0,0
9150,draw,0,0
9151,draw,0,0
9152,DQN_2,-1,1
9153,DQN_2,-1,1
9154,DQN_2,-1,1
9155,draw,0,0
9156,DQN_2,-1,1
9157,draw,0,0
9158,draw,0,0
9159,DQN_2,-1,1
9160,draw,0,0
9161,DQN_2,-1,1
9162,DQN_2,-1,1
9163,DQN_2,-1,1
9164,draw,0,0
9165,DQN_2,-1,1
9166,DQN,1,-1
9167,DQN_2,-1,1
9168,DQN_2,-1,1
9169,draw,0,0
9170,DQN_2,-1,1
9171,DQN_2,-1,1
9172,draw,0,0
9173,DQN_2,-1,1
9174,DQN_2,-1,1
9175,draw,0,0
9176,DQN_2,-1,1
9177,draw,0,0
9178,draw,0,0
9179,draw,0,0
9180,draw,0,0
9181,draw,0,0
9182,DQN_2,-1,1
9183,DQN_2,-1,1
9184,DQN_2,-1,1
9185,DQN_2,-1,1
9186,draw,0,0
9187,DQN_2,-1,1
9188,draw,0,0
9189,DQN_2,-1,1
9190,DQN_2,-1,1
9191,draw,0,0
9192,DQN_2,-1,1
9193,draw,0,0
9194,draw,0,0
9195,DQN_2,-1,1
9196,draw,0,0
9197,draw,0,0
9198,draw,0,0
9199,draw,0,0
9200,DQN_2,-1,1
9201,DQN_2,-1,1
9202,DQN_2,-1,1
9203,draw,0,0
9204,DQN_2,-1,1
9205,draw,0,0
9206,DQN_2,-1,1
9207,DQN_2,-1,1
9208,draw,0,0
9209,DQN_2,-1,1
9210,DQN_2,-1,1
9211,draw,0,0
9212,DQN_2,-1,1
9213,DQN_2,-1,1
9214,draw,0,0
9215,DQN_2,-1,1
9216,DQN_2,-1,1
9217,DQN_2,-1,1
9218,draw,0,0
9219,DQN_2,-1,1
9220,DQN_2,-1,1
9221,draw,0,0
9222,DQN_2,-1,1
9223,DQN_2,-1,1
9224,DQN_2,-1,1
9225,draw,0,0
9226,DQN_2,-1,1
9227,DQN_2,-1,1
9228,DQN_2,-1,1
9229,draw,0,0
9230,DQN_2,-1,1
9231,DQN_2,-1,1
9232,DQN_2,-1,1
9233,DQN_2,-1,1
9234,draw,0,0
9235,DQN_2,-1,1
9236,DQN_2,-1,1
9237,draw,0,0
9238,DQN_2,-1,1
9239,DQN,1,-1
9240,DQN_2,-1,1
9241,DQN_2,-1,1
9242,DQN_2,-1,1
9243,DQN_2,-1,1
9244,DQN_2,-1,1
9245,DQN_2,-1,1
9246,DQN_2,-1,1
9247,DQN_2,-1,1
9248,DQN_2,-1,1
9249,draw,0,0
9250,DQN_2,-1,1
9251,DQN_2,-1,1
9252,DQN_2,-1,1
9253,draw,0,0
9254,DQN_2,-1,1
9255,DQN_2,-1,1
9256,DQN,1,-1
9257,DQN_2,-1,1
9258,DQN_2,-1,1
9259,DQN_2,-1,1
9260,DQN_2,-1,1
9261,DQN_2,-1,1
9262,DQN,1,-1
9263,DQN_2,-1,1
9264,DQN,1,-1
9265,draw,0,0
9266,DQN_2,-1,1
9267,DQN_2,-1,1
9268,DQN_2,-1,1
9269,draw,0,0
9270,DQN,1,-1
9271,DQN,1,-1
9272,DQN_2,-1,1
9273,DQN_2,-1,1
9274,draw,0,0
9275,draw,0,0
9276,DQN_2,-1,1
9277,DQN_2,-1,1
9278,DQN,1,-1
9279,DQN_2,-1,1
9280,DQN_2,-1,1
9281,DQN_2,-1,1
9282,DQN,1,-1
9283,DQN,1,-1
9284,DQN,1,-1
9285,DQN,1,-1
9286,DQN,1,-1
9287,DQN,1,-1
9288,DQN,1,-1
9289,DQN,1,-1
9290,DQN,1,-1
9291,DQN_2,-1,1
9292,DQN,1,-1
9293,DQN,1,-1
9294,DQN,1,-1
9295,DQN,1,-1
9296,DQN_2,-1,1
9297,DQN_2,-1,1
9298,DQN_2,-1,1
9299,DQN_2,-1,1
9300,DQN_2,-1,1
9301,DQN,1,-1
9302,DQN_2,-1,1
9303,DQN_2,-1,1
9304,DQN_2,-1,1
9305,DQN_2,-1,1
9306,draw,0,0
9307,DQN,1,-1
9308,DQN,1,-1
9309,DQN,1,-1
9310,DQN,1,-1
9311,DQN_2,-1,1
9312,DQN_2,-1,1
9313,DQN_2,-1,1
9314,DQN_2,-1,1
9315,DQN,1,-1
9316,DQN_2,-1,1
9317,DQN,1,-1
9318,DQN_2,-1,1
9319,DQN_2,-1,1
9320,DQN,1,-1
9321,DQN_2,-1,1
9322,DQN_2,-1,1
9323,DQN,1,-1
9324,DQN_2,-1,1
9325,DQN_2,-1,1
9326,DQN_2,-1,1
9327,DQN_2,-1,1
9328,DQN_2,-1,1
9329,DQN_2,-1,1
9330,DQN_2,-1,1
9331,DQN_2,-1,1
9332,DQN_2,-1,1
9333,DQN_2,-1,1
9334,DQN_2,-1,1
9335,DQN_2,-1,1
9336,draw,0,0
9337,DQN_2,-1,1
9338,draw,0,0
9339,draw,0,0
9340,draw,0,0
9341,DQN,1,-1
9342,DQN_2,-1,1
9343,DQN,1,-1
9344,DQN_2,-1,1
9345,DQN,1,-1
9346,DQN_2,-1,1
9347,DQN_2,-1,1
9348,DQN_2,-1,1
9349,draw,0,0
9350,DQN,1,-1
9351,DQN_2,-1,1
9352,draw,0,0
9353,draw,0,0
9354,DQN_2,-1,1
9355,DQN_2,-1,1
9356,DQN_2,-1,1
9357,DQN_2,-1,1
9358,DQN_2,-1,1
9359,DQN_2,-1,1
9360,DQN_2,-1,1
9361,draw,0,0
9362,DQN,1,-1
9363,DQN_2,-1,1
9364,DQN_2,-1,1
9365,DQN_2,-1,1
9366,DQN_2,-1,1
9367,DQN_2,-1,1
9368,DQN,1,-1
9369,DQN_2,-1,1
9370,draw,0,0
9371,DQN_2,-1,1
9372,DQN,1,-1
9373,DQN,1,-1
9374,DQN,1,-1
9375,DQN_2,-1,1
9376,DQN,1,-1
9377,DQN_2,-1,1
9378,DQN,1,-1
9379,DQN_2,-1,1
9380,draw,0,0
9381,DQN,1,-1
9382,draw,0,0
9383,DQN_2,-1,1
9384,DQN_2,-1,1
9385,DQN,1,-1
9386,draw,0,0
9387,DQN,1,-1
9388,draw,0,0
9389,DQN_2,-1,1
9390,draw,0,0
9391,DQN,1,-1
9392,DQN_2,-1,1
9393,DQN_2,-1,1
9394,DQN_2,-1,1
9395,draw,0,0
9396,DQN_2,-1,1
9397,DQN,1,-1
9398,DQN_2,-1,1
9399,DQN,1,-1
9400,DQN_2,-1,1
9401,DQN,1,-1
9402,draw,0,0
9403,draw,0,0
9404,draw,0,0
9405,draw,0,0
9406,draw,0,0
9407,draw,0,0
9408,draw,0,0
9409,DQN,1,-1
9410,draw,0,0
9411,DQN_2,-1,1
9412,DQN_2,-1,1
9413,draw,0,0
9414,draw,0,0
9415,draw,0,0
9416,DQN_2,-1,1
9417,DQN_2,-1,1
9418,DQN,1,-1
9419,draw,0,0
9420,DQN_2,-1,1
9421,draw,0,0
9422,DQN_2,-1,1
9423,draw,0,0
9424,DQN_2,-1,1
9425,DQN,1,-1
9426,draw,0,0
9427,draw,0,0
9428,DQN_2,-1,1
9429,draw,0,0
9430,DQN_2,-1,1
9431,draw,0,0
9432,draw,0,0
9433,draw,0,0
9434,draw,0,0
9435,draw,0,0
9436,DQN_2,-1,1
9437,draw,0,0
9438,draw,0,0
9439,draw,0,0
9440,draw,0,0
9441,DQN_2,-1,1
9442,draw,0,0
9443,draw,0,0
9444,draw,0,0
9445,draw,0,0
9446,draw,0,0
9447,draw,0,0
9448,DQN_2,-1,1
9449,draw,0,0
9450,DQN_2,-1,1
9451,DQN_2,-1,1
9452,draw,0,0
9453,DQN_2,-1,1
9454,DQN_2,-1,1
9455,draw,0,0
9456,draw,0,0
9457,draw,0,0
9458,draw,0,0
9459,draw,0,0
9460,draw,0,0
9461,draw,0,0
9462,draw,0,0
9463,DQN_2,-1,1
9464,DQN_2,-1,1
9465,DQN_2,-1,1
9466,DQN_2,-1,1
9467,DQN_2,-1,1
9468,draw,0,0
9469,DQN_2,-1,1
9470,DQN_2,-1,1
9471,DQN_2,-1,1
9472,draw,0,0
9473,DQN_2,-1,1
9474,DQN_2,-1,1
9475,DQN_2,-1,1
9476,DQN_2,-1,1
9477,DQN_2,-1,1
9478,DQN_2,-1,1
9479,DQN_2,-1,1
9480,DQN_2,-1,1
9481,DQN_2,-1,1
9482,draw,0,0
9483,draw,0,0
9484,draw,0,0
9485,draw,0,0
9486,DQN_2,-1,1
9487,draw,0,0
9488,DQN_2,-1,1
9489,DQN_2,-1,1
9490,draw,0,0
9491,draw,0,0
9492,DQN_2,-1,1
9493,draw,0,0
9494,draw,0,0
9495,DQN,1,-1
9496,draw,0,0
9497,DQN_2,-1,1
9498,DQN_2,-1,1
9499,DQN_2,-1,1
9500,DQN_2,-1,1
9501,DQN_2,-1,1
9502,draw,0,0
9503,draw,0,0
9504,DQN_2,-1,1
9505,DQN_2,-1,1
9506,DQN_2,-1,1
9507,DQN_2,-1,1
9508,DQN,1,-1
9509,DQN_2,-1,1
9510,DQN_2,-1,1
9511,DQN_2,-1,1
9512,DQN,1,-1
9513,draw,0,0
9514,DQN_2,-1,1
9515,DQN,1,-1
9516,DQN,1,-1
9517,draw,0,0
9518,DQN,1,-1
9519,draw,0,0
9520,draw,0,0
9521,draw,0,0
9522,DQN_2,-1,1
9523,DQN,1,-1
9524,DQN,1,-1
9525,draw,0,0
9526,draw,0,0
9527,DQN,1,-1
9528,DQN,1,-1
9529,DQN,1,-1
9530,draw,0,0
9531,draw,0,0
9532,draw,0,0
9533,DQN,1,-1
9534,draw,0,0
9535,DQN,1,-1
9536,DQN,1,-1
9537,draw,0,0
9538,DQN_2,-1,1
9539,draw,0,0
9540,DQN,1,-1
9541,DQN,1,-1
9542,draw,0,0
9543,DQN_2,-1,1
9544,draw,0,0
9545,DQN_2,-1,1
9546,DQN_2,-1,1
9547,DQN_2,-1,1
9548,DQN_2,-1,1
9549,draw,0,0
9550,DQN_2,-1,1
9551,draw,0,0
9552,draw,0,0
9553,DQN_2,-1,1
9554,draw,0,0
9555,draw,0,0
9556,DQN_2,-1,1
9557,draw,0,0
9558,draw,0,0
9559,draw,0,0
9560,DQN_2,-1,1
9561,draw,0,0
9562,draw,0,0
9563,draw,0,0
9564,draw,0,0
9565,draw,0,0
9566,DQN,1,-1
9567,DQN,1,-1
9568,DQN,1,-1
9569,draw,0,0
9570,DQN_2,-1,1
9571,draw,0,0
9572,draw,0,0
9573,draw,0,0
9574,draw,0,0
9575,draw,0,0
9576,draw,0,0
9577,DQN_2,-1,1
9578,DQN_2,-1,1
9579,draw,0,0
9580,DQN_2,-1,1
9581,DQN_2,-1,1
9582,DQN_2,-1,1
9583,DQN_2,-1,1
9584,draw,0,0
9585,draw,0,0
9586,DQN_2,-1,1
9587,DQN_2,-1,1
9588,draw,0,0
9589,draw,0,0
9590,draw,0,0
9591,draw,0,0
9592,draw,0,0
9593,draw,0,0
9594,draw,0,0
9595,DQN,1,-1
9596,draw,0,0
9597,DQN,1,-1
9598,DQN_2,-1,1
9599,DQN_2,-1,1
9600,draw,0,0
9601,DQN,1,-1
9602,DQN_2,-1,1
9603,DQN_2,-1,1
9604,DQN_2,-1,1
9605,draw,0,0
9606,DQN_2,-1,1
9607,draw,0,0
9608,draw,0,0
9609,DQN_2,-1,1
9610,draw,0,0
9611,draw,0,0
9612,draw,0,0
9613,DQN_2,-1,1
9614,DQN_2,-1,1
9615,DQN_2,-1,1
9616,DQN_2,-1,1
9617,draw,0,0
9618,DQN_2,-1,1
9619,DQN_2,-1,1
9620,DQN_2,-1,1
9621,DQN_2,-1,1
9622,DQN,1,-1
9623,DQN_2,-1,1
9624,DQN_2,-1,1
9625,DQN_2,-1,1
9626,draw,0,0
9627,DQN_2,-1,1
9628,draw,0,0
9629,draw,0,0
9630,DQN_2,-1,1
9631,draw,0,0
9632,DQN_2,-1,1
9633,draw,0,0
9634,draw,0,0
9635,draw,0,0
9636,DQN_2,-1,1
9637,DQN_2,-1,1
9638,DQN_2,-1,1
9639,DQN,1,-1
9640,DQN_2,-1,1
9641,draw,0,0
9642,draw,0,0
9643,DQN_2,-1,1
9644,draw,0,0
9645,draw,0,0
9646,DQN_2,-1,1
9647,draw,0,0
9648,draw,0,0
9649,draw,0,0
9650,DQN_2,-1,1
9651,DQN_2,-1,1
9652,DQN_2,-1,1
9653,draw,0,0
9654,draw,0,0
9655,draw,0,0
9656,draw,0,0
9657,draw,0,0
9658,DQN_2,-1,1
9659,DQN_2,-1,1
9660,draw,0,0
9661,DQN_2,-1,1
9662,draw,0,0
9663,draw,0,0
9664,draw,0,0
9665,draw,0,0
9666,draw,0,0
9667,draw,0,0
9668,DQN_2,-1,1
9669,DQN_2,-1,1
9670,draw,0,0
9671,DQN_2,-1,1
9672,draw,0,0
9673,DQN_2,-1,1
9674,draw,0,0
9675,draw,0,0
9676,draw,0,0
9677,DQN_2,-1,1
9678,DQN,1,-1
9679,DQN,1,-1
9680,draw,0,0
9681,DQN_2,-1,1
9682,DQN_2,-1,1
9683,DQN_2,-1,1
9684,DQN,1,-1
9685,DQN,1,-1
9686,draw,0,0
9687,DQN_2,-1,1
9688,DQN_2,-1,1
9689,DQN,1,-1
9690,DQN_2,-1,1
9691,DQN_2,-1,1
9692,DQN,1,-1
9693,draw,0,0
9694,DQN,1,-1
9695,DQN,1,-1
9696,DQN_2,-1,1
9697,DQN,1,-1
9698,DQN,1,-1
9699,DQN,1,-1
9700,DQN,1,-1
9701,DQN_2,-1,1
9702,DQN,1,-1
9703,DQN,1,-1
9704,DQN_2,-1,1
9705,DQN,1,-1
9706,DQN,1,-1
9707,DQN,1,-1
9708,DQN,1,-1
9709,DQN_2,-1,1
9710,DQN_2,-1,1
9711,DQN_2,-1,1
9712,DQN,1,-1
9713,draw,0,0
9714,DQN,1,-1
9715,DQN,1,-1
9716,DQN,1,-1
9717,DQN_2,-1,1
9718,DQN,1,-1
9719,DQN,1,-1
9720,DQN,1,-1
9721,DQN_2,-1,1
9722,DQN_2,-1,1
9723,DQN_2,-1,1
9724,DQN,1,-1
9725,DQN_2,-1,1
9726,DQN_2,-1,1
9727,DQN,1,-1
9728,DQN,1,-1
9729,DQN,1,-1
9730,DQN,1,-1
9731,draw,0,0
9732,DQN_2,-1,1
9733,DQN,1,-1
9734,DQN_2,-1,1
9735,DQN,1,-1
9736,DQN,1,-1
9737,DQN_2,-1,1
9738,DQN,1,-1
9739,DQN,1,-1
9740,DQN_2,-1,1
9741,DQN_2,-1,1
9742,DQN_2,-1,1
9743,DQN_2,-1,1
9744,DQN,1,-1
9745,DQN,1,-1
9746,DQN_2,-1,1
9747,DQN,1,-1
9748,draw,0,0
9749,draw,0,0
9750,DQN,1,-1
9751,DQN,1,-1
9752,DQN,1,-1
9753,DQN_2,-1,1
9754,DQN,1,-1
9755,DQN_2,-1,1
9756,DQN_2,-1,1
9757,DQN_2,-1,1
9758,DQN_2,-1,1
9759,DQN,1,-1
9760,DQN_2,-1,1
9761,DQN_2,-1,1
9762,DQN,1,-1
9763,DQN,1,-1
9764,draw,0,0
9765,DQN_2,-1,1
9766,DQN,1,-1
9767,DQN_2,-1,1
9768,DQN,1,-1
9769,DQN_2,-1,1
9770,DQN,1,-1
9771,DQN_2,-1,1
9772,DQN,1,-1
9773,DQN_2,-1,1
9774,DQN,1,-1
9775,DQN_2,-1,1
9776,draw,0,0
9777,DQN_2,-1,1
9778,DQN,1,-1
9779,DQN,1,-1
9780,DQN,1,-1
9781,DQN_2,-1,1
9782,DQN_2,-1,1
9783,DQN,1,-1
9784,DQN_2,-1,1
9785,DQN,1,-1
9786,DQN,1,-1
9787,DQN,1,-1
9788,DQN,1,-1
9789,DQN_2,-1,1
9790,DQN_2,-1,1
9791,DQN,1,-1
9792,DQN_2,-1,1
9793,DQN,1,-1
9794,DQN_2,-1,1
9795,DQN,1,-1
9796,DQN_2,-1,1
9797,DQN,1,-1
9798,DQN_2,-1,1
9799,DQN_2,-1,1
9800,DQN_2,-1,1
9801,DQN_2,-1,1
9802,DQN_2,-1,1
9803,DQN,1,-1
9804,DQN,1,-1
9805,DQN,1,-1
9806,DQN_2,-1,1
9807,DQN,1,-1
9808,DQN_2,-1,1
9809,DQN,1,-1
9810,DQN_2,-1,1
9811,DQN_2,-1,1
9812,draw,0,0
9813,DQN,1,-1
9814,DQN_2,-1,1
9815,DQN,1,-1
9816,DQN,1,-1
9817,DQN,1,-1
9818,DQN,1,-1
9819,DQN,1,-1
9820,DQN,1,-1
9821,DQN,1,-1
9822,DQN,1,-1
9823,DQN,1,-1
9824,DQN_2,-1,1
9825,DQN,1,-1
9826,DQN,1,-1
9827,draw,0,0
9828,DQN_2,-1,1
9829,draw,0,0
9830,DQN,1,-1
9831,DQN,1,-1
9832,draw,0,0
9833,draw,0,0
9834,DQN,1,-1
9835,DQN,1,-1
9836,DQN,1,-1
9837,DQN_2,-1,1
9838,DQN,1,-1
9839,DQN_2,-1,1
9840,draw,0,0
9841,DQN,1,-1
9842,DQN,1,-1
9843,DQN,1,-1
9844,DQN,1,-1
9845,DQN,1,-1
9846,draw,0,0
9847,DQN,1,-1
9848,DQN,1,-1
9849,DQN,1,-1
9850,draw,0,0
9851,DQN_2,-1,1
9852,DQN_2,-1,1
9853,draw,0,0
9854,DQN,1,-1
9855,DQN,1,-1
9856,DQN_2,-1,1
9857,DQN,1,-1
9858,DQN,1,-1
9859,draw,0,0
9860,draw,0,0
9861,DQN_2,-1,1
9862,DQN,1,-1
9863,draw,0,0
9864,DQN,1,-1
9865,DQN,1,-1
9866,DQN_2,-1,1
9867,draw,0,0
9868,draw,0,0
9869,DQN,1,-1
9870,draw,0,0
9871,draw,0,0
9872,DQN_2,-1,1
9873,draw,0,0
9874,DQN_2,-1,1
9875,DQN_2,-1,1
9876,DQN_2,-1,1
9877,DQN_2,-1,1
9878,DQN_2,-1,1
9879,DQN,1,-1
9880,DQN_2,-1,1
9881,DQN,1,-1
9882,draw,0,0
9883,draw,0,0
9884,draw,0,0
9885,draw,0,0
9886,DQN,1,-1
9887,DQN_2,-1,1
9888,draw,0,0
9889,DQN_2,-1,1
9890,draw,0,0
9891,DQN_2,-1,1
9892,DQN,1,-1
9893,draw,0,0
9894,DQN_2,-1,1
9895,DQN_2,-1,1
9896,DQN_2,-1,1
9897,draw,0,0
9898,DQN_2,-1,1
9899,draw,0,0
9900,DQN_2,-1,1
9901,DQN,1,-1
9902,draw,0,0
9903,draw,0,0
9904,draw,0,0
9905,draw,0,0
9906,DQN_2,-1,1
9907,draw,0,0
9908,draw,0,0
9909,DQN_2,-1,1
9910,DQN_2,-1,1
9911,DQN_2,-1,1
9912,draw,0,0
9913,DQN_2,-1,1
9914,draw,0,0
9915,draw,0,0
9916,draw,0,0
9917,draw,0,0
9918,DQN_2,-1,1
9919,draw,0,0
9920,DQN_2,-1,1
9921,draw,0,0
9922,draw,0,0
9923,draw,0,0
9924,draw,0,0
9925,DQN_2,-1,1
9926,DQN_2,-1,1
9927,DQN_2,-1,1
9928,draw,0,0
9929,DQN_2,-1,1
9930,draw,0,0
9931,draw,0,0
9932,draw,0,0
9933,DQN_2,-1,1
9934,DQN_2,-1,1
9935,draw,0,0
9936,DQN_2,-1,1
9937,DQN_2,-1,1
9938,draw,0,0
9939,DQN_2,-1,1
9940,DQN_2,-1,1
9941,DQN_2,-1,1
9942,draw,0,0
9943,DQN_2,-1,1
9944,DQN_2,-1,1
9945,draw,0,0
9946,draw,0,0
9947,DQN_2,-1,1
9948,draw,0,0
9949,draw,0,0
9950,DQN_2,-1,1
9951,draw,0,0
9952,draw,0,0
9953,draw,0,0
9954,draw,0,0
9955,draw,0,0
9956,draw,0,0
9957,draw,0,0
9958,draw,0,0
9959,draw,0,0
9960,draw,0,0
9961,draw,0,0
9962,draw,0,0
9963,DQN_2,-1,1
9964,DQN_2,-1,1
9965,DQN_2,-1,1
9966,draw,0,0
9967,draw,0,0
9968,DQN_2,-1,1
9969,draw,0,0
9970,draw,0,0
9971,DQN_2,-1,1
9972,draw,0,0
9973,DQN_2,-1,1
9974,draw,0,0
9975,DQN_2,-1,1
9976,draw,0,0
9977,draw,0,0
9978,DQN_2,-1,1
9979,DQN_2,-1,1
9980,DQN_2,-1,1
9981,draw,0,0
9982,draw,0,0
9983,DQN_2,-1,1
9984,DQN_2,-1,1
9985,draw,0,0
9986,DQN_2,-1,1
9987,DQN_2,-1,1
9988,DQN_2,-1,1
9989,DQN_2,-1,1
9990,DQN_2,-1,1
9991,DQN_2,-1,1
9992,DQN_2,-1,1
9993,DQN_2,-1,1
9994,DQN_2,-1,1
9995,DQN_2,-1,1
9996,DQN_2,-1,1
9997,DQN_2,-1,1
9998,DQN_2,-1,1
9999,DQN_2,-1,1
10000,DQN_2,-1,1
