episode,winner,MinimaxQ,MinimaxQ_2
1,draw,0,0
2,draw,0,0
3,draw,0,0
4,MinimaxQ,1,-1
5,draw,0,0
6,draw,0,0
7,draw,0,0
8,draw,0,0
9,draw,0,0
10,draw,0,0
11,draw,0,0
12,MinimaxQ,1,-1
13,draw,0,0
14,draw,0,0
15,MinimaxQ,1,-1
16,draw,0,0
17,MinimaxQ_2,-1,1
18,MinimaxQ_2,-1,1
19,draw,0,0
20,draw,0,0
21,draw,0,0
22,draw,0,0
23,MinimaxQ,1,-1
24,draw,0,0
25,draw,0,0
26,MinimaxQ,1,-1
27,draw,0,0
28,draw,0,0
29,draw,0,0
30,draw,0,0
31,draw,0,0
32,MinimaxQ,1,-1
33,draw,0,0
34,draw,0,0
35,draw,0,0
36,draw,0,0
37,draw,0,0
38,draw,0,0
39,draw,0,0
40,draw,0,0
41,draw,0,0
42,MinimaxQ,1,-1
43,draw,0,0
44,draw,0,0
45,draw,0,0
46,draw,0,0
47,draw,0,0
48,MinimaxQ_2,-1,1
49,draw,0,0
50,draw,0,0
51,MinimaxQ,1,-1
52,draw,0,0
53,draw,0,0
54,draw,0,0
55,draw,0,0
56,draw,0,0
57,draw,0,0
58,MinimaxQ,1,-1
59,draw,0,0
60,draw,0,0
61,MinimaxQ_2,-1,1
62,draw,0,0
63,draw,0,0
64,draw,0,0
65,draw,0,0
66,draw,0,0
67,draw,0,0
68,draw,0,0
69,draw,0,0
70,draw,0,0
71,MinimaxQ,1,-1
72,draw,0,0
73,draw,0,0
74,draw,0,0
75,draw,0,0
76,draw,0,0
77,draw,0,0
78,draw,0,0
79,draw,0,0
80,MinimaxQ_2,-1,1
81,draw,0,0
82,MinimaxQ,1,-1
83,draw,0,0
84,draw,0,0
85,draw,0,0
86,draw,0,0
87,draw,0,0
88,draw,0,0
89,draw,0,0
90,MinimaxQ_2,-1,1
91,draw,0,0
92,draw,0,0
93,draw,0,0
94,draw,0,0
95,draw,0,0
96,MinimaxQ,1,-1
97,draw,0,0
98,draw,0,0
99,MinimaxQ,1,-1
100,draw,0,0
101,draw,0,0
102,draw,0,0
103,MinimaxQ_2,-1,1
104,draw,0,0
105,draw,0,0
106,MinimaxQ,1,-1
107,draw,0,0
108,draw,0,0
109,draw,0,0
110,draw,0,0
111,draw,0,0
112,MinimaxQ,1,-1
113,draw,0,0
114,MinimaxQ,1,-1
115,draw,0,0
116,MinimaxQ_2,-1,1
117,MinimaxQ_2,-1,1
118,draw,0,0
119,draw,0,0
120,draw,0,0
121,draw,0,0
122,MinimaxQ_2,-1,1
123,draw,0,0
124,draw,0,0
125,draw,0,0
126,draw,0,0
127,draw,0,0
128,draw,0,0
129,MinimaxQ_2,-1,1
130,draw,0,0
131,draw,0,0
132,draw,0,0
133,draw,0,0
134,draw,0,0
135,MinimaxQ_2,-1,1
136,draw,0,0
137,draw,0,0
138,MinimaxQ_2,-1,1
139,draw,0,0
140,draw,0,0
141,draw,0,0
142,draw,0,0
143,draw,0,0
144,MinimaxQ_2,-1,1
145,draw,0,0
146,draw,0,0
147,MinimaxQ_2,-1,1
148,draw,0,0
149,draw,0,0
150,MinimaxQ_2,-1,1
151,draw,0,0
152,draw,0,0
153,MinimaxQ_2,-1,1
154,draw,0,0
155,draw,0,0
156,draw,0,0
157,MinimaxQ,1,-1
158,draw,0,0
159,MinimaxQ_2,-1,1
160,draw,0,0
161,draw,0,0
162,draw,0,0
163,draw,0,0
164,draw,0,0
165,draw,0,0
166,draw,0,0
167,draw,0,0
168,draw,0,0
169,draw,0,0
170,draw,0,0
171,MinimaxQ,1,-1
172,draw,0,0
173,draw,0,0
174,draw,0,0
175,draw,0,0
176,draw,0,0
177,MinimaxQ_2,-1,1
178,draw,0,0
179,draw,0,0
180,draw,0,0
181,MinimaxQ,1,-1
182,draw,0,0
183,draw,0,0
184,MinimaxQ,1,-1
185,draw,0,0
186,draw,0,0
187,draw,0,0
188,draw,0,0
189,draw,0,0
190,draw,0,0
191,draw,0,0
192,MinimaxQ_2,-1,1
193,MinimaxQ,1,-1
194,draw,0,0
195,MinimaxQ_2,-1,1
196,MinimaxQ_2,-1,1
197,draw,0,0
198,draw,0,0
199,draw,0,0
200,draw,0,0
201,draw,0,0
202,draw,0,0
203,draw,0,0
204,draw,0,0
205,draw,0,0
206,draw,0,0
207,draw,0,0
208,draw,0,0
209,draw,0,0
210,draw,0,0
211,MinimaxQ,1,-1
212,draw,0,0
213,draw,0,0
214,draw,0,0
215,draw,0,0
216,draw,0,0
217,draw,0,0
218,MinimaxQ,1,-1
219,draw,0,0
220,draw,0,0
221,draw,0,0
222,draw,0,0
223,draw,0,0
224,draw,0,0
225,draw,0,0
226,draw,0,0
227,draw,0,0
228,draw,0,0
229,draw,0,0
230,draw,0,0
231,draw,0,0
232,MinimaxQ,1,-1
233,draw,0,0
234,draw,0,0
235,draw,0,0
236,draw,0,0
237,draw,0,0
238,MinimaxQ_2,-1,1
239,draw,0,0
240,draw,0,0
241,MinimaxQ_2,-1,1
242,MinimaxQ,1,-1
243,draw,0,0
244,draw,0,0
245,draw,0,0
246,draw,0,0
247,draw,0,0
248,draw,0,0
249,draw,0,0
250,draw,0,0
251,draw,0,0
252,draw,0,0
253,MinimaxQ_2,-1,1
254,draw,0,0
255,draw,0,0
256,draw,0,0
257,draw,0,0
258,draw,0,0
259,draw,0,0
260,MinimaxQ,1,-1
261,draw,0,0
262,draw,0,0
263,MinimaxQ_2,-1,1
264,draw,0,0
265,draw,0,0
266,draw,0,0
267,draw,0,0
268,MinimaxQ_2,-1,1
269,draw,0,0
270,draw,0,0
271,draw,0,0
272,draw,0,0
273,draw,0,0
274,draw,0,0
275,draw,0,0
276,draw,0,0
277,draw,0,0
278,MinimaxQ,1,-1
279,MinimaxQ_2,-1,1
280,draw,0,0
281,draw,0,0
282,draw,0,0
283,draw,0,0
284,draw,0,0
285,draw,0,0
286,draw,0,0
287,draw,0,0
288,draw,0,0
289,draw,0,0
290,MinimaxQ_2,-1,1
291,draw,0,0
292,draw,0,0
293,draw,0,0
294,MinimaxQ_2,-1,1
295,draw,0,0
296,draw,0,0
297,draw,0,0
298,draw,0,0
299,draw,0,0
300,draw,0,0
301,draw,0,0
302,MinimaxQ_2,-1,1
303,draw,0,0
304,draw,0,0
305,MinimaxQ,1,-1
306,draw,0,0
307,draw,0,0
308,draw,0,0
309,draw,0,0
310,draw,0,0
311,draw,0,0
312,draw,0,0
313,draw,0,0
314,draw,0,0
315,draw,0,0
316,draw,0,0
317,draw,0,0
318,MinimaxQ_2,-1,1
319,draw,0,0
320,draw,0,0
321,draw,0,0
322,draw,0,0
323,draw,0,0
324,draw,0,0
325,draw,0,0
326,draw,0,0
327,draw,0,0
328,draw,0,0
329,draw,0,0
330,draw,0,0
331,draw,0,0
332,draw,0,0
333,draw,0,0
334,draw,0,0
335,draw,0,0
336,draw,0,0
337,draw,0,0
338,draw,0,0
339,MinimaxQ_2,-1,1
340,draw,0,0
341,draw,0,0
342,draw,0,0
343,MinimaxQ,1,-1
344,MinimaxQ,1,-1
345,draw,0,0
346,draw,0,0
347,draw,0,0
348,draw,0,0
349,draw,0,0
350,draw,0,0
351,draw,0,0
352,draw,0,0
353,draw,0,0
354,MinimaxQ,1,-1
355,draw,0,0
356,draw,0,0
357,draw,0,0
358,draw,0,0
359,draw,0,0
360,draw,0,0
361,draw,0,0
362,draw,0,0
363,draw,0,0
364,draw,0,0
365,draw,0,0
366,draw,0,0
367,draw,0,0
368,draw,0,0
369,draw,0,0
370,draw,0,0
371,MinimaxQ,1,-1
372,MinimaxQ_2,-1,1
373,draw,0,0
374,draw,0,0
375,draw,0,0
376,draw,0,0
377,draw,0,0
378,draw,0,0
379,draw,0,0
380,draw,0,0
381,draw,0,0
382,draw,0,0
383,draw,0,0
384,draw,0,0
385,draw,0,0
386,draw,0,0
387,draw,0,0
388,draw,0,0
389,draw,0,0
390,MinimaxQ,1,-1
391,draw,0,0
392,draw,0,0
393,MinimaxQ,1,-1
394,draw,0,0
395,draw,0,0
396,draw,0,0
397,draw,0,0
398,draw,0,0
399,draw,0,0
400,MinimaxQ_2,-1,1
401,draw,0,0
402,draw,0,0
403,draw,0,0
404,draw,0,0
405,MinimaxQ_2,-1,1
406,MinimaxQ_2,-1,1
407,draw,0,0
408,draw,0,0
409,draw,0,0
410,draw,0,0
411,draw,0,0
412,MinimaxQ_2,-1,1
413,draw,0,0
414,draw,0,0
415,draw,0,0
416,draw,0,0
417,draw,0,0
418,draw,0,0
419,draw,0,0
420,MinimaxQ_2,-1,1
421,draw,0,0
422,MinimaxQ,1,-1
423,draw,0,0
424,draw,0,0
425,draw,0,0
426,draw,0,0
427,draw,0,0
428,draw,0,0
429,draw,0,0
430,draw,0,0
431,MinimaxQ,1,-1
432,draw,0,0
433,draw,0,0
434,MinimaxQ_2,-1,1
435,draw,0,0
436,draw,0,0
437,draw,0,0
438,MinimaxQ_2,-1,1
439,draw,0,0
440,MinimaxQ,1,-1
441,draw,0,0
442,draw,0,0
443,draw,0,0
444,draw,0,0
445,draw,0,0
446,draw,0,0
447,draw,0,0
448,draw,0,0
449,draw,0,0
450,draw,0,0
451,MinimaxQ_2,-1,1
452,draw,0,0
453,draw,0,0
454,draw,0,0
455,MinimaxQ_2,-1,1
456,draw,0,0
457,MinimaxQ_2,-1,1
458,MinimaxQ_2,-1,1
459,MinimaxQ_2,-1,1
460,draw,0,0
461,draw,0,0
462,MinimaxQ_2,-1,1
463,MinimaxQ_2,-1,1
464,draw,0,0
465,draw,0,0
466,draw,0,0
467,draw,0,0
468,draw,0,0
469,MinimaxQ,1,-1
470,draw,0,0
471,draw,0,0
472,draw,0,0
473,draw,0,0
474,draw,0,0
475,MinimaxQ,1,-1
476,draw,0,0
477,draw,0,0
478,MinimaxQ_2,-1,1
479,MinimaxQ_2,-1,1
480,draw,0,0
481,draw,0,0
482,draw,0,0
483,draw,0,0
484,draw,0,0
485,draw,0,0
486,draw,0,0
487,MinimaxQ_2,-1,1
488,MinimaxQ,1,-1
489,draw,0,0
490,draw,0,0
491,MinimaxQ_2,-1,1
492,draw,0,0
493,draw,0,0
494,draw,0,0
495,draw,0,0
496,MinimaxQ_2,-1,1
497,draw,0,0
498,draw,0,0
499,draw,0,0
500,draw,0,0
501,draw,0,0
502,draw,0,0
503,draw,0,0
504,draw,0,0
505,draw,0,0
506,draw,0,0
507,MinimaxQ_2,-1,1
508,draw,0,0
509,MinimaxQ_2,-1,1
510,draw,0,0
511,draw,0,0
512,draw,0,0
513,draw,0,0
514,draw,0,0
515,draw,0,0
516,MinimaxQ_2,-1,1
517,draw,0,0
518,draw,0,0
519,draw,0,0
520,draw,0,0
521,draw,0,0
522,draw,0,0
523,draw,0,0
524,draw,0,0
525,MinimaxQ_2,-1,1
526,draw,0,0
527,MinimaxQ,1,-1
528,draw,0,0
529,draw,0,0
530,draw,0,0
531,MinimaxQ_2,-1,1
532,draw,0,0
533,draw,0,0
534,MinimaxQ_2,-1,1
535,draw,0,0
536,draw,0,0
537,draw,0,0
538,draw,0,0
539,draw,0,0
540,draw,0,0
541,MinimaxQ_2,-1,1
542,draw,0,0
543,draw,0,0
544,draw,0,0
545,draw,0,0
546,MinimaxQ_2,-1,1
547,draw,0,0
548,draw,0,0
549,MinimaxQ_2,-1,1
550,draw,0,0
551,draw,0,0
552,draw,0,0
553,draw,0,0
554,draw,0,0
555,draw,0,0
556,draw,0,0
557,draw,0,0
558,draw,0,0
559,draw,0,0
560,draw,0,0
561,MinimaxQ_2,-1,1
562,draw,0,0
563,draw,0,0
564,draw,0,0
565,draw,0,0
566,draw,0,0
567,MinimaxQ,1,-1
568,draw,0,0
569,draw,0,0
570,draw,0,0
571,draw,0,0
572,draw,0,0
573,draw,0,0
574,draw,0,0
575,draw,0,0
576,draw,0,0
577,draw,0,0
578,draw,0,0
579,draw,0,0
580,draw,0,0
581,draw,0,0
582,draw,0,0
583,draw,0,0
584,MinimaxQ_2,-1,1
585,draw,0,0
586,draw,0,0
587,draw,0,0
588,draw,0,0
589,draw,0,0
590,draw,0,0
591,draw,0,0
592,draw,0,0
593,draw,0,0
594,draw,0,0
595,MinimaxQ_2,-1,1
596,draw,0,0
597,draw,0,0
598,draw,0,0
599,draw,0,0
600,draw,0,0
601,draw,0,0
602,draw,0,0
603,draw,0,0
604,draw,0,0
605,draw,0,0
606,draw,0,0
607,draw,0,0
608,draw,0,0
609,draw,0,0
610,draw,0,0
611,draw,0,0
612,draw,0,0
613,draw,0,0
614,draw,0,0
615,draw,0,0
616,draw,0,0
617,MinimaxQ_2,-1,1
618,draw,0,0
619,draw,0,0
620,draw,0,0
621,draw,0,0
622,draw,0,0
623,draw,0,0
624,draw,0,0
625,draw,0,0
626,draw,0,0
627,draw,0,0
628,draw,0,0
629,draw,0,0
630,draw,0,0
631,draw,0,0
632,draw,0,0
633,draw,0,0
634,draw,0,0
635,draw,0,0
636,MinimaxQ_2,-1,1
637,draw,0,0
638,draw,0,0
639,draw,0,0
640,MinimaxQ,1,-1
641,draw,0,0
642,MinimaxQ_2,-1,1
643,draw,0,0
644,draw,0,0
645,draw,0,0
646,draw,0,0
647,MinimaxQ_2,-1,1
648,draw,0,0
649,draw,0,0
650,draw,0,0
651,MinimaxQ,1,-1
652,draw,0,0
653,draw,0,0
654,draw,0,0
655,draw,0,0
656,draw,0,0
657,draw,0,0
658,draw,0,0
659,draw,0,0
660,draw,0,0
661,draw,0,0
662,draw,0,0
663,draw,0,0
664,draw,0,0
665,MinimaxQ_2,-1,1
666,draw,0,0
667,draw,0,0
668,draw,0,0
669,MinimaxQ,1,-1
670,MinimaxQ_2,-1,1
671,MinimaxQ_2,-1,1
672,MinimaxQ_2,-1,1
673,draw,0,0
674,draw,0,0
675,draw,0,0
676,draw,0,0
677,draw,0,0
678,draw,0,0
679,draw,0,0
680,draw,0,0
681,draw,0,0
682,draw,0,0
683,draw,0,0
684,draw,0,0
685,draw,0,0
686,draw,0,0
687,draw,0,0
688,draw,0,0
689,draw,0,0
690,draw,0,0
691,draw,0,0
692,draw,0,0
693,draw,0,0
694,draw,0,0
695,draw,0,0
696,draw,0,0
697,draw,0,0
698,MinimaxQ,1,-1
699,draw,0,0
700,draw,0,0
701,draw,0,0
702,MinimaxQ_2,-1,1
703,draw,0,0
704,draw,0,0
705,draw,0,0
706,draw,0,0
707,draw,0,0
708,draw,0,0
709,draw,0,0
710,draw,0,0
711,draw,0,0
712,draw,0,0
713,draw,0,0
714,draw,0,0
715,MinimaxQ_2,-1,1
716,draw,0,0
717,draw,0,0
718,draw,0,0
719,draw,0,0
720,draw,0,0
721,draw,0,0
722,MinimaxQ,1,-1
723,draw,0,0
724,draw,0,0
725,MinimaxQ_2,-1,1
726,draw,0,0
727,draw,0,0
728,draw,0,0
729,draw,0,0
730,draw,0,0
731,draw,0,0
732,MinimaxQ,1,-1
733,MinimaxQ,1,-1
734,draw,0,0
735,draw,0,0
736,draw,0,0
737,draw,0,0
738,draw,0,0
739,MinimaxQ_2,-1,1
740,draw,0,0
741,draw,0,0
742,draw,0,0
743,draw,0,0
744,MinimaxQ_2,-1,1
745,draw,0,0
746,draw,0,0
747,draw,0,0
748,MinimaxQ,1,-1
749,draw,0,0
750,draw,0,0
751,draw,0,0
752,draw,0,0
753,draw,0,0
754,draw,0,0
755,draw,0,0
756,draw,0,0
757,draw,0,0
758,draw,0,0
759,draw,0,0
760,draw,0,0
761,draw,0,0
762,draw,0,0
763,draw,0,0
764,draw,0,0
765,MinimaxQ,1,-1
766,draw,0,0
767,draw,0,0
768,draw,0,0
769,draw,0,0
770,draw,0,0
771,draw,0,0
772,MinimaxQ,1,-1
773,MinimaxQ_2,-1,1
774,draw,0,0
775,draw,0,0
776,draw,0,0
777,draw,0,0
778,draw,0,0
779,draw,0,0
780,draw,0,0
781,draw,0,0
782,draw,0,0
783,draw,0,0
784,draw,0,0
785,draw,0,0
786,draw,0,0
787,draw,0,0
788,draw,0,0
789,draw,0,0
790,draw,0,0
791,draw,0,0
792,MinimaxQ_2,-1,1
793,draw,0,0
794,draw,0,0
795,draw,0,0
796,draw,0,0
797,MinimaxQ_2,-1,1
798,draw,0,0
799,MinimaxQ_2,-1,1
800,MinimaxQ_2,-1,1
801,draw,0,0
802,draw,0,0
803,draw,0,0
804,draw,0,0
805,draw,0,0
806,MinimaxQ_2,-1,1
807,MinimaxQ,1,-1
808,draw,0,0
809,MinimaxQ_2,-1,1
810,draw,0,0
811,draw,0,0
812,draw,0,0
813,draw,0,0
814,draw,0,0
815,draw,0,0
816,draw,0,0
817,draw,0,0
818,draw,0,0
819,draw,0,0
820,draw,0,0
821,draw,0,0
822,draw,0,0
823,draw,0,0
824,draw,0,0
825,draw,0,0
826,draw,0,0
827,draw,0,0
828,draw,0,0
829,draw,0,0
830,draw,0,0
831,draw,0,0
832,draw,0,0
833,draw,0,0
834,draw,0,0
835,MinimaxQ,1,-1
836,MinimaxQ_2,-1,1
837,MinimaxQ,1,-1
838,draw,0,0
839,draw,0,0
840,MinimaxQ_2,-1,1
841,draw,0,0
842,draw,0,0
843,MinimaxQ,1,-1
844,draw,0,0
845,draw,0,0
846,draw,0,0
847,draw,0,0
848,draw,0,0
849,draw,0,0
850,draw,0,0
851,draw,0,0
852,draw,0,0
853,draw,0,0
854,MinimaxQ_2,-1,1
855,draw,0,0
856,draw,0,0
857,draw,0,0
858,draw,0,0
859,draw,0,0
860,draw,0,0
861,draw,0,0
862,draw,0,0
863,draw,0,0
864,draw,0,0
865,draw,0,0
866,draw,0,0
867,draw,0,0
868,draw,0,0
869,draw,0,0
870,draw,0,0
871,draw,0,0
872,draw,0,0
873,draw,0,0
874,draw,0,0
875,draw,0,0
876,draw,0,0
877,draw,0,0
878,draw,0,0
879,draw,0,0
880,draw,0,0
881,draw,0,0
882,draw,0,0
883,draw,0,0
884,draw,0,0
885,MinimaxQ_2,-1,1
886,draw,0,0
887,draw,0,0
888,draw,0,0
889,draw,0,0
890,MinimaxQ_2,-1,1
891,draw,0,0
892,draw,0,0
893,draw,0,0
894,draw,0,0
895,draw,0,0
896,MinimaxQ,1,-1
897,MinimaxQ,1,-1
898,draw,0,0
899,MinimaxQ,1,-1
900,draw,0,0
901,draw,0,0
902,draw,0,0
903,draw,0,0
904,draw,0,0
905,draw,0,0
906,draw,0,0
907,MinimaxQ,1,-1
908,MinimaxQ,1,-1
909,draw,0,0
910,draw,0,0
911,draw,0,0
912,draw,0,0
913,MinimaxQ,1,-1
914,draw,0,0
915,draw,0,0
916,draw,0,0
917,MinimaxQ_2,-1,1
918,draw,0,0
919,MinimaxQ_2,-1,1
920,draw,0,0
921,draw,0,0
922,draw,0,0
923,draw,0,0
924,draw,0,0
925,draw,0,0
926,MinimaxQ_2,-1,1
927,draw,0,0
928,draw,0,0
929,draw,0,0
930,draw,0,0
931,draw,0,0
932,draw,0,0
933,MinimaxQ_2,-1,1
934,draw,0,0
935,draw,0,0
936,draw,0,0
937,MinimaxQ,1,-1
938,draw,0,0
939,MinimaxQ_2,-1,1
940,draw,0,0
941,draw,0,0
942,draw,0,0
943,draw,0,0
944,draw,0,0
945,draw,0,0
946,draw,0,0
947,draw,0,0
948,draw,0,0
949,draw,0,0
950,draw,0,0
951,draw,0,0
952,draw,0,0
953,draw,0,0
954,draw,0,0
955,draw,0,0
956,draw,0,0
957,MinimaxQ,1,-1
958,draw,0,0
959,draw,0,0
960,draw,0,0
961,draw,0,0
962,draw,0,0
963,draw,0,0
964,draw,0,0
965,draw,0,0
966,draw,0,0
967,draw,0,0
968,draw,0,0
969,MinimaxQ_2,-1,1
970,draw,0,0
971,draw,0,0
972,MinimaxQ,1,-1
973,draw,0,0
974,draw,0,0
975,draw,0,0
976,draw,0,0
977,draw,0,0
978,draw,0,0
979,draw,0,0
980,draw,0,0
981,draw,0,0
982,draw,0,0
983,draw,0,0
984,MinimaxQ_2,-1,1
985,draw,0,0
986,MinimaxQ,1,-1
987,MinimaxQ_2,-1,1
988,draw,0,0
989,MinimaxQ,1,-1
990,draw,0,0
991,draw,0,0
992,draw,0,0
993,draw,0,0
994,draw,0,0
995,draw,0,0
996,draw,0,0
997,draw,0,0
998,draw,0,0
999,draw,0,0
1000,draw,0,0
1001,MinimaxQ_2,-1,1
1002,draw,0,0
1003,draw,0,0
1004,draw,0,0
1005,draw,0,0
1006,draw,0,0
1007,draw,0,0
1008,draw,0,0
1009,draw,0,0
1010,draw,0,0
1011,MinimaxQ,1,-1
1012,draw,0,0
1013,draw,0,0
1014,draw,0,0
1015,draw,0,0
1016,MinimaxQ,1,-1
1017,draw,0,0
1018,MinimaxQ_2,-1,1
1019,draw,0,0
1020,draw,0,0
1021,MinimaxQ,1,-1
1022,draw,0,0
1023,draw,0,0
1024,draw,0,0
1025,draw,0,0
1026,draw,0,0
1027,draw,0,0
1028,draw,0,0
1029,MinimaxQ_2,-1,1
1030,draw,0,0
1031,draw,0,0
1032,draw,0,0
1033,draw,0,0
1034,MinimaxQ,1,-1
1035,draw,0,0
1036,MinimaxQ_2,-1,1
1037,draw,0,0
1038,draw,0,0
1039,draw,0,0
1040,draw,0,0
1041,MinimaxQ,1,-1
1042,draw,0,0
1043,draw,0,0
1044,MinimaxQ,1,-1
1045,draw,0,0
1046,draw,0,0
1047,draw,0,0
1048,draw,0,0
1049,draw,0,0
1050,draw,0,0
1051,draw,0,0
1052,draw,0,0
1053,MinimaxQ_2,-1,1
1054,draw,0,0
1055,draw,0,0
1056,draw,0,0
1057,draw,0,0
1058,draw,0,0
1059,draw,0,0
1060,draw,0,0
1061,draw,0,0
1062,MinimaxQ,1,-1
1063,draw,0,0
1064,draw,0,0
1065,draw,0,0
1066,draw,0,0
1067,draw,0,0
1068,MinimaxQ_2,-1,1
1069,draw,0,0
1070,MinimaxQ,1,-1
1071,draw,0,0
1072,MinimaxQ,1,-1
1073,draw,0,0
1074,draw,0,0
1075,draw,0,0
1076,draw,0,0
1077,draw,0,0
1078,draw,0,0
1079,draw,0,0
1080,draw,0,0
1081,draw,0,0
1082,draw,0,0
1083,draw,0,0
1084,draw,0,0
1085,MinimaxQ_2,-1,1
1086,MinimaxQ,1,-1
1087,draw,0,0
1088,draw,0,0
1089,draw,0,0
1090,draw,0,0
1091,draw,0,0
1092,draw,0,0
1093,MinimaxQ,1,-1
1094,draw,0,0
1095,draw,0,0
1096,MinimaxQ,1,-1
1097,draw,0,0
1098,draw,0,0
1099,draw,0,0
1100,draw,0,0
1101,draw,0,0
1102,MinimaxQ,1,-1
1103,draw,0,0
1104,draw,0,0
1105,draw,0,0
1106,draw,0,0
1107,draw,0,0
1108,draw,0,0
1109,MinimaxQ_2,-1,1
1110,draw,0,0
1111,draw,0,0
1112,MinimaxQ_2,-1,1
1113,draw,0,0
1114,MinimaxQ,1,-1
1115,draw,0,0
1116,draw,0,0
1117,MinimaxQ_2,-1,1
1118,draw,0,0
1119,draw,0,0
1120,draw,0,0
1121,draw,0,0
1122,MinimaxQ_2,-1,1
1123,draw,0,0
1124,draw,0,0
1125,draw,0,0
1126,draw,0,0
1127,draw,0,0
1128,draw,0,0
1129,draw,0,0
1130,draw,0,0
1131,draw,0,0
1132,draw,0,0
1133,MinimaxQ_2,-1,1
1134,draw,0,0
1135,draw,0,0
1136,draw,0,0
1137,draw,0,0
1138,draw,0,0
1139,draw,0,0
1140,draw,0,0
1141,draw,0,0
1142,draw,0,0
1143,draw,0,0
1144,draw,0,0
1145,draw,0,0
1146,draw,0,0
1147,draw,0,0
1148,MinimaxQ,1,-1
1149,draw,0,0
1150,draw,0,0
1151,draw,0,0
1152,draw,0,0
1153,draw,0,0
1154,MinimaxQ_2,-1,1
1155,draw,0,0
1156,draw,0,0
1157,draw,0,0
1158,draw,0,0
1159,draw,0,0
1160,draw,0,0
1161,draw,0,0
1162,draw,0,0
1163,draw,0,0
1164,draw,0,0
1165,draw,0,0
1166,draw,0,0
1167,draw,0,0
1168,draw,0,0
1169,draw,0,0
1170,draw,0,0
1171,draw,0,0
1172,MinimaxQ_2,-1,1
1173,draw,0,0
1174,draw,0,0
1175,MinimaxQ,1,-1
1176,draw,0,0
1177,draw,0,0
1178,draw,0,0
1179,draw,0,0
1180,draw,0,0
1181,draw,0,0
1182,MinimaxQ_2,-1,1
1183,draw,0,0
1184,draw,0,0
1185,MinimaxQ,1,-1
1186,draw,0,0
1187,draw,0,0
1188,draw,0,0
1189,draw,0,0
1190,draw,0,0
1191,draw,0,0
1192,MinimaxQ,1,-1
1193,draw,0,0
1194,draw,0,0
1195,draw,0,0
1196,draw,0,0
1197,draw,0,0
1198,draw,0,0
1199,draw,0,0
1200,draw,0,0
1201,draw,0,0
1202,MinimaxQ_2,-1,1
1203,MinimaxQ,1,-1
1204,draw,0,0
1205,draw,0,0
1206,draw,0,0
1207,draw,0,0
1208,draw,0,0
1209,draw,0,0
1210,draw,0,0
1211,draw,0,0
1212,draw,0,0
1213,draw,0,0
1214,draw,0,0
1215,draw,0,0
1216,MinimaxQ,1,-1
1217,draw,0,0
1218,draw,0,0
1219,draw,0,0
1220,draw,0,0
1221,draw,0,0
1222,draw,0,0
1223,draw,0,0
1224,draw,0,0
1225,draw,0,0
1226,MinimaxQ,1,-1
1227,draw,0,0
1228,draw,0,0
1229,draw,0,0
1230,draw,0,0
1231,draw,0,0
1232,draw,0,0
1233,draw,0,0
1234,draw,0,0
1235,draw,0,0
1236,draw,0,0
1237,draw,0,0
1238,MinimaxQ,1,-1
1239,draw,0,0
1240,draw,0,0
1241,draw,0,0
1242,draw,0,0
1243,draw,0,0
1244,draw,0,0
1245,MinimaxQ,1,-1
1246,draw,0,0
1247,draw,0,0
1248,draw,0,0
1249,draw,0,0
1250,draw,0,0
1251,draw,0,0
1252,draw,0,0
1253,draw,0,0
1254,draw,0,0
1255,draw,0,0
1256,draw,0,0
1257,MinimaxQ_2,-1,1
1258,MinimaxQ_2,-1,1
1259,draw,0,0
1260,draw,0,0
1261,draw,0,0
1262,draw,0,0
1263,draw,0,0
1264,draw,0,0
1265,draw,0,0
1266,draw,0,0
1267,draw,0,0
1268,draw,0,0
1269,draw,0,0
1270,draw,0,0
1271,MinimaxQ_2,-1,1
1272,draw,0,0
1273,draw,0,0
1274,draw,0,0
1275,draw,0,0
1276,draw,0,0
1277,draw,0,0
1278,MinimaxQ,1,-1
1279,draw,0,0
1280,draw,0,0
1281,draw,0,0
1282,draw,0,0
1283,draw,0,0
1284,draw,0,0
1285,MinimaxQ,1,-1
1286,MinimaxQ,1,-1
1287,draw,0,0
1288,draw,0,0
1289,draw,0,0
1290,draw,0,0
1291,draw,0,0
1292,draw,0,0
1293,draw,0,0
1294,draw,0,0
1295,draw,0,0
1296,draw,0,0
1297,draw,0,0
1298,draw,0,0
1299,draw,0,0
1300,draw,0,0
1301,draw,0,0
1302,MinimaxQ,1,-1
1303,draw,0,0
1304,draw,0,0
1305,draw,0,0
1306,draw,0,0
1307,MinimaxQ,1,-1
1308,MinimaxQ,1,-1
1309,draw,0,0
1310,draw,0,0
1311,draw,0,0
1312,draw,0,0
1313,draw,0,0
1314,draw,0,0
1315,draw,0,0
1316,draw,0,0
1317,MinimaxQ,1,-1
1318,draw,0,0
1319,draw,0,0
1320,MinimaxQ,1,-1
1321,draw,0,0
1322,draw,0,0
1323,draw,0,0
1324,draw,0,0
1325,draw,0,0
1326,draw,0,0
1327,draw,0,0
1328,draw,0,0
1329,MinimaxQ_2,-1,1
1330,draw,0,0
1331,draw,0,0
1332,draw,0,0
1333,draw,0,0
1334,draw,0,0
1335,draw,0,0
1336,MinimaxQ_2,-1,1
1337,draw,0,0
1338,draw,0,0
1339,draw,0,0
1340,draw,0,0
1341,draw,0,0
1342,MinimaxQ_2,-1,1
1343,MinimaxQ_2,-1,1
1344,draw,0,0
1345,draw,0,0
1346,draw,0,0
1347,draw,0,0
1348,draw,0,0
1349,draw,0,0
1350,MinimaxQ_2,-1,1
1351,draw,0,0
1352,draw,0,0
1353,draw,0,0
1354,draw,0,0
1355,MinimaxQ,1,-1
1356,draw,0,0
1357,draw,0,0
1358,draw,0,0
1359,MinimaxQ,1,-1
1360,MinimaxQ_2,-1,1
1361,draw,0,0
1362,draw,0,0
1363,draw,0,0
1364,draw,0,0
1365,draw,0,0
1366,draw,0,0
1367,draw,0,0
1368,draw,0,0
1369,draw,0,0
1370,draw,0,0
1371,draw,0,0
1372,draw,0,0
1373,MinimaxQ,1,-1
1374,MinimaxQ_2,-1,1
1375,draw,0,0
1376,MinimaxQ_2,-1,1
1377,draw,0,0
1378,MinimaxQ_2,-1,1
1379,draw,0,0
1380,draw,0,0
1381,MinimaxQ_2,-1,1
1382,draw,0,0
1383,draw,0,0
1384,MinimaxQ,1,-1
1385,draw,0,0
1386,draw,0,0
1387,draw,0,0
1388,draw,0,0
1389,draw,0,0
1390,MinimaxQ,1,-1
1391,draw,0,0
1392,draw,0,0
1393,draw,0,0
1394,draw,0,0
1395,MinimaxQ,1,-1
1396,draw,0,0
1397,draw,0,0
1398,draw,0,0
1399,draw,0,0
1400,draw,0,0
1401,MinimaxQ_2,-1,1
1402,draw,0,0
1403,MinimaxQ,1,-1
1404,draw,0,0
1405,draw,0,0
1406,draw,0,0
1407,draw,0,0
1408,draw,0,0
1409,draw,0,0
1410,draw,0,0
1411,draw,0,0
1412,draw,0,0
1413,MinimaxQ_2,-1,1
1414,draw,0,0
1415,draw,0,0
1416,draw,0,0
1417,draw,0,0
1418,draw,0,0
1419,draw,0,0
1420,draw,0,0
1421,MinimaxQ,1,-1
1422,draw,0,0
1423,draw,0,0
1424,MinimaxQ,1,-1
1425,draw,0,0
1426,draw,0,0
1427,MinimaxQ_2,-1,1
1428,draw,0,0
1429,MinimaxQ,1,-1
1430,draw,0,0
1431,draw,0,0
1432,draw,0,0
1433,draw,0,0
1434,draw,0,0
1435,draw,0,0
1436,draw,0,0
1437,draw,0,0
1438,draw,0,0
1439,MinimaxQ,1,-1
1440,draw,0,0
1441,draw,0,0
1442,draw,0,0
1443,draw,0,0
1444,MinimaxQ_2,-1,1
1445,draw,0,0
1446,draw,0,0
1447,draw,0,0
1448,draw,0,0
1449,draw,0,0
1450,draw,0,0
1451,draw,0,0
1452,MinimaxQ,1,-1
1453,draw,0,0
1454,draw,0,0
1455,draw,0,0
1456,MinimaxQ_2,-1,1
1457,draw,0,0
1458,MinimaxQ,1,-1
1459,draw,0,0
1460,draw,0,0
1461,draw,0,0
1462,draw,0,0
1463,draw,0,0
1464,draw,0,0
1465,draw,0,0
1466,draw,0,0
1467,draw,0,0
1468,draw,0,0
1469,MinimaxQ,1,-1
1470,draw,0,0
1471,MinimaxQ_2,-1,1
1472,draw,0,0
1473,draw,0,0
1474,draw,0,0
1475,draw,0,0
1476,draw,0,0
1477,draw,0,0
1478,draw,0,0
1479,draw,0,0
1480,draw,0,0
1481,draw,0,0
1482,draw,0,0
1483,draw,0,0
1484,draw,0,0
1485,draw,0,0
1486,draw,0,0
1487,MinimaxQ,1,-1
1488,draw,0,0
1489,draw,0,0
1490,draw,0,0
1491,draw,0,0
1492,draw,0,0
1493,draw,0,0
1494,MinimaxQ,1,-1
1495,draw,0,0
1496,draw,0,0
1497,draw,0,0
1498,MinimaxQ,1,-1
1499,draw,0,0
1500,draw,0,0
1501,MinimaxQ,1,-1
1502,draw,0,0
1503,MinimaxQ,1,-1
1504,draw,0,0
1505,draw,0,0
1506,draw,0,0
1507,draw,0,0
1508,draw,0,0
1509,draw,0,0
1510,draw,0,0
1511,draw,0,0
1512,draw,0,0
1513,draw,0,0
1514,draw,0,0
1515,draw,0,0
1516,draw,0,0
1517,draw,0,0
1518,draw,0,0
1519,draw,0,0
1520,draw,0,0
1521,draw,0,0
1522,MinimaxQ_2,-1,1
1523,draw,0,0
1524,draw,0,0
1525,draw,0,0
1526,draw,0,0
1527,draw,0,0
1528,draw,0,0
1529,draw,0,0
1530,draw,0,0
1531,draw,0,0
1532,draw,0,0
1533,draw,0,0
1534,draw,0,0
1535,draw,0,0
1536,MinimaxQ_2,-1,1
1537,draw,0,0
1538,draw,0,0
1539,draw,0,0
1540,draw,0,0
1541,draw,0,0
1542,MinimaxQ,1,-1
1543,draw,0,0
1544,draw,0,0
1545,draw,0,0
1546,draw,0,0
1547,draw,0,0
1548,MinimaxQ_2,-1,1
1549,draw,0,0
1550,draw,0,0
1551,draw,0,0
1552,draw,0,0
1553,MinimaxQ,1,-1
1554,draw,0,0
1555,draw,0,0
1556,MinimaxQ_2,-1,1
1557,draw,0,0
1558,MinimaxQ_2,-1,1
1559,draw,0,0
1560,draw,0,0
1561,draw,0,0
1562,draw,0,0
1563,draw,0,0
1564,draw,0,0
1565,MinimaxQ_2,-1,1
1566,draw,0,0
1567,draw,0,0
1568,draw,0,0
1569,draw,0,0
1570,draw,0,0
1571,draw,0,0
1572,draw,0,0
1573,MinimaxQ,1,-1
1574,draw,0,0
1575,draw,0,0
1576,draw,0,0
1577,draw,0,0
1578,draw,0,0
1579,draw,0,0
1580,draw,0,0
1581,draw,0,0
1582,draw,0,0
1583,draw,0,0
1584,draw,0,0
1585,draw,0,0
1586,draw,0,0
1587,MinimaxQ_2,-1,1
1588,draw,0,0
1589,draw,0,0
1590,draw,0,0
1591,draw,0,0
1592,draw,0,0
1593,draw,0,0
1594,draw,0,0
1595,MinimaxQ,1,-1
1596,draw,0,0
1597,draw,0,0
1598,draw,0,0
1599,draw,0,0
1600,draw,0,0
1601,draw,0,0
1602,MinimaxQ,1,-1
1603,draw,0,0
1604,draw,0,0
1605,draw,0,0
1606,MinimaxQ_2,-1,1
1607,draw,0,0
1608,draw,0,0
1609,draw,0,0
1610,MinimaxQ_2,-1,1
1611,draw,0,0
1612,draw,0,0
1613,draw,0,0
1614,draw,0,0
1615,draw,0,0
1616,draw,0,0
1617,draw,0,0
1618,draw,0,0
1619,draw,0,0
1620,draw,0,0
1621,draw,0,0
1622,MinimaxQ_2,-1,1
1623,draw,0,0
1624,draw,0,0
1625,draw,0,0
1626,draw,0,0
1627,draw,0,0
1628,draw,0,0
1629,MinimaxQ_2,-1,1
1630,draw,0,0
1631,draw,0,0
1632,draw,0,0
1633,draw,0,0
1634,draw,0,0
1635,MinimaxQ_2,-1,1
1636,draw,0,0
1637,draw,0,0
1638,draw,0,0
1639,draw,0,0
1640,draw,0,0
1641,draw,0,0
1642,draw,0,0
1643,MinimaxQ_2,-1,1
1644,draw,0,0
1645,draw,0,0
1646,draw,0,0
1647,draw,0,0
1648,draw,0,0
1649,draw,0,0
1650,draw,0,0
1651,draw,0,0
1652,draw,0,0
1653,draw,0,0
1654,MinimaxQ_2,-1,1
1655,draw,0,0
1656,draw,0,0
1657,draw,0,0
1658,draw,0,0
1659,draw,0,0
1660,draw,0,0
1661,draw,0,0
1662,draw,0,0
1663,draw,0,0
1664,MinimaxQ,1,-1
1665,draw,0,0
1666,MinimaxQ_2,-1,1
1667,draw,0,0
1668,draw,0,0
1669,draw,0,0
1670,draw,0,0
1671,draw,0,0
1672,draw,0,0
1673,draw,0,0
1674,draw,0,0
1675,MinimaxQ,1,-1
1676,draw,0,0
1677,draw,0,0
1678,MinimaxQ_2,-1,1
1679,draw,0,0
1680,draw,0,0
1681,draw,0,0
1682,MinimaxQ_2,-1,1
1683,draw,0,0
1684,draw,0,0
1685,draw,0,0
1686,draw,0,0
1687,draw,0,0
1688,draw,0,0
1689,draw,0,0
1690,draw,0,0
1691,draw,0,0
1692,draw,0,0
1693,MinimaxQ_2,-1,1
1694,draw,0,0
1695,draw,0,0
1696,draw,0,0
1697,draw,0,0
1698,MinimaxQ,1,-1
1699,draw,0,0
1700,MinimaxQ_2,-1,1
1701,draw,0,0
1702,draw,0,0
1703,draw,0,0
1704,draw,0,0
1705,draw,0,0
1706,draw,0,0
1707,draw,0,0
1708,draw,0,0
1709,draw,0,0
1710,draw,0,0
1711,draw,0,0
1712,draw,0,0
1713,draw,0,0
1714,MinimaxQ,1,-1
1715,draw,0,0
1716,draw,0,0
1717,draw,0,0
1718,draw,0,0
1719,draw,0,0
1720,MinimaxQ_2,-1,1
1721,draw,0,0
1722,draw,0,0
1723,draw,0,0
1724,draw,0,0
1725,draw,0,0
1726,draw,0,0
1727,draw,0,0
1728,draw,0,0
1729,MinimaxQ,1,-1
1730,draw,0,0
1731,draw,0,0
1732,draw,0,0
1733,draw,0,0
1734,MinimaxQ_2,-1,1
1735,draw,0,0
1736,MinimaxQ_2,-1,1
1737,MinimaxQ_2,-1,1
1738,draw,0,0
1739,MinimaxQ,1,-1
1740,draw,0,0
1741,draw,0,0
1742,draw,0,0
1743,draw,0,0
1744,draw,0,0
1745,draw,0,0
1746,MinimaxQ,1,-1
1747,draw,0,0
1748,MinimaxQ,1,-1
1749,draw,0,0
1750,draw,0,0
1751,draw,0,0
1752,MinimaxQ_2,-1,1
1753,draw,0,0
1754,draw,0,0
1755,draw,0,0
1756,draw,0,0
1757,draw,0,0
1758,draw,0,0
1759,draw,0,0
1760,draw,0,0
1761,draw,0,0
1762,draw,0,0
1763,draw,0,0
1764,draw,0,0
1765,draw,0,0
1766,draw,0,0
1767,draw,0,0
1768,draw,0,0
1769,draw,0,0
1770,draw,0,0
1771,draw,0,0
1772,draw,0,0
1773,draw,0,0
1774,draw,0,0
1775,draw,0,0
1776,draw,0,0
1777,draw,0,0
1778,draw,0,0
1779,MinimaxQ_2,-1,1
1780,MinimaxQ,1,-1
1781,draw,0,0
1782,draw,0,0
1783,draw,0,0
1784,draw,0,0
1785,draw,0,0
1786,draw,0,0
1787,draw,0,0
1788,draw,0,0
1789,MinimaxQ_2,-1,1
1790,draw,0,0
1791,draw,0,0
1792,draw,0,0
1793,draw,0,0
1794,draw,0,0
1795,draw,0,0
1796,draw,0,0
1797,draw,0,0
1798,draw,0,0
1799,draw,0,0
1800,draw,0,0
1801,MinimaxQ_2,-1,1
1802,MinimaxQ,1,-1
1803,MinimaxQ_2,-1,1
1804,draw,0,0
1805,draw,0,0
1806,draw,0,0
1807,draw,0,0
1808,draw,0,0
1809,draw,0,0
1810,draw,0,0
1811,draw,0,0
1812,draw,0,0
1813,draw,0,0
1814,draw,0,0
1815,draw,0,0
1816,draw,0,0
1817,MinimaxQ_2,-1,1
1818,draw,0,0
1819,draw,0,0
1820,draw,0,0
1821,draw,0,0
1822,draw,0,0
1823,draw,0,0
1824,draw,0,0
1825,draw,0,0
1826,MinimaxQ_2,-1,1
1827,draw,0,0
1828,draw,0,0
1829,draw,0,0
1830,draw,0,0
1831,draw,0,0
1832,draw,0,0
1833,draw,0,0
1834,draw,0,0
1835,draw,0,0
1836,draw,0,0
1837,draw,0,0
1838,draw,0,0
1839,draw,0,0
1840,MinimaxQ_2,-1,1
1841,draw,0,0
1842,draw,0,0
1843,draw,0,0
1844,MinimaxQ,1,-1
1845,draw,0,0
1846,draw,0,0
1847,draw,0,0
1848,draw,0,0
1849,draw,0,0
1850,draw,0,0
1851,draw,0,0
1852,draw,0,0
1853,draw,0,0
1854,draw,0,0
1855,MinimaxQ_2,-1,1
1856,draw,0,0
1857,draw,0,0
1858,draw,0,0
1859,draw,0,0
1860,draw,0,0
1861,draw,0,0
1862,draw,0,0
1863,draw,0,0
1864,draw,0,0
1865,draw,0,0
1866,MinimaxQ,1,-1
1867,draw,0,0
1868,draw,0,0
1869,draw,0,0
1870,MinimaxQ,1,-1
1871,draw,0,0
1872,draw,0,0
1873,draw,0,0
1874,MinimaxQ,1,-1
1875,draw,0,0
1876,draw,0,0
1877,draw,0,0
1878,draw,0,0
1879,draw,0,0
1880,draw,0,0
1881,draw,0,0
1882,draw,0,0
1883,draw,0,0
1884,MinimaxQ,1,-1
1885,draw,0,0
1886,MinimaxQ,1,-1
1887,draw,0,0
1888,draw,0,0
1889,draw,0,0
1890,draw,0,0
1891,draw,0,0
1892,draw,0,0
1893,MinimaxQ,1,-1
1894,draw,0,0
1895,draw,0,0
1896,draw,0,0
1897,draw,0,0
1898,draw,0,0
1899,draw,0,0
1900,MinimaxQ,1,-1
1901,draw,0,0
1902,draw,0,0
1903,MinimaxQ,1,-1
1904,draw,0,0
1905,draw,0,0
1906,draw,0,0
1907,draw,0,0
1908,draw,0,0
1909,draw,0,0
1910,MinimaxQ,1,-1
1911,draw,0,0
1912,MinimaxQ_2,-1,1
1913,MinimaxQ_2,-1,1
1914,draw,0,0
1915,MinimaxQ_2,-1,1
1916,draw,0,0
1917,MinimaxQ_2,-1,1
1918,draw,0,0
1919,draw,0,0
1920,draw,0,0
1921,draw,0,0
1922,draw,0,0
1923,draw,0,0
1924,MinimaxQ,1,-1
1925,draw,0,0
1926,MinimaxQ,1,-1
1927,draw,0,0
1928,draw,0,0
1929,MinimaxQ_2,-1,1
1930,draw,0,0
1931,MinimaxQ,1,-1
1932,draw,0,0
1933,draw,0,0
1934,draw,0,0
1935,draw,0,0
1936,draw,0,0
1937,MinimaxQ,1,-1
1938,draw,0,0
1939,MinimaxQ,1,-1
1940,draw,0,0
1941,draw,0,0
1942,draw,0,0
1943,draw,0,0
1944,draw,0,0
1945,draw,0,0
1946,draw,0,0
1947,draw,0,0
1948,MinimaxQ_2,-1,1
1949,draw,0,0
1950,draw,0,0
1951,draw,0,0
1952,draw,0,0
1953,draw,0,0
1954,draw,0,0
1955,draw,0,0
1956,draw,0,0
1957,draw,0,0
1958,draw,0,0
1959,MinimaxQ_2,-1,1
1960,draw,0,0
1961,draw,0,0
1962,draw,0,0
1963,MinimaxQ_2,-1,1
1964,draw,0,0
1965,draw,0,0
1966,draw,0,0
1967,draw,0,0
1968,draw,0,0
1969,draw,0,0
1970,draw,0,0
1971,draw,0,0
1972,MinimaxQ_2,-1,1
1973,draw,0,0
1974,draw,0,0
1975,draw,0,0
1976,draw,0,0
1977,draw,0,0
1978,draw,0,0
1979,draw,0,0
1980,draw,0,0
1981,draw,0,0
1982,draw,0,0
1983,MinimaxQ_2,-1,1
1984,draw,0,0
1985,MinimaxQ,1,-1
1986,draw,0,0
1987,draw,0,0
1988,draw,0,0
1989,MinimaxQ_2,-1,1
1990,draw,0,0
1991,draw,0,0
1992,draw,0,0
1993,draw,0,0
1994,MinimaxQ,1,-1
1995,draw,0,0
1996,MinimaxQ,1,-1
1997,draw,0,0
1998,MinimaxQ_2,-1,1
1999,draw,0,0
2000,MinimaxQ,1,-1
2001,draw,0,0
2002,draw,0,0
2003,draw,0,0
2004,MinimaxQ,1,-1
2005,draw,0,0
2006,draw,0,0
2007,draw,0,0
2008,draw,0,0
2009,draw,0,0
2010,draw,0,0
2011,draw,0,0
2012,draw,0,0
2013,draw,0,0
2014,MinimaxQ_2,-1,1
2015,draw,0,0
2016,draw,0,0
2017,draw,0,0
2018,draw,0,0
2019,draw,0,0
2020,draw,0,0
2021,draw,0,0
2022,draw,0,0
2023,draw,0,0
2024,draw,0,0
2025,draw,0,0
2026,draw,0,0
2027,draw,0,0
2028,draw,0,0
2029,draw,0,0
2030,draw,0,0
2031,draw,0,0
2032,draw,0,0
2033,MinimaxQ,1,-1
2034,draw,0,0
2035,draw,0,0
2036,draw,0,0
2037,draw,0,0
2038,draw,0,0
2039,draw,0,0
2040,draw,0,0
2041,draw,0,0
2042,draw,0,0
2043,draw,0,0
2044,draw,0,0
2045,draw,0,0
2046,draw,0,0
2047,draw,0,0
2048,draw,0,0
2049,draw,0,0
2050,draw,0,0
2051,draw,0,0
2052,draw,0,0
2053,MinimaxQ,1,-1
2054,draw,0,0
2055,draw,0,0
2056,draw,0,0
2057,draw,0,0
2058,draw,0,0
2059,draw,0,0
2060,draw,0,0
2061,draw,0,0
2062,draw,0,0
2063,draw,0,0
2064,MinimaxQ_2,-1,1
2065,MinimaxQ,1,-1
2066,draw,0,0
2067,draw,0,0
2068,draw,0,0
2069,draw,0,0
2070,MinimaxQ_2,-1,1
2071,draw,0,0
2072,draw,0,0
2073,draw,0,0
2074,draw,0,0
2075,draw,0,0
2076,draw,0,0
2077,draw,0,0
2078,MinimaxQ,1,-1
2079,draw,0,0
2080,draw,0,0
2081,draw,0,0
2082,draw,0,0
2083,draw,0,0
2084,draw,0,0
2085,MinimaxQ_2,-1,1
2086,draw,0,0
2087,MinimaxQ_2,-1,1
2088,draw,0,0
2089,draw,0,0
2090,draw,0,0
2091,MinimaxQ,1,-1
2092,MinimaxQ,1,-1
2093,draw,0,0
2094,draw,0,0
2095,draw,0,0
2096,MinimaxQ,1,-1
2097,draw,0,0
2098,draw,0,0
2099,draw,0,0
2100,MinimaxQ,1,-1
2101,draw,0,0
2102,draw,0,0
2103,draw,0,0
2104,draw,0,0
2105,draw,0,0
2106,draw,0,0
2107,draw,0,0
2108,draw,0,0
2109,draw,0,0
2110,draw,0,0
2111,draw,0,0
2112,draw,0,0
2113,MinimaxQ_2,-1,1
2114,draw,0,0
2115,MinimaxQ_2,-1,1
2116,draw,0,0
2117,draw,0,0
2118,draw,0,0
2119,draw,0,0
2120,draw,0,0
2121,draw,0,0
2122,draw,0,0
2123,draw,0,0
2124,draw,0,0
2125,draw,0,0
2126,draw,0,0
2127,draw,0,0
2128,draw,0,0
2129,draw,0,0
2130,draw,0,0
2131,draw,0,0
2132,draw,0,0
2133,draw,0,0
2134,draw,0,0
2135,MinimaxQ,1,-1
2136,draw,0,0
2137,draw,0,0
2138,draw,0,0
2139,draw,0,0
2140,draw,0,0
2141,MinimaxQ,1,-1
2142,MinimaxQ,1,-1
2143,draw,0,0
2144,draw,0,0
2145,MinimaxQ_2,-1,1
2146,draw,0,0
2147,draw,0,0
2148,draw,0,0
2149,draw,0,0
2150,draw,0,0
2151,draw,0,0
2152,MinimaxQ,1,-1
2153,MinimaxQ,1,-1
2154,draw,0,0
2155,MinimaxQ,1,-1
2156,MinimaxQ,1,-1
2157,draw,0,0
2158,MinimaxQ_2,-1,1
2159,draw,0,0
2160,draw,0,0
2161,draw,0,0
2162,draw,0,0
2163,draw,0,0
2164,MinimaxQ,1,-1
2165,draw,0,0
2166,draw,0,0
2167,draw,0,0
2168,MinimaxQ_2,-1,1
2169,draw,0,0
2170,draw,0,0
2171,draw,0,0
2172,draw,0,0
2173,draw,0,0
2174,draw,0,0
2175,draw,0,0
2176,draw,0,0
2177,draw,0,0
2178,draw,0,0
2179,MinimaxQ_2,-1,1
2180,draw,0,0
2181,MinimaxQ_2,-1,1
2182,MinimaxQ,1,-1
2183,draw,0,0
2184,draw,0,0
2185,draw,0,0
2186,draw,0,0
2187,MinimaxQ,1,-1
2188,draw,0,0
2189,draw,0,0
2190,draw,0,0
2191,draw,0,0
2192,draw,0,0
2193,draw,0,0
2194,draw,0,0
2195,draw,0,0
2196,draw,0,0
2197,draw,0,0
2198,draw,0,0
2199,draw,0,0
2200,draw,0,0
2201,MinimaxQ_2,-1,1
2202,draw,0,0
2203,MinimaxQ,1,-1
2204,draw,0,0
2205,draw,0,0
2206,draw,0,0
2207,draw,0,0
2208,draw,0,0
2209,draw,0,0
2210,draw,0,0
2211,MinimaxQ,1,-1
2212,draw,0,0
2213,draw,0,0
2214,draw,0,0
2215,draw,0,0
2216,draw,0,0
2217,draw,0,0
2218,draw,0,0
2219,draw,0,0
2220,MinimaxQ,1,-1
2221,draw,0,0
2222,draw,0,0
2223,draw,0,0
2224,draw,0,0
2225,draw,0,0
2226,MinimaxQ,1,-1
2227,draw,0,0
2228,MinimaxQ,1,-1
2229,draw,0,0
2230,draw,0,0
2231,draw,0,0
2232,draw,0,0
2233,draw,0,0
2234,draw,0,0
2235,MinimaxQ,1,-1
2236,draw,0,0
2237,draw,0,0
2238,MinimaxQ_2,-1,1
2239,draw,0,0
2240,draw,0,0
2241,draw,0,0
2242,draw,0,0
2243,draw,0,0
2244,draw,0,0
2245,draw,0,0
2246,draw,0,0
2247,draw,0,0
2248,draw,0,0
2249,draw,0,0
2250,draw,0,0
2251,draw,0,0
2252,MinimaxQ_2,-1,1
2253,draw,0,0
2254,draw,0,0
2255,draw,0,0
2256,draw,0,0
2257,draw,0,0
2258,draw,0,0
2259,draw,0,0
2260,MinimaxQ_2,-1,1
2261,draw,0,0
2262,draw,0,0
2263,draw,0,0
2264,draw,0,0
2265,draw,0,0
2266,draw,0,0
2267,draw,0,0
2268,draw,0,0
2269,draw,0,0
2270,draw,0,0
2271,draw,0,0
2272,draw,0,0
2273,draw,0,0
2274,draw,0,0
2275,MinimaxQ,1,-1
2276,draw,0,0
2277,draw,0,0
2278,MinimaxQ_2,-1,1
2279,MinimaxQ,1,-1
2280,draw,0,0
2281,MinimaxQ,1,-1
2282,draw,0,0
2283,draw,0,0
2284,draw,0,0
2285,draw,0,0
2286,draw,0,0
2287,draw,0,0
2288,draw,0,0
2289,draw,0,0
2290,MinimaxQ,1,-1
2291,draw,0,0
2292,draw,0,0
2293,draw,0,0
2294,draw,0,0
2295,MinimaxQ_2,-1,1
2296,draw,0,0
2297,draw,0,0
2298,draw,0,0
2299,draw,0,0
2300,draw,0,0
2301,draw,0,0
2302,draw,0,0
2303,draw,0,0
2304,draw,0,0
2305,draw,0,0
2306,MinimaxQ,1,-1
2307,draw,0,0
2308,MinimaxQ,1,-1
2309,MinimaxQ_2,-1,1
2310,draw,0,0
2311,draw,0,0
2312,draw,0,0
2313,draw,0,0
2314,draw,0,0
2315,draw,0,0
2316,draw,0,0
2317,draw,0,0
2318,MinimaxQ_2,-1,1
2319,draw,0,0
2320,draw,0,0
2321,draw,0,0
2322,draw,0,0
2323,draw,0,0
2324,draw,0,0
2325,MinimaxQ_2,-1,1
2326,draw,0,0
2327,draw,0,0
2328,draw,0,0
2329,draw,0,0
2330,draw,0,0
2331,MinimaxQ_2,-1,1
2332,draw,0,0
2333,draw,0,0
2334,draw,0,0
2335,draw,0,0
2336,draw,0,0
2337,draw,0,0
2338,MinimaxQ_2,-1,1
2339,draw,0,0
2340,draw,0,0
2341,draw,0,0
2342,draw,0,0
2343,MinimaxQ,1,-1
2344,draw,0,0
2345,draw,0,0
2346,draw,0,0
2347,draw,0,0
2348,draw,0,0
2349,draw,0,0
2350,draw,0,0
2351,draw,0,0
2352,draw,0,0
2353,draw,0,0
2354,draw,0,0
2355,draw,0,0
2356,draw,0,0
2357,draw,0,0
2358,draw,0,0
2359,draw,0,0
2360,draw,0,0
2361,MinimaxQ,1,-1
2362,draw,0,0
2363,draw,0,0
2364,draw,0,0
2365,draw,0,0
2366,draw,0,0
2367,draw,0,0
2368,draw,0,0
2369,MinimaxQ,1,-1
2370,draw,0,0
2371,draw,0,0
2372,draw,0,0
2373,draw,0,0
2374,MinimaxQ,1,-1
2375,draw,0,0
2376,MinimaxQ_2,-1,1
2377,draw,0,0
2378,draw,0,0
2379,MinimaxQ_2,-1,1
2380,draw,0,0
2381,MinimaxQ,1,-1
2382,draw,0,0
2383,draw,0,0
2384,draw,0,0
2385,draw,0,0
2386,draw,0,0
2387,draw,0,0
2388,draw,0,0
2389,draw,0,0
2390,draw,0,0
2391,draw,0,0
2392,draw,0,0
2393,draw,0,0
2394,draw,0,0
2395,draw,0,0
2396,draw,0,0
2397,draw,0,0
2398,draw,0,0
2399,draw,0,0
2400,draw,0,0
2401,draw,0,0
2402,draw,0,0
2403,draw,0,0
2404,MinimaxQ,1,-1
2405,draw,0,0
2406,draw,0,0
2407,draw,0,0
2408,draw,0,0
2409,draw,0,0
2410,draw,0,0
2411,draw,0,0
2412,MinimaxQ_2,-1,1
2413,draw,0,0
2414,MinimaxQ_2,-1,1
2415,MinimaxQ,1,-1
2416,draw,0,0
2417,draw,0,0
2418,draw,0,0
2419,draw,0,0
2420,draw,0,0
2421,MinimaxQ,1,-1
2422,draw,0,0
2423,draw,0,0
2424,draw,0,0
2425,draw,0,0
2426,draw,0,0
2427,draw,0,0
2428,draw,0,0
2429,draw,0,0
2430,draw,0,0
2431,draw,0,0
2432,draw,0,0
2433,MinimaxQ,1,-1
2434,draw,0,0
2435,draw,0,0
2436,MinimaxQ_2,-1,1
2437,draw,0,0
2438,MinimaxQ_2,-1,1
2439,draw,0,0
2440,draw,0,0
2441,draw,0,0
2442,MinimaxQ_2,-1,1
2443,draw,0,0
2444,MinimaxQ,1,-1
2445,draw,0,0
2446,draw,0,0
2447,draw,0,0
2448,draw,0,0
2449,draw,0,0
2450,draw,0,0
2451,draw,0,0
2452,draw,0,0
2453,draw,0,0
2454,draw,0,0
2455,draw,0,0
2456,MinimaxQ_2,-1,1
2457,draw,0,0
2458,draw,0,0
2459,draw,0,0
2460,draw,0,0
2461,draw,0,0
2462,MinimaxQ,1,-1
2463,draw,0,0
2464,draw,0,0
2465,draw,0,0
2466,draw,0,0
2467,draw,0,0
2468,draw,0,0
2469,draw,0,0
2470,draw,0,0
2471,draw,0,0
2472,draw,0,0
2473,draw,0,0
2474,draw,0,0
2475,MinimaxQ_2,-1,1
2476,draw,0,0
2477,draw,0,0
2478,draw,0,0
2479,draw,0,0
2480,MinimaxQ_2,-1,1
2481,draw,0,0
2482,MinimaxQ,1,-1
2483,MinimaxQ,1,-1
2484,draw,0,0
2485,MinimaxQ,1,-1
2486,draw,0,0
2487,draw,0,0
2488,draw,0,0
2489,draw,0,0
2490,draw,0,0
2491,draw,0,0
2492,MinimaxQ,1,-1
2493,MinimaxQ_2,-1,1
2494,draw,0,0
2495,draw,0,0
2496,draw,0,0
2497,draw,0,0
2498,draw,0,0
2499,draw,0,0
2500,MinimaxQ,1,-1
2501,draw,0,0
2502,draw,0,0
2503,draw,0,0
2504,MinimaxQ,1,-1
2505,draw,0,0
2506,draw,0,0
2507,draw,0,0
2508,MinimaxQ,1,-1
2509,draw,0,0
2510,draw,0,0
2511,MinimaxQ,1,-1
2512,draw,0,0
2513,draw,0,0
2514,draw,0,0
2515,draw,0,0
2516,draw,0,0
2517,draw,0,0
2518,draw,0,0
2519,draw,0,0
2520,MinimaxQ_2,-1,1
2521,draw,0,0
2522,draw,0,0
2523,draw,0,0
2524,draw,0,0
2525,draw,0,0
2526,draw,0,0
2527,draw,0,0
2528,draw,0,0
2529,draw,0,0
2530,draw,0,0
2531,draw,0,0
2532,draw,0,0
2533,draw,0,0
2534,draw,0,0
2535,draw,0,0
2536,draw,0,0
2537,draw,0,0
2538,draw,0,0
2539,draw,0,0
2540,draw,0,0
2541,MinimaxQ_2,-1,1
2542,draw,0,0
2543,draw,0,0
2544,draw,0,0
2545,draw,0,0
2546,draw,0,0
2547,draw,0,0
2548,draw,0,0
2549,draw,0,0
2550,draw,0,0
2551,draw,0,0
2552,draw,0,0
2553,draw,0,0
2554,draw,0,0
2555,draw,0,0
2556,draw,0,0
2557,draw,0,0
2558,draw,0,0
2559,MinimaxQ_2,-1,1
2560,draw,0,0
2561,draw,0,0
2562,draw,0,0
2563,draw,0,0
2564,draw,0,0
2565,draw,0,0
2566,draw,0,0
2567,draw,0,0
2568,draw,0,0
2569,MinimaxQ_2,-1,1
2570,draw,0,0
2571,draw,0,0
2572,draw,0,0
2573,draw,0,0
2574,draw,0,0
2575,draw,0,0
2576,draw,0,0
2577,draw,0,0
2578,draw,0,0
2579,draw,0,0
2580,draw,0,0
2581,draw,0,0
2582,draw,0,0
2583,draw,0,0
2584,draw,0,0
2585,draw,0,0
2586,draw,0,0
2587,draw,0,0
2588,draw,0,0
2589,draw,0,0
2590,draw,0,0
2591,draw,0,0
2592,draw,0,0
2593,draw,0,0
2594,draw,0,0
2595,draw,0,0
2596,draw,0,0
2597,MinimaxQ,1,-1
2598,draw,0,0
2599,draw,0,0
2600,draw,0,0
2601,MinimaxQ_2,-1,1
2602,draw,0,0
2603,draw,0,0
2604,draw,0,0
2605,MinimaxQ_2,-1,1
2606,draw,0,0
2607,draw,0,0
2608,draw,0,0
2609,draw,0,0
2610,draw,0,0
2611,draw,0,0
2612,draw,0,0
2613,draw,0,0
2614,MinimaxQ,1,-1
2615,draw,0,0
2616,draw,0,0
2617,draw,0,0
2618,draw,0,0
2619,draw,0,0
2620,draw,0,0
2621,draw,0,0
2622,draw,0,0
2623,draw,0,0
2624,draw,0,0
2625,MinimaxQ_2,-1,1
2626,draw,0,0
2627,draw,0,0
2628,draw,0,0
2629,draw,0,0
2630,draw,0,0
2631,MinimaxQ_2,-1,1
2632,draw,0,0
2633,MinimaxQ,1,-1
2634,draw,0,0
2635,MinimaxQ_2,-1,1
2636,MinimaxQ_2,-1,1
2637,draw,0,0
2638,draw,0,0
2639,draw,0,0
2640,draw,0,0
2641,MinimaxQ,1,-1
2642,draw,0,0
2643,MinimaxQ,1,-1
2644,draw,0,0
2645,draw,0,0
2646,MinimaxQ,1,-1
2647,draw,0,0
2648,MinimaxQ,1,-1
2649,draw,0,0
2650,draw,0,0
2651,draw,0,0
2652,MinimaxQ_2,-1,1
2653,draw,0,0
2654,draw,0,0
2655,draw,0,0
2656,MinimaxQ_2,-1,1
2657,draw,0,0
2658,draw,0,0
2659,draw,0,0
2660,draw,0,0
2661,draw,0,0
2662,draw,0,0
2663,draw,0,0
2664,draw,0,0
2665,MinimaxQ,1,-1
2666,MinimaxQ_2,-1,1
2667,draw,0,0
2668,draw,0,0
2669,MinimaxQ_2,-1,1
2670,MinimaxQ_2,-1,1
2671,draw,0,0
2672,draw,0,0
2673,draw,0,0
2674,draw,0,0
2675,draw,0,0
2676,draw,0,0
2677,draw,0,0
2678,draw,0,0
2679,draw,0,0
2680,draw,0,0
2681,draw,0,0
2682,draw,0,0
2683,MinimaxQ,1,-1
2684,draw,0,0
2685,draw,0,0
2686,draw,0,0
2687,draw,0,0
2688,draw,0,0
2689,MinimaxQ_2,-1,1
2690,draw,0,0
2691,draw,0,0
2692,draw,0,0
2693,draw,0,0
2694,draw,0,0
2695,draw,0,0
2696,draw,0,0
2697,draw,0,0
2698,draw,0,0
2699,draw,0,0
2700,draw,0,0
2701,draw,0,0
2702,draw,0,0
2703,draw,0,0
2704,draw,0,0
2705,draw,0,0
2706,draw,0,0
2707,draw,0,0
2708,MinimaxQ_2,-1,1
2709,draw,0,0
2710,draw,0,0
2711,draw,0,0
2712,draw,0,0
2713,draw,0,0
2714,draw,0,0
2715,draw,0,0
2716,draw,0,0
2717,MinimaxQ,1,-1
2718,draw,0,0
2719,draw,0,0
2720,MinimaxQ_2,-1,1
2721,draw,0,0
2722,draw,0,0
2723,draw,0,0
2724,draw,0,0
2725,draw,0,0
2726,draw,0,0
2727,draw,0,0
2728,draw,0,0
2729,draw,0,0
2730,draw,0,0
2731,draw,0,0
2732,draw,0,0
2733,draw,0,0
2734,draw,0,0
2735,draw,0,0
2736,draw,0,0
2737,draw,0,0
2738,draw,0,0
2739,draw,0,0
2740,draw,0,0
2741,draw,0,0
2742,draw,0,0
2743,draw,0,0
2744,MinimaxQ,1,-1
2745,MinimaxQ,1,-1
2746,draw,0,0
2747,draw,0,0
2748,draw,0,0
2749,draw,0,0
2750,draw,0,0
2751,MinimaxQ_2,-1,1
2752,draw,0,0
2753,draw,0,0
2754,draw,0,0
2755,MinimaxQ_2,-1,1
2756,draw,0,0
2757,draw,0,0
2758,draw,0,0
2759,draw,0,0
2760,MinimaxQ_2,-1,1
2761,draw,0,0
2762,draw,0,0
2763,draw,0,0
2764,draw,0,0
2765,draw,0,0
2766,draw,0,0
2767,draw,0,0
2768,draw,0,0
2769,draw,0,0
2770,draw,0,0
2771,MinimaxQ,1,-1
2772,MinimaxQ,1,-1
2773,draw,0,0
2774,draw,0,0
2775,draw,0,0
2776,draw,0,0
2777,draw,0,0
2778,draw,0,0
2779,MinimaxQ,1,-1
2780,draw,0,0
2781,draw,0,0
2782,draw,0,0
2783,draw,0,0
2784,draw,0,0
2785,draw,0,0
2786,draw,0,0
2787,draw,0,0
2788,draw,0,0
2789,draw,0,0
2790,MinimaxQ_2,-1,1
2791,draw,0,0
2792,draw,0,0
2793,draw,0,0
2794,draw,0,0
2795,draw,0,0
2796,draw,0,0
2797,draw,0,0
2798,draw,0,0
2799,draw,0,0
2800,draw,0,0
2801,draw,0,0
2802,draw,0,0
2803,draw,0,0
2804,draw,0,0
2805,draw,0,0
2806,draw,0,0
2807,draw,0,0
2808,draw,0,0
2809,draw,0,0
2810,draw,0,0
2811,draw,0,0
2812,draw,0,0
2813,draw,0,0
2814,draw,0,0
2815,draw,0,0
2816,draw,0,0
2817,draw,0,0
2818,draw,0,0
2819,draw,0,0
2820,draw,0,0
2821,draw,0,0
2822,MinimaxQ_2,-1,1
2823,draw,0,0
2824,MinimaxQ_2,-1,1
2825,MinimaxQ_2,-1,1
2826,draw,0,0
2827,draw,0,0
2828,MinimaxQ_2,-1,1
2829,draw,0,0
2830,draw,0,0
2831,draw,0,0
2832,draw,0,0
2833,draw,0,0
2834,draw,0,0
2835,draw,0,0
2836,MinimaxQ_2,-1,1
2837,MinimaxQ_2,-1,1
2838,draw,0,0
2839,draw,0,0
2840,draw,0,0
2841,draw,0,0
2842,draw,0,0
2843,draw,0,0
2844,draw,0,0
2845,draw,0,0
2846,draw,0,0
2847,draw,0,0
2848,draw,0,0
2849,draw,0,0
2850,draw,0,0
2851,MinimaxQ,1,-1
2852,draw,0,0
2853,draw,0,0
2854,MinimaxQ,1,-1
2855,draw,0,0
2856,draw,0,0
2857,MinimaxQ,1,-1
2858,draw,0,0
2859,draw,0,0
2860,draw,0,0
2861,draw,0,0
2862,MinimaxQ,1,-1
2863,MinimaxQ,1,-1
2864,draw,0,0
2865,draw,0,0
2866,draw,0,0
2867,draw,0,0
2868,draw,0,0
2869,MinimaxQ_2,-1,1
2870,MinimaxQ_2,-1,1
2871,MinimaxQ,1,-1
2872,draw,0,0
2873,draw,0,0
2874,draw,0,0
2875,draw,0,0
2876,draw,0,0
2877,draw,0,0
2878,draw,0,0
2879,MinimaxQ,1,-1
2880,draw,0,0
2881,draw,0,0
2882,draw,0,0
2883,draw,0,0
2884,draw,0,0
2885,draw,0,0
2886,draw,0,0
2887,MinimaxQ_2,-1,1
2888,draw,0,0
2889,draw,0,0
2890,draw,0,0
2891,draw,0,0
2892,draw,0,0
2893,draw,0,0
2894,draw,0,0
2895,MinimaxQ,1,-1
2896,draw,0,0
2897,draw,0,0
2898,draw,0,0
2899,draw,0,0
2900,draw,0,0
2901,draw,0,0
2902,draw,0,0
2903,draw,0,0
2904,MinimaxQ,1,-1
2905,draw,0,0
2906,draw,0,0
2907,draw,0,0
2908,MinimaxQ_2,-1,1
2909,draw,0,0
2910,MinimaxQ,1,-1
2911,draw,0,0
2912,draw,0,0
2913,draw,0,0
2914,draw,0,0
2915,draw,0,0
2916,draw,0,0
2917,draw,0,0
2918,draw,0,0
2919,draw,0,0
2920,draw,0,0
2921,MinimaxQ_2,-1,1
2922,draw,0,0
2923,draw,0,0
2924,draw,0,0
2925,draw,0,0
2926,draw,0,0
2927,MinimaxQ,1,-1
2928,draw,0,0
2929,draw,0,0
2930,draw,0,0
2931,draw,0,0
2932,MinimaxQ,1,-1
2933,draw,0,0
2934,MinimaxQ_2,-1,1
2935,draw,0,0
2936,MinimaxQ_2,-1,1
2937,draw,0,0
2938,draw,0,0
2939,MinimaxQ_2,-1,1
2940,draw,0,0
2941,draw,0,0
2942,draw,0,0
2943,draw,0,0
2944,draw,0,0
2945,draw,0,0
2946,draw,0,0
2947,draw,0,0
2948,MinimaxQ,1,-1
2949,draw,0,0
2950,draw,0,0
2951,draw,0,0
2952,draw,0,0
2953,draw,0,0
2954,draw,0,0
2955,draw,0,0
2956,draw,0,0
2957,draw,0,0
2958,draw,0,0
2959,draw,0,0
2960,draw,0,0
2961,draw,0,0
2962,draw,0,0
2963,draw,0,0
2964,MinimaxQ,1,-1
2965,MinimaxQ_2,-1,1
2966,draw,0,0
2967,draw,0,0
2968,draw,0,0
2969,draw,0,0
2970,draw,0,0
2971,draw,0,0
2972,draw,0,0
2973,draw,0,0
2974,draw,0,0
2975,draw,0,0
2976,draw,0,0
2977,draw,0,0
2978,draw,0,0
2979,draw,0,0
2980,MinimaxQ,1,-1
2981,draw,0,0
2982,MinimaxQ,1,-1
2983,draw,0,0
2984,draw,0,0
2985,draw,0,0
2986,draw,0,0
2987,draw,0,0
2988,draw,0,0
2989,draw,0,0
2990,draw,0,0
2991,MinimaxQ_2,-1,1
2992,draw,0,0
2993,MinimaxQ,1,-1
2994,draw,0,0
2995,draw,0,0
2996,draw,0,0
2997,draw,0,0
2998,draw,0,0
2999,draw,0,0
3000,MinimaxQ_2,-1,1
3001,MinimaxQ_2,-1,1
3002,draw,0,0
3003,draw,0,0
3004,draw,0,0
3005,draw,0,0
3006,draw,0,0
3007,draw,0,0
3008,draw,0,0
3009,draw,0,0
3010,draw,0,0
3011,draw,0,0
3012,draw,0,0
3013,draw,0,0
3014,draw,0,0
3015,draw,0,0
3016,draw,0,0
3017,MinimaxQ_2,-1,1
3018,draw,0,0
3019,draw,0,0
3020,draw,0,0
3021,draw,0,0
3022,MinimaxQ_2,-1,1
3023,draw,0,0
3024,draw,0,0
3025,MinimaxQ,1,-1
3026,draw,0,0
3027,draw,0,0
3028,draw,0,0
3029,draw,0,0
3030,draw,0,0
3031,draw,0,0
3032,draw,0,0
3033,draw,0,0
3034,draw,0,0
3035,draw,0,0
3036,draw,0,0
3037,draw,0,0
3038,draw,0,0
3039,draw,0,0
3040,draw,0,0
3041,draw,0,0
3042,draw,0,0
3043,draw,0,0
3044,draw,0,0
3045,MinimaxQ,1,-1
3046,draw,0,0
3047,draw,0,0
3048,draw,0,0
3049,draw,0,0
3050,MinimaxQ,1,-1
3051,MinimaxQ,1,-1
3052,MinimaxQ_2,-1,1
3053,draw,0,0
3054,MinimaxQ_2,-1,1
3055,MinimaxQ,1,-1
3056,draw,0,0
3057,draw,0,0
3058,draw,0,0
3059,draw,0,0
3060,draw,0,0
3061,draw,0,0
3062,draw,0,0
3063,draw,0,0
3064,draw,0,0
3065,draw,0,0
3066,MinimaxQ,1,-1
3067,draw,0,0
3068,draw,0,0
3069,draw,0,0
3070,draw,0,0
3071,draw,0,0
3072,draw,0,0
3073,draw,0,0
3074,draw,0,0
3075,draw,0,0
3076,draw,0,0
3077,MinimaxQ,1,-1
3078,draw,0,0
3079,MinimaxQ_2,-1,1
3080,draw,0,0
3081,draw,0,0
3082,draw,0,0
3083,MinimaxQ,1,-1
3084,draw,0,0
3085,draw,0,0
3086,draw,0,0
3087,draw,0,0
3088,draw,0,0
3089,draw,0,0
3090,MinimaxQ,1,-1
3091,draw,0,0
3092,MinimaxQ,1,-1
3093,draw,0,0
3094,draw,0,0
3095,draw,0,0
3096,draw,0,0
3097,MinimaxQ_2,-1,1
3098,draw,0,0
3099,draw,0,0
3100,draw,0,0
3101,draw,0,0
3102,draw,0,0
3103,MinimaxQ_2,-1,1
3104,draw,0,0
3105,draw,0,0
3106,draw,0,0
3107,draw,0,0
3108,MinimaxQ_2,-1,1
3109,draw,0,0
3110,MinimaxQ_2,-1,1
3111,draw,0,0
3112,draw,0,0
3113,draw,0,0
3114,draw,0,0
3115,draw,0,0
3116,draw,0,0
3117,draw,0,0
3118,draw,0,0
3119,draw,0,0
3120,draw,0,0
3121,MinimaxQ_2,-1,1
3122,MinimaxQ_2,-1,1
3123,draw,0,0
3124,draw,0,0
3125,MinimaxQ,1,-1
3126,draw,0,0
3127,draw,0,0
3128,draw,0,0
3129,draw,0,0
3130,draw,0,0
3131,MinimaxQ_2,-1,1
3132,draw,0,0
3133,draw,0,0
3134,draw,0,0
3135,draw,0,0
3136,draw,0,0
3137,draw,0,0
3138,draw,0,0
3139,draw,0,0
3140,draw,0,0
3141,draw,0,0
3142,draw,0,0
3143,draw,0,0
3144,draw,0,0
3145,draw,0,0
3146,draw,0,0
3147,draw,0,0
3148,draw,0,0
3149,draw,0,0
3150,draw,0,0
3151,draw,0,0
3152,draw,0,0
3153,MinimaxQ_2,-1,1
3154,draw,0,0
3155,draw,0,0
3156,MinimaxQ,1,-1
3157,draw,0,0
3158,draw,0,0
3159,draw,0,0
3160,draw,0,0
3161,draw,0,0
3162,draw,0,0
3163,draw,0,0
3164,draw,0,0
3165,MinimaxQ_2,-1,1
3166,draw,0,0
3167,draw,0,0
3168,MinimaxQ_2,-1,1
3169,draw,0,0
3170,MinimaxQ,1,-1
3171,MinimaxQ_2,-1,1
3172,MinimaxQ,1,-1
3173,draw,0,0
3174,draw,0,0
3175,draw,0,0
3176,draw,0,0
3177,draw,0,0
3178,MinimaxQ_2,-1,1
3179,MinimaxQ_2,-1,1
3180,MinimaxQ_2,-1,1
3181,MinimaxQ,1,-1
3182,draw,0,0
3183,draw,0,0
3184,draw,0,0
3185,draw,0,0
3186,draw,0,0
3187,draw,0,0
3188,MinimaxQ_2,-1,1
3189,MinimaxQ_2,-1,1
3190,draw,0,0
3191,draw,0,0
3192,draw,0,0
3193,MinimaxQ,1,-1
3194,draw,0,0
3195,draw,0,0
3196,draw,0,0
3197,MinimaxQ_2,-1,1
3198,draw,0,0
3199,MinimaxQ,1,-1
3200,draw,0,0
3201,draw,0,0
3202,draw,0,0
3203,MinimaxQ,1,-1
3204,draw,0,0
3205,draw,0,0
3206,draw,0,0
3207,MinimaxQ,1,-1
3208,draw,0,0
3209,draw,0,0
3210,MinimaxQ_2,-1,1
3211,draw,0,0
3212,MinimaxQ_2,-1,1
3213,draw,0,0
3214,MinimaxQ,1,-1
3215,draw,0,0
3216,draw,0,0
3217,draw,0,0
3218,draw,0,0
3219,draw,0,0
3220,draw,0,0
3221,draw,0,0
3222,draw,0,0
3223,draw,0,0
3224,draw,0,0
3225,draw,0,0
3226,draw,0,0
3227,draw,0,0
3228,draw,0,0
3229,draw,0,0
3230,draw,0,0
3231,MinimaxQ_2,-1,1
3232,draw,0,0
3233,draw,0,0
3234,draw,0,0
3235,MinimaxQ,1,-1
3236,draw,0,0
3237,draw,0,0
3238,draw,0,0
3239,draw,0,0
3240,draw,0,0
3241,draw,0,0
3242,draw,0,0
3243,draw,0,0
3244,draw,0,0
3245,draw,0,0
3246,draw,0,0
3247,draw,0,0
3248,draw,0,0
3249,MinimaxQ_2,-1,1
3250,draw,0,0
3251,draw,0,0
3252,MinimaxQ,1,-1
3253,draw,0,0
3254,draw,0,0
3255,MinimaxQ,1,-1
3256,MinimaxQ,1,-1
3257,draw,0,0
3258,draw,0,0
3259,draw,0,0
3260,draw,0,0
3261,draw,0,0
3262,MinimaxQ_2,-1,1
3263,draw,0,0
3264,draw,0,0
3265,draw,0,0
3266,draw,0,0
3267,draw,0,0
3268,draw,0,0
3269,draw,0,0
3270,draw,0,0
3271,draw,0,0
3272,draw,0,0
3273,draw,0,0
3274,draw,0,0
3275,draw,0,0
3276,draw,0,0
3277,draw,0,0
3278,draw,0,0
3279,draw,0,0
3280,draw,0,0
3281,draw,0,0
3282,draw,0,0
3283,draw,0,0
3284,draw,0,0
3285,draw,0,0
3286,draw,0,0
3287,MinimaxQ,1,-1
3288,MinimaxQ,1,-1
3289,MinimaxQ,1,-1
3290,draw,0,0
3291,draw,0,0
3292,MinimaxQ_2,-1,1
3293,draw,0,0
3294,draw,0,0
3295,MinimaxQ_2,-1,1
3296,draw,0,0
3297,draw,0,0
3298,MinimaxQ,1,-1
3299,draw,0,0
3300,draw,0,0
3301,draw,0,0
3302,MinimaxQ,1,-1
3303,MinimaxQ_2,-1,1
3304,MinimaxQ,1,-1
3305,draw,0,0
3306,draw,0,0
3307,MinimaxQ_2,-1,1
3308,draw,0,0
3309,draw,0,0
3310,draw,0,0
3311,MinimaxQ_2,-1,1
3312,draw,0,0
3313,draw,0,0
3314,draw,0,0
3315,draw,0,0
3316,draw,0,0
3317,draw,0,0
3318,MinimaxQ_2,-1,1
3319,MinimaxQ,1,-1
3320,MinimaxQ,1,-1
3321,draw,0,0
3322,draw,0,0
3323,draw,0,0
3324,draw,0,0
3325,MinimaxQ_2,-1,1
3326,draw,0,0
3327,MinimaxQ,1,-1
3328,draw,0,0
3329,draw,0,0
3330,draw,0,0
3331,draw,0,0
3332,MinimaxQ_2,-1,1
3333,draw,0,0
3334,MinimaxQ_2,-1,1
3335,draw,0,0
3336,draw,0,0
3337,draw,0,0
3338,draw,0,0
3339,draw,0,0
3340,draw,0,0
3341,draw,0,0
3342,draw,0,0
3343,MinimaxQ,1,-1
3344,draw,0,0
3345,draw,0,0
3346,draw,0,0
3347,draw,0,0
3348,draw,0,0
3349,draw,0,0
3350,draw,0,0
3351,draw,0,0
3352,draw,0,0
3353,draw,0,0
3354,draw,0,0
3355,draw,0,0
3356,draw,0,0
3357,MinimaxQ_2,-1,1
3358,draw,0,0
3359,MinimaxQ,1,-1
3360,MinimaxQ,1,-1
3361,draw,0,0
3362,draw,0,0
3363,draw,0,0
3364,draw,0,0
3365,draw,0,0
3366,draw,0,0
3367,draw,0,0
3368,draw,0,0
3369,MinimaxQ_2,-1,1
3370,draw,0,0
3371,draw,0,0
3372,draw,0,0
3373,draw,0,0
3374,draw,0,0
3375,draw,0,0
3376,draw,0,0
3377,draw,0,0
3378,draw,0,0
3379,draw,0,0
3380,MinimaxQ_2,-1,1
3381,draw,0,0
3382,draw,0,0
3383,draw,0,0
3384,draw,0,0
3385,draw,0,0
3386,draw,0,0
3387,draw,0,0
3388,draw,0,0
3389,draw,0,0
3390,draw,0,0
3391,draw,0,0
3392,draw,0,0
3393,draw,0,0
3394,draw,0,0
3395,draw,0,0
3396,draw,0,0
3397,draw,0,0
3398,draw,0,0
3399,draw,0,0
3400,draw,0,0
3401,draw,0,0
3402,MinimaxQ_2,-1,1
3403,draw,0,0
3404,draw,0,0
3405,MinimaxQ,1,-1
3406,draw,0,0
3407,draw,0,0
3408,MinimaxQ,1,-1
3409,draw,0,0
3410,draw,0,0
3411,MinimaxQ,1,-1
3412,MinimaxQ,1,-1
3413,draw,0,0
3414,draw,0,0
3415,draw,0,0
3416,draw,0,0
3417,draw,0,0
3418,draw,0,0
3419,draw,0,0
3420,draw,0,0
3421,draw,0,0
3422,draw,0,0
3423,draw,0,0
3424,draw,0,0
3425,MinimaxQ_2,-1,1
3426,draw,0,0
3427,draw,0,0
3428,draw,0,0
3429,draw,0,0
3430,draw,0,0
3431,draw,0,0
3432,draw,0,0
3433,draw,0,0
3434,draw,0,0
3435,draw,0,0
3436,draw,0,0
3437,draw,0,0
3438,draw,0,0
3439,draw,0,0
3440,draw,0,0
3441,draw,0,0
3442,draw,0,0
3443,draw,0,0
3444,MinimaxQ_2,-1,1
3445,draw,0,0
3446,draw,0,0
3447,draw,0,0
3448,draw,0,0
3449,MinimaxQ_2,-1,1
3450,MinimaxQ,1,-1
3451,draw,0,0
3452,draw,0,0
3453,draw,0,0
3454,draw,0,0
3455,MinimaxQ_2,-1,1
3456,draw,0,0
3457,draw,0,0
3458,draw,0,0
3459,draw,0,0
3460,draw,0,0
3461,draw,0,0
3462,draw,0,0
3463,draw,0,0
3464,draw,0,0
3465,draw,0,0
3466,MinimaxQ_2,-1,1
3467,MinimaxQ_2,-1,1
3468,draw,0,0
3469,draw,0,0
3470,draw,0,0
3471,draw,0,0
3472,draw,0,0
3473,draw,0,0
3474,draw,0,0
3475,draw,0,0
3476,draw,0,0
3477,draw,0,0
3478,draw,0,0
3479,draw,0,0
3480,draw,0,0
3481,draw,0,0
3482,draw,0,0
3483,draw,0,0
3484,MinimaxQ,1,-1
3485,draw,0,0
3486,draw,0,0
3487,draw,0,0
3488,draw,0,0
3489,draw,0,0
3490,draw,0,0
3491,draw,0,0
3492,draw,0,0
3493,draw,0,0
3494,draw,0,0
3495,draw,0,0
3496,draw,0,0
3497,draw,0,0
3498,draw,0,0
3499,draw,0,0
3500,draw,0,0
3501,draw,0,0
3502,MinimaxQ_2,-1,1
3503,draw,0,0
3504,draw,0,0
3505,draw,0,0
3506,draw,0,0
3507,draw,0,0
3508,draw,0,0
3509,draw,0,0
3510,draw,0,0
3511,draw,0,0
3512,MinimaxQ_2,-1,1
3513,MinimaxQ_2,-1,1
3514,draw,0,0
3515,draw,0,0
3516,draw,0,0
3517,draw,0,0
3518,draw,0,0
3519,MinimaxQ,1,-1
3520,draw,0,0
3521,draw,0,0
3522,draw,0,0
3523,draw,0,0
3524,MinimaxQ,1,-1
3525,draw,0,0
3526,draw,0,0
3527,draw,0,0
3528,draw,0,0
3529,draw,0,0
3530,draw,0,0
3531,draw,0,0
3532,draw,0,0
3533,draw,0,0
3534,draw,0,0
3535,MinimaxQ,1,-1
3536,draw,0,0
3537,draw,0,0
3538,draw,0,0
3539,draw,0,0
3540,draw,0,0
3541,draw,0,0
3542,draw,0,0
3543,MinimaxQ,1,-1
3544,draw,0,0
3545,MinimaxQ_2,-1,1
3546,MinimaxQ_2,-1,1
3547,draw,0,0
3548,draw,0,0
3549,draw,0,0
3550,draw,0,0
3551,draw,0,0
3552,draw,0,0
3553,draw,0,0
3554,draw,0,0
3555,draw,0,0
3556,draw,0,0
3557,draw,0,0
3558,MinimaxQ,1,-1
3559,draw,0,0
3560,draw,0,0
3561,MinimaxQ,1,-1
3562,draw,0,0
3563,MinimaxQ,1,-1
3564,draw,0,0
3565,draw,0,0
3566,draw,0,0
3567,draw,0,0
3568,draw,0,0
3569,draw,0,0
3570,draw,0,0
3571,draw,0,0
3572,draw,0,0
3573,draw,0,0
3574,draw,0,0
3575,draw,0,0
3576,draw,0,0
3577,draw,0,0
3578,MinimaxQ,1,-1
3579,MinimaxQ,1,-1
3580,draw,0,0
3581,draw,0,0
3582,MinimaxQ,1,-1
3583,draw,0,0
3584,draw,0,0
3585,draw,0,0
3586,draw,0,0
3587,draw,0,0
3588,draw,0,0
3589,draw,0,0
3590,draw,0,0
3591,draw,0,0
3592,draw,0,0
3593,draw,0,0
3594,draw,0,0
3595,draw,0,0
3596,draw,0,0
3597,draw,0,0
3598,draw,0,0
3599,draw,0,0
3600,MinimaxQ,1,-1
3601,draw,0,0
3602,MinimaxQ,1,-1
3603,draw,0,0
3604,draw,0,0
3605,draw,0,0
3606,draw,0,0
3607,draw,0,0
3608,draw,0,0
3609,draw,0,0
3610,draw,0,0
3611,draw,0,0
3612,draw,0,0
3613,draw,0,0
3614,MinimaxQ_2,-1,1
3615,draw,0,0
3616,draw,0,0
3617,draw,0,0
3618,draw,0,0
3619,draw,0,0
3620,draw,0,0
3621,draw,0,0
3622,draw,0,0
3623,MinimaxQ,1,-1
3624,draw,0,0
3625,MinimaxQ_2,-1,1
3626,draw,0,0
3627,draw,0,0
3628,draw,0,0
3629,draw,0,0
3630,draw,0,0
3631,draw,0,0
3632,draw,0,0
3633,draw,0,0
3634,draw,0,0
3635,draw,0,0
3636,draw,0,0
3637,MinimaxQ_2,-1,1
3638,draw,0,0
3639,draw,0,0
3640,MinimaxQ_2,-1,1
3641,draw,0,0
3642,MinimaxQ_2,-1,1
3643,draw,0,0
3644,draw,0,0
3645,draw,0,0
3646,MinimaxQ,1,-1
3647,draw,0,0
3648,draw,0,0
3649,draw,0,0
3650,draw,0,0
3651,draw,0,0
3652,draw,0,0
3653,draw,0,0
3654,draw,0,0
3655,draw,0,0
3656,draw,0,0
3657,draw,0,0
3658,draw,0,0
3659,draw,0,0
3660,draw,0,0
3661,MinimaxQ_2,-1,1
3662,draw,0,0
3663,draw,0,0
3664,draw,0,0
3665,draw,0,0
3666,draw,0,0
3667,draw,0,0
3668,draw,0,0
3669,draw,0,0
3670,draw,0,0
3671,MinimaxQ,1,-1
3672,draw,0,0
3673,draw,0,0
3674,draw,0,0
3675,draw,0,0
3676,draw,0,0
3677,draw,0,0
3678,draw,0,0
3679,draw,0,0
3680,draw,0,0
3681,draw,0,0
3682,MinimaxQ,1,-1
3683,draw,0,0
3684,draw,0,0
3685,draw,0,0
3686,draw,0,0
3687,MinimaxQ,1,-1
3688,draw,0,0
3689,draw,0,0
3690,draw,0,0
3691,draw,0,0
3692,draw,0,0
3693,draw,0,0
3694,draw,0,0
3695,MinimaxQ,1,-1
3696,draw,0,0
3697,draw,0,0
3698,draw,0,0
3699,draw,0,0
3700,MinimaxQ_2,-1,1
3701,draw,0,0
3702,draw,0,0
3703,draw,0,0
3704,MinimaxQ,1,-1
3705,draw,0,0
3706,draw,0,0
3707,draw,0,0
3708,MinimaxQ,1,-1
3709,draw,0,0
3710,draw,0,0
3711,draw,0,0
3712,MinimaxQ_2,-1,1
3713,MinimaxQ,1,-1
3714,draw,0,0
3715,draw,0,0
3716,draw,0,0
3717,draw,0,0
3718,draw,0,0
3719,draw,0,0
3720,draw,0,0
3721,draw,0,0
3722,MinimaxQ_2,-1,1
3723,draw,0,0
3724,draw,0,0
3725,draw,0,0
3726,MinimaxQ,1,-1
3727,draw,0,0
3728,draw,0,0
3729,draw,0,0
3730,draw,0,0
3731,draw,0,0
3732,draw,0,0
3733,draw,0,0
3734,MinimaxQ_2,-1,1
3735,draw,0,0
3736,draw,0,0
3737,draw,0,0
3738,draw,0,0
3739,draw,0,0
3740,draw,0,0
3741,draw,0,0
3742,draw,0,0
3743,draw,0,0
3744,draw,0,0
3745,draw,0,0
3746,draw,0,0
3747,MinimaxQ_2,-1,1
3748,draw,0,0
3749,draw,0,0
3750,MinimaxQ,1,-1
3751,MinimaxQ,1,-1
3752,MinimaxQ,1,-1
3753,draw,0,0
3754,draw,0,0
3755,draw,0,0
3756,draw,0,0
3757,draw,0,0
3758,draw,0,0
3759,MinimaxQ_2,-1,1
3760,draw,0,0
3761,draw,0,0
3762,MinimaxQ_2,-1,1
3763,draw,0,0
3764,draw,0,0
3765,draw,0,0
3766,MinimaxQ_2,-1,1
3767,draw,0,0
3768,draw,0,0
3769,draw,0,0
3770,draw,0,0
3771,draw,0,0
3772,draw,0,0
3773,draw,0,0
3774,draw,0,0
3775,draw,0,0
3776,draw,0,0
3777,draw,0,0
3778,draw,0,0
3779,draw,0,0
3780,draw,0,0
3781,draw,0,0
3782,draw,0,0
3783,draw,0,0
3784,draw,0,0
3785,draw,0,0
3786,draw,0,0
3787,draw,0,0
3788,draw,0,0
3789,draw,0,0
3790,draw,0,0
3791,MinimaxQ_2,-1,1
3792,draw,0,0
3793,draw,0,0
3794,draw,0,0
3795,draw,0,0
3796,draw,0,0
3797,draw,0,0
3798,draw,0,0
3799,draw,0,0
3800,draw,0,0
3801,draw,0,0
3802,draw,0,0
3803,MinimaxQ,1,-1
3804,draw,0,0
3805,draw,0,0
3806,draw,0,0
3807,MinimaxQ,1,-1
3808,MinimaxQ_2,-1,1
3809,MinimaxQ,1,-1
3810,draw,0,0
3811,MinimaxQ,1,-1
3812,draw,0,0
3813,draw,0,0
3814,MinimaxQ,1,-1
3815,draw,0,0
3816,draw,0,0
3817,draw,0,0
3818,draw,0,0
3819,draw,0,0
3820,MinimaxQ_2,-1,1
3821,draw,0,0
3822,MinimaxQ,1,-1
3823,draw,0,0
3824,draw,0,0
3825,draw,0,0
3826,draw,0,0
3827,draw,0,0
3828,draw,0,0
3829,draw,0,0
3830,MinimaxQ_2,-1,1
3831,draw,0,0
3832,draw,0,0
3833,draw,0,0
3834,draw,0,0
3835,draw,0,0
3836,draw,0,0
3837,draw,0,0
3838,draw,0,0
3839,draw,0,0
3840,MinimaxQ,1,-1
3841,draw,0,0
3842,draw,0,0
3843,draw,0,0
3844,draw,0,0
3845,draw,0,0
3846,draw,0,0
3847,draw,0,0
3848,draw,0,0
3849,draw,0,0
3850,draw,0,0
3851,draw,0,0
3852,draw,0,0
3853,draw,0,0
3854,draw,0,0
3855,draw,0,0
3856,draw,0,0
3857,draw,0,0
3858,draw,0,0
3859,draw,0,0
3860,draw,0,0
3861,draw,0,0
3862,draw,0,0
3863,MinimaxQ_2,-1,1
3864,draw,0,0
3865,draw,0,0
3866,MinimaxQ,1,-1
3867,draw,0,0
3868,draw,0,0
3869,draw,0,0
3870,MinimaxQ,1,-1
3871,draw,0,0
3872,draw,0,0
3873,draw,0,0
3874,draw,0,0
3875,draw,0,0
3876,MinimaxQ,1,-1
3877,draw,0,0
3878,draw,0,0
3879,draw,0,0
3880,draw,0,0
3881,draw,0,0
3882,draw,0,0
3883,draw,0,0
3884,draw,0,0
3885,draw,0,0
3886,draw,0,0
3887,draw,0,0
3888,draw,0,0
3889,draw,0,0
3890,draw,0,0
3891,draw,0,0
3892,MinimaxQ_2,-1,1
3893,draw,0,0
3894,MinimaxQ_2,-1,1
3895,draw,0,0
3896,draw,0,0
3897,draw,0,0
3898,draw,0,0
3899,MinimaxQ,1,-1
3900,draw,0,0
3901,draw,0,0
3902,draw,0,0
3903,draw,0,0
3904,draw,0,0
3905,draw,0,0
3906,draw,0,0
3907,MinimaxQ,1,-1
3908,draw,0,0
3909,draw,0,0
3910,draw,0,0
3911,draw,0,0
3912,draw,0,0
3913,MinimaxQ,1,-1
3914,draw,0,0
3915,MinimaxQ,1,-1
3916,draw,0,0
3917,MinimaxQ,1,-1
3918,MinimaxQ_2,-1,1
3919,draw,0,0
3920,MinimaxQ,1,-1
3921,draw,0,0
3922,draw,0,0
3923,draw,0,0
3924,draw,0,0
3925,draw,0,0
3926,draw,0,0
3927,draw,0,0
3928,draw,0,0
3929,draw,0,0
3930,draw,0,0
3931,draw,0,0
3932,draw,0,0
3933,draw,0,0
3934,draw,0,0
3935,MinimaxQ,1,-1
3936,MinimaxQ_2,-1,1
3937,draw,0,0
3938,draw,0,0
3939,draw,0,0
3940,draw,0,0
3941,draw,0,0
3942,draw,0,0
3943,MinimaxQ,1,-1
3944,draw,0,0
3945,draw,0,0
3946,MinimaxQ_2,-1,1
3947,draw,0,0
3948,draw,0,0
3949,draw,0,0
3950,draw,0,0
3951,draw,0,0
3952,MinimaxQ_2,-1,1
3953,draw,0,0
3954,draw,0,0
3955,draw,0,0
3956,draw,0,0
3957,draw,0,0
3958,draw,0,0
3959,draw,0,0
3960,draw,0,0
3961,draw,0,0
3962,draw,0,0
3963,draw,0,0
3964,draw,0,0
3965,draw,0,0
3966,draw,0,0
3967,draw,0,0
3968,draw,0,0
3969,draw,0,0
3970,draw,0,0
3971,draw,0,0
3972,draw,0,0
3973,draw,0,0
3974,draw,0,0
3975,draw,0,0
3976,draw,0,0
3977,draw,0,0
3978,draw,0,0
3979,draw,0,0
3980,MinimaxQ_2,-1,1
3981,draw,0,0
3982,draw,0,0
3983,draw,0,0
3984,draw,0,0
3985,MinimaxQ_2,-1,1
3986,draw,0,0
3987,draw,0,0
3988,draw,0,0
3989,MinimaxQ,1,-1
3990,draw,0,0
3991,draw,0,0
3992,draw,0,0
3993,draw,0,0
3994,draw,0,0
3995,draw,0,0
3996,MinimaxQ_2,-1,1
3997,draw,0,0
3998,MinimaxQ_2,-1,1
3999,draw,0,0
4000,draw,0,0
4001,draw,0,0
4002,draw,0,0
4003,draw,0,0
4004,draw,0,0
4005,draw,0,0
4006,MinimaxQ,1,-1
4007,draw,0,0
4008,draw,0,0
4009,draw,0,0
4010,MinimaxQ,1,-1
4011,draw,0,0
4012,MinimaxQ_2,-1,1
4013,draw,0,0
4014,draw,0,0
4015,draw,0,0
4016,draw,0,0
4017,draw,0,0
4018,draw,0,0
4019,MinimaxQ,1,-1
4020,draw,0,0
4021,draw,0,0
4022,MinimaxQ,1,-1
4023,draw,0,0
4024,draw,0,0
4025,draw,0,0
4026,draw,0,0
4027,MinimaxQ_2,-1,1
4028,MinimaxQ,1,-1
4029,draw,0,0
4030,draw,0,0
4031,draw,0,0
4032,draw,0,0
4033,draw,0,0
4034,draw,0,0
4035,draw,0,0
4036,draw,0,0
4037,MinimaxQ,1,-1
4038,draw,0,0
4039,draw,0,0
4040,draw,0,0
4041,MinimaxQ_2,-1,1
4042,draw,0,0
4043,draw,0,0
4044,MinimaxQ_2,-1,1
4045,draw,0,0
4046,draw,0,0
4047,draw,0,0
4048,draw,0,0
4049,draw,0,0
4050,MinimaxQ_2,-1,1
4051,draw,0,0
4052,draw,0,0
4053,draw,0,0
4054,draw,0,0
4055,draw,0,0
4056,draw,0,0
4057,draw,0,0
4058,MinimaxQ_2,-1,1
4059,draw,0,0
4060,draw,0,0
4061,draw,0,0
4062,draw,0,0
4063,MinimaxQ,1,-1
4064,draw,0,0
4065,MinimaxQ_2,-1,1
4066,draw,0,0
4067,draw,0,0
4068,draw,0,0
4069,draw,0,0
4070,draw,0,0
4071,draw,0,0
4072,MinimaxQ,1,-1
4073,draw,0,0
4074,draw,0,0
4075,draw,0,0
4076,draw,0,0
4077,draw,0,0
4078,draw,0,0
4079,draw,0,0
4080,draw,0,0
4081,draw,0,0
4082,draw,0,0
4083,draw,0,0
4084,draw,0,0
4085,MinimaxQ,1,-1
4086,draw,0,0
4087,MinimaxQ,1,-1
4088,draw,0,0
4089,draw,0,0
4090,draw,0,0
4091,draw,0,0
4092,draw,0,0
4093,draw,0,0
4094,MinimaxQ_2,-1,1
4095,draw,0,0
4096,draw,0,0
4097,draw,0,0
4098,draw,0,0
4099,MinimaxQ_2,-1,1
4100,draw,0,0
4101,draw,0,0
4102,draw,0,0
4103,draw,0,0
4104,draw,0,0
4105,draw,0,0
4106,draw,0,0
4107,draw,0,0
4108,draw,0,0
4109,draw,0,0
4110,MinimaxQ_2,-1,1
4111,draw,0,0
4112,draw,0,0
4113,draw,0,0
4114,MinimaxQ_2,-1,1
4115,draw,0,0
4116,MinimaxQ_2,-1,1
4117,draw,0,0
4118,draw,0,0
4119,MinimaxQ,1,-1
4120,draw,0,0
4121,draw,0,0
4122,draw,0,0
4123,draw,0,0
4124,draw,0,0
4125,draw,0,0
4126,draw,0,0
4127,draw,0,0
4128,draw,0,0
4129,draw,0,0
4130,draw,0,0
4131,draw,0,0
4132,draw,0,0
4133,draw,0,0
4134,draw,0,0
4135,draw,0,0
4136,draw,0,0
4137,draw,0,0
4138,MinimaxQ_2,-1,1
4139,draw,0,0
4140,draw,0,0
4141,draw,0,0
4142,draw,0,0
4143,draw,0,0
4144,draw,0,0
4145,draw,0,0
4146,MinimaxQ_2,-1,1
4147,draw,0,0
4148,draw,0,0
4149,draw,0,0
4150,draw,0,0
4151,draw,0,0
4152,draw,0,0
4153,draw,0,0
4154,draw,0,0
4155,draw,0,0
4156,draw,0,0
4157,MinimaxQ,1,-1
4158,draw,0,0
4159,draw,0,0
4160,draw,0,0
4161,draw,0,0
4162,draw,0,0
4163,MinimaxQ,1,-1
4164,draw,0,0
4165,draw,0,0
4166,draw,0,0
4167,draw,0,0
4168,MinimaxQ_2,-1,1
4169,draw,0,0
4170,MinimaxQ_2,-1,1
4171,draw,0,0
4172,draw,0,0
4173,draw,0,0
4174,draw,0,0
4175,draw,0,0
4176,draw,0,0
4177,draw,0,0
4178,draw,0,0
4179,draw,0,0
4180,draw,0,0
4181,draw,0,0
4182,draw,0,0
4183,draw,0,0
4184,draw,0,0
4185,draw,0,0
4186,draw,0,0
4187,MinimaxQ,1,-1
4188,draw,0,0
4189,draw,0,0
4190,MinimaxQ_2,-1,1
4191,draw,0,0
4192,draw,0,0
4193,draw,0,0
4194,draw,0,0
4195,draw,0,0
4196,MinimaxQ,1,-1
4197,draw,0,0
4198,draw,0,0
4199,draw,0,0
4200,draw,0,0
4201,draw,0,0
4202,draw,0,0
4203,draw,0,0
4204,draw,0,0
4205,draw,0,0
4206,MinimaxQ,1,-1
4207,draw,0,0
4208,MinimaxQ_2,-1,1
4209,draw,0,0
4210,draw,0,0
4211,draw,0,0
4212,draw,0,0
4213,draw,0,0
4214,MinimaxQ,1,-1
4215,draw,0,0
4216,draw,0,0
4217,draw,0,0
4218,draw,0,0
4219,draw,0,0
4220,MinimaxQ,1,-1
4221,draw,0,0
4222,draw,0,0
4223,MinimaxQ,1,-1
4224,draw,0,0
4225,draw,0,0
4226,draw,0,0
4227,draw,0,0
4228,draw,0,0
4229,draw,0,0
4230,MinimaxQ,1,-1
4231,draw,0,0
4232,draw,0,0
4233,draw,0,0
4234,draw,0,0
4235,draw,0,0
4236,draw,0,0
4237,draw,0,0
4238,draw,0,0
4239,MinimaxQ_2,-1,1
4240,draw,0,0
4241,draw,0,0
4242,draw,0,0
4243,draw,0,0
4244,draw,0,0
4245,draw,0,0
4246,draw,0,0
4247,MinimaxQ,1,-1
4248,draw,0,0
4249,draw,0,0
4250,MinimaxQ,1,-1
4251,draw,0,0
4252,draw,0,0
4253,draw,0,0
4254,draw,0,0
4255,draw,0,0
4256,draw,0,0
4257,draw,0,0
4258,draw,0,0
4259,draw,0,0
4260,draw,0,0
4261,MinimaxQ_2,-1,1
4262,draw,0,0
4263,MinimaxQ,1,-1
4264,draw,0,0
4265,MinimaxQ,1,-1
4266,draw,0,0
4267,draw,0,0
4268,draw,0,0
4269,draw,0,0
4270,draw,0,0
4271,draw,0,0
4272,draw,0,0
4273,draw,0,0
4274,draw,0,0
4275,draw,0,0
4276,MinimaxQ_2,-1,1
4277,draw,0,0
4278,draw,0,0
4279,draw,0,0
4280,draw,0,0
4281,draw,0,0
4282,MinimaxQ_2,-1,1
4283,draw,0,0
4284,draw,0,0
4285,draw,0,0
4286,draw,0,0
4287,draw,0,0
4288,draw,0,0
4289,draw,0,0
4290,draw,0,0
4291,draw,0,0
4292,MinimaxQ,1,-1
4293,draw,0,0
4294,draw,0,0
4295,draw,0,0
4296,draw,0,0
4297,draw,0,0
4298,MinimaxQ_2,-1,1
4299,draw,0,0
4300,draw,0,0
4301,draw,0,0
4302,draw,0,0
4303,draw,0,0
4304,MinimaxQ,1,-1
4305,draw,0,0
4306,MinimaxQ,1,-1
4307,draw,0,0
4308,draw,0,0
4309,draw,0,0
4310,draw,0,0
4311,draw,0,0
4312,draw,0,0
4313,draw,0,0
4314,draw,0,0
4315,draw,0,0
4316,MinimaxQ,1,-1
4317,draw,0,0
4318,MinimaxQ_2,-1,1
4319,draw,0,0
4320,draw,0,0
4321,MinimaxQ,1,-1
4322,draw,0,0
4323,draw,0,0
4324,draw,0,0
4325,draw,0,0
4326,draw,0,0
4327,draw,0,0
4328,MinimaxQ,1,-1
4329,draw,0,0
4330,draw,0,0
4331,draw,0,0
4332,draw,0,0
4333,draw,0,0
4334,draw,0,0
4335,MinimaxQ_2,-1,1
4336,draw,0,0
4337,draw,0,0
4338,draw,0,0
4339,draw,0,0
4340,draw,0,0
4341,draw,0,0
4342,draw,0,0
4343,draw,0,0
4344,MinimaxQ,1,-1
4345,draw,0,0
4346,draw,0,0
4347,draw,0,0
4348,MinimaxQ_2,-1,1
4349,draw,0,0
4350,draw,0,0
4351,draw,0,0
4352,draw,0,0
4353,draw,0,0
4354,draw,0,0
4355,draw,0,0
4356,draw,0,0
4357,draw,0,0
4358,draw,0,0
4359,draw,0,0
4360,draw,0,0
4361,draw,0,0
4362,draw,0,0
4363,MinimaxQ,1,-1
4364,draw,0,0
4365,draw,0,0
4366,MinimaxQ,1,-1
4367,draw,0,0
4368,draw,0,0
4369,MinimaxQ,1,-1
4370,MinimaxQ_2,-1,1
4371,draw,0,0
4372,draw,0,0
4373,draw,0,0
4374,draw,0,0
4375,draw,0,0
4376,draw,0,0
4377,MinimaxQ,1,-1
4378,MinimaxQ_2,-1,1
4379,draw,0,0
4380,draw,0,0
4381,MinimaxQ_2,-1,1
4382,MinimaxQ_2,-1,1
4383,draw,0,0
4384,draw,0,0
4385,MinimaxQ,1,-1
4386,draw,0,0
4387,MinimaxQ,1,-1
4388,draw,0,0
4389,draw,0,0
4390,draw,0,0
4391,draw,0,0
4392,draw,0,0
4393,draw,0,0
4394,draw,0,0
4395,draw,0,0
4396,MinimaxQ,1,-1
4397,draw,0,0
4398,draw,0,0
4399,draw,0,0
4400,draw,0,0
4401,draw,0,0
4402,draw,0,0
4403,draw,0,0
4404,draw,0,0
4405,draw,0,0
4406,draw,0,0
4407,draw,0,0
4408,MinimaxQ_2,-1,1
4409,MinimaxQ,1,-1
4410,draw,0,0
4411,draw,0,0
4412,MinimaxQ_2,-1,1
4413,draw,0,0
4414,MinimaxQ,1,-1
4415,draw,0,0
4416,MinimaxQ,1,-1
4417,MinimaxQ_2,-1,1
4418,draw,0,0
4419,draw,0,0
4420,draw,0,0
4421,draw,0,0
4422,MinimaxQ_2,-1,1
4423,draw,0,0
4424,draw,0,0
4425,MinimaxQ_2,-1,1
4426,draw,0,0
4427,draw,0,0
4428,draw,0,0
4429,draw,0,0
4430,draw,0,0
4431,draw,0,0
4432,draw,0,0
4433,MinimaxQ_2,-1,1
4434,draw,0,0
4435,draw,0,0
4436,draw,0,0
4437,draw,0,0
4438,draw,0,0
4439,MinimaxQ,1,-1
4440,MinimaxQ,1,-1
4441,draw,0,0
4442,draw,0,0
4443,draw,0,0
4444,draw,0,0
4445,MinimaxQ_2,-1,1
4446,draw,0,0
4447,MinimaxQ_2,-1,1
4448,draw,0,0
4449,MinimaxQ_2,-1,1
4450,draw,0,0
4451,draw,0,0
4452,draw,0,0
4453,draw,0,0
4454,draw,0,0
4455,MinimaxQ,1,-1
4456,draw,0,0
4457,draw,0,0
4458,MinimaxQ_2,-1,1
4459,draw,0,0
4460,draw,0,0
4461,draw,0,0
4462,draw,0,0
4463,MinimaxQ,1,-1
4464,MinimaxQ_2,-1,1
4465,draw,0,0
4466,draw,0,0
4467,draw,0,0
4468,draw,0,0
4469,draw,0,0
4470,MinimaxQ_2,-1,1
4471,MinimaxQ_2,-1,1
4472,draw,0,0
4473,draw,0,0
4474,MinimaxQ_2,-1,1
4475,draw,0,0
4476,draw,0,0
4477,MinimaxQ_2,-1,1
4478,MinimaxQ,1,-1
4479,draw,0,0
4480,draw,0,0
4481,draw,0,0
4482,draw,0,0
4483,draw,0,0
4484,draw,0,0
4485,draw,0,0
4486,draw,0,0
4487,draw,0,0
4488,draw,0,0
4489,draw,0,0
4490,draw,0,0
4491,MinimaxQ_2,-1,1
4492,draw,0,0
4493,draw,0,0
4494,draw,0,0
4495,MinimaxQ_2,-1,1
4496,draw,0,0
4497,draw,0,0
4498,draw,0,0
4499,draw,0,0
4500,draw,0,0
4501,draw,0,0
4502,draw,0,0
4503,draw,0,0
4504,draw,0,0
4505,draw,0,0
4506,draw,0,0
4507,draw,0,0
4508,draw,0,0
4509,draw,0,0
4510,MinimaxQ_2,-1,1
4511,draw,0,0
4512,draw,0,0
4513,draw,0,0
4514,draw,0,0
4515,draw,0,0
4516,draw,0,0
4517,draw,0,0
4518,draw,0,0
4519,draw,0,0
4520,draw,0,0
4521,draw,0,0
4522,draw,0,0
4523,draw,0,0
4524,draw,0,0
4525,draw,0,0
4526,MinimaxQ,1,-1
4527,draw,0,0
4528,draw,0,0
4529,draw,0,0
4530,draw,0,0
4531,draw,0,0
4532,draw,0,0
4533,MinimaxQ_2,-1,1
4534,MinimaxQ,1,-1
4535,draw,0,0
4536,MinimaxQ,1,-1
4537,draw,0,0
4538,draw,0,0
4539,draw,0,0
4540,draw,0,0
4541,draw,0,0
4542,draw,0,0
4543,draw,0,0
4544,draw,0,0
4545,draw,0,0
4546,MinimaxQ_2,-1,1
4547,draw,0,0
4548,draw,0,0
4549,draw,0,0
4550,MinimaxQ_2,-1,1
4551,draw,0,0
4552,draw,0,0
4553,draw,0,0
4554,draw,0,0
4555,draw,0,0
4556,draw,0,0
4557,draw,0,0
4558,MinimaxQ_2,-1,1
4559,MinimaxQ,1,-1
4560,draw,0,0
4561,draw,0,0
4562,draw,0,0
4563,MinimaxQ,1,-1
4564,draw,0,0
4565,draw,0,0
4566,draw,0,0
4567,draw,0,0
4568,draw,0,0
4569,MinimaxQ,1,-1
4570,draw,0,0
4571,MinimaxQ,1,-1
4572,draw,0,0
4573,draw,0,0
4574,MinimaxQ,1,-1
4575,draw,0,0
4576,draw,0,0
4577,draw,0,0
4578,draw,0,0
4579,draw,0,0
4580,draw,0,0
4581,MinimaxQ_2,-1,1
4582,draw,0,0
4583,draw,0,0
4584,MinimaxQ_2,-1,1
4585,draw,0,0
4586,MinimaxQ,1,-1
4587,draw,0,0
4588,MinimaxQ_2,-1,1
4589,MinimaxQ,1,-1
4590,draw,0,0
4591,draw,0,0
4592,draw,0,0
4593,MinimaxQ_2,-1,1
4594,draw,0,0
4595,draw,0,0
4596,draw,0,0
4597,MinimaxQ_2,-1,1
4598,draw,0,0
4599,draw,0,0
4600,draw,0,0
4601,MinimaxQ,1,-1
4602,draw,0,0
4603,draw,0,0
4604,draw,0,0
4605,draw,0,0
4606,MinimaxQ,1,-1
4607,draw,0,0
4608,draw,0,0
4609,draw,0,0
4610,draw,0,0
4611,MinimaxQ_2,-1,1
4612,draw,0,0
4613,draw,0,0
4614,draw,0,0
4615,draw,0,0
4616,draw,0,0
4617,draw,0,0
4618,draw,0,0
4619,draw,0,0
4620,draw,0,0
4621,draw,0,0
4622,draw,0,0
4623,draw,0,0
4624,draw,0,0
4625,draw,0,0
4626,draw,0,0
4627,draw,0,0
4628,MinimaxQ,1,-1
4629,draw,0,0
4630,draw,0,0
4631,draw,0,0
4632,draw,0,0
4633,draw,0,0
4634,draw,0,0
4635,draw,0,0
4636,draw,0,0
4637,draw,0,0
4638,draw,0,0
4639,draw,0,0
4640,MinimaxQ_2,-1,1
4641,draw,0,0
4642,draw,0,0
4643,draw,0,0
4644,draw,0,0
4645,draw,0,0
4646,MinimaxQ,1,-1
4647,draw,0,0
4648,draw,0,0
4649,draw,0,0
4650,draw,0,0
4651,draw,0,0
4652,draw,0,0
4653,draw,0,0
4654,MinimaxQ,1,-1
4655,draw,0,0
4656,draw,0,0
4657,MinimaxQ_2,-1,1
4658,MinimaxQ,1,-1
4659,draw,0,0
4660,draw,0,0
4661,draw,0,0
4662,MinimaxQ_2,-1,1
4663,draw,0,0
4664,MinimaxQ_2,-1,1
4665,draw,0,0
4666,draw,0,0
4667,draw,0,0
4668,draw,0,0
4669,draw,0,0
4670,draw,0,0
4671,draw,0,0
4672,draw,0,0
4673,draw,0,0
4674,draw,0,0
4675,draw,0,0
4676,draw,0,0
4677,draw,0,0
4678,draw,0,0
4679,draw,0,0
4680,draw,0,0
4681,draw,0,0
4682,draw,0,0
4683,draw,0,0
4684,draw,0,0
4685,draw,0,0
4686,draw,0,0
4687,draw,0,0
4688,draw,0,0
4689,draw,0,0
4690,MinimaxQ,1,-1
4691,draw,0,0
4692,MinimaxQ,1,-1
4693,draw,0,0
4694,draw,0,0
4695,draw,0,0
4696,draw,0,0
4697,draw,0,0
4698,draw,0,0
4699,MinimaxQ,1,-1
4700,draw,0,0
4701,draw,0,0
4702,draw,0,0
4703,draw,0,0
4704,draw,0,0
4705,draw,0,0
4706,draw,0,0
4707,draw,0,0
4708,draw,0,0
4709,draw,0,0
4710,draw,0,0
4711,draw,0,0
4712,MinimaxQ,1,-1
4713,draw,0,0
4714,draw,0,0
4715,draw,0,0
4716,draw,0,0
4717,MinimaxQ_2,-1,1
4718,draw,0,0
4719,draw,0,0
4720,draw,0,0
4721,draw,0,0
4722,draw,0,0
4723,draw,0,0
4724,draw,0,0
4725,MinimaxQ,1,-1
4726,MinimaxQ,1,-1
4727,draw,0,0
4728,draw,0,0
4729,draw,0,0
4730,MinimaxQ_2,-1,1
4731,draw,0,0
4732,draw,0,0
4733,draw,0,0
4734,draw,0,0
4735,MinimaxQ_2,-1,1
4736,draw,0,0
4737,draw,0,0
4738,draw,0,0
4739,draw,0,0
4740,draw,0,0
4741,draw,0,0
4742,draw,0,0
4743,draw,0,0
4744,draw,0,0
4745,draw,0,0
4746,draw,0,0
4747,draw,0,0
4748,draw,0,0
4749,draw,0,0
4750,draw,0,0
4751,draw,0,0
4752,draw,0,0
4753,draw,0,0
4754,draw,0,0
4755,draw,0,0
4756,draw,0,0
4757,draw,0,0
4758,draw,0,0
4759,draw,0,0
4760,draw,0,0
4761,draw,0,0
4762,MinimaxQ,1,-1
4763,MinimaxQ_2,-1,1
4764,draw,0,0
4765,draw,0,0
4766,draw,0,0
4767,draw,0,0
4768,draw,0,0
4769,draw,0,0
4770,draw,0,0
4771,draw,0,0
4772,draw,0,0
4773,draw,0,0
4774,MinimaxQ_2,-1,1
4775,draw,0,0
4776,draw,0,0
4777,MinimaxQ,1,-1
4778,draw,0,0
4779,draw,0,0
4780,MinimaxQ,1,-1
4781,draw,0,0
4782,draw,0,0
4783,draw,0,0
4784,MinimaxQ,1,-1
4785,draw,0,0
4786,draw,0,0
4787,draw,0,0
4788,draw,0,0
4789,draw,0,0
4790,draw,0,0
4791,draw,0,0
4792,draw,0,0
4793,draw,0,0
4794,draw,0,0
4795,draw,0,0
4796,draw,0,0
4797,MinimaxQ_2,-1,1
4798,MinimaxQ,1,-1
4799,draw,0,0
4800,draw,0,0
4801,MinimaxQ,1,-1
4802,draw,0,0
4803,draw,0,0
4804,draw,0,0
4805,draw,0,0
4806,draw,0,0
4807,MinimaxQ,1,-1
4808,draw,0,0
4809,MinimaxQ_2,-1,1
4810,draw,0,0
4811,draw,0,0
4812,draw,0,0
4813,draw,0,0
4814,MinimaxQ_2,-1,1
4815,draw,0,0
4816,MinimaxQ_2,-1,1
4817,MinimaxQ,1,-1
4818,draw,0,0
4819,draw,0,0
4820,MinimaxQ,1,-1
4821,draw,0,0
4822,draw,0,0
4823,draw,0,0
4824,draw,0,0
4825,draw,0,0
4826,draw,0,0
4827,draw,0,0
4828,draw,0,0
4829,draw,0,0
4830,draw,0,0
4831,draw,0,0
4832,draw,0,0
4833,draw,0,0
4834,draw,0,0
4835,MinimaxQ,1,-1
4836,draw,0,0
4837,draw,0,0
4838,MinimaxQ,1,-1
4839,draw,0,0
4840,draw,0,0
4841,MinimaxQ,1,-1
4842,draw,0,0
4843,MinimaxQ_2,-1,1
4844,draw,0,0
4845,MinimaxQ,1,-1
4846,draw,0,0
4847,draw,0,0
4848,draw,0,0
4849,draw,0,0
4850,draw,0,0
4851,draw,0,0
4852,draw,0,0
4853,draw,0,0
4854,MinimaxQ,1,-1
4855,draw,0,0
4856,draw,0,0
4857,draw,0,0
4858,MinimaxQ_2,-1,1
4859,draw,0,0
4860,draw,0,0
4861,draw,0,0
4862,MinimaxQ,1,-1
4863,draw,0,0
4864,draw,0,0
4865,MinimaxQ,1,-1
4866,draw,0,0
4867,draw,0,0
4868,MinimaxQ,1,-1
4869,draw,0,0
4870,draw,0,0
4871,draw,0,0
4872,draw,0,0
4873,draw,0,0
4874,MinimaxQ_2,-1,1
4875,draw,0,0
4876,MinimaxQ_2,-1,1
4877,draw,0,0
4878,draw,0,0
4879,draw,0,0
4880,draw,0,0
4881,draw,0,0
4882,draw,0,0
4883,draw,0,0
4884,draw,0,0
4885,draw,0,0
4886,draw,0,0
4887,MinimaxQ,1,-1
4888,draw,0,0
4889,draw,0,0
4890,draw,0,0
4891,draw,0,0
4892,draw,0,0
4893,draw,0,0
4894,draw,0,0
4895,draw,0,0
4896,draw,0,0
4897,draw,0,0
4898,draw,0,0
4899,draw,0,0
4900,draw,0,0
4901,MinimaxQ_2,-1,1
4902,draw,0,0
4903,MinimaxQ,1,-1
4904,draw,0,0
4905,draw,0,0
4906,draw,0,0
4907,draw,0,0
4908,draw,0,0
4909,draw,0,0
4910,draw,0,0
4911,draw,0,0
4912,draw,0,0
4913,draw,0,0
4914,draw,0,0
4915,draw,0,0
4916,draw,0,0
4917,draw,0,0
4918,MinimaxQ_2,-1,1
4919,draw,0,0
4920,draw,0,0
4921,MinimaxQ_2,-1,1
4922,draw,0,0
4923,draw,0,0
4924,draw,0,0
4925,draw,0,0
4926,draw,0,0
4927,draw,0,0
4928,draw,0,0
4929,draw,0,0
4930,draw,0,0
4931,draw,0,0
4932,draw,0,0
4933,draw,0,0
4934,MinimaxQ,1,-1
4935,MinimaxQ,1,-1
4936,MinimaxQ,1,-1
4937,draw,0,0
4938,draw,0,0
4939,draw,0,0
4940,draw,0,0
4941,draw,0,0
4942,draw,0,0
4943,draw,0,0
4944,MinimaxQ,1,-1
4945,draw,0,0
4946,draw,0,0
4947,draw,0,0
4948,draw,0,0
4949,draw,0,0
4950,draw,0,0
4951,draw,0,0
4952,draw,0,0
4953,MinimaxQ_2,-1,1
4954,MinimaxQ,1,-1
4955,draw,0,0
4956,draw,0,0
4957,draw,0,0
4958,draw,0,0
4959,draw,0,0
4960,MinimaxQ,1,-1
4961,draw,0,0
4962,draw,0,0
4963,draw,0,0
4964,draw,0,0
4965,draw,0,0
4966,draw,0,0
4967,draw,0,0
4968,MinimaxQ_2,-1,1
4969,draw,0,0
4970,draw,0,0
4971,draw,0,0
4972,draw,0,0
4973,draw,0,0
4974,draw,0,0
4975,draw,0,0
4976,draw,0,0
4977,draw,0,0
4978,draw,0,0
4979,draw,0,0
4980,draw,0,0
4981,draw,0,0
4982,MinimaxQ,1,-1
4983,draw,0,0
4984,draw,0,0
4985,draw,0,0
4986,draw,0,0
4987,draw,0,0
4988,draw,0,0
4989,draw,0,0
4990,draw,0,0
4991,draw,0,0
4992,MinimaxQ,1,-1
4993,draw,0,0
4994,draw,0,0
4995,draw,0,0
4996,MinimaxQ_2,-1,1
4997,draw,0,0
4998,MinimaxQ_2,-1,1
4999,draw,0,0
5000,MinimaxQ,1,-1
5001,draw,0,0
5002,draw,0,0
5003,draw,0,0
5004,draw,0,0
5005,draw,0,0
5006,draw,0,0
5007,draw,0,0
5008,draw,0,0
5009,MinimaxQ,1,-1
5010,draw,0,0
5011,draw,0,0
5012,draw,0,0
5013,draw,0,0
5014,draw,0,0
5015,draw,0,0
5016,draw,0,0
5017,draw,0,0
5018,draw,0,0
5019,MinimaxQ_2,-1,1
5020,draw,0,0
5021,MinimaxQ_2,-1,1
5022,draw,0,0
5023,MinimaxQ,1,-1
5024,MinimaxQ_2,-1,1
5025,draw,0,0
5026,draw,0,0
5027,MinimaxQ,1,-1
5028,draw,0,0
5029,MinimaxQ,1,-1
5030,draw,0,0
5031,MinimaxQ,1,-1
5032,draw,0,0
5033,draw,0,0
5034,draw,0,0
5035,draw,0,0
5036,MinimaxQ_2,-1,1
5037,draw,0,0
5038,draw,0,0
5039,draw,0,0
5040,draw,0,0
5041,draw,0,0
5042,draw,0,0
5043,MinimaxQ,1,-1
5044,draw,0,0
5045,draw,0,0
5046,draw,0,0
5047,draw,0,0
5048,draw,0,0
5049,draw,0,0
5050,draw,0,0
5051,draw,0,0
5052,draw,0,0
5053,draw,0,0
5054,draw,0,0
5055,MinimaxQ,1,-1
5056,draw,0,0
5057,MinimaxQ_2,-1,1
5058,draw,0,0
5059,draw,0,0
5060,draw,0,0
5061,draw,0,0
5062,draw,0,0
5063,draw,0,0
5064,draw,0,0
5065,draw,0,0
5066,draw,0,0
5067,MinimaxQ_2,-1,1
5068,MinimaxQ_2,-1,1
5069,draw,0,0
5070,draw,0,0
5071,draw,0,0
5072,draw,0,0
5073,draw,0,0
5074,draw,0,0
5075,draw,0,0
5076,draw,0,0
5077,draw,0,0
5078,draw,0,0
5079,draw,0,0
5080,MinimaxQ_2,-1,1
5081,draw,0,0
5082,draw,0,0
5083,draw,0,0
5084,draw,0,0
5085,MinimaxQ_2,-1,1
5086,MinimaxQ,1,-1
5087,draw,0,0
5088,MinimaxQ,1,-1
5089,draw,0,0
5090,draw,0,0
5091,MinimaxQ,1,-1
5092,draw,0,0
5093,draw,0,0
5094,draw,0,0
5095,draw,0,0
5096,draw,0,0
5097,draw,0,0
5098,draw,0,0
5099,draw,0,0
5100,draw,0,0
5101,draw,0,0
5102,draw,0,0
5103,draw,0,0
5104,draw,0,0
5105,MinimaxQ_2,-1,1
5106,MinimaxQ,1,-1
5107,draw,0,0
5108,draw,0,0
5109,MinimaxQ,1,-1
5110,draw,0,0
5111,MinimaxQ,1,-1
5112,MinimaxQ_2,-1,1
5113,draw,0,0
5114,draw,0,0
5115,MinimaxQ,1,-1
5116,draw,0,0
5117,draw,0,0
5118,draw,0,0
5119,draw,0,0
5120,MinimaxQ_2,-1,1
5121,draw,0,0
5122,MinimaxQ_2,-1,1
5123,draw,0,0
5124,draw,0,0
5125,draw,0,0
5126,draw,0,0
5127,draw,0,0
5128,draw,0,0
5129,draw,0,0
5130,draw,0,0
5131,MinimaxQ_2,-1,1
5132,draw,0,0
5133,MinimaxQ_2,-1,1
5134,MinimaxQ_2,-1,1
5135,draw,0,0
5136,draw,0,0
5137,draw,0,0
5138,draw,0,0
5139,draw,0,0
5140,draw,0,0
5141,draw,0,0
5142,draw,0,0
5143,draw,0,0
5144,MinimaxQ,1,-1
5145,draw,0,0
5146,draw,0,0
5147,MinimaxQ,1,-1
5148,draw,0,0
5149,draw,0,0
5150,draw,0,0
5151,draw,0,0
5152,draw,0,0
5153,draw,0,0
5154,draw,0,0
5155,draw,0,0
5156,draw,0,0
5157,draw,0,0
5158,draw,0,0
5159,draw,0,0
5160,draw,0,0
5161,draw,0,0
5162,draw,0,0
5163,draw,0,0
5164,draw,0,0
5165,MinimaxQ_2,-1,1
5166,draw,0,0
5167,draw,0,0
5168,draw,0,0
5169,draw,0,0
5170,draw,0,0
5171,draw,0,0
5172,draw,0,0
5173,draw,0,0
5174,draw,0,0
5175,MinimaxQ_2,-1,1
5176,draw,0,0
5177,draw,0,0
5178,draw,0,0
5179,draw,0,0
5180,draw,0,0
5181,draw,0,0
5182,draw,0,0
5183,MinimaxQ_2,-1,1
5184,draw,0,0
5185,draw,0,0
5186,MinimaxQ_2,-1,1
5187,draw,0,0
5188,MinimaxQ,1,-1
5189,draw,0,0
5190,draw,0,0
5191,draw,0,0
5192,draw,0,0
5193,draw,0,0
5194,draw,0,0
5195,MinimaxQ_2,-1,1
5196,draw,0,0
5197,draw,0,0
5198,MinimaxQ_2,-1,1
5199,draw,0,0
5200,draw,0,0
5201,draw,0,0
5202,draw,0,0
5203,draw,0,0
5204,draw,0,0
5205,draw,0,0
5206,draw,0,0
5207,draw,0,0
5208,draw,0,0
5209,draw,0,0
5210,draw,0,0
5211,MinimaxQ_2,-1,1
5212,draw,0,0
5213,MinimaxQ,1,-1
5214,draw,0,0
5215,draw,0,0
5216,draw,0,0
5217,draw,0,0
5218,draw,0,0
5219,draw,0,0
5220,draw,0,0
5221,MinimaxQ_2,-1,1
5222,draw,0,0
5223,MinimaxQ,1,-1
5224,MinimaxQ,1,-1
5225,draw,0,0
5226,MinimaxQ,1,-1
5227,draw,0,0
5228,draw,0,0
5229,draw,0,0
5230,draw,0,0
5231,draw,0,0
5232,draw,0,0
5233,draw,0,0
5234,draw,0,0
5235,draw,0,0
5236,draw,0,0
5237,MinimaxQ,1,-1
5238,draw,0,0
5239,draw,0,0
5240,draw,0,0
5241,draw,0,0
5242,MinimaxQ,1,-1
5243,draw,0,0
5244,draw,0,0
5245,draw,0,0
5246,MinimaxQ,1,-1
5247,draw,0,0
5248,draw,0,0
5249,draw,0,0
5250,draw,0,0
5251,draw,0,0
5252,draw,0,0
5253,draw,0,0
5254,MinimaxQ,1,-1
5255,draw,0,0
5256,draw,0,0
5257,draw,0,0
5258,draw,0,0
5259,draw,0,0
5260,draw,0,0
5261,draw,0,0
5262,draw,0,0
5263,MinimaxQ,1,-1
5264,draw,0,0
5265,draw,0,0
5266,draw,0,0
5267,draw,0,0
5268,draw,0,0
5269,draw,0,0
5270,draw,0,0
5271,draw,0,0
5272,draw,0,0
5273,draw,0,0
5274,MinimaxQ,1,-1
5275,draw,0,0
5276,draw,0,0
5277,draw,0,0
5278,draw,0,0
5279,draw,0,0
5280,draw,0,0
5281,MinimaxQ_2,-1,1
5282,draw,0,0
5283,draw,0,0
5284,MinimaxQ,1,-1
5285,draw,0,0
5286,draw,0,0
5287,draw,0,0
5288,draw,0,0
5289,draw,0,0
5290,draw,0,0
5291,draw,0,0
5292,draw,0,0
5293,draw,0,0
5294,MinimaxQ,1,-1
5295,draw,0,0
5296,draw,0,0
5297,draw,0,0
5298,MinimaxQ_2,-1,1
5299,draw,0,0
5300,MinimaxQ,1,-1
5301,draw,0,0
5302,draw,0,0
5303,draw,0,0
5304,draw,0,0
5305,draw,0,0
5306,draw,0,0
5307,draw,0,0
5308,draw,0,0
5309,draw,0,0
5310,draw,0,0
5311,draw,0,0
5312,MinimaxQ_2,-1,1
5313,draw,0,0
5314,draw,0,0
5315,MinimaxQ,1,-1
5316,draw,0,0
5317,draw,0,0
5318,draw,0,0
5319,MinimaxQ_2,-1,1
5320,draw,0,0
5321,draw,0,0
5322,draw,0,0
5323,MinimaxQ,1,-1
5324,draw,0,0
5325,MinimaxQ_2,-1,1
5326,draw,0,0
5327,draw,0,0
5328,draw,0,0
5329,MinimaxQ,1,-1
5330,draw,0,0
5331,MinimaxQ_2,-1,1
5332,draw,0,0
5333,draw,0,0
5334,draw,0,0
5335,draw,0,0
5336,draw,0,0
5337,draw,0,0
5338,draw,0,0
5339,draw,0,0
5340,draw,0,0
5341,MinimaxQ,1,-1
5342,MinimaxQ_2,-1,1
5343,draw,0,0
5344,draw,0,0
5345,draw,0,0
5346,draw,0,0
5347,draw,0,0
5348,draw,0,0
5349,draw,0,0
5350,MinimaxQ,1,-1
5351,MinimaxQ_2,-1,1
5352,draw,0,0
5353,draw,0,0
5354,draw,0,0
5355,MinimaxQ_2,-1,1
5356,draw,0,0
5357,draw,0,0
5358,draw,0,0
5359,draw,0,0
5360,draw,0,0
5361,draw,0,0
5362,draw,0,0
5363,draw,0,0
5364,draw,0,0
5365,draw,0,0
5366,draw,0,0
5367,MinimaxQ_2,-1,1
5368,draw,0,0
5369,draw,0,0
5370,draw,0,0
5371,MinimaxQ,1,-1
5372,draw,0,0
5373,MinimaxQ,1,-1
5374,draw,0,0
5375,draw,0,0
5376,draw,0,0
5377,draw,0,0
5378,draw,0,0
5379,draw,0,0
5380,draw,0,0
5381,draw,0,0
5382,MinimaxQ_2,-1,1
5383,draw,0,0
5384,draw,0,0
5385,draw,0,0
5386,draw,0,0
5387,draw,0,0
5388,draw,0,0
5389,draw,0,0
5390,draw,0,0
5391,draw,0,0
5392,draw,0,0
5393,draw,0,0
5394,draw,0,0
5395,draw,0,0
5396,draw,0,0
5397,draw,0,0
5398,draw,0,0
5399,draw,0,0
5400,draw,0,0
5401,draw,0,0
5402,draw,0,0
5403,draw,0,0
5404,draw,0,0
5405,draw,0,0
5406,draw,0,0
5407,draw,0,0
5408,draw,0,0
5409,draw,0,0
5410,draw,0,0
5411,draw,0,0
5412,draw,0,0
5413,draw,0,0
5414,draw,0,0
5415,MinimaxQ_2,-1,1
5416,MinimaxQ_2,-1,1
5417,draw,0,0
5418,draw,0,0
5419,draw,0,0
5420,draw,0,0
5421,MinimaxQ,1,-1
5422,draw,0,0
5423,draw,0,0
5424,draw,0,0
5425,MinimaxQ_2,-1,1
5426,MinimaxQ_2,-1,1
5427,MinimaxQ_2,-1,1
5428,draw,0,0
5429,draw,0,0
5430,MinimaxQ_2,-1,1
5431,draw,0,0
5432,draw,0,0
5433,draw,0,0
5434,draw,0,0
5435,draw,0,0
5436,draw,0,0
5437,MinimaxQ_2,-1,1
5438,MinimaxQ_2,-1,1
5439,MinimaxQ,1,-1
5440,draw,0,0
5441,draw,0,0
5442,draw,0,0
5443,draw,0,0
5444,draw,0,0
5445,MinimaxQ,1,-1
5446,MinimaxQ,1,-1
5447,draw,0,0
5448,MinimaxQ_2,-1,1
5449,draw,0,0
5450,draw,0,0
5451,draw,0,0
5452,draw,0,0
5453,draw,0,0
5454,draw,0,0
5455,draw,0,0
5456,draw,0,0
5457,draw,0,0
5458,draw,0,0
5459,MinimaxQ_2,-1,1
5460,draw,0,0
5461,draw,0,0
5462,MinimaxQ,1,-1
5463,draw,0,0
5464,draw,0,0
5465,draw,0,0
5466,draw,0,0
5467,MinimaxQ_2,-1,1
5468,draw,0,0
5469,draw,0,0
5470,MinimaxQ,1,-1
5471,draw,0,0
5472,draw,0,0
5473,draw,0,0
5474,draw,0,0
5475,MinimaxQ_2,-1,1
5476,draw,0,0
5477,draw,0,0
5478,MinimaxQ_2,-1,1
5479,draw,0,0
5480,draw,0,0
5481,draw,0,0
5482,draw,0,0
5483,draw,0,0
5484,draw,0,0
5485,draw,0,0
5486,draw,0,0
5487,draw,0,0
5488,draw,0,0
5489,draw,0,0
5490,draw,0,0
5491,draw,0,0
5492,draw,0,0
5493,draw,0,0
5494,draw,0,0
5495,draw,0,0
5496,draw,0,0
5497,MinimaxQ,1,-1
5498,draw,0,0
5499,draw,0,0
5500,draw,0,0
5501,draw,0,0
5502,draw,0,0
5503,draw,0,0
5504,draw,0,0
5505,draw,0,0
5506,draw,0,0
5507,draw,0,0
5508,draw,0,0
5509,draw,0,0
5510,draw,0,0
5511,draw,0,0
5512,draw,0,0
5513,draw,0,0
5514,draw,0,0
5515,draw,0,0
5516,draw,0,0
5517,draw,0,0
5518,MinimaxQ_2,-1,1
5519,draw,0,0
5520,MinimaxQ_2,-1,1
5521,draw,0,0
5522,draw,0,0
5523,draw,0,0
5524,draw,0,0
5525,MinimaxQ,1,-1
5526,draw,0,0
5527,draw,0,0
5528,draw,0,0
5529,draw,0,0
5530,draw,0,0
5531,draw,0,0
5532,MinimaxQ_2,-1,1
5533,MinimaxQ,1,-1
5534,MinimaxQ_2,-1,1
5535,draw,0,0
5536,draw,0,0
5537,draw,0,0
5538,MinimaxQ_2,-1,1
5539,draw,0,0
5540,draw,0,0
5541,draw,0,0
5542,draw,0,0
5543,MinimaxQ,1,-1
5544,draw,0,0
5545,draw,0,0
5546,draw,0,0
5547,draw,0,0
5548,draw,0,0
5549,draw,0,0
5550,draw,0,0
5551,draw,0,0
5552,draw,0,0
5553,draw,0,0
5554,draw,0,0
5555,draw,0,0
5556,draw,0,0
5557,draw,0,0
5558,draw,0,0
5559,draw,0,0
5560,draw,0,0
5561,draw,0,0
5562,MinimaxQ_2,-1,1
5563,draw,0,0
5564,MinimaxQ_2,-1,1
5565,draw,0,0
5566,draw,0,0
5567,MinimaxQ,1,-1
5568,draw,0,0
5569,MinimaxQ_2,-1,1
5570,draw,0,0
5571,draw,0,0
5572,draw,0,0
5573,draw,0,0
5574,draw,0,0
5575,draw,0,0
5576,draw,0,0
5577,draw,0,0
5578,draw,0,0
5579,draw,0,0
5580,draw,0,0
5581,draw,0,0
5582,draw,0,0
5583,draw,0,0
5584,draw,0,0
5585,draw,0,0
5586,MinimaxQ,1,-1
5587,draw,0,0
5588,draw,0,0
5589,draw,0,0
5590,MinimaxQ,1,-1
5591,draw,0,0
5592,draw,0,0
5593,MinimaxQ_2,-1,1
5594,draw,0,0
5595,draw,0,0
5596,draw,0,0
5597,draw,0,0
5598,draw,0,0
5599,draw,0,0
5600,draw,0,0
5601,draw,0,0
5602,draw,0,0
5603,MinimaxQ_2,-1,1
5604,draw,0,0
5605,draw,0,0
5606,draw,0,0
5607,draw,0,0
5608,draw,0,0
5609,draw,0,0
5610,draw,0,0
5611,draw,0,0
5612,draw,0,0
5613,draw,0,0
5614,draw,0,0
5615,draw,0,0
5616,draw,0,0
5617,draw,0,0
5618,MinimaxQ,1,-1
5619,draw,0,0
5620,draw,0,0
5621,MinimaxQ,1,-1
5622,draw,0,0
5623,draw,0,0
5624,draw,0,0
5625,MinimaxQ,1,-1
5626,draw,0,0
5627,draw,0,0
5628,draw,0,0
5629,draw,0,0
5630,draw,0,0
5631,draw,0,0
5632,draw,0,0
5633,draw,0,0
5634,draw,0,0
5635,draw,0,0
5636,MinimaxQ,1,-1
5637,draw,0,0
5638,MinimaxQ_2,-1,1
5639,draw,0,0
5640,draw,0,0
5641,draw,0,0
5642,draw,0,0
5643,draw,0,0
5644,draw,0,0
5645,draw,0,0
5646,draw,0,0
5647,draw,0,0
5648,draw,0,0
5649,draw,0,0
5650,MinimaxQ,1,-1
5651,draw,0,0
5652,draw,0,0
5653,MinimaxQ,1,-1
5654,MinimaxQ,1,-1
5655,draw,0,0
5656,draw,0,0
5657,MinimaxQ_2,-1,1
5658,MinimaxQ,1,-1
5659,draw,0,0
5660,draw,0,0
5661,MinimaxQ_2,-1,1
5662,draw,0,0
5663,draw,0,0
5664,draw,0,0
5665,MinimaxQ_2,-1,1
5666,draw,0,0
5667,draw,0,0
5668,draw,0,0
5669,draw,0,0
5670,draw,0,0
5671,draw,0,0
5672,draw,0,0
5673,draw,0,0
5674,MinimaxQ,1,-1
5675,draw,0,0
5676,draw,0,0
5677,draw,0,0
5678,draw,0,0
5679,draw,0,0
5680,draw,0,0
5681,MinimaxQ_2,-1,1
5682,MinimaxQ,1,-1
5683,draw,0,0
5684,draw,0,0
5685,draw,0,0
5686,draw,0,0
5687,draw,0,0
5688,draw,0,0
5689,draw,0,0
5690,draw,0,0
5691,draw,0,0
5692,draw,0,0
5693,draw,0,0
5694,draw,0,0
5695,draw,0,0
5696,draw,0,0
5697,draw,0,0
5698,draw,0,0
5699,draw,0,0
5700,draw,0,0
5701,draw,0,0
5702,draw,0,0
5703,draw,0,0
5704,MinimaxQ,1,-1
5705,draw,0,0
5706,draw,0,0
5707,draw,0,0
5708,draw,0,0
5709,MinimaxQ,1,-1
5710,draw,0,0
5711,draw,0,0
5712,draw,0,0
5713,MinimaxQ,1,-1
5714,draw,0,0
5715,draw,0,0
5716,draw,0,0
5717,draw,0,0
5718,MinimaxQ,1,-1
5719,draw,0,0
5720,draw,0,0
5721,MinimaxQ,1,-1
5722,draw,0,0
5723,draw,0,0
5724,MinimaxQ,1,-1
5725,MinimaxQ,1,-1
5726,draw,0,0
5727,draw,0,0
5728,MinimaxQ,1,-1
5729,MinimaxQ,1,-1
5730,draw,0,0
5731,draw,0,0
5732,MinimaxQ_2,-1,1
5733,draw,0,0
5734,draw,0,0
5735,draw,0,0
5736,draw,0,0
5737,draw,0,0
5738,draw,0,0
5739,draw,0,0
5740,MinimaxQ_2,-1,1
5741,draw,0,0
5742,MinimaxQ,1,-1
5743,draw,0,0
5744,draw,0,0
5745,draw,0,0
5746,draw,0,0
5747,draw,0,0
5748,MinimaxQ,1,-1
5749,draw,0,0
5750,draw,0,0
5751,draw,0,0
5752,draw,0,0
5753,draw,0,0
5754,draw,0,0
5755,draw,0,0
5756,draw,0,0
5757,draw,0,0
5758,draw,0,0
5759,draw,0,0
5760,draw,0,0
5761,draw,0,0
5762,draw,0,0
5763,draw,0,0
5764,draw,0,0
5765,draw,0,0
5766,draw,0,0
5767,draw,0,0
5768,draw,0,0
5769,draw,0,0
5770,draw,0,0
5771,MinimaxQ,1,-1
5772,draw,0,0
5773,draw,0,0
5774,draw,0,0
5775,draw,0,0
5776,draw,0,0
5777,draw,0,0
5778,draw,0,0
5779,draw,0,0
5780,draw,0,0
5781,MinimaxQ_2,-1,1
5782,draw,0,0
5783,draw,0,0
5784,draw,0,0
5785,draw,0,0
5786,draw,0,0
5787,draw,0,0
5788,draw,0,0
5789,draw,0,0
5790,draw,0,0
5791,draw,0,0
5792,draw,0,0
5793,draw,0,0
5794,draw,0,0
5795,draw,0,0
5796,draw,0,0
5797,MinimaxQ,1,-1
5798,draw,0,0
5799,draw,0,0
5800,draw,0,0
5801,draw,0,0
5802,draw,0,0
5803,draw,0,0
5804,draw,0,0
5805,MinimaxQ,1,-1
5806,draw,0,0
5807,draw,0,0
5808,draw,0,0
5809,draw,0,0
5810,draw,0,0
5811,draw,0,0
5812,draw,0,0
5813,draw,0,0
5814,draw,0,0
5815,MinimaxQ_2,-1,1
5816,draw,0,0
5817,MinimaxQ,1,-1
5818,MinimaxQ,1,-1
5819,MinimaxQ,1,-1
5820,MinimaxQ,1,-1
5821,draw,0,0
5822,draw,0,0
5823,draw,0,0
5824,draw,0,0
5825,draw,0,0
5826,draw,0,0
5827,draw,0,0
5828,draw,0,0
5829,draw,0,0
5830,draw,0,0
5831,draw,0,0
5832,draw,0,0
5833,draw,0,0
5834,draw,0,0
5835,MinimaxQ_2,-1,1
5836,draw,0,0
5837,draw,0,0
5838,draw,0,0
5839,draw,0,0
5840,draw,0,0
5841,draw,0,0
5842,MinimaxQ,1,-1
5843,draw,0,0
5844,draw,0,0
5845,draw,0,0
5846,draw,0,0
5847,draw,0,0
5848,draw,0,0
5849,draw,0,0
5850,draw,0,0
5851,draw,0,0
5852,draw,0,0
5853,draw,0,0
5854,draw,0,0
5855,draw,0,0
5856,draw,0,0
5857,MinimaxQ_2,-1,1
5858,draw,0,0
5859,draw,0,0
5860,draw,0,0
5861,draw,0,0
5862,draw,0,0
5863,draw,0,0
5864,MinimaxQ,1,-1
5865,draw,0,0
5866,MinimaxQ,1,-1
5867,draw,0,0
5868,MinimaxQ,1,-1
5869,draw,0,0
5870,draw,0,0
5871,MinimaxQ,1,-1
5872,draw,0,0
5873,MinimaxQ_2,-1,1
5874,MinimaxQ_2,-1,1
5875,draw,0,0
5876,draw,0,0
5877,draw,0,0
5878,draw,0,0
5879,draw,0,0
5880,draw,0,0
5881,draw,0,0
5882,MinimaxQ,1,-1
5883,draw,0,0
5884,MinimaxQ,1,-1
5885,draw,0,0
5886,MinimaxQ_2,-1,1
5887,draw,0,0
5888,draw,0,0
5889,draw,0,0
5890,draw,0,0
5891,draw,0,0
5892,draw,0,0
5893,MinimaxQ,1,-1
5894,draw,0,0
5895,draw,0,0
5896,MinimaxQ_2,-1,1
5897,MinimaxQ,1,-1
5898,draw,0,0
5899,draw,0,0
5900,MinimaxQ_2,-1,1
5901,draw,0,0
5902,draw,0,0
5903,draw,0,0
5904,draw,0,0
5905,draw,0,0
5906,draw,0,0
5907,draw,0,0
5908,draw,0,0
5909,draw,0,0
5910,draw,0,0
5911,draw,0,0
5912,draw,0,0
5913,draw,0,0
5914,draw,0,0
5915,draw,0,0
5916,MinimaxQ_2,-1,1
5917,draw,0,0
5918,draw,0,0
5919,draw,0,0
5920,MinimaxQ_2,-1,1
5921,draw,0,0
5922,draw,0,0
5923,draw,0,0
5924,draw,0,0
5925,draw,0,0
5926,draw,0,0
5927,draw,0,0
5928,draw,0,0
5929,draw,0,0
5930,draw,0,0
5931,draw,0,0
5932,draw,0,0
5933,draw,0,0
5934,draw,0,0
5935,draw,0,0
5936,draw,0,0
5937,draw,0,0
5938,draw,0,0
5939,draw,0,0
5940,draw,0,0
5941,draw,0,0
5942,draw,0,0
5943,draw,0,0
5944,MinimaxQ,1,-1
5945,draw,0,0
5946,draw,0,0
5947,draw,0,0
5948,draw,0,0
5949,draw,0,0
5950,draw,0,0
5951,draw,0,0
5952,MinimaxQ_2,-1,1
5953,draw,0,0
5954,draw,0,0
5955,draw,0,0
5956,draw,0,0
5957,draw,0,0
5958,draw,0,0
5959,draw,0,0
5960,draw,0,0
5961,MinimaxQ,1,-1
5962,draw,0,0
5963,draw,0,0
5964,draw,0,0
5965,draw,0,0
5966,draw,0,0
5967,MinimaxQ_2,-1,1
5968,draw,0,0
5969,draw,0,0
5970,draw,0,0
5971,draw,0,0
5972,draw,0,0
5973,MinimaxQ_2,-1,1
5974,draw,0,0
5975,draw,0,0
5976,draw,0,0
5977,draw,0,0
5978,draw,0,0
5979,draw,0,0
5980,draw,0,0
5981,MinimaxQ_2,-1,1
5982,draw,0,0
5983,MinimaxQ_2,-1,1
5984,draw,0,0
5985,draw,0,0
5986,draw,0,0
5987,MinimaxQ_2,-1,1
5988,draw,0,0
5989,draw,0,0
5990,draw,0,0
5991,draw,0,0
5992,draw,0,0
5993,draw,0,0
5994,draw,0,0
5995,draw,0,0
5996,draw,0,0
5997,MinimaxQ_2,-1,1
5998,draw,0,0
5999,draw,0,0
6000,draw,0,0
6001,draw,0,0
6002,draw,0,0
6003,draw,0,0
6004,draw,0,0
6005,MinimaxQ,1,-1
6006,draw,0,0
6007,MinimaxQ_2,-1,1
6008,draw,0,0
6009,MinimaxQ,1,-1
6010,MinimaxQ,1,-1
6011,draw,0,0
6012,draw,0,0
6013,draw,0,0
6014,draw,0,0
6015,draw,0,0
6016,MinimaxQ_2,-1,1
6017,draw,0,0
6018,MinimaxQ,1,-1
6019,draw,0,0
6020,draw,0,0
6021,MinimaxQ_2,-1,1
6022,draw,0,0
6023,MinimaxQ,1,-1
6024,draw,0,0
6025,MinimaxQ,1,-1
6026,draw,0,0
6027,draw,0,0
6028,draw,0,0
6029,draw,0,0
6030,MinimaxQ,1,-1
6031,MinimaxQ,1,-1
6032,draw,0,0
6033,draw,0,0
6034,draw,0,0
6035,draw,0,0
6036,MinimaxQ,1,-1
6037,draw,0,0
6038,draw,0,0
6039,draw,0,0
6040,draw,0,0
6041,draw,0,0
6042,MinimaxQ,1,-1
6043,draw,0,0
6044,draw,0,0
6045,MinimaxQ,1,-1
6046,draw,0,0
6047,draw,0,0
6048,draw,0,0
6049,draw,0,0
6050,draw,0,0
6051,draw,0,0
6052,draw,0,0
6053,MinimaxQ,1,-1
6054,draw,0,0
6055,draw,0,0
6056,draw,0,0
6057,MinimaxQ,1,-1
6058,draw,0,0
6059,MinimaxQ_2,-1,1
6060,draw,0,0
6061,draw,0,0
6062,draw,0,0
6063,draw,0,0
6064,MinimaxQ,1,-1
6065,draw,0,0
6066,draw,0,0
6067,draw,0,0
6068,draw,0,0
6069,draw,0,0
6070,draw,0,0
6071,MinimaxQ_2,-1,1
6072,draw,0,0
6073,draw,0,0
6074,draw,0,0
6075,draw,0,0
6076,draw,0,0
6077,draw,0,0
6078,draw,0,0
6079,draw,0,0
6080,draw,0,0
6081,draw,0,0
6082,draw,0,0
6083,draw,0,0
6084,draw,0,0
6085,draw,0,0
6086,draw,0,0
6087,draw,0,0
6088,draw,0,0
6089,draw,0,0
6090,draw,0,0
6091,draw,0,0
6092,draw,0,0
6093,draw,0,0
6094,MinimaxQ_2,-1,1
6095,draw,0,0
6096,draw,0,0
6097,MinimaxQ_2,-1,1
6098,draw,0,0
6099,draw,0,0
6100,draw,0,0
6101,draw,0,0
6102,draw,0,0
6103,draw,0,0
6104,draw,0,0
6105,draw,0,0
6106,draw,0,0
6107,draw,0,0
6108,MinimaxQ_2,-1,1
6109,draw,0,0
6110,draw,0,0
6111,draw,0,0
6112,draw,0,0
6113,draw,0,0
6114,draw,0,0
6115,draw,0,0
6116,draw,0,0
6117,draw,0,0
6118,draw,0,0
6119,draw,0,0
6120,draw,0,0
6121,draw,0,0
6122,draw,0,0
6123,draw,0,0
6124,draw,0,0
6125,draw,0,0
6126,draw,0,0
6127,draw,0,0
6128,draw,0,0
6129,MinimaxQ_2,-1,1
6130,draw,0,0
6131,draw,0,0
6132,draw,0,0
6133,draw,0,0
6134,draw,0,0
6135,draw,0,0
6136,draw,0,0
6137,draw,0,0
6138,draw,0,0
6139,draw,0,0
6140,MinimaxQ_2,-1,1
6141,draw,0,0
6142,draw,0,0
6143,MinimaxQ,1,-1
6144,draw,0,0
6145,draw,0,0
6146,draw,0,0
6147,draw,0,0
6148,draw,0,0
6149,draw,0,0
6150,draw,0,0
6151,draw,0,0
6152,draw,0,0
6153,draw,0,0
6154,MinimaxQ,1,-1
6155,draw,0,0
6156,draw,0,0
6157,MinimaxQ,1,-1
6158,draw,0,0
6159,draw,0,0
6160,draw,0,0
6161,draw,0,0
6162,MinimaxQ,1,-1
6163,draw,0,0
6164,draw,0,0
6165,draw,0,0
6166,draw,0,0
6167,draw,0,0
6168,draw,0,0
6169,MinimaxQ,1,-1
6170,MinimaxQ_2,-1,1
6171,draw,0,0
6172,draw,0,0
6173,draw,0,0
6174,MinimaxQ_2,-1,1
6175,draw,0,0
6176,draw,0,0
6177,draw,0,0
6178,draw,0,0
6179,draw,0,0
6180,draw,0,0
6181,draw,0,0
6182,draw,0,0
6183,draw,0,0
6184,draw,0,0
6185,draw,0,0
6186,draw,0,0
6187,draw,0,0
6188,draw,0,0
6189,draw,0,0
6190,draw,0,0
6191,draw,0,0
6192,MinimaxQ,1,-1
6193,draw,0,0
6194,draw,0,0
6195,MinimaxQ,1,-1
6196,draw,0,0
6197,MinimaxQ_2,-1,1
6198,draw,0,0
6199,draw,0,0
6200,MinimaxQ_2,-1,1
6201,draw,0,0
6202,draw,0,0
6203,draw,0,0
6204,MinimaxQ_2,-1,1
6205,draw,0,0
6206,draw,0,0
6207,draw,0,0
6208,MinimaxQ,1,-1
6209,draw,0,0
6210,draw,0,0
6211,draw,0,0
6212,MinimaxQ_2,-1,1
6213,draw,0,0
6214,MinimaxQ,1,-1
6215,draw,0,0
6216,draw,0,0
6217,draw,0,0
6218,draw,0,0
6219,draw,0,0
6220,draw,0,0
6221,MinimaxQ,1,-1
6222,MinimaxQ,1,-1
6223,draw,0,0
6224,MinimaxQ,1,-1
6225,draw,0,0
6226,MinimaxQ_2,-1,1
6227,draw,0,0
6228,draw,0,0
6229,draw,0,0
6230,MinimaxQ_2,-1,1
6231,draw,0,0
6232,MinimaxQ_2,-1,1
6233,draw,0,0
6234,draw,0,0
6235,draw,0,0
6236,draw,0,0
6237,draw,0,0
6238,draw,0,0
6239,draw,0,0
6240,draw,0,0
6241,draw,0,0
6242,MinimaxQ,1,-1
6243,draw,0,0
6244,draw,0,0
6245,draw,0,0
6246,draw,0,0
6247,draw,0,0
6248,draw,0,0
6249,draw,0,0
6250,draw,0,0
6251,draw,0,0
6252,draw,0,0
6253,draw,0,0
6254,draw,0,0
6255,draw,0,0
6256,draw,0,0
6257,draw,0,0
6258,draw,0,0
6259,draw,0,0
6260,draw,0,0
6261,draw,0,0
6262,draw,0,0
6263,draw,0,0
6264,draw,0,0
6265,draw,0,0
6266,draw,0,0
6267,draw,0,0
6268,MinimaxQ,1,-1
6269,draw,0,0
6270,draw,0,0
6271,draw,0,0
6272,draw,0,0
6273,draw,0,0
6274,draw,0,0
6275,draw,0,0
6276,MinimaxQ_2,-1,1
6277,draw,0,0
6278,draw,0,0
6279,draw,0,0
6280,draw,0,0
6281,MinimaxQ,1,-1
6282,draw,0,0
6283,draw,0,0
6284,draw,0,0
6285,MinimaxQ_2,-1,1
6286,draw,0,0
6287,MinimaxQ_2,-1,1
6288,draw,0,0
6289,draw,0,0
6290,MinimaxQ,1,-1
6291,MinimaxQ,1,-1
6292,draw,0,0
6293,draw,0,0
6294,draw,0,0
6295,draw,0,0
6296,draw,0,0
6297,draw,0,0
6298,draw,0,0
6299,draw,0,0
6300,draw,0,0
6301,draw,0,0
6302,draw,0,0
6303,MinimaxQ,1,-1
6304,draw,0,0
6305,draw,0,0
6306,draw,0,0
6307,draw,0,0
6308,draw,0,0
6309,draw,0,0
6310,draw,0,0
6311,MinimaxQ,1,-1
6312,draw,0,0
6313,draw,0,0
6314,draw,0,0
6315,draw,0,0
6316,draw,0,0
6317,MinimaxQ_2,-1,1
6318,draw,0,0
6319,draw,0,0
6320,draw,0,0
6321,draw,0,0
6322,draw,0,0
6323,draw,0,0
6324,draw,0,0
6325,draw,0,0
6326,draw,0,0
6327,draw,0,0
6328,draw,0,0
6329,draw,0,0
6330,draw,0,0
6331,draw,0,0
6332,draw,0,0
6333,draw,0,0
6334,draw,0,0
6335,draw,0,0
6336,draw,0,0
6337,draw,0,0
6338,draw,0,0
6339,draw,0,0
6340,draw,0,0
6341,draw,0,0
6342,draw,0,0
6343,draw,0,0
6344,draw,0,0
6345,draw,0,0
6346,draw,0,0
6347,draw,0,0
6348,draw,0,0
6349,MinimaxQ,1,-1
6350,draw,0,0
6351,draw,0,0
6352,MinimaxQ,1,-1
6353,draw,0,0
6354,draw,0,0
6355,draw,0,0
6356,draw,0,0
6357,draw,0,0
6358,draw,0,0
6359,MinimaxQ_2,-1,1
6360,draw,0,0
6361,draw,0,0
6362,draw,0,0
6363,draw,0,0
6364,draw,0,0
6365,draw,0,0
6366,MinimaxQ_2,-1,1
6367,draw,0,0
6368,draw,0,0
6369,draw,0,0
6370,draw,0,0
6371,draw,0,0
6372,draw,0,0
6373,draw,0,0
6374,draw,0,0
6375,draw,0,0
6376,draw,0,0
6377,draw,0,0
6378,draw,0,0
6379,draw,0,0
6380,draw,0,0
6381,draw,0,0
6382,draw,0,0
6383,draw,0,0
6384,draw,0,0
6385,draw,0,0
6386,draw,0,0
6387,draw,0,0
6388,draw,0,0
6389,draw,0,0
6390,draw,0,0
6391,MinimaxQ_2,-1,1
6392,MinimaxQ,1,-1
6393,draw,0,0
6394,draw,0,0
6395,draw,0,0
6396,draw,0,0
6397,draw,0,0
6398,MinimaxQ_2,-1,1
6399,draw,0,0
6400,MinimaxQ_2,-1,1
6401,draw,0,0
6402,draw,0,0
6403,draw,0,0
6404,draw,0,0
6405,MinimaxQ,1,-1
6406,draw,0,0
6407,draw,0,0
6408,draw,0,0
6409,draw,0,0
6410,draw,0,0
6411,MinimaxQ_2,-1,1
6412,draw,0,0
6413,draw,0,0
6414,draw,0,0
6415,draw,0,0
6416,draw,0,0
6417,draw,0,0
6418,draw,0,0
6419,draw,0,0
6420,MinimaxQ,1,-1
6421,draw,0,0
6422,draw,0,0
6423,draw,0,0
6424,draw,0,0
6425,draw,0,0
6426,draw,0,0
6427,draw,0,0
6428,draw,0,0
6429,draw,0,0
6430,MinimaxQ,1,-1
6431,draw,0,0
6432,draw,0,0
6433,draw,0,0
6434,draw,0,0
6435,draw,0,0
6436,draw,0,0
6437,draw,0,0
6438,draw,0,0
6439,draw,0,0
6440,draw,0,0
6441,draw,0,0
6442,draw,0,0
6443,draw,0,0
6444,draw,0,0
6445,draw,0,0
6446,draw,0,0
6447,draw,0,0
6448,MinimaxQ_2,-1,1
6449,draw,0,0
6450,draw,0,0
6451,draw,0,0
6452,draw,0,0
6453,draw,0,0
6454,draw,0,0
6455,draw,0,0
6456,draw,0,0
6457,draw,0,0
6458,MinimaxQ_2,-1,1
6459,draw,0,0
6460,draw,0,0
6461,draw,0,0
6462,draw,0,0
6463,draw,0,0
6464,draw,0,0
6465,draw,0,0
6466,draw,0,0
6467,draw,0,0
6468,draw,0,0
6469,draw,0,0
6470,draw,0,0
6471,draw,0,0
6472,draw,0,0
6473,draw,0,0
6474,MinimaxQ,1,-1
6475,draw,0,0
6476,draw,0,0
6477,draw,0,0
6478,MinimaxQ_2,-1,1
6479,draw,0,0
6480,draw,0,0
6481,draw,0,0
6482,draw,0,0
6483,draw,0,0
6484,draw,0,0
6485,draw,0,0
6486,MinimaxQ,1,-1
6487,draw,0,0
6488,draw,0,0
6489,MinimaxQ,1,-1
6490,draw,0,0
6491,draw,0,0
6492,draw,0,0
6493,MinimaxQ,1,-1
6494,draw,0,0
6495,MinimaxQ_2,-1,1
6496,draw,0,0
6497,draw,0,0
6498,draw,0,0
6499,draw,0,0
6500,draw,0,0
6501,draw,0,0
6502,draw,0,0
6503,draw,0,0
6504,draw,0,0
6505,draw,0,0
6506,draw,0,0
6507,draw,0,0
6508,draw,0,0
6509,draw,0,0
6510,draw,0,0
6511,MinimaxQ,1,-1
6512,draw,0,0
6513,draw,0,0
6514,draw,0,0
6515,draw,0,0
6516,draw,0,0
6517,draw,0,0
6518,draw,0,0
6519,draw,0,0
6520,MinimaxQ,1,-1
6521,draw,0,0
6522,draw,0,0
6523,draw,0,0
6524,draw,0,0
6525,draw,0,0
6526,draw,0,0
6527,MinimaxQ,1,-1
6528,draw,0,0
6529,draw,0,0
6530,draw,0,0
6531,MinimaxQ,1,-1
6532,draw,0,0
6533,draw,0,0
6534,draw,0,0
6535,draw,0,0
6536,MinimaxQ,1,-1
6537,draw,0,0
6538,draw,0,0
6539,draw,0,0
6540,draw,0,0
6541,draw,0,0
6542,draw,0,0
6543,draw,0,0
6544,draw,0,0
6545,draw,0,0
6546,draw,0,0
6547,draw,0,0
6548,MinimaxQ,1,-1
6549,draw,0,0
6550,draw,0,0
6551,MinimaxQ,1,-1
6552,draw,0,0
6553,draw,0,0
6554,draw,0,0
6555,MinimaxQ_2,-1,1
6556,draw,0,0
6557,draw,0,0
6558,draw,0,0
6559,draw,0,0
6560,draw,0,0
6561,draw,0,0
6562,draw,0,0
6563,draw,0,0
6564,draw,0,0
6565,draw,0,0
6566,draw,0,0
6567,draw,0,0
6568,MinimaxQ,1,-1
6569,draw,0,0
6570,draw,0,0
6571,draw,0,0
6572,draw,0,0
6573,draw,0,0
6574,MinimaxQ_2,-1,1
6575,draw,0,0
6576,draw,0,0
6577,draw,0,0
6578,draw,0,0
6579,draw,0,0
6580,draw,0,0
6581,draw,0,0
6582,draw,0,0
6583,draw,0,0
6584,draw,0,0
6585,draw,0,0
6586,draw,0,0
6587,draw,0,0
6588,draw,0,0
6589,draw,0,0
6590,draw,0,0
6591,draw,0,0
6592,MinimaxQ,1,-1
6593,draw,0,0
6594,draw,0,0
6595,draw,0,0
6596,draw,0,0
6597,draw,0,0
6598,draw,0,0
6599,draw,0,0
6600,draw,0,0
6601,draw,0,0
6602,draw,0,0
6603,draw,0,0
6604,draw,0,0
6605,draw,0,0
6606,draw,0,0
6607,draw,0,0
6608,draw,0,0
6609,draw,0,0
6610,MinimaxQ_2,-1,1
6611,draw,0,0
6612,draw,0,0
6613,draw,0,0
6614,MinimaxQ_2,-1,1
6615,draw,0,0
6616,MinimaxQ,1,-1
6617,draw,0,0
6618,draw,0,0
6619,draw,0,0
6620,draw,0,0
6621,draw,0,0
6622,draw,0,0
6623,draw,0,0
6624,MinimaxQ_2,-1,1
6625,draw,0,0
6626,draw,0,0
6627,draw,0,0
6628,draw,0,0
6629,draw,0,0
6630,draw,0,0
6631,draw,0,0
6632,draw,0,0
6633,MinimaxQ,1,-1
6634,draw,0,0
6635,draw,0,0
6636,MinimaxQ_2,-1,1
6637,draw,0,0
6638,MinimaxQ_2,-1,1
6639,draw,0,0
6640,draw,0,0
6641,draw,0,0
6642,draw,0,0
6643,draw,0,0
6644,draw,0,0
6645,draw,0,0
6646,draw,0,0
6647,draw,0,0
6648,draw,0,0
6649,draw,0,0
6650,draw,0,0
6651,draw,0,0
6652,draw,0,0
6653,draw,0,0
6654,draw,0,0
6655,draw,0,0
6656,MinimaxQ,1,-1
6657,draw,0,0
6658,draw,0,0
6659,draw,0,0
6660,draw,0,0
6661,MinimaxQ_2,-1,1
6662,draw,0,0
6663,draw,0,0
6664,draw,0,0
6665,draw,0,0
6666,draw,0,0
6667,draw,0,0
6668,draw,0,0
6669,draw,0,0
6670,draw,0,0
6671,draw,0,0
6672,draw,0,0
6673,draw,0,0
6674,draw,0,0
6675,draw,0,0
6676,draw,0,0
6677,draw,0,0
6678,draw,0,0
6679,draw,0,0
6680,draw,0,0
6681,draw,0,0
6682,draw,0,0
6683,draw,0,0
6684,draw,0,0
6685,draw,0,0
6686,draw,0,0
6687,draw,0,0
6688,draw,0,0
6689,draw,0,0
6690,draw,0,0
6691,draw,0,0
6692,draw,0,0
6693,draw,0,0
6694,draw,0,0
6695,draw,0,0
6696,draw,0,0
6697,draw,0,0
6698,draw,0,0
6699,draw,0,0
6700,draw,0,0
6701,draw,0,0
6702,draw,0,0
6703,draw,0,0
6704,MinimaxQ,1,-1
6705,draw,0,0
6706,draw,0,0
6707,draw,0,0
6708,draw,0,0
6709,draw,0,0
6710,draw,0,0
6711,draw,0,0
6712,draw,0,0
6713,draw,0,0
6714,draw,0,0
6715,draw,0,0
6716,MinimaxQ_2,-1,1
6717,draw,0,0
6718,draw,0,0
6719,draw,0,0
6720,MinimaxQ,1,-1
6721,draw,0,0
6722,draw,0,0
6723,draw,0,0
6724,MinimaxQ,1,-1
6725,draw,0,0
6726,draw,0,0
6727,draw,0,0
6728,draw,0,0
6729,MinimaxQ_2,-1,1
6730,draw,0,0
6731,draw,0,0
6732,draw,0,0
6733,draw,0,0
6734,draw,0,0
6735,draw,0,0
6736,MinimaxQ,1,-1
6737,draw,0,0
6738,draw,0,0
6739,draw,0,0
6740,draw,0,0
6741,MinimaxQ_2,-1,1
6742,draw,0,0
6743,draw,0,0
6744,draw,0,0
6745,draw,0,0
6746,MinimaxQ_2,-1,1
6747,draw,0,0
6748,draw,0,0
6749,draw,0,0
6750,draw,0,0
6751,draw,0,0
6752,draw,0,0
6753,draw,0,0
6754,draw,0,0
6755,draw,0,0
6756,draw,0,0
6757,draw,0,0
6758,draw,0,0
6759,draw,0,0
6760,draw,0,0
6761,draw,0,0
6762,draw,0,0
6763,draw,0,0
6764,draw,0,0
6765,MinimaxQ_2,-1,1
6766,MinimaxQ,1,-1
6767,draw,0,0
6768,draw,0,0
6769,draw,0,0
6770,draw,0,0
6771,MinimaxQ_2,-1,1
6772,draw,0,0
6773,MinimaxQ,1,-1
6774,draw,0,0
6775,draw,0,0
6776,draw,0,0
6777,draw,0,0
6778,MinimaxQ,1,-1
6779,draw,0,0
6780,MinimaxQ_2,-1,1
6781,draw,0,0
6782,draw,0,0
6783,draw,0,0
6784,draw,0,0
6785,draw,0,0
6786,draw,0,0
6787,draw,0,0
6788,MinimaxQ_2,-1,1
6789,MinimaxQ,1,-1
6790,draw,0,0
6791,MinimaxQ_2,-1,1
6792,draw,0,0
6793,draw,0,0
6794,draw,0,0
6795,MinimaxQ,1,-1
6796,MinimaxQ,1,-1
6797,draw,0,0
6798,draw,0,0
6799,draw,0,0
6800,draw,0,0
6801,MinimaxQ_2,-1,1
6802,draw,0,0
6803,draw,0,0
6804,draw,0,0
6805,draw,0,0
6806,draw,0,0
6807,draw,0,0
6808,draw,0,0
6809,MinimaxQ,1,-1
6810,MinimaxQ,1,-1
6811,draw,0,0
6812,draw,0,0
6813,draw,0,0
6814,draw,0,0
6815,draw,0,0
6816,draw,0,0
6817,draw,0,0
6818,MinimaxQ_2,-1,1
6819,draw,0,0
6820,draw,0,0
6821,draw,0,0
6822,MinimaxQ_2,-1,1
6823,draw,0,0
6824,MinimaxQ,1,-1
6825,draw,0,0
6826,draw,0,0
6827,MinimaxQ_2,-1,1
6828,draw,0,0
6829,draw,0,0
6830,draw,0,0
6831,draw,0,0
6832,draw,0,0
6833,draw,0,0
6834,MinimaxQ_2,-1,1
6835,draw,0,0
6836,draw,0,0
6837,draw,0,0
6838,draw,0,0
6839,draw,0,0
6840,draw,0,0
6841,draw,0,0
6842,draw,0,0
6843,draw,0,0
6844,draw,0,0
6845,draw,0,0
6846,draw,0,0
6847,draw,0,0
6848,draw,0,0
6849,draw,0,0
6850,draw,0,0
6851,draw,0,0
6852,draw,0,0
6853,draw,0,0
6854,draw,0,0
6855,draw,0,0
6856,draw,0,0
6857,draw,0,0
6858,draw,0,0
6859,draw,0,0
6860,draw,0,0
6861,MinimaxQ_2,-1,1
6862,MinimaxQ,1,-1
6863,MinimaxQ_2,-1,1
6864,MinimaxQ_2,-1,1
6865,MinimaxQ,1,-1
6866,MinimaxQ,1,-1
6867,draw,0,0
6868,draw,0,0
6869,MinimaxQ_2,-1,1
6870,MinimaxQ,1,-1
6871,draw,0,0
6872,draw,0,0
6873,draw,0,0
6874,draw,0,0
6875,draw,0,0
6876,draw,0,0
6877,MinimaxQ_2,-1,1
6878,draw,0,0
6879,draw,0,0
6880,draw,0,0
6881,draw,0,0
6882,MinimaxQ,1,-1
6883,draw,0,0
6884,draw,0,0
6885,draw,0,0
6886,draw,0,0
6887,draw,0,0
6888,draw,0,0
6889,draw,0,0
6890,draw,0,0
6891,draw,0,0
6892,draw,0,0
6893,draw,0,0
6894,MinimaxQ_2,-1,1
6895,MinimaxQ_2,-1,1
6896,draw,0,0
6897,draw,0,0
6898,draw,0,0
6899,draw,0,0
6900,draw,0,0
6901,draw,0,0
6902,draw,0,0
6903,draw,0,0
6904,draw,0,0
6905,draw,0,0
6906,draw,0,0
6907,draw,0,0
6908,draw,0,0
6909,draw,0,0
6910,draw,0,0
6911,MinimaxQ_2,-1,1
6912,draw,0,0
6913,draw,0,0
6914,draw,0,0
6915,draw,0,0
6916,draw,0,0
6917,draw,0,0
6918,draw,0,0
6919,draw,0,0
6920,draw,0,0
6921,draw,0,0
6922,draw,0,0
6923,draw,0,0
6924,draw,0,0
6925,draw,0,0
6926,draw,0,0
6927,draw,0,0
6928,draw,0,0
6929,draw,0,0
6930,draw,0,0
6931,draw,0,0
6932,draw,0,0
6933,draw,0,0
6934,draw,0,0
6935,draw,0,0
6936,draw,0,0
6937,draw,0,0
6938,draw,0,0
6939,draw,0,0
6940,MinimaxQ,1,-1
6941,draw,0,0
6942,draw,0,0
6943,draw,0,0
6944,draw,0,0
6945,draw,0,0
6946,draw,0,0
6947,draw,0,0
6948,draw,0,0
6949,draw,0,0
6950,draw,0,0
6951,draw,0,0
6952,MinimaxQ_2,-1,1
6953,draw,0,0
6954,draw,0,0
6955,draw,0,0
6956,draw,0,0
6957,draw,0,0
6958,MinimaxQ,1,-1
6959,draw,0,0
6960,draw,0,0
6961,draw,0,0
6962,draw,0,0
6963,MinimaxQ_2,-1,1
6964,MinimaxQ,1,-1
6965,draw,0,0
6966,draw,0,0
6967,MinimaxQ,1,-1
6968,draw,0,0
6969,draw,0,0
6970,draw,0,0
6971,draw,0,0
6972,draw,0,0
6973,draw,0,0
6974,draw,0,0
6975,MinimaxQ_2,-1,1
6976,draw,0,0
6977,draw,0,0
6978,draw,0,0
6979,draw,0,0
6980,draw,0,0
6981,MinimaxQ_2,-1,1
6982,draw,0,0
6983,draw,0,0
6984,draw,0,0
6985,draw,0,0
6986,MinimaxQ_2,-1,1
6987,draw,0,0
6988,draw,0,0
6989,draw,0,0
6990,MinimaxQ_2,-1,1
6991,draw,0,0
6992,MinimaxQ_2,-1,1
6993,draw,0,0
6994,MinimaxQ_2,-1,1
6995,draw,0,0
6996,MinimaxQ,1,-1
6997,draw,0,0
6998,draw,0,0
6999,draw,0,0
7000,draw,0,0
7001,draw,0,0
7002,draw,0,0
7003,draw,0,0
7004,draw,0,0
7005,draw,0,0
7006,draw,0,0
7007,draw,0,0
7008,draw,0,0
7009,draw,0,0
7010,draw,0,0
7011,draw,0,0
7012,MinimaxQ_2,-1,1
7013,draw,0,0
7014,draw,0,0
7015,draw,0,0
7016,draw,0,0
7017,MinimaxQ,1,-1
7018,draw,0,0
7019,draw,0,0
7020,draw,0,0
7021,draw,0,0
7022,draw,0,0
7023,draw,0,0
7024,MinimaxQ_2,-1,1
7025,draw,0,0
7026,MinimaxQ,1,-1
7027,draw,0,0
7028,draw,0,0
7029,draw,0,0
7030,draw,0,0
7031,draw,0,0
7032,draw,0,0
7033,draw,0,0
7034,draw,0,0
7035,draw,0,0
7036,draw,0,0
7037,draw,0,0
7038,MinimaxQ_2,-1,1
7039,draw,0,0
7040,draw,0,0
7041,draw,0,0
7042,draw,0,0
7043,MinimaxQ_2,-1,1
7044,draw,0,0
7045,MinimaxQ_2,-1,1
7046,draw,0,0
7047,draw,0,0
7048,draw,0,0
7049,MinimaxQ_2,-1,1
7050,draw,0,0
7051,MinimaxQ,1,-1
7052,draw,0,0
7053,MinimaxQ,1,-1
7054,draw,0,0
7055,draw,0,0
7056,MinimaxQ_2,-1,1
7057,draw,0,0
7058,draw,0,0
7059,draw,0,0
7060,draw,0,0
7061,draw,0,0
7062,draw,0,0
7063,draw,0,0
7064,draw,0,0
7065,MinimaxQ_2,-1,1
7066,draw,0,0
7067,MinimaxQ,1,-1
7068,MinimaxQ,1,-1
7069,draw,0,0
7070,MinimaxQ_2,-1,1
7071,draw,0,0
7072,draw,0,0
7073,draw,0,0
7074,draw,0,0
7075,draw,0,0
7076,draw,0,0
7077,draw,0,0
7078,draw,0,0
7079,draw,0,0
7080,MinimaxQ_2,-1,1
7081,draw,0,0
7082,draw,0,0
7083,draw,0,0
7084,draw,0,0
7085,draw,0,0
7086,draw,0,0
7087,draw,0,0
7088,draw,0,0
7089,draw,0,0
7090,draw,0,0
7091,draw,0,0
7092,draw,0,0
7093,draw,0,0
7094,draw,0,0
7095,draw,0,0
7096,draw,0,0
7097,draw,0,0
7098,draw,0,0
7099,draw,0,0
7100,draw,0,0
7101,draw,0,0
7102,draw,0,0
7103,draw,0,0
7104,draw,0,0
7105,draw,0,0
7106,draw,0,0
7107,draw,0,0
7108,MinimaxQ,1,-1
7109,draw,0,0
7110,MinimaxQ_2,-1,1
7111,draw,0,0
7112,draw,0,0
7113,draw,0,0
7114,draw,0,0
7115,draw,0,0
7116,draw,0,0
7117,draw,0,0
7118,draw,0,0
7119,draw,0,0
7120,draw,0,0
7121,draw,0,0
7122,draw,0,0
7123,draw,0,0
7124,draw,0,0
7125,draw,0,0
7126,draw,0,0
7127,draw,0,0
7128,draw,0,0
7129,draw,0,0
7130,draw,0,0
7131,draw,0,0
7132,MinimaxQ,1,-1
7133,draw,0,0
7134,draw,0,0
7135,draw,0,0
7136,MinimaxQ,1,-1
7137,draw,0,0
7138,draw,0,0
7139,draw,0,0
7140,draw,0,0
7141,draw,0,0
7142,draw,0,0
7143,MinimaxQ_2,-1,1
7144,draw,0,0
7145,draw,0,0
7146,draw,0,0
7147,MinimaxQ,1,-1
7148,MinimaxQ,1,-1
7149,draw,0,0
7150,draw,0,0
7151,draw,0,0
7152,MinimaxQ_2,-1,1
7153,draw,0,0
7154,MinimaxQ_2,-1,1
7155,draw,0,0
7156,draw,0,0
7157,draw,0,0
7158,MinimaxQ,1,-1
7159,draw,0,0
7160,draw,0,0
7161,draw,0,0
7162,MinimaxQ_2,-1,1
7163,draw,0,0
7164,draw,0,0
7165,draw,0,0
7166,draw,0,0
7167,draw,0,0
7168,draw,0,0
7169,MinimaxQ,1,-1
7170,draw,0,0
7171,draw,0,0
7172,draw,0,0
7173,draw,0,0
7174,draw,0,0
7175,draw,0,0
7176,draw,0,0
7177,draw,0,0
7178,draw,0,0
7179,MinimaxQ,1,-1
7180,draw,0,0
7181,draw,0,0
7182,draw,0,0
7183,draw,0,0
7184,MinimaxQ,1,-1
7185,draw,0,0
7186,draw,0,0
7187,draw,0,0
7188,draw,0,0
7189,draw,0,0
7190,draw,0,0
7191,draw,0,0
7192,draw,0,0
7193,draw,0,0
7194,draw,0,0
7195,draw,0,0
7196,draw,0,0
7197,MinimaxQ,1,-1
7198,draw,0,0
7199,draw,0,0
7200,draw,0,0
7201,draw,0,0
7202,MinimaxQ,1,-1
7203,MinimaxQ,1,-1
7204,draw,0,0
7205,draw,0,0
7206,draw,0,0
7207,draw,0,0
7208,draw,0,0
7209,draw,0,0
7210,draw,0,0
7211,MinimaxQ_2,-1,1
7212,draw,0,0
7213,draw,0,0
7214,draw,0,0
7215,MinimaxQ_2,-1,1
7216,draw,0,0
7217,draw,0,0
7218,draw,0,0
7219,draw,0,0
7220,draw,0,0
7221,draw,0,0
7222,draw,0,0
7223,draw,0,0
7224,MinimaxQ_2,-1,1
7225,MinimaxQ_2,-1,1
7226,MinimaxQ_2,-1,1
7227,draw,0,0
7228,MinimaxQ_2,-1,1
7229,MinimaxQ_2,-1,1
7230,draw,0,0
7231,draw,0,0
7232,draw,0,0
7233,draw,0,0
7234,draw,0,0
7235,draw,0,0
7236,draw,0,0
7237,draw,0,0
7238,draw,0,0
7239,draw,0,0
7240,draw,0,0
7241,MinimaxQ_2,-1,1
7242,MinimaxQ_2,-1,1
7243,MinimaxQ_2,-1,1
7244,draw,0,0
7245,draw,0,0
7246,draw,0,0
7247,draw,0,0
7248,draw,0,0
7249,draw,0,0
7250,MinimaxQ,1,-1
7251,draw,0,0
7252,draw,0,0
7253,draw,0,0
7254,draw,0,0
7255,draw,0,0
7256,MinimaxQ,1,-1
7257,draw,0,0
7258,draw,0,0
7259,draw,0,0
7260,MinimaxQ_2,-1,1
7261,draw,0,0
7262,MinimaxQ_2,-1,1
7263,draw,0,0
7264,draw,0,0
7265,draw,0,0
7266,draw,0,0
7267,draw,0,0
7268,MinimaxQ_2,-1,1
7269,draw,0,0
7270,draw,0,0
7271,draw,0,0
7272,draw,0,0
7273,draw,0,0
7274,draw,0,0
7275,MinimaxQ_2,-1,1
7276,draw,0,0
7277,draw,0,0
7278,draw,0,0
7279,draw,0,0
7280,draw,0,0
7281,MinimaxQ_2,-1,1
7282,draw,0,0
7283,draw,0,0
7284,MinimaxQ_2,-1,1
7285,draw,0,0
7286,draw,0,0
7287,draw,0,0
7288,draw,0,0
7289,draw,0,0
7290,draw,0,0
7291,draw,0,0
7292,draw,0,0
7293,MinimaxQ_2,-1,1
7294,draw,0,0
7295,draw,0,0
7296,draw,0,0
7297,draw,0,0
7298,draw,0,0
7299,draw,0,0
7300,draw,0,0
7301,draw,0,0
7302,draw,0,0
7303,draw,0,0
7304,draw,0,0
7305,draw,0,0
7306,draw,0,0
7307,draw,0,0
7308,draw,0,0
7309,draw,0,0
7310,draw,0,0
7311,draw,0,0
7312,draw,0,0
7313,draw,0,0
7314,draw,0,0
7315,draw,0,0
7316,draw,0,0
7317,draw,0,0
7318,draw,0,0
7319,MinimaxQ,1,-1
7320,draw,0,0
7321,draw,0,0
7322,draw,0,0
7323,draw,0,0
7324,MinimaxQ,1,-1
7325,draw,0,0
7326,draw,0,0
7327,draw,0,0
7328,draw,0,0
7329,draw,0,0
7330,draw,0,0
7331,draw,0,0
7332,draw,0,0
7333,draw,0,0
7334,draw,0,0
7335,draw,0,0
7336,MinimaxQ,1,-1
7337,draw,0,0
7338,MinimaxQ_2,-1,1
7339,draw,0,0
7340,draw,0,0
7341,draw,0,0
7342,draw,0,0
7343,draw,0,0
7344,draw,0,0
7345,MinimaxQ_2,-1,1
7346,draw,0,0
7347,draw,0,0
7348,draw,0,0
7349,MinimaxQ_2,-1,1
7350,draw,0,0
7351,draw,0,0
7352,draw,0,0
7353,draw,0,0
7354,draw,0,0
7355,draw,0,0
7356,draw,0,0
7357,draw,0,0
7358,draw,0,0
7359,draw,0,0
7360,draw,0,0
7361,draw,0,0
7362,draw,0,0
7363,draw,0,0
7364,draw,0,0
7365,draw,0,0
7366,draw,0,0
7367,MinimaxQ,1,-1
7368,MinimaxQ_2,-1,1
7369,draw,0,0
7370,MinimaxQ_2,-1,1
7371,draw,0,0
7372,draw,0,0
7373,draw,0,0
7374,draw,0,0
7375,draw,0,0
7376,draw,0,0
7377,draw,0,0
7378,draw,0,0
7379,draw,0,0
7380,draw,0,0
7381,draw,0,0
7382,draw,0,0
7383,MinimaxQ,1,-1
7384,draw,0,0
7385,MinimaxQ_2,-1,1
7386,draw,0,0
7387,draw,0,0
7388,draw,0,0
7389,draw,0,0
7390,draw,0,0
7391,draw,0,0
7392,draw,0,0
7393,draw,0,0
7394,MinimaxQ,1,-1
7395,draw,0,0
7396,draw,0,0
7397,draw,0,0
7398,draw,0,0
7399,MinimaxQ,1,-1
7400,draw,0,0
7401,draw,0,0
7402,draw,0,0
7403,draw,0,0
7404,draw,0,0
7405,draw,0,0
7406,draw,0,0
7407,draw,0,0
7408,draw,0,0
7409,draw,0,0
7410,draw,0,0
7411,draw,0,0
7412,draw,0,0
7413,draw,0,0
7414,draw,0,0
7415,draw,0,0
7416,draw,0,0
7417,draw,0,0
7418,draw,0,0
7419,draw,0,0
7420,draw,0,0
7421,draw,0,0
7422,draw,0,0
7423,MinimaxQ_2,-1,1
7424,MinimaxQ_2,-1,1
7425,draw,0,0
7426,MinimaxQ,1,-1
7427,draw,0,0
7428,draw,0,0
7429,draw,0,0
7430,draw,0,0
7431,draw,0,0
7432,draw,0,0
7433,draw,0,0
7434,draw,0,0
7435,MinimaxQ_2,-1,1
7436,draw,0,0
7437,draw,0,0
7438,draw,0,0
7439,draw,0,0
7440,MinimaxQ,1,-1
7441,MinimaxQ_2,-1,1
7442,draw,0,0
7443,draw,0,0
7444,draw,0,0
7445,draw,0,0
7446,draw,0,0
7447,draw,0,0
7448,draw,0,0
7449,draw,0,0
7450,draw,0,0
7451,draw,0,0
7452,draw,0,0
7453,draw,0,0
7454,draw,0,0
7455,draw,0,0
7456,draw,0,0
7457,draw,0,0
7458,MinimaxQ_2,-1,1
7459,draw,0,0
7460,draw,0,0
7461,draw,0,0
7462,draw,0,0
7463,draw,0,0
7464,draw,0,0
7465,draw,0,0
7466,draw,0,0
7467,draw,0,0
7468,draw,0,0
7469,MinimaxQ,1,-1
7470,draw,0,0
7471,MinimaxQ_2,-1,1
7472,MinimaxQ_2,-1,1
7473,MinimaxQ,1,-1
7474,draw,0,0
7475,draw,0,0
7476,draw,0,0
7477,draw,0,0
7478,draw,0,0
7479,draw,0,0
7480,draw,0,0
7481,MinimaxQ_2,-1,1
7482,draw,0,0
7483,draw,0,0
7484,draw,0,0
7485,draw,0,0
7486,MinimaxQ_2,-1,1
7487,MinimaxQ_2,-1,1
7488,MinimaxQ,1,-1
7489,draw,0,0
7490,MinimaxQ,1,-1
7491,draw,0,0
7492,draw,0,0
7493,draw,0,0
7494,draw,0,0
7495,draw,0,0
7496,draw,0,0
7497,draw,0,0
7498,MinimaxQ,1,-1
7499,draw,0,0
7500,MinimaxQ,1,-1
7501,draw,0,0
7502,draw,0,0
7503,draw,0,0
7504,MinimaxQ_2,-1,1
7505,draw,0,0
7506,draw,0,0
7507,MinimaxQ_2,-1,1
7508,MinimaxQ,1,-1
7509,draw,0,0
7510,draw,0,0
7511,draw,0,0
7512,draw,0,0
7513,MinimaxQ_2,-1,1
7514,MinimaxQ_2,-1,1
7515,draw,0,0
7516,draw,0,0
7517,draw,0,0
7518,draw,0,0
7519,draw,0,0
7520,draw,0,0
7521,MinimaxQ,1,-1
7522,draw,0,0
7523,draw,0,0
7524,draw,0,0
7525,draw,0,0
7526,draw,0,0
7527,draw,0,0
7528,MinimaxQ,1,-1
7529,draw,0,0
7530,draw,0,0
7531,draw,0,0
7532,draw,0,0
7533,draw,0,0
7534,draw,0,0
7535,draw,0,0
7536,draw,0,0
7537,draw,0,0
7538,draw,0,0
7539,draw,0,0
7540,MinimaxQ_2,-1,1
7541,draw,0,0
7542,draw,0,0
7543,MinimaxQ_2,-1,1
7544,MinimaxQ_2,-1,1
7545,draw,0,0
7546,draw,0,0
7547,draw,0,0
7548,draw,0,0
7549,draw,0,0
7550,draw,0,0
7551,draw,0,0
7552,draw,0,0
7553,draw,0,0
7554,draw,0,0
7555,draw,0,0
7556,MinimaxQ_2,-1,1
7557,draw,0,0
7558,draw,0,0
7559,draw,0,0
7560,draw,0,0
7561,draw,0,0
7562,MinimaxQ,1,-1
7563,draw,0,0
7564,draw,0,0
7565,draw,0,0
7566,draw,0,0
7567,draw,0,0
7568,draw,0,0
7569,draw,0,0
7570,draw,0,0
7571,MinimaxQ,1,-1
7572,draw,0,0
7573,draw,0,0
7574,draw,0,0
7575,draw,0,0
7576,draw,0,0
7577,draw,0,0
7578,draw,0,0
7579,draw,0,0
7580,draw,0,0
7581,draw,0,0
7582,draw,0,0
7583,MinimaxQ_2,-1,1
7584,draw,0,0
7585,draw,0,0
7586,draw,0,0
7587,draw,0,0
7588,draw,0,0
7589,draw,0,0
7590,draw,0,0
7591,draw,0,0
7592,draw,0,0
7593,MinimaxQ,1,-1
7594,draw,0,0
7595,draw,0,0
7596,draw,0,0
7597,MinimaxQ_2,-1,1
7598,draw,0,0
7599,draw,0,0
7600,draw,0,0
7601,draw,0,0
7602,draw,0,0
7603,draw,0,0
7604,MinimaxQ,1,-1
7605,draw,0,0
7606,draw,0,0
7607,draw,0,0
7608,draw,0,0
7609,draw,0,0
7610,MinimaxQ,1,-1
7611,draw,0,0
7612,MinimaxQ_2,-1,1
7613,draw,0,0
7614,draw,0,0
7615,draw,0,0
7616,draw,0,0
7617,draw,0,0
7618,MinimaxQ_2,-1,1
7619,MinimaxQ,1,-1
7620,draw,0,0
7621,draw,0,0
7622,MinimaxQ_2,-1,1
7623,draw,0,0
7624,draw,0,0
7625,draw,0,0
7626,draw,0,0
7627,draw,0,0
7628,draw,0,0
7629,draw,0,0
7630,draw,0,0
7631,draw,0,0
7632,draw,0,0
7633,draw,0,0
7634,draw,0,0
7635,draw,0,0
7636,draw,0,0
7637,draw,0,0
7638,draw,0,0
7639,draw,0,0
7640,draw,0,0
7641,draw,0,0
7642,draw,0,0
7643,draw,0,0
7644,MinimaxQ_2,-1,1
7645,draw,0,0
7646,draw,0,0
7647,draw,0,0
7648,draw,0,0
7649,draw,0,0
7650,draw,0,0
7651,draw,0,0
7652,MinimaxQ,1,-1
7653,draw,0,0
7654,draw,0,0
7655,draw,0,0
7656,draw,0,0
7657,draw,0,0
7658,draw,0,0
7659,draw,0,0
7660,draw,0,0
7661,draw,0,0
7662,draw,0,0
7663,draw,0,0
7664,draw,0,0
7665,draw,0,0
7666,draw,0,0
7667,MinimaxQ,1,-1
7668,draw,0,0
7669,draw,0,0
7670,draw,0,0
7671,draw,0,0
7672,draw,0,0
7673,draw,0,0
7674,draw,0,0
7675,draw,0,0
7676,MinimaxQ_2,-1,1
7677,draw,0,0
7678,draw,0,0
7679,draw,0,0
7680,draw,0,0
7681,draw,0,0
7682,draw,0,0
7683,draw,0,0
7684,draw,0,0
7685,draw,0,0
7686,draw,0,0
7687,draw,0,0
7688,draw,0,0
7689,MinimaxQ_2,-1,1
7690,draw,0,0
7691,MinimaxQ_2,-1,1
7692,draw,0,0
7693,draw,0,0
7694,draw,0,0
7695,draw,0,0
7696,draw,0,0
7697,draw,0,0
7698,draw,0,0
7699,draw,0,0
7700,draw,0,0
7701,MinimaxQ_2,-1,1
7702,draw,0,0
7703,draw,0,0
7704,draw,0,0
7705,draw,0,0
7706,MinimaxQ_2,-1,1
7707,draw,0,0
7708,draw,0,0
7709,MinimaxQ_2,-1,1
7710,draw,0,0
7711,MinimaxQ,1,-1
7712,draw,0,0
7713,MinimaxQ_2,-1,1
7714,draw,0,0
7715,draw,0,0
7716,draw,0,0
7717,draw,0,0
7718,draw,0,0
7719,draw,0,0
7720,draw,0,0
7721,draw,0,0
7722,draw,0,0
7723,draw,0,0
7724,draw,0,0
7725,draw,0,0
7726,draw,0,0
7727,draw,0,0
7728,MinimaxQ_2,-1,1
7729,draw,0,0
7730,draw,0,0
7731,draw,0,0
7732,draw,0,0
7733,draw,0,0
7734,draw,0,0
7735,draw,0,0
7736,draw,0,0
7737,draw,0,0
7738,draw,0,0
7739,draw,0,0
7740,draw,0,0
7741,draw,0,0
7742,draw,0,0
7743,draw,0,0
7744,draw,0,0
7745,draw,0,0
7746,draw,0,0
7747,MinimaxQ,1,-1
7748,draw,0,0
7749,draw,0,0
7750,draw,0,0
7751,draw,0,0
7752,draw,0,0
7753,draw,0,0
7754,draw,0,0
7755,draw,0,0
7756,draw,0,0
7757,draw,0,0
7758,draw,0,0
7759,draw,0,0
7760,draw,0,0
7761,draw,0,0
7762,draw,0,0
7763,draw,0,0
7764,draw,0,0
7765,draw,0,0
7766,draw,0,0
7767,draw,0,0
7768,draw,0,0
7769,draw,0,0
7770,draw,0,0
7771,draw,0,0
7772,draw,0,0
7773,draw,0,0
7774,MinimaxQ_2,-1,1
7775,draw,0,0
7776,draw,0,0
7777,MinimaxQ,1,-1
7778,draw,0,0
7779,draw,0,0
7780,draw,0,0
7781,draw,0,0
7782,draw,0,0
7783,draw,0,0
7784,draw,0,0
7785,draw,0,0
7786,draw,0,0
7787,draw,0,0
7788,draw,0,0
7789,draw,0,0
7790,draw,0,0
7791,draw,0,0
7792,draw,0,0
7793,draw,0,0
7794,draw,0,0
7795,draw,0,0
7796,draw,0,0
7797,draw,0,0
7798,draw,0,0
7799,draw,0,0
7800,draw,0,0
7801,MinimaxQ,1,-1
7802,draw,0,0
7803,draw,0,0
7804,draw,0,0
7805,MinimaxQ,1,-1
7806,draw,0,0
7807,draw,0,0
7808,draw,0,0
7809,draw,0,0
7810,draw,0,0
7811,MinimaxQ,1,-1
7812,draw,0,0
7813,draw,0,0
7814,draw,0,0
7815,draw,0,0
7816,draw,0,0
7817,draw,0,0
7818,MinimaxQ_2,-1,1
7819,draw,0,0
7820,draw,0,0
7821,draw,0,0
7822,draw,0,0
7823,draw,0,0
7824,draw,0,0
7825,draw,0,0
7826,draw,0,0
7827,draw,0,0
7828,draw,0,0
7829,draw,0,0
7830,draw,0,0
7831,draw,0,0
7832,draw,0,0
7833,draw,0,0
7834,draw,0,0
7835,draw,0,0
7836,draw,0,0
7837,MinimaxQ_2,-1,1
7838,MinimaxQ,1,-1
7839,MinimaxQ_2,-1,1
7840,draw,0,0
7841,draw,0,0
7842,draw,0,0
7843,draw,0,0
7844,draw,0,0
7845,draw,0,0
7846,draw,0,0
7847,MinimaxQ,1,-1
7848,draw,0,0
7849,draw,0,0
7850,MinimaxQ_2,-1,1
7851,MinimaxQ_2,-1,1
7852,draw,0,0
7853,draw,0,0
7854,draw,0,0
7855,draw,0,0
7856,draw,0,0
7857,draw,0,0
7858,MinimaxQ,1,-1
7859,draw,0,0
7860,draw,0,0
7861,draw,0,0
7862,draw,0,0
7863,draw,0,0
7864,draw,0,0
7865,draw,0,0
7866,draw,0,0
7867,draw,0,0
7868,draw,0,0
7869,draw,0,0
7870,MinimaxQ,1,-1
7871,draw,0,0
7872,draw,0,0
7873,draw,0,0
7874,draw,0,0
7875,draw,0,0
7876,draw,0,0
7877,draw,0,0
7878,draw,0,0
7879,draw,0,0
7880,draw,0,0
7881,draw,0,0
7882,MinimaxQ_2,-1,1
7883,MinimaxQ_2,-1,1
7884,draw,0,0
7885,draw,0,0
7886,draw,0,0
7887,MinimaxQ_2,-1,1
7888,draw,0,0
7889,MinimaxQ,1,-1
7890,draw,0,0
7891,MinimaxQ_2,-1,1
7892,MinimaxQ,1,-1
7893,draw,0,0
7894,draw,0,0
7895,draw,0,0
7896,draw,0,0
7897,draw,0,0
7898,draw,0,0
7899,draw,0,0
7900,draw,0,0
7901,draw,0,0
7902,draw,0,0
7903,draw,0,0
7904,draw,0,0
7905,draw,0,0
7906,draw,0,0
7907,draw,0,0
7908,draw,0,0
7909,draw,0,0
7910,draw,0,0
7911,draw,0,0
7912,draw,0,0
7913,draw,0,0
7914,draw,0,0
7915,draw,0,0
7916,MinimaxQ_2,-1,1
7917,draw,0,0
7918,draw,0,0
7919,draw,0,0
7920,MinimaxQ_2,-1,1
7921,draw,0,0
7922,draw,0,0
7923,draw,0,0
7924,MinimaxQ,1,-1
7925,draw,0,0
7926,draw,0,0
7927,draw,0,0
7928,draw,0,0
7929,draw,0,0
7930,draw,0,0
7931,draw,0,0
7932,draw,0,0
7933,draw,0,0
7934,draw,0,0
7935,draw,0,0
7936,draw,0,0
7937,draw,0,0
7938,draw,0,0
7939,draw,0,0
7940,draw,0,0
7941,MinimaxQ_2,-1,1
7942,draw,0,0
7943,draw,0,0
7944,draw,0,0
7945,draw,0,0
7946,draw,0,0
7947,draw,0,0
7948,draw,0,0
7949,draw,0,0
7950,MinimaxQ,1,-1
7951,draw,0,0
7952,MinimaxQ,1,-1
7953,MinimaxQ,1,-1
7954,MinimaxQ_2,-1,1
7955,draw,0,0
7956,draw,0,0
7957,draw,0,0
7958,draw,0,0
7959,MinimaxQ_2,-1,1
7960,MinimaxQ_2,-1,1
7961,draw,0,0
7962,draw,0,0
7963,draw,0,0
7964,draw,0,0
7965,draw,0,0
7966,draw,0,0
7967,draw,0,0
7968,draw,0,0
7969,MinimaxQ_2,-1,1
7970,draw,0,0
7971,draw,0,0
7972,MinimaxQ_2,-1,1
7973,draw,0,0
7974,draw,0,0
7975,MinimaxQ_2,-1,1
7976,draw,0,0
7977,draw,0,0
7978,draw,0,0
7979,draw,0,0
7980,draw,0,0
7981,draw,0,0
7982,draw,0,0
7983,draw,0,0
7984,draw,0,0
7985,draw,0,0
7986,MinimaxQ_2,-1,1
7987,draw,0,0
7988,draw,0,0
7989,draw,0,0
7990,draw,0,0
7991,draw,0,0
7992,MinimaxQ,1,-1
7993,MinimaxQ,1,-1
7994,draw,0,0
7995,draw,0,0
7996,draw,0,0
7997,draw,0,0
7998,draw,0,0
7999,draw,0,0
8000,draw,0,0
8001,draw,0,0
8002,draw,0,0
8003,draw,0,0
8004,draw,0,0
8005,draw,0,0
8006,draw,0,0
8007,draw,0,0
8008,draw,0,0
8009,draw,0,0
8010,draw,0,0
8011,draw,0,0
8012,draw,0,0
8013,draw,0,0
8014,draw,0,0
8015,draw,0,0
8016,draw,0,0
8017,draw,0,0
8018,MinimaxQ_2,-1,1
8019,draw,0,0
8020,draw,0,0
8021,draw,0,0
8022,draw,0,0
8023,draw,0,0
8024,MinimaxQ_2,-1,1
8025,draw,0,0
8026,draw,0,0
8027,draw,0,0
8028,draw,0,0
8029,draw,0,0
8030,draw,0,0
8031,MinimaxQ,1,-1
8032,draw,0,0
8033,draw,0,0
8034,draw,0,0
8035,draw,0,0
8036,draw,0,0
8037,MinimaxQ_2,-1,1
8038,draw,0,0
8039,MinimaxQ,1,-1
8040,draw,0,0
8041,draw,0,0
8042,draw,0,0
8043,draw,0,0
8044,draw,0,0
8045,draw,0,0
8046,draw,0,0
8047,draw,0,0
8048,draw,0,0
8049,draw,0,0
8050,MinimaxQ_2,-1,1
8051,draw,0,0
8052,draw,0,0
8053,draw,0,0
8054,draw,0,0
8055,draw,0,0
8056,draw,0,0
8057,draw,0,0
8058,draw,0,0
8059,draw,0,0
8060,draw,0,0
8061,draw,0,0
8062,draw,0,0
8063,draw,0,0
8064,MinimaxQ_2,-1,1
8065,draw,0,0
8066,draw,0,0
8067,draw,0,0
8068,MinimaxQ_2,-1,1
8069,MinimaxQ_2,-1,1
8070,draw,0,0
8071,draw,0,0
8072,draw,0,0
8073,draw,0,0
8074,draw,0,0
8075,draw,0,0
8076,draw,0,0
8077,draw,0,0
8078,draw,0,0
8079,draw,0,0
8080,draw,0,0
8081,draw,0,0
8082,draw,0,0
8083,draw,0,0
8084,draw,0,0
8085,MinimaxQ_2,-1,1
8086,draw,0,0
8087,draw,0,0
8088,MinimaxQ_2,-1,1
8089,draw,0,0
8090,MinimaxQ,1,-1
8091,draw,0,0
8092,draw,0,0
8093,draw,0,0
8094,draw,0,0
8095,draw,0,0
8096,draw,0,0
8097,draw,0,0
8098,draw,0,0
8099,MinimaxQ_2,-1,1
8100,draw,0,0
8101,draw,0,0
8102,draw,0,0
8103,draw,0,0
8104,draw,0,0
8105,draw,0,0
8106,draw,0,0
8107,draw,0,0
8108,draw,0,0
8109,draw,0,0
8110,MinimaxQ_2,-1,1
8111,MinimaxQ_2,-1,1
8112,draw,0,0
8113,MinimaxQ,1,-1
8114,draw,0,0
8115,draw,0,0
8116,draw,0,0
8117,draw,0,0
8118,draw,0,0
8119,draw,0,0
8120,MinimaxQ_2,-1,1
8121,draw,0,0
8122,draw,0,0
8123,draw,0,0
8124,draw,0,0
8125,draw,0,0
8126,draw,0,0
8127,draw,0,0
8128,draw,0,0
8129,draw,0,0
8130,draw,0,0
8131,draw,0,0
8132,draw,0,0
8133,draw,0,0
8134,draw,0,0
8135,draw,0,0
8136,draw,0,0
8137,draw,0,0
8138,draw,0,0
8139,MinimaxQ,1,-1
8140,MinimaxQ,1,-1
8141,draw,0,0
8142,draw,0,0
8143,draw,0,0
8144,draw,0,0
8145,draw,0,0
8146,MinimaxQ_2,-1,1
8147,draw,0,0
8148,draw,0,0
8149,MinimaxQ,1,-1
8150,draw,0,0
8151,MinimaxQ_2,-1,1
8152,draw,0,0
8153,MinimaxQ,1,-1
8154,draw,0,0
8155,draw,0,0
8156,draw,0,0
8157,draw,0,0
8158,draw,0,0
8159,draw,0,0
8160,draw,0,0
8161,MinimaxQ_2,-1,1
8162,draw,0,0
8163,draw,0,0
8164,draw,0,0
8165,draw,0,0
8166,draw,0,0
8167,draw,0,0
8168,draw,0,0
8169,draw,0,0
8170,draw,0,0
8171,draw,0,0
8172,draw,0,0
8173,draw,0,0
8174,draw,0,0
8175,draw,0,0
8176,draw,0,0
8177,draw,0,0
8178,draw,0,0
8179,draw,0,0
8180,draw,0,0
8181,MinimaxQ,1,-1
8182,draw,0,0
8183,draw,0,0
8184,draw,0,0
8185,draw,0,0
8186,draw,0,0
8187,draw,0,0
8188,draw,0,0
8189,MinimaxQ,1,-1
8190,draw,0,0
8191,draw,0,0
8192,draw,0,0
8193,MinimaxQ_2,-1,1
8194,draw,0,0
8195,draw,0,0
8196,draw,0,0
8197,draw,0,0
8198,draw,0,0
8199,draw,0,0
8200,draw,0,0
8201,draw,0,0
8202,draw,0,0
8203,draw,0,0
8204,draw,0,0
8205,draw,0,0
8206,draw,0,0
8207,draw,0,0
8208,draw,0,0
8209,MinimaxQ_2,-1,1
8210,draw,0,0
8211,draw,0,0
8212,draw,0,0
8213,draw,0,0
8214,draw,0,0
8215,draw,0,0
8216,draw,0,0
8217,draw,0,0
8218,draw,0,0
8219,draw,0,0
8220,draw,0,0
8221,draw,0,0
8222,draw,0,0
8223,draw,0,0
8224,MinimaxQ_2,-1,1
8225,MinimaxQ,1,-1
8226,draw,0,0
8227,MinimaxQ,1,-1
8228,draw,0,0
8229,draw,0,0
8230,draw,0,0
8231,draw,0,0
8232,draw,0,0
8233,draw,0,0
8234,draw,0,0
8235,draw,0,0
8236,draw,0,0
8237,draw,0,0
8238,draw,0,0
8239,draw,0,0
8240,draw,0,0
8241,draw,0,0
8242,draw,0,0
8243,MinimaxQ,1,-1
8244,draw,0,0
8245,draw,0,0
8246,draw,0,0
8247,MinimaxQ_2,-1,1
8248,draw,0,0
8249,draw,0,0
8250,draw,0,0
8251,draw,0,0
8252,draw,0,0
8253,MinimaxQ,1,-1
8254,MinimaxQ_2,-1,1
8255,draw,0,0
8256,MinimaxQ_2,-1,1
8257,draw,0,0
8258,draw,0,0
8259,draw,0,0
8260,draw,0,0
8261,draw,0,0
8262,draw,0,0
8263,draw,0,0
8264,draw,0,0
8265,draw,0,0
8266,draw,0,0
8267,draw,0,0
8268,draw,0,0
8269,MinimaxQ_2,-1,1
8270,MinimaxQ_2,-1,1
8271,draw,0,0
8272,draw,0,0
8273,MinimaxQ,1,-1
8274,draw,0,0
8275,MinimaxQ_2,-1,1
8276,draw,0,0
8277,MinimaxQ,1,-1
8278,draw,0,0
8279,MinimaxQ,1,-1
8280,draw,0,0
8281,draw,0,0
8282,draw,0,0
8283,draw,0,0
8284,MinimaxQ,1,-1
8285,draw,0,0
8286,draw,0,0
8287,draw,0,0
8288,draw,0,0
8289,draw,0,0
8290,draw,0,0
8291,draw,0,0
8292,draw,0,0
8293,MinimaxQ_2,-1,1
8294,draw,0,0
8295,draw,0,0
8296,draw,0,0
8297,MinimaxQ,1,-1
8298,draw,0,0
8299,draw,0,0
8300,draw,0,0
8301,draw,0,0
8302,draw,0,0
8303,draw,0,0
8304,draw,0,0
8305,draw,0,0
8306,draw,0,0
8307,draw,0,0
8308,draw,0,0
8309,draw,0,0
8310,draw,0,0
8311,draw,0,0
8312,draw,0,0
8313,draw,0,0
8314,draw,0,0
8315,draw,0,0
8316,draw,0,0
8317,MinimaxQ_2,-1,1
8318,draw,0,0
8319,draw,0,0
8320,draw,0,0
8321,draw,0,0
8322,draw,0,0
8323,draw,0,0
8324,draw,0,0
8325,draw,0,0
8326,MinimaxQ_2,-1,1
8327,draw,0,0
8328,draw,0,0
8329,draw,0,0
8330,draw,0,0
8331,draw,0,0
8332,draw,0,0
8333,draw,0,0
8334,draw,0,0
8335,draw,0,0
8336,draw,0,0
8337,draw,0,0
8338,draw,0,0
8339,draw,0,0
8340,draw,0,0
8341,draw,0,0
8342,draw,0,0
8343,MinimaxQ,1,-1
8344,draw,0,0
8345,MinimaxQ,1,-1
8346,draw,0,0
8347,draw,0,0
8348,draw,0,0
8349,draw,0,0
8350,draw,0,0
8351,MinimaxQ_2,-1,1
8352,draw,0,0
8353,draw,0,0
8354,draw,0,0
8355,draw,0,0
8356,draw,0,0
8357,draw,0,0
8358,draw,0,0
8359,MinimaxQ,1,-1
8360,draw,0,0
8361,draw,0,0
8362,draw,0,0
8363,draw,0,0
8364,draw,0,0
8365,draw,0,0
8366,draw,0,0
8367,MinimaxQ_2,-1,1
8368,draw,0,0
8369,draw,0,0
8370,draw,0,0
8371,draw,0,0
8372,draw,0,0
8373,draw,0,0
8374,MinimaxQ,1,-1
8375,draw,0,0
8376,draw,0,0
8377,MinimaxQ,1,-1
8378,draw,0,0
8379,draw,0,0
8380,MinimaxQ_2,-1,1
8381,draw,0,0
8382,draw,0,0
8383,draw,0,0
8384,draw,0,0
8385,MinimaxQ,1,-1
8386,MinimaxQ_2,-1,1
8387,draw,0,0
8388,draw,0,0
8389,MinimaxQ,1,-1
8390,draw,0,0
8391,draw,0,0
8392,draw,0,0
8393,draw,0,0
8394,draw,0,0
8395,draw,0,0
8396,draw,0,0
8397,draw,0,0
8398,draw,0,0
8399,draw,0,0
8400,draw,0,0
8401,draw,0,0
8402,draw,0,0
8403,draw,0,0
8404,draw,0,0
8405,draw,0,0
8406,draw,0,0
8407,draw,0,0
8408,draw,0,0
8409,draw,0,0
8410,draw,0,0
8411,draw,0,0
8412,draw,0,0
8413,draw,0,0
8414,draw,0,0
8415,MinimaxQ_2,-1,1
8416,draw,0,0
8417,draw,0,0
8418,draw,0,0
8419,draw,0,0
8420,draw,0,0
8421,draw,0,0
8422,draw,0,0
8423,draw,0,0
8424,draw,0,0
8425,draw,0,0
8426,MinimaxQ_2,-1,1
8427,draw,0,0
8428,draw,0,0
8429,draw,0,0
8430,draw,0,0
8431,draw,0,0
8432,draw,0,0
8433,draw,0,0
8434,draw,0,0
8435,MinimaxQ,1,-1
8436,draw,0,0
8437,draw,0,0
8438,draw,0,0
8439,draw,0,0
8440,draw,0,0
8441,draw,0,0
8442,draw,0,0
8443,draw,0,0
8444,draw,0,0
8445,draw,0,0
8446,draw,0,0
8447,draw,0,0
8448,draw,0,0
8449,MinimaxQ_2,-1,1
8450,draw,0,0
8451,MinimaxQ_2,-1,1
8452,draw,0,0
8453,draw,0,0
8454,draw,0,0
8455,draw,0,0
8456,draw,0,0
8457,draw,0,0
8458,MinimaxQ_2,-1,1
8459,draw,0,0
8460,draw,0,0
8461,draw,0,0
8462,draw,0,0
8463,draw,0,0
8464,draw,0,0
8465,draw,0,0
8466,draw,0,0
8467,draw,0,0
8468,MinimaxQ_2,-1,1
8469,draw,0,0
8470,draw,0,0
8471,draw,0,0
8472,draw,0,0
8473,draw,0,0
8474,draw,0,0
8475,draw,0,0
8476,draw,0,0
8477,draw,0,0
8478,draw,0,0
8479,draw,0,0
8480,draw,0,0
8481,draw,0,0
8482,draw,0,0
8483,draw,0,0
8484,draw,0,0
8485,draw,0,0
8486,draw,0,0
8487,draw,0,0
8488,draw,0,0
8489,MinimaxQ,1,-1
8490,draw,0,0
8491,draw,0,0
8492,draw,0,0
8493,draw,0,0
8494,MinimaxQ,1,-1
8495,draw,0,0
8496,draw,0,0
8497,draw,0,0
8498,draw,0,0
8499,draw,0,0
8500,draw,0,0
8501,draw,0,0
8502,draw,0,0
8503,draw,0,0
8504,draw,0,0
8505,draw,0,0
8506,draw,0,0
8507,draw,0,0
8508,draw,0,0
8509,draw,0,0
8510,draw,0,0
8511,draw,0,0
8512,draw,0,0
8513,draw,0,0
8514,draw,0,0
8515,MinimaxQ,1,-1
8516,draw,0,0
8517,draw,0,0
8518,draw,0,0
8519,draw,0,0
8520,draw,0,0
8521,draw,0,0
8522,draw,0,0
8523,draw,0,0
8524,draw,0,0
8525,draw,0,0
8526,draw,0,0
8527,draw,0,0
8528,draw,0,0
8529,draw,0,0
8530,draw,0,0
8531,draw,0,0
8532,MinimaxQ,1,-1
8533,draw,0,0
8534,draw,0,0
8535,draw,0,0
8536,draw,0,0
8537,MinimaxQ,1,-1
8538,MinimaxQ_2,-1,1
8539,draw,0,0
8540,draw,0,0
8541,draw,0,0
8542,draw,0,0
8543,draw,0,0
8544,draw,0,0
8545,draw,0,0
8546,MinimaxQ,1,-1
8547,draw,0,0
8548,draw,0,0
8549,draw,0,0
8550,MinimaxQ_2,-1,1
8551,MinimaxQ_2,-1,1
8552,draw,0,0
8553,draw,0,0
8554,MinimaxQ_2,-1,1
8555,draw,0,0
8556,draw,0,0
8557,draw,0,0
8558,draw,0,0
8559,MinimaxQ,1,-1
8560,draw,0,0
8561,draw,0,0
8562,draw,0,0
8563,draw,0,0
8564,draw,0,0
8565,draw,0,0
8566,draw,0,0
8567,draw,0,0
8568,draw,0,0
8569,MinimaxQ_2,-1,1
8570,draw,0,0
8571,draw,0,0
8572,draw,0,0
8573,draw,0,0
8574,draw,0,0
8575,draw,0,0
8576,draw,0,0
8577,draw,0,0
8578,draw,0,0
8579,draw,0,0
8580,draw,0,0
8581,draw,0,0
8582,draw,0,0
8583,draw,0,0
8584,draw,0,0
8585,draw,0,0
8586,draw,0,0
8587,MinimaxQ,1,-1
8588,draw,0,0
8589,draw,0,0
8590,draw,0,0
8591,draw,0,0
8592,draw,0,0
8593,draw,0,0
8594,draw,0,0
8595,draw,0,0
8596,draw,0,0
8597,draw,0,0
8598,draw,0,0
8599,draw,0,0
8600,draw,0,0
8601,MinimaxQ_2,-1,1
8602,draw,0,0
8603,draw,0,0
8604,MinimaxQ,1,-1
8605,draw,0,0
8606,draw,0,0
8607,MinimaxQ,1,-1
8608,draw,0,0
8609,MinimaxQ_2,-1,1
8610,MinimaxQ_2,-1,1
8611,draw,0,0
8612,draw,0,0
8613,MinimaxQ_2,-1,1
8614,draw,0,0
8615,MinimaxQ_2,-1,1
8616,MinimaxQ_2,-1,1
8617,draw,0,0
8618,draw,0,0
8619,draw,0,0
8620,draw,0,0
8621,draw,0,0
8622,draw,0,0
8623,MinimaxQ,1,-1
8624,draw,0,0
8625,draw,0,0
8626,draw,0,0
8627,draw,0,0
8628,draw,0,0
8629,draw,0,0
8630,draw,0,0
8631,draw,0,0
8632,draw,0,0
8633,draw,0,0
8634,MinimaxQ,1,-1
8635,draw,0,0
8636,draw,0,0
8637,draw,0,0
8638,draw,0,0
8639,draw,0,0
8640,draw,0,0
8641,draw,0,0
8642,draw,0,0
8643,draw,0,0
8644,draw,0,0
8645,draw,0,0
8646,MinimaxQ_2,-1,1
8647,draw,0,0
8648,draw,0,0
8649,draw,0,0
8650,draw,0,0
8651,draw,0,0
8652,draw,0,0
8653,draw,0,0
8654,draw,0,0
8655,draw,0,0
8656,draw,0,0
8657,draw,0,0
8658,draw,0,0
8659,draw,0,0
8660,draw,0,0
8661,draw,0,0
8662,draw,0,0
8663,draw,0,0
8664,draw,0,0
8665,draw,0,0
8666,draw,0,0
8667,draw,0,0
8668,draw,0,0
8669,MinimaxQ_2,-1,1
8670,MinimaxQ_2,-1,1
8671,draw,0,0
8672,draw,0,0
8673,draw,0,0
8674,MinimaxQ_2,-1,1
8675,draw,0,0
8676,draw,0,0
8677,draw,0,0
8678,draw,0,0
8679,draw,0,0
8680,draw,0,0
8681,draw,0,0
8682,draw,0,0
8683,draw,0,0
8684,draw,0,0
8685,draw,0,0
8686,draw,0,0
8687,MinimaxQ_2,-1,1
8688,draw,0,0
8689,draw,0,0
8690,draw,0,0
8691,draw,0,0
8692,MinimaxQ,1,-1
8693,draw,0,0
8694,draw,0,0
8695,draw,0,0
8696,draw,0,0
8697,draw,0,0
8698,draw,0,0
8699,draw,0,0
8700,draw,0,0
8701,draw,0,0
8702,draw,0,0
8703,draw,0,0
8704,draw,0,0
8705,draw,0,0
8706,draw,0,0
8707,draw,0,0
8708,draw,0,0
8709,draw,0,0
8710,draw,0,0
8711,draw,0,0
8712,draw,0,0
8713,draw,0,0
8714,MinimaxQ_2,-1,1
8715,draw,0,0
8716,MinimaxQ,1,-1
8717,draw,0,0
8718,draw,0,0
8719,draw,0,0
8720,draw,0,0
8721,MinimaxQ_2,-1,1
8722,draw,0,0
8723,MinimaxQ,1,-1
8724,draw,0,0
8725,draw,0,0
8726,draw,0,0
8727,MinimaxQ,1,-1
8728,draw,0,0
8729,draw,0,0
8730,draw,0,0
8731,draw,0,0
8732,draw,0,0
8733,draw,0,0
8734,draw,0,0
8735,draw,0,0
8736,draw,0,0
8737,draw,0,0
8738,draw,0,0
8739,draw,0,0
8740,draw,0,0
8741,draw,0,0
8742,draw,0,0
8743,draw,0,0
8744,draw,0,0
8745,draw,0,0
8746,draw,0,0
8747,draw,0,0
8748,draw,0,0
8749,draw,0,0
8750,draw,0,0
8751,draw,0,0
8752,draw,0,0
8753,MinimaxQ_2,-1,1
8754,MinimaxQ_2,-1,1
8755,draw,0,0
8756,draw,0,0
8757,draw,0,0
8758,draw,0,0
8759,draw,0,0
8760,draw,0,0
8761,draw,0,0
8762,draw,0,0
8763,draw,0,0
8764,draw,0,0
8765,draw,0,0
8766,draw,0,0
8767,MinimaxQ,1,-1
8768,draw,0,0
8769,draw,0,0
8770,draw,0,0
8771,draw,0,0
8772,draw,0,0
8773,draw,0,0
8774,MinimaxQ,1,-1
8775,draw,0,0
8776,MinimaxQ_2,-1,1
8777,draw,0,0
8778,draw,0,0
8779,draw,0,0
8780,draw,0,0
8781,draw,0,0
8782,draw,0,0
8783,draw,0,0
8784,draw,0,0
8785,MinimaxQ_2,-1,1
8786,draw,0,0
8787,MinimaxQ,1,-1
8788,draw,0,0
8789,draw,0,0
8790,draw,0,0
8791,draw,0,0
8792,draw,0,0
8793,draw,0,0
8794,draw,0,0
8795,draw,0,0
8796,draw,0,0
8797,draw,0,0
8798,draw,0,0
8799,draw,0,0
8800,draw,0,0
8801,draw,0,0
8802,draw,0,0
8803,draw,0,0
8804,draw,0,0
8805,draw,0,0
8806,MinimaxQ_2,-1,1
8807,draw,0,0
8808,draw,0,0
8809,MinimaxQ_2,-1,1
8810,draw,0,0
8811,MinimaxQ_2,-1,1
8812,MinimaxQ_2,-1,1
8813,draw,0,0
8814,draw,0,0
8815,draw,0,0
8816,draw,0,0
8817,draw,0,0
8818,draw,0,0
8819,MinimaxQ_2,-1,1
8820,draw,0,0
8821,draw,0,0
8822,draw,0,0
8823,draw,0,0
8824,draw,0,0
8825,draw,0,0
8826,draw,0,0
8827,draw,0,0
8828,MinimaxQ_2,-1,1
8829,draw,0,0
8830,MinimaxQ_2,-1,1
8831,draw,0,0
8832,draw,0,0
8833,draw,0,0
8834,draw,0,0
8835,draw,0,0
8836,draw,0,0
8837,draw,0,0
8838,draw,0,0
8839,draw,0,0
8840,draw,0,0
8841,draw,0,0
8842,draw,0,0
8843,draw,0,0
8844,draw,0,0
8845,draw,0,0
8846,draw,0,0
8847,draw,0,0
8848,MinimaxQ,1,-1
8849,draw,0,0
8850,draw,0,0
8851,draw,0,0
8852,draw,0,0
8853,MinimaxQ,1,-1
8854,draw,0,0
8855,draw,0,0
8856,draw,0,0
8857,draw,0,0
8858,MinimaxQ_2,-1,1
8859,draw,0,0
8860,MinimaxQ,1,-1
8861,draw,0,0
8862,draw,0,0
8863,MinimaxQ,1,-1
8864,draw,0,0
8865,draw,0,0
8866,draw,0,0
8867,draw,0,0
8868,draw,0,0
8869,draw,0,0
8870,draw,0,0
8871,draw,0,0
8872,draw,0,0
8873,draw,0,0
8874,draw,0,0
8875,draw,0,0
8876,draw,0,0
8877,draw,0,0
8878,draw,0,0
8879,draw,0,0
8880,draw,0,0
8881,draw,0,0
8882,MinimaxQ,1,-1
8883,draw,0,0
8884,draw,0,0
8885,draw,0,0
8886,draw,0,0
8887,draw,0,0
8888,draw,0,0
8889,draw,0,0
8890,draw,0,0
8891,draw,0,0
8892,draw,0,0
8893,draw,0,0
8894,draw,0,0
8895,draw,0,0
8896,draw,0,0
8897,draw,0,0
8898,draw,0,0
8899,draw,0,0
8900,draw,0,0
8901,draw,0,0
8902,draw,0,0
8903,draw,0,0
8904,draw,0,0
8905,MinimaxQ_2,-1,1
8906,draw,0,0
8907,draw,0,0
8908,draw,0,0
8909,draw,0,0
8910,draw,0,0
8911,draw,0,0
8912,draw,0,0
8913,draw,0,0
8914,draw,0,0
8915,draw,0,0
8916,draw,0,0
8917,draw,0,0
8918,draw,0,0
8919,draw,0,0
8920,draw,0,0
8921,MinimaxQ_2,-1,1
8922,MinimaxQ,1,-1
8923,draw,0,0
8924,draw,0,0
8925,draw,0,0
8926,MinimaxQ,1,-1
8927,draw,0,0
8928,draw,0,0
8929,draw,0,0
8930,draw,0,0
8931,draw,0,0
8932,MinimaxQ_2,-1,1
8933,draw,0,0
8934,MinimaxQ_2,-1,1
8935,draw,0,0
8936,MinimaxQ,1,-1
8937,draw,0,0
8938,draw,0,0
8939,MinimaxQ_2,-1,1
8940,draw,0,0
8941,draw,0,0
8942,draw,0,0
8943,draw,0,0
8944,draw,0,0
8945,draw,0,0
8946,draw,0,0
8947,MinimaxQ_2,-1,1
8948,draw,0,0
8949,draw,0,0
8950,draw,0,0
8951,draw,0,0
8952,draw,0,0
8953,draw,0,0
8954,draw,0,0
8955,draw,0,0
8956,draw,0,0
8957,draw,0,0
8958,draw,0,0
8959,draw,0,0
8960,draw,0,0
8961,draw,0,0
8962,MinimaxQ_2,-1,1
8963,draw,0,0
8964,draw,0,0
8965,draw,0,0
8966,draw,0,0
8967,MinimaxQ_2,-1,1
8968,MinimaxQ_2,-1,1
8969,draw,0,0
8970,draw,0,0
8971,draw,0,0
8972,draw,0,0
8973,draw,0,0
8974,draw,0,0
8975,MinimaxQ_2,-1,1
8976,draw,0,0
8977,draw,0,0
8978,draw,0,0
8979,draw,0,0
8980,draw,0,0
8981,draw,0,0
8982,draw,0,0
8983,draw,0,0
8984,draw,0,0
8985,draw,0,0
8986,draw,0,0
8987,draw,0,0
8988,draw,0,0
8989,MinimaxQ_2,-1,1
8990,draw,0,0
8991,MinimaxQ,1,-1
8992,draw,0,0
8993,draw,0,0
8994,MinimaxQ,1,-1
8995,draw,0,0
8996,draw,0,0
8997,draw,0,0
8998,draw,0,0
8999,draw,0,0
9000,draw,0,0
9001,draw,0,0
9002,MinimaxQ_2,-1,1
9003,draw,0,0
9004,draw,0,0
9005,draw,0,0
9006,draw,0,0
9007,draw,0,0
9008,draw,0,0
9009,draw,0,0
9010,draw,0,0
9011,draw,0,0
9012,draw,0,0
9013,draw,0,0
9014,draw,0,0
9015,draw,0,0
9016,draw,0,0
9017,draw,0,0
9018,draw,0,0
9019,draw,0,0
9020,draw,0,0
9021,draw,0,0
9022,draw,0,0
9023,draw,0,0
9024,draw,0,0
9025,draw,0,0
9026,MinimaxQ,1,-1
9027,draw,0,0
9028,draw,0,0
9029,MinimaxQ,1,-1
9030,MinimaxQ_2,-1,1
9031,draw,0,0
9032,MinimaxQ_2,-1,1
9033,draw,0,0
9034,MinimaxQ_2,-1,1
9035,draw,0,0
9036,draw,0,0
9037,draw,0,0
9038,draw,0,0
9039,draw,0,0
9040,MinimaxQ,1,-1
9041,draw,0,0
9042,draw,0,0
9043,draw,0,0
9044,draw,0,0
9045,draw,0,0
9046,MinimaxQ_2,-1,1
9047,draw,0,0
9048,draw,0,0
9049,draw,0,0
9050,draw,0,0
9051,draw,0,0
9052,draw,0,0
9053,draw,0,0
9054,draw,0,0
9055,draw,0,0
9056,draw,0,0
9057,draw,0,0
9058,MinimaxQ_2,-1,1
9059,MinimaxQ,1,-1
9060,draw,0,0
9061,draw,0,0
9062,draw,0,0
9063,MinimaxQ,1,-1
9064,draw,0,0
9065,draw,0,0
9066,draw,0,0
9067,draw,0,0
9068,MinimaxQ_2,-1,1
9069,draw,0,0
9070,MinimaxQ_2,-1,1
9071,MinimaxQ_2,-1,1
9072,draw,0,0
9073,draw,0,0
9074,draw,0,0
9075,draw,0,0
9076,draw,0,0
9077,draw,0,0
9078,draw,0,0
9079,draw,0,0
9080,draw,0,0
9081,draw,0,0
9082,draw,0,0
9083,draw,0,0
9084,draw,0,0
9085,draw,0,0
9086,draw,0,0
9087,draw,0,0
9088,draw,0,0
9089,draw,0,0
9090,draw,0,0
9091,draw,0,0
9092,draw,0,0
9093,draw,0,0
9094,draw,0,0
9095,draw,0,0
9096,draw,0,0
9097,MinimaxQ,1,-1
9098,draw,0,0
9099,draw,0,0
9100,draw,0,0
9101,draw,0,0
9102,MinimaxQ_2,-1,1
9103,draw,0,0
9104,draw,0,0
9105,draw,0,0
9106,draw,0,0
9107,draw,0,0
9108,draw,0,0
9109,draw,0,0
9110,MinimaxQ,1,-1
9111,draw,0,0
9112,draw,0,0
9113,draw,0,0
9114,MinimaxQ,1,-1
9115,draw,0,0
9116,draw,0,0
9117,draw,0,0
9118,draw,0,0
9119,draw,0,0
9120,MinimaxQ_2,-1,1
9121,draw,0,0
9122,MinimaxQ,1,-1
9123,draw,0,0
9124,MinimaxQ,1,-1
9125,draw,0,0
9126,draw,0,0
9127,draw,0,0
9128,MinimaxQ_2,-1,1
9129,draw,0,0
9130,draw,0,0
9131,draw,0,0
9132,MinimaxQ_2,-1,1
9133,draw,0,0
9134,MinimaxQ_2,-1,1
9135,draw,0,0
9136,draw,0,0
9137,draw,0,0
9138,draw,0,0
9139,draw,0,0
9140,draw,0,0
9141,MinimaxQ,1,-1
9142,draw,0,0
9143,draw,0,0
9144,draw,0,0
9145,draw,0,0
9146,draw,0,0
9147,draw,0,0
9148,draw,0,0
9149,draw,0,0
9150,draw,0,0
9151,draw,0,0
9152,draw,0,0
9153,MinimaxQ_2,-1,1
9154,draw,0,0
9155,draw,0,0
9156,draw,0,0
9157,draw,0,0
9158,draw,0,0
9159,draw,0,0
9160,draw,0,0
9161,draw,0,0
9162,draw,0,0
9163,draw,0,0
9164,draw,0,0
9165,draw,0,0
9166,draw,0,0
9167,draw,0,0
9168,draw,0,0
9169,draw,0,0
9170,MinimaxQ_2,-1,1
9171,draw,0,0
9172,draw,0,0
9173,draw,0,0
9174,draw,0,0
9175,MinimaxQ,1,-1
9176,draw,0,0
9177,draw,0,0
9178,draw,0,0
9179,draw,0,0
9180,draw,0,0
9181,draw,0,0
9182,MinimaxQ_2,-1,1
9183,draw,0,0
9184,MinimaxQ_2,-1,1
9185,draw,0,0
9186,draw,0,0
9187,draw,0,0
9188,draw,0,0
9189,draw,0,0
9190,draw,0,0
9191,draw,0,0
9192,draw,0,0
9193,draw,0,0
9194,draw,0,0
9195,MinimaxQ_2,-1,1
9196,MinimaxQ,1,-1
9197,draw,0,0
9198,draw,0,0
9199,draw,0,0
9200,draw,0,0
9201,draw,0,0
9202,draw,0,0
9203,draw,0,0
9204,draw,0,0
9205,MinimaxQ_2,-1,1
9206,MinimaxQ,1,-1
9207,draw,0,0
9208,draw,0,0
9209,MinimaxQ_2,-1,1
9210,draw,0,0
9211,draw,0,0
9212,draw,0,0
9213,MinimaxQ_2,-1,1
9214,draw,0,0
9215,draw,0,0
9216,MinimaxQ_2,-1,1
9217,draw,0,0
9218,MinimaxQ,1,-1
9219,MinimaxQ_2,-1,1
9220,draw,0,0
9221,draw,0,0
9222,draw,0,0
9223,draw,0,0
9224,MinimaxQ_2,-1,1
9225,draw,0,0
9226,draw,0,0
9227,draw,0,0
9228,draw,0,0
9229,draw,0,0
9230,draw,0,0
9231,draw,0,0
9232,draw,0,0
9233,draw,0,0
9234,draw,0,0
9235,draw,0,0
9236,MinimaxQ_2,-1,1
9237,draw,0,0
9238,draw,0,0
9239,MinimaxQ_2,-1,1
9240,draw,0,0
9241,draw,0,0
9242,draw,0,0
9243,draw,0,0
9244,MinimaxQ,1,-1
9245,draw,0,0
9246,MinimaxQ_2,-1,1
9247,draw,0,0
9248,MinimaxQ_2,-1,1
9249,draw,0,0
9250,draw,0,0
9251,draw,0,0
9252,draw,0,0
9253,MinimaxQ_2,-1,1
9254,MinimaxQ_2,-1,1
9255,draw,0,0
9256,MinimaxQ,1,-1
9257,draw,0,0
9258,draw,0,0
9259,draw,0,0
9260,draw,0,0
9261,draw,0,0
9262,draw,0,0
9263,draw,0,0
9264,draw,0,0
9265,draw,0,0
9266,draw,0,0
9267,draw,0,0
9268,draw,0,0
9269,draw,0,0
9270,draw,0,0
9271,MinimaxQ_2,-1,1
9272,draw,0,0
9273,draw,0,0
9274,draw,0,0
9275,draw,0,0
9276,draw,0,0
9277,draw,0,0
9278,draw,0,0
9279,draw,0,0
9280,MinimaxQ_2,-1,1
9281,draw,0,0
9282,MinimaxQ_2,-1,1
9283,draw,0,0
9284,draw,0,0
9285,draw,0,0
9286,MinimaxQ,1,-1
9287,draw,0,0
9288,draw,0,0
9289,draw,0,0
9290,draw,0,0
9291,draw,0,0
9292,draw,0,0
9293,draw,0,0
9294,draw,0,0
9295,draw,0,0
9296,draw,0,0
9297,MinimaxQ,1,-1
9298,draw,0,0
9299,draw,0,0
9300,draw,0,0
9301,draw,0,0
9302,draw,0,0
9303,draw,0,0
9304,draw,0,0
9305,draw,0,0
9306,draw,0,0
9307,draw,0,0
9308,draw,0,0
9309,MinimaxQ,1,-1
9310,draw,0,0
9311,draw,0,0
9312,MinimaxQ,1,-1
9313,draw,0,0
9314,draw,0,0
9315,draw,0,0
9316,MinimaxQ_2,-1,1
9317,draw,0,0
9318,draw,0,0
9319,draw,0,0
9320,MinimaxQ,1,-1
9321,draw,0,0
9322,draw,0,0
9323,draw,0,0
9324,draw,0,0
9325,MinimaxQ_2,-1,1
9326,draw,0,0
9327,draw,0,0
9328,draw,0,0
9329,draw,0,0
9330,draw,0,0
9331,draw,0,0
9332,draw,0,0
9333,MinimaxQ_2,-1,1
9334,draw,0,0
9335,MinimaxQ,1,-1
9336,draw,0,0
9337,draw,0,0
9338,draw,0,0
9339,draw,0,0
9340,draw,0,0
9341,draw,0,0
9342,draw,0,0
9343,draw,0,0
9344,MinimaxQ_2,-1,1
9345,draw,0,0
9346,draw,0,0
9347,draw,0,0
9348,draw,0,0
9349,draw,0,0
9350,draw,0,0
9351,draw,0,0
9352,MinimaxQ_2,-1,1
9353,draw,0,0
9354,draw,0,0
9355,draw,0,0
9356,draw,0,0
9357,draw,0,0
9358,draw,0,0
9359,draw,0,0
9360,draw,0,0
9361,draw,0,0
9362,draw,0,0
9363,MinimaxQ_2,-1,1
9364,draw,0,0
9365,draw,0,0
9366,MinimaxQ_2,-1,1
9367,draw,0,0
9368,draw,0,0
9369,draw,0,0
9370,draw,0,0
9371,MinimaxQ_2,-1,1
9372,draw,0,0
9373,draw,0,0
9374,draw,0,0
9375,draw,0,0
9376,draw,0,0
9377,draw,0,0
9378,MinimaxQ,1,-1
9379,MinimaxQ_2,-1,1
9380,draw,0,0
9381,draw,0,0
9382,draw,0,0
9383,draw,0,0
9384,draw,0,0
9385,draw,0,0
9386,draw,0,0
9387,draw,0,0
9388,draw,0,0
9389,MinimaxQ,1,-1
9390,draw,0,0
9391,draw,0,0
9392,draw,0,0
9393,draw,0,0
9394,MinimaxQ_2,-1,1
9395,draw,0,0
9396,draw,0,0
9397,draw,0,0
9398,draw,0,0
9399,draw,0,0
9400,draw,0,0
9401,draw,0,0
9402,draw,0,0
9403,draw,0,0
9404,draw,0,0
9405,draw,0,0
9406,draw,0,0
9407,draw,0,0
9408,draw,0,0
9409,draw,0,0
9410,draw,0,0
9411,draw,0,0
9412,draw,0,0
9413,draw,0,0
9414,draw,0,0
9415,draw,0,0
9416,draw,0,0
9417,draw,0,0
9418,draw,0,0
9419,draw,0,0
9420,draw,0,0
9421,draw,0,0
9422,draw,0,0
9423,draw,0,0
9424,draw,0,0
9425,draw,0,0
9426,draw,0,0
9427,draw,0,0
9428,draw,0,0
9429,draw,0,0
9430,draw,0,0
9431,MinimaxQ,1,-1
9432,draw,0,0
9433,draw,0,0
9434,MinimaxQ_2,-1,1
9435,draw,0,0
9436,draw,0,0
9437,MinimaxQ_2,-1,1
9438,MinimaxQ,1,-1
9439,draw,0,0
9440,draw,0,0
9441,draw,0,0
9442,draw,0,0
9443,draw,0,0
9444,draw,0,0
9445,draw,0,0
9446,draw,0,0
9447,draw,0,0
9448,MinimaxQ_2,-1,1
9449,draw,0,0
9450,draw,0,0
9451,draw,0,0
9452,draw,0,0
9453,draw,0,0
9454,draw,0,0
9455,MinimaxQ_2,-1,1
9456,MinimaxQ_2,-1,1
9457,draw,0,0
9458,draw,0,0
9459,draw,0,0
9460,draw,0,0
9461,draw,0,0
9462,MinimaxQ_2,-1,1
9463,draw,0,0
9464,draw,0,0
9465,draw,0,0
9466,draw,0,0
9467,draw,0,0
9468,draw,0,0
9469,MinimaxQ_2,-1,1
9470,draw,0,0
9471,draw,0,0
9472,draw,0,0
9473,draw,0,0
9474,draw,0,0
9475,draw,0,0
9476,MinimaxQ,1,-1
9477,draw,0,0
9478,draw,0,0
9479,MinimaxQ,1,-1
9480,draw,0,0
9481,draw,0,0
9482,draw,0,0
9483,draw,0,0
9484,draw,0,0
9485,draw,0,0
9486,draw,0,0
9487,draw,0,0
9488,draw,0,0
9489,draw,0,0
9490,draw,0,0
9491,draw,0,0
9492,MinimaxQ_2,-1,1
9493,draw,0,0
9494,MinimaxQ_2,-1,1
9495,draw,0,0
9496,MinimaxQ_2,-1,1
9497,draw,0,0
9498,draw,0,0
9499,draw,0,0
9500,draw,0,0
9501,draw,0,0
9502,draw,0,0
9503,draw,0,0
9504,draw,0,0
9505,draw,0,0
9506,draw,0,0
9507,draw,0,0
9508,draw,0,0
9509,draw,0,0
9510,draw,0,0
9511,draw,0,0
9512,draw,0,0
9513,MinimaxQ_2,-1,1
9514,draw,0,0
9515,draw,0,0
9516,MinimaxQ,1,-1
9517,draw,0,0
9518,draw,0,0
9519,draw,0,0
9520,draw,0,0
9521,draw,0,0
9522,draw,0,0
9523,draw,0,0
9524,MinimaxQ_2,-1,1
9525,draw,0,0
9526,draw,0,0
9527,draw,0,0
9528,draw,0,0
9529,draw,0,0
9530,MinimaxQ_2,-1,1
9531,draw,0,0
9532,draw,0,0
9533,MinimaxQ_2,-1,1
9534,draw,0,0
9535,draw,0,0
9536,draw,0,0
9537,draw,0,0
9538,draw,0,0
9539,MinimaxQ_2,-1,1
9540,draw,0,0
9541,draw,0,0
9542,draw,0,0
9543,draw,0,0
9544,draw,0,0
9545,draw,0,0
9546,draw,0,0
9547,draw,0,0
9548,MinimaxQ_2,-1,1
9549,draw,0,0
9550,MinimaxQ_2,-1,1
9551,draw,0,0
9552,draw,0,0
9553,draw,0,0
9554,draw,0,0
9555,draw,0,0
9556,draw,0,0
9557,draw,0,0
9558,MinimaxQ,1,-1
9559,draw,0,0
9560,MinimaxQ,1,-1
9561,MinimaxQ_2,-1,1
9562,draw,0,0
9563,draw,0,0
9564,MinimaxQ_2,-1,1
9565,draw,0,0
9566,draw,0,0
9567,draw,0,0
9568,draw,0,0
9569,MinimaxQ_2,-1,1
9570,draw,0,0
9571,draw,0,0
9572,draw,0,0
9573,MinimaxQ,1,-1
9574,draw,0,0
9575,draw,0,0
9576,draw,0,0
9577,MinimaxQ_2,-1,1
9578,draw,0,0
9579,draw,0,0
9580,draw,0,0
9581,draw,0,0
9582,draw,0,0
9583,draw,0,0
9584,draw,0,0
9585,draw,0,0
9586,draw,0,0
9587,draw,0,0
9588,draw,0,0
9589,draw,0,0
9590,draw,0,0
9591,MinimaxQ_2,-1,1
9592,MinimaxQ,1,-1
9593,draw,0,0
9594,draw,0,0
9595,draw,0,0
9596,MinimaxQ,1,-1
9597,MinimaxQ,1,-1
9598,draw,0,0
9599,draw,0,0
9600,draw,0,0
9601,draw,0,0
9602,MinimaxQ_2,-1,1
9603,draw,0,0
9604,MinimaxQ_2,-1,1
9605,draw,0,0
9606,MinimaxQ_2,-1,1
9607,draw,0,0
9608,MinimaxQ_2,-1,1
9609,MinimaxQ,1,-1
9610,draw,0,0
9611,draw,0,0
9612,draw,0,0
9613,draw,0,0
9614,draw,0,0
9615,draw,0,0
9616,MinimaxQ_2,-1,1
9617,draw,0,0
9618,draw,0,0
9619,draw,0,0
9620,draw,0,0
9621,draw,0,0
9622,draw,0,0
9623,draw,0,0
9624,draw,0,0
9625,draw,0,0
9626,draw,0,0
9627,draw,0,0
9628,draw,0,0
9629,draw,0,0
9630,draw,0,0
9631,MinimaxQ,1,-1
9632,draw,0,0
9633,draw,0,0
9634,draw,0,0
9635,draw,0,0
9636,draw,0,0
9637,draw,0,0
9638,draw,0,0
9639,draw,0,0
9640,MinimaxQ_2,-1,1
9641,draw,0,0
9642,draw,0,0
9643,draw,0,0
9644,draw,0,0
9645,draw,0,0
9646,draw,0,0
9647,draw,0,0
9648,draw,0,0
9649,draw,0,0
9650,draw,0,0
9651,MinimaxQ_2,-1,1
9652,draw,0,0
9653,draw,0,0
9654,draw,0,0
9655,draw,0,0
9656,draw,0,0
9657,MinimaxQ_2,-1,1
9658,MinimaxQ_2,-1,1
9659,draw,0,0
9660,MinimaxQ,1,-1
9661,MinimaxQ_2,-1,1
9662,MinimaxQ_2,-1,1
9663,draw,0,0
9664,draw,0,0
9665,MinimaxQ_2,-1,1
9666,draw,0,0
9667,draw,0,0
9668,MinimaxQ_2,-1,1
9669,MinimaxQ_2,-1,1
9670,draw,0,0
9671,draw,0,0
9672,MinimaxQ_2,-1,1
9673,draw,0,0
9674,draw,0,0
9675,draw,0,0
9676,draw,0,0
9677,draw,0,0
9678,draw,0,0
9679,draw,0,0
9680,draw,0,0
9681,draw,0,0
9682,draw,0,0
9683,MinimaxQ_2,-1,1
9684,draw,0,0
9685,draw,0,0
9686,draw,0,0
9687,draw,0,0
9688,MinimaxQ_2,-1,1
9689,draw,0,0
9690,draw,0,0
9691,draw,0,0
9692,draw,0,0
9693,draw,0,0
9694,MinimaxQ_2,-1,1
9695,draw,0,0
9696,draw,0,0
9697,draw,0,0
9698,draw,0,0
9699,draw,0,0
9700,draw,0,0
9701,draw,0,0
9702,draw,0,0
9703,draw,0,0
9704,draw,0,0
9705,draw,0,0
9706,draw,0,0
9707,draw,0,0
9708,MinimaxQ_2,-1,1
9709,MinimaxQ_2,-1,1
9710,MinimaxQ_2,-1,1
9711,draw,0,0
9712,draw,0,0
9713,draw,0,0
9714,draw,0,0
9715,draw,0,0
9716,draw,0,0
9717,draw,0,0
9718,draw,0,0
9719,draw,0,0
9720,draw,0,0
9721,draw,0,0
9722,draw,0,0
9723,draw,0,0
9724,draw,0,0
9725,draw,0,0
9726,draw,0,0
9727,draw,0,0
9728,draw,0,0
9729,draw,0,0
9730,draw,0,0
9731,draw,0,0
9732,MinimaxQ_2,-1,1
9733,draw,0,0
9734,MinimaxQ_2,-1,1
9735,draw,0,0
9736,draw,0,0
9737,draw,0,0
9738,draw,0,0
9739,draw,0,0
9740,draw,0,0
9741,draw,0,0
9742,draw,0,0
9743,draw,0,0
9744,draw,0,0
9745,draw,0,0
9746,MinimaxQ,1,-1
9747,draw,0,0
9748,MinimaxQ,1,-1
9749,draw,0,0
9750,draw,0,0
9751,MinimaxQ_2,-1,1
9752,MinimaxQ,1,-1
9753,draw,0,0
9754,draw,0,0
9755,draw,0,0
9756,draw,0,0
9757,draw,0,0
9758,draw,0,0
9759,draw,0,0
9760,MinimaxQ_2,-1,1
9761,draw,0,0
9762,draw,0,0
9763,draw,0,0
9764,draw,0,0
9765,draw,0,0
9766,draw,0,0
9767,draw,0,0
9768,draw,0,0
9769,draw,0,0
9770,draw,0,0
9771,draw,0,0
9772,draw,0,0
9773,draw,0,0
9774,draw,0,0
9775,draw,0,0
9776,draw,0,0
9777,draw,0,0
9778,MinimaxQ_2,-1,1
9779,draw,0,0
9780,draw,0,0
9781,MinimaxQ_2,-1,1
9782,draw,0,0
9783,draw,0,0
9784,MinimaxQ,1,-1
9785,draw,0,0
9786,MinimaxQ_2,-1,1
9787,draw,0,0
9788,draw,0,0
9789,draw,0,0
9790,MinimaxQ,1,-1
9791,draw,0,0
9792,draw,0,0
9793,draw,0,0
9794,draw,0,0
9795,draw,0,0
9796,draw,0,0
9797,draw,0,0
9798,draw,0,0
9799,draw,0,0
9800,draw,0,0
9801,MinimaxQ,1,-1
9802,draw,0,0
9803,MinimaxQ,1,-1
9804,draw,0,0
9805,draw,0,0
9806,draw,0,0
9807,draw,0,0
9808,draw,0,0
9809,draw,0,0
9810,draw,0,0
9811,draw,0,0
9812,draw,0,0
9813,draw,0,0
9814,draw,0,0
9815,draw,0,0
9816,draw,0,0
9817,draw,0,0
9818,MinimaxQ_2,-1,1
9819,draw,0,0
9820,draw,0,0
9821,draw,0,0
9822,draw,0,0
9823,draw,0,0
9824,draw,0,0
9825,draw,0,0
9826,draw,0,0
9827,draw,0,0
9828,MinimaxQ_2,-1,1
9829,draw,0,0
9830,draw,0,0
9831,draw,0,0
9832,MinimaxQ_2,-1,1
9833,draw,0,0
9834,MinimaxQ,1,-1
9835,draw,0,0
9836,draw,0,0
9837,draw,0,0
9838,draw,0,0
9839,draw,0,0
9840,draw,0,0
9841,draw,0,0
9842,draw,0,0
9843,draw,0,0
9844,draw,0,0
9845,draw,0,0
9846,draw,0,0
9847,draw,0,0
9848,draw,0,0
9849,draw,0,0
9850,draw,0,0
9851,draw,0,0
9852,draw,0,0
9853,draw,0,0
9854,draw,0,0
9855,draw,0,0
9856,draw,0,0
9857,draw,0,0
9858,MinimaxQ_2,-1,1
9859,draw,0,0
9860,draw,0,0
9861,draw,0,0
9862,draw,0,0
9863,draw,0,0
9864,draw,0,0
9865,draw,0,0
9866,draw,0,0
9867,draw,0,0
9868,draw,0,0
9869,draw,0,0
9870,draw,0,0
9871,MinimaxQ_2,-1,1
9872,draw,0,0
9873,draw,0,0
9874,draw,0,0
9875,draw,0,0
9876,draw,0,0
9877,draw,0,0
9878,MinimaxQ,1,-1
9879,MinimaxQ,1,-1
9880,draw,0,0
9881,MinimaxQ,1,-1
9882,draw,0,0
9883,draw,0,0
9884,draw,0,0
9885,draw,0,0
9886,MinimaxQ,1,-1
9887,draw,0,0
9888,draw,0,0
9889,draw,0,0
9890,draw,0,0
9891,draw,0,0
9892,draw,0,0
9893,draw,0,0
9894,draw,0,0
9895,draw,0,0
9896,MinimaxQ,1,-1
9897,draw,0,0
9898,MinimaxQ_2,-1,1
9899,MinimaxQ,1,-1
9900,draw,0,0
9901,draw,0,0
9902,draw,0,0
9903,draw,0,0
9904,MinimaxQ,1,-1
9905,draw,0,0
9906,draw,0,0
9907,draw,0,0
9908,draw,0,0
9909,draw,0,0
9910,MinimaxQ_2,-1,1
9911,draw,0,0
9912,MinimaxQ_2,-1,1
9913,draw,0,0
9914,draw,0,0
9915,draw,0,0
9916,draw,0,0
9917,draw,0,0
9918,draw,0,0
9919,draw,0,0
9920,draw,0,0
9921,draw,0,0
9922,draw,0,0
9923,draw,0,0
9924,MinimaxQ_2,-1,1
9925,draw,0,0
9926,draw,0,0
9927,MinimaxQ,1,-1
9928,draw,0,0
9929,draw,0,0
9930,draw,0,0
9931,draw,0,0
9932,draw,0,0
9933,draw,0,0
9934,draw,0,0
9935,draw,0,0
9936,draw,0,0
9937,MinimaxQ_2,-1,1
9938,draw,0,0
9939,draw,0,0
9940,draw,0,0
9941,MinimaxQ_2,-1,1
9942,draw,0,0
9943,draw,0,0
9944,draw,0,0
9945,draw,0,0
9946,draw,0,0
9947,draw,0,0
9948,draw,0,0
9949,draw,0,0
9950,draw,0,0
9951,MinimaxQ,1,-1
9952,draw,0,0
9953,draw,0,0
9954,draw,0,0
9955,draw,0,0
9956,draw,0,0
9957,draw,0,0
9958,MinimaxQ_2,-1,1
9959,MinimaxQ_2,-1,1
9960,draw,0,0
9961,MinimaxQ,1,-1
9962,draw,0,0
9963,draw,0,0
9964,draw,0,0
9965,MinimaxQ_2,-1,1
9966,draw,0,0
9967,draw,0,0
9968,draw,0,0
9969,draw,0,0
9970,draw,0,0
9971,draw,0,0
9972,draw,0,0
9973,MinimaxQ,1,-1
9974,draw,0,0
9975,draw,0,0
9976,draw,0,0
9977,draw,0,0
9978,draw,0,0
9979,draw,0,0
9980,MinimaxQ_2,-1,1
9981,draw,0,0
9982,draw,0,0
9983,draw,0,0
9984,draw,0,0
9985,draw,0,0
9986,draw,0,0
9987,draw,0,0
9988,MinimaxQ,1,-1
9989,draw,0,0
9990,draw,0,0
9991,draw,0,0
9992,MinimaxQ_2,-1,1
9993,draw,0,0
9994,draw,0,0
9995,draw,0,0
9996,draw,0,0
9997,draw,0,0
9998,draw,0,0
9999,draw,0,0
10000,draw,0,0
