episode,winner,DQN,Random
1,Random,-1,1
2,Random,-1,1
3,DQN,1,-1
4,DQN,1,-1
5,Random,-1,1
6,Random,-1,1
7,DQN,1,-1
8,Random,-1,1
9,DQN,1,-1
10,DQN,1,-1
11,DQN,1,-1
12,DQN,1,-1
13,DQN,1,-1
14,DQN,1,-1
15,DQN,1,-1
16,DQN,1,-1
17,DQN,1,-1
18,Random,-1,1
19,Random,-1,1
20,DQN,1,-1
21,DQN,1,-1
22,DQN,1,-1
23,Random,-1,1
24,DQN,1,-1
25,DQN,1,-1
26,DQN,1,-1
27,Random,-1,1
28,Random,-1,1
29,DQN,1,-1
30,Random,-1,1
31,DQN,1,-1
32,DQN,1,-1
33,DQN,1,-1
34,DQN,1,-1
35,DQN,1,-1
36,Random,-1,1
37,DQN,1,-1
38,Random,-1,1
39,DQN,1,-1
40,DQN,1,-1
41,DQN,1,-1
42,DQN,1,-1
43,Random,-1,1
44,DQN,1,-1
45,Random,-1,1
46,Random,-1,1
47,DQN,1,-1
48,DQN,1,-1
49,Random,-1,1
50,DQN,1,-1
51,DQN,1,-1
52,DQN,1,-1
53,DQN,1,-1
54,Random,-1,1
55,Random,-1,1
56,Random,-1,1
57,DQN,1,-1
58,Random,-1,1
59,DQN,1,-1
60,DQN,1,-1
61,Random,-1,1
62,DQN,1,-1
63,DQN,1,-1
64,Random,-1,1
65,DQN,1,-1
66,Random,-1,1
67,DQN,1,-1
68,DQN,1,-1
69,DQN,1,-1
70,Random,-1,1
71,DQN,1,-1
72,DQN,1,-1
73,DQN,1,-1
74,Random,-1,1
75,Random,-1,1
76,DQN,1,-1
77,DQN,1,-1
78,DQN,1,-1
79,DQN,1,-1
80,Random,-1,1
81,DQN,1,-1
82,DQN,1,-1
83,Random,-1,1
84,DQN,1,-1
85,Random,-1,1
86,DQN,1,-1
87,DQN,1,-1
88,DQN,1,-1
89,DQN,1,-1
90,Random,-1,1
91,DQN,1,-1
92,Random,-1,1
93,Random,-1,1
94,DQN,1,-1
95,DQN,1,-1
96,DQN,1,-1
97,DQN,1,-1
98,DQN,1,-1
99,Random,-1,1
100,DQN,1,-1
101,DQN,1,-1
102,DQN,1,-1
103,DQN,1,-1
104,DQN,1,-1
105,Random,-1,1
106,DQN,1,-1
107,DQN,1,-1
108,DQN,1,-1
109,DQN,1,-1
110,DQN,1,-1
111,Random,-1,1
112,DQN,1,-1
113,draw,0,0
114,DQN,1,-1
115,DQN,1,-1
116,Random,-1,1
117,Random,-1,1
118,DQN,1,-1
119,DQN,1,-1
120,DQN,1,-1
121,DQN,1,-1
122,DQN,1,-1
123,DQN,1,-1
124,DQN,1,-1
125,DQN,1,-1
126,DQN,1,-1
127,DQN,1,-1
128,DQN,1,-1
129,DQN,1,-1
130,DQN,1,-1
131,DQN,1,-1
132,DQN,1,-1
133,Random,-1,1
134,DQN,1,-1
135,DQN,1,-1
136,DQN,1,-1
137,Random,-1,1
138,DQN,1,-1
139,Random,-1,1
140,DQN,1,-1
141,Random,-1,1
142,Random,-1,1
143,draw,0,0
144,Random,-1,1
145,DQN,1,-1
146,DQN,1,-1
147,Random,-1,1
148,Random,-1,1
149,DQN,1,-1
150,DQN,1,-1
151,DQN,1,-1
152,DQN,1,-1
153,DQN,1,-1
154,DQN,1,-1
155,DQN,1,-1
156,Random,-1,1
157,DQN,1,-1
158,DQN,1,-1
159,DQN,1,-1
160,DQN,1,-1
161,Random,-1,1
162,Random,-1,1
163,Random,-1,1
164,DQN,1,-1
165,Random,-1,1
166,DQN,1,-1
167,DQN,1,-1
168,DQN,1,-1
169,DQN,1,-1
170,Random,-1,1
171,Random,-1,1
172,Random,-1,1
173,DQN,1,-1
174,DQN,1,-1
175,DQN,1,-1
176,DQN,1,-1
177,Random,-1,1
178,Random,-1,1
179,DQN,1,-1
180,Random,-1,1
181,DQN,1,-1
182,Random,-1,1
183,Random,-1,1
184,draw,0,0
185,Random,-1,1
186,DQN,1,-1
187,Random,-1,1
188,DQN,1,-1
189,Random,-1,1
190,Random,-1,1
191,DQN,1,-1
192,DQN,1,-1
193,Random,-1,1
194,DQN,1,-1
195,draw,0,0
196,DQN,1,-1
197,DQN,1,-1
198,DQN,1,-1
199,Random,-1,1
200,Random,-1,1
201,DQN,1,-1
202,DQN,1,-1
203,DQN,1,-1
204,DQN,1,-1
205,DQN,1,-1
206,Random,-1,1
207,DQN,1,-1
208,Random,-1,1
209,Random,-1,1
210,draw,0,0
211,draw,0,0
212,DQN,1,-1
213,Random,-1,1
214,DQN,1,-1
215,DQN,1,-1
216,draw,0,0
217,DQN,1,-1
218,DQN,1,-1
219,Random,-1,1
220,draw,0,0
221,Random,-1,1
222,DQN,1,-1
223,DQN,1,-1
224,Random,-1,1
225,draw,0,0
226,DQN,1,-1
227,DQN,1,-1
228,draw,0,0
229,Random,-1,1
230,Random,-1,1
231,DQN,1,-1
232,Random,-1,1
233,draw,0,0
234,Random,-1,1
235,draw,0,0
236,DQN,1,-1
237,Random,-1,1
238,draw,0,0
239,Random,-1,1
240,draw,0,0
241,Random,-1,1
242,Random,-1,1
243,DQN,1,-1
244,DQN,1,-1
245,DQN,1,-1
246,draw,0,0
247,draw,0,0
248,Random,-1,1
249,Random,-1,1
250,draw,0,0
251,draw,0,0
252,draw,0,0
253,Random,-1,1
254,Random,-1,1
255,Random,-1,1
256,draw,0,0
257,Random,-1,1
258,DQN,1,-1
259,draw,0,0
260,draw,0,0
261,Random,-1,1
262,draw,0,0
263,draw,0,0
264,DQN,1,-1
265,draw,0,0
266,Random,-1,1
267,Random,-1,1
268,Random,-1,1
269,DQN,1,-1
270,draw,0,0
271,draw,0,0
272,Random,-1,1
273,DQN,1,-1
274,Random,-1,1
275,DQN,1,-1
276,Random,-1,1
277,draw,0,0
278,draw,0,0
279,draw,0,0
280,Random,-1,1
281,DQN,1,-1
282,DQN,1,-1
283,Random,-1,1
284,draw,0,0
285,draw,0,0
286,draw,0,0
287,Random,-1,1
288,Random,-1,1
289,Random,-1,1
290,draw,0,0
291,draw,0,0
292,draw,0,0
293,Random,-1,1
294,Random,-1,1
295,Random,-1,1
296,Random,-1,1
297,draw,0,0
298,draw,0,0
299,draw,0,0
300,Random,-1,1
301,Random,-1,1
302,Random,-1,1
303,draw,0,0
304,Random,-1,1
305,draw,0,0
306,draw,0,0
307,draw,0,0
308,draw,0,0
309,Random,-1,1
310,Random,-1,1
311,draw,0,0
312,Random,-1,1
313,Random,-1,1
314,DQN,1,-1
315,draw,0,0
316,draw,0,0
317,Random,-1,1
318,Random,-1,1
319,draw,0,0
320,Random,-1,1
321,draw,0,0
322,Random,-1,1
323,Random,-1,1
324,draw,0,0
325,DQN,1,-1
326,Random,-1,1
327,draw,0,0
328,draw,0,0
329,draw,0,0
330,draw,0,0
331,draw,0,0
332,Random,-1,1
333,Random,-1,1
334,Random,-1,1
335,draw,0,0
336,Random,-1,1
337,Random,-1,1
338,draw,0,0
339,draw,0,0
340,draw,0,0
341,draw,0,0
342,Random,-1,1
343,draw,0,0
344,draw,0,0
345,Random,-1,1
346,DQN,1,-1
347,Random,-1,1
348,DQN,1,-1
349,draw,0,0
350,draw,0,0
351,draw,0,0
352,draw,0,0
353,draw,0,0
354,draw,0,0
355,Random,-1,1
356,DQN,1,-1
357,draw,0,0
358,draw,0,0
359,draw,0,0
360,Random,-1,1
361,draw,0,0
362,Random,-1,1
363,Random,-1,1
364,Random,-1,1
365,Random,-1,1
366,Random,-1,1
367,draw,0,0
368,draw,0,0
369,draw,0,0
370,draw,0,0
371,DQN,1,-1
372,draw,0,0
373,DQN,1,-1
374,DQN,1,-1
375,draw,0,0
376,draw,0,0
377,Random,-1,1
378,Random,-1,1
379,draw,0,0
380,draw,0,0
381,draw,0,0
382,draw,0,0
383,draw,0,0
384,DQN,1,-1
385,DQN,1,-1
386,Random,-1,1
387,draw,0,0
388,DQN,1,-1
389,Random,-1,1
390,draw,0,0
391,Random,-1,1
392,draw,0,0
393,draw,0,0
394,Random,-1,1
395,Random,-1,1
396,Random,-1,1
397,DQN,1,-1
398,draw,0,0
399,draw,0,0
400,Random,-1,1
401,draw,0,0
402,Random,-1,1
403,Random,-1,1
404,draw,0,0
405,Random,-1,1
406,DQN,1,-1
407,DQN,1,-1
408,Random,-1,1
409,draw,0,0
410,Random,-1,1
411,DQN,1,-1
412,draw,0,0
413,DQN,1,-1
414,draw,0,0
415,DQN,1,-1
416,draw,0,0
417,draw,0,0
418,Random,-1,1
419,draw,0,0
420,Random,-1,1
421,draw,0,0
422,DQN,1,-1
423,DQN,1,-1
424,draw,0,0
425,DQN,1,-1
426,draw,0,0
427,Random,-1,1
428,draw,0,0
429,DQN,1,-1
430,draw,0,0
431,draw,0,0
432,draw,0,0
433,Random,-1,1
434,Random,-1,1
435,draw,0,0
436,Random,-1,1
437,draw,0,0
438,draw,0,0
439,draw,0,0
440,Random,-1,1
441,draw,0,0
442,draw,0,0
443,draw,0,0
444,DQN,1,-1
445,draw,0,0
446,draw,0,0
447,draw,0,0
448,Random,-1,1
449,Random,-1,1
450,draw,0,0
451,draw,0,0
452,Random,-1,1
453,draw,0,0
454,draw,0,0
455,draw,0,0
456,Random,-1,1
457,Random,-1,1
458,Random,-1,1
459,Random,-1,1
460,draw,0,0
461,Random,-1,1
462,draw,0,0
463,Random,-1,1
464,DQN,1,-1
465,draw,0,0
466,draw,0,0
467,Random,-1,1
468,DQN,1,-1
469,draw,0,0
470,DQN,1,-1
471,draw,0,0
472,DQN,1,-1
473,Random,-1,1
474,Random,-1,1
475,draw,0,0
476,draw,0,0
477,draw,0,0
478,draw,0,0
479,draw,0,0
480,draw,0,0
481,draw,0,0
482,Random,-1,1
483,Random,-1,1
484,draw,0,0
485,draw,0,0
486,draw,0,0
487,Random,-1,1
488,Random,-1,1
489,draw,0,0
490,DQN,1,-1
491,draw,0,0
492,draw,0,0
493,Random,-1,1
494,Random,-1,1
495,draw,0,0
496,draw,0,0
497,draw,0,0
498,draw,0,0
499,draw,0,0
500,DQN,1,-1
501,Random,-1,1
502,draw,0,0
503,draw,0,0
504,Random,-1,1
505,draw,0,0
506,draw,0,0
507,Random,-1,1
508,Random,-1,1
509,draw,0,0
510,DQN,1,-1
511,DQN,1,-1
512,Random,-1,1
513,draw,0,0
514,draw,0,0
515,draw,0,0
516,draw,0,0
517,draw,0,0
518,Random,-1,1
519,Random,-1,1
520,Random,-1,1
521,Random,-1,1
522,DQN,1,-1
523,draw,0,0
524,Random,-1,1
525,Random,-1,1
526,draw,0,0
527,Random,-1,1
528,draw,0,0
529,Random,-1,1
530,Random,-1,1
531,draw,0,0
532,DQN,1,-1
533,Random,-1,1
534,draw,0,0
535,draw,0,0
536,Random,-1,1
537,Random,-1,1
538,draw,0,0
539,Random,-1,1
540,DQN,1,-1
541,Random,-1,1
542,DQN,1,-1
543,draw,0,0
544,draw,0,0
545,Random,-1,1
546,draw,0,0
547,Random,-1,1
548,draw,0,0
549,draw,0,0
550,draw,0,0
551,DQN,1,-1
552,DQN,1,-1
553,draw,0,0
554,draw,0,0
555,draw,0,0
556,Random,-1,1
557,Random,-1,1
558,Random,-1,1
559,DQN,1,-1
560,draw,0,0
561,draw,0,0
562,draw,0,0
563,Random,-1,1
564,DQN,1,-1
565,Random,-1,1
566,draw,0,0
567,draw,0,0
568,DQN,1,-1
569,Random,-1,1
570,draw,0,0
571,DQN,1,-1
572,Random,-1,1
573,draw,0,0
574,draw,0,0
575,DQN,1,-1
576,draw,0,0
577,draw,0,0
578,draw,0,0
579,draw,0,0
580,Random,-1,1
581,draw,0,0
582,Random,-1,1
583,Random,-1,1
584,DQN,1,-1
585,Random,-1,1
586,DQN,1,-1
587,draw,0,0
588,draw,0,0
589,draw,0,0
590,draw,0,0
591,draw,0,0
592,draw,0,0
593,Random,-1,1
594,draw,0,0
595,draw,0,0
596,draw,0,0
597,Random,-1,1
598,Random,-1,1
599,Random,-1,1
600,draw,0,0
601,Random,-1,1
602,Random,-1,1
603,Random,-1,1
604,draw,0,0
605,draw,0,0
606,DQN,1,-1
607,draw,0,0
608,draw,0,0
609,Random,-1,1
610,draw,0,0
611,Random,-1,1
612,Random,-1,1
613,draw,0,0
614,draw,0,0
615,draw,0,0
616,Random,-1,1
617,Random,-1,1
618,Random,-1,1
619,Random,-1,1
620,draw,0,0
621,draw,0,0
622,draw,0,0
623,DQN,1,-1
624,Random,-1,1
625,Random,-1,1
626,draw,0,0
627,Random,-1,1
628,Random,-1,1
629,draw,0,0
630,DQN,1,-1
631,DQN,1,-1
632,draw,0,0
633,DQN,1,-1
634,draw,0,0
635,draw,0,0
636,draw,0,0
637,DQN,1,-1
638,DQN,1,-1
639,draw,0,0
640,draw,0,0
641,draw,0,0
642,draw,0,0
643,draw,0,0
644,draw,0,0
645,draw,0,0
646,draw,0,0
647,draw,0,0
648,Random,-1,1
649,draw,0,0
650,Random,-1,1
651,draw,0,0
652,Random,-1,1
653,Random,-1,1
654,Random,-1,1
655,draw,0,0
656,DQN,1,-1
657,Random,-1,1
658,draw,0,0
659,Random,-1,1
660,Random,-1,1
661,draw,0,0
662,Random,-1,1
663,draw,0,0
664,draw,0,0
665,DQN,1,-1
666,DQN,1,-1
667,Random,-1,1
668,DQN,1,-1
669,DQN,1,-1
670,draw,0,0
671,Random,-1,1
672,Random,-1,1
673,DQN,1,-1
674,DQN,1,-1
675,Random,-1,1
676,draw,0,0
677,draw,0,0
678,Random,-1,1
679,draw,0,0
680,draw,0,0
681,draw,0,0
682,draw,0,0
683,Random,-1,1
684,draw,0,0
685,Random,-1,1
686,Random,-1,1
687,draw,0,0
688,draw,0,0
689,draw,0,0
690,Random,-1,1
691,Random,-1,1
692,Random,-1,1
693,Random,-1,1
694,draw,0,0
695,Random,-1,1
696,DQN,1,-1
697,draw,0,0
698,Random,-1,1
699,draw,0,0
700,Random,-1,1
701,Random,-1,1
702,DQN,1,-1
703,draw,0,0
704,draw,0,0
705,DQN,1,-1
706,draw,0,0
707,draw,0,0
708,Random,-1,1
709,Random,-1,1
710,draw,0,0
711,Random,-1,1
712,Random,-1,1
713,Random,-1,1
714,DQN,1,-1
715,draw,0,0
716,DQN,1,-1
717,Random,-1,1
718,Random,-1,1
719,draw,0,0
720,DQN,1,-1
721,draw,0,0
722,DQN,1,-1
723,draw,0,0
724,Random,-1,1
725,Random,-1,1
726,DQN,1,-1
727,draw,0,0
728,draw,0,0
729,Random,-1,1
730,Random,-1,1
731,draw,0,0
732,draw,0,0
733,Random,-1,1
734,draw,0,0
735,Random,-1,1
736,Random,-1,1
737,draw,0,0
738,draw,0,0
739,Random,-1,1
740,Random,-1,1
741,Random,-1,1
742,Random,-1,1
743,draw,0,0
744,Random,-1,1
745,Random,-1,1
746,draw,0,0
747,DQN,1,-1
748,Random,-1,1
749,draw,0,0
750,DQN,1,-1
751,draw,0,0
752,Random,-1,1
753,draw,0,0
754,draw,0,0
755,draw,0,0
756,draw,0,0
757,Random,-1,1
758,Random,-1,1
759,draw,0,0
760,DQN,1,-1
761,DQN,1,-1
762,DQN,1,-1
763,DQN,1,-1
764,draw,0,0
765,draw,0,0
766,Random,-1,1
767,Random,-1,1
768,Random,-1,1
769,DQN,1,-1
770,draw,0,0
771,DQN,1,-1
772,draw,0,0
773,Random,-1,1
774,Random,-1,1
775,Random,-1,1
776,DQN,1,-1
777,draw,0,0
778,Random,-1,1
779,Random,-1,1
780,DQN,1,-1
781,draw,0,0
782,DQN,1,-1
783,DQN,1,-1
784,Random,-1,1
785,draw,0,0
786,Random,-1,1
787,DQN,1,-1
788,Random,-1,1
789,Random,-1,1
790,Random,-1,1
791,DQN,1,-1
792,draw,0,0
793,Random,-1,1
794,Random,-1,1
795,DQN,1,-1
796,draw,0,0
797,draw,0,0
798,draw,0,0
799,draw,0,0
800,DQN,1,-1
801,draw,0,0
802,DQN,1,-1
803,DQN,1,-1
804,Random,-1,1
805,Random,-1,1
806,Random,-1,1
807,Random,-1,1
808,Random,-1,1
809,DQN,1,-1
810,draw,0,0
811,draw,0,0
812,draw,0,0
813,DQN,1,-1
814,Random,-1,1
815,Random,-1,1
816,draw,0,0
817,Random,-1,1
818,draw,0,0
819,draw,0,0
820,Random,-1,1
821,draw,0,0
822,Random,-1,1
823,DQN,1,-1
824,DQN,1,-1
825,draw,0,0
826,draw,0,0
827,Random,-1,1
828,draw,0,0
829,Random,-1,1
830,Random,-1,1
831,DQN,1,-1
832,Random,-1,1
833,Random,-1,1
834,DQN,1,-1
835,draw,0,0
836,draw,0,0
837,DQN,1,-1
838,Random,-1,1
839,draw,0,0
840,draw,0,0
841,Random,-1,1
842,Random,-1,1
843,draw,0,0
844,DQN,1,-1
845,DQN,1,-1
846,draw,0,0
847,DQN,1,-1
848,Random,-1,1
849,draw,0,0
850,draw,0,0
851,draw,0,0
852,Random,-1,1
853,DQN,1,-1
854,Random,-1,1
855,draw,0,0
856,Random,-1,1
857,draw,0,0
858,DQN,1,-1
859,DQN,1,-1
860,DQN,1,-1
861,draw,0,0
862,DQN,1,-1
863,DQN,1,-1
864,draw,0,0
865,DQN,1,-1
866,Random,-1,1
867,DQN,1,-1
868,DQN,1,-1
869,DQN,1,-1
870,Random,-1,1
871,Random,-1,1
872,draw,0,0
873,DQN,1,-1
874,Random,-1,1
875,DQN,1,-1
876,DQN,1,-1
877,draw,0,0
878,DQN,1,-1
879,DQN,1,-1
880,DQN,1,-1
881,draw,0,0
882,Random,-1,1
883,draw,0,0
884,Random,-1,1
885,Random,-1,1
886,DQN,1,-1
887,Random,-1,1
888,draw,0,0
889,draw,0,0
890,DQN,1,-1
891,draw,0,0
892,Random,-1,1
893,DQN,1,-1
894,Random,-1,1
895,DQN,1,-1
896,DQN,1,-1
897,DQN,1,-1
898,Random,-1,1
899,Random,-1,1
900,DQN,1,-1
901,draw,0,0
902,Random,-1,1
903,DQN,1,-1
904,DQN,1,-1
905,draw,0,0
906,Random,-1,1
907,Random,-1,1
908,DQN,1,-1
909,Random,-1,1
910,Random,-1,1
911,DQN,1,-1
912,draw,0,0
913,draw,0,0
914,DQN,1,-1
915,Random,-1,1
916,draw,0,0
917,DQN,1,-1
918,draw,0,0
919,draw,0,0
920,Random,-1,1
921,DQN,1,-1
922,DQN,1,-1
923,draw,0,0
924,draw,0,0
925,draw,0,0
926,Random,-1,1
927,DQN,1,-1
928,draw,0,0
929,draw,0,0
930,draw,0,0
931,Random,-1,1
932,DQN,1,-1
933,DQN,1,-1
934,DQN,1,-1
935,draw,0,0
936,draw,0,0
937,draw,0,0
938,draw,0,0
939,DQN,1,-1
940,draw,0,0
941,draw,0,0
942,DQN,1,-1
943,draw,0,0
944,draw,0,0
945,DQN,1,-1
946,draw,0,0
947,draw,0,0
948,draw,0,0
949,draw,0,0
950,draw,0,0
951,DQN,1,-1
952,draw,0,0
953,draw,0,0
954,Random,-1,1
955,DQN,1,-1
956,DQN,1,-1
957,Random,-1,1
958,draw,0,0
959,draw,0,0
960,Random,-1,1
961,DQN,1,-1
962,draw,0,0
963,DQN,1,-1
964,DQN,1,-1
965,draw,0,0
966,Random,-1,1
967,Random,-1,1
968,draw,0,0
969,DQN,1,-1
970,DQN,1,-1
971,DQN,1,-1
972,draw,0,0
973,Random,-1,1
974,draw,0,0
975,Random,-1,1
976,Random,-1,1
977,Random,-1,1
978,DQN,1,-1
979,DQN,1,-1
980,DQN,1,-1
981,draw,0,0
982,DQN,1,-1
983,draw,0,0
984,DQN,1,-1
985,draw,0,0
986,DQN,1,-1
987,DQN,1,-1
988,draw,0,0
989,DQN,1,-1
990,DQN,1,-1
991,Random,-1,1
992,draw,0,0
993,DQN,1,-1
994,DQN,1,-1
995,Random,-1,1
996,draw,0,0
997,draw,0,0
998,Random,-1,1
999,draw,0,0
1000,DQN,1,-1
1001,DQN,1,-1
1002,Random,-1,1
1003,draw,0,0
1004,DQN,1,-1
1005,DQN,1,-1
1006,Random,-1,1
1007,draw,0,0
1008,draw,0,0
1009,DQN,1,-1
1010,DQN,1,-1
1011,draw,0,0
1012,DQN,1,-1
1013,draw,0,0
1014,draw,0,0
1015,draw,0,0
1016,draw,0,0
1017,draw,0,0
1018,draw,0,0
1019,DQN,1,-1
1020,DQN,1,-1
1021,DQN,1,-1
1022,Random,-1,1
1023,Random,-1,1
1024,Random,-1,1
1025,DQN,1,-1
1026,DQN,1,-1
1027,Random,-1,1
1028,draw,0,0
1029,DQN,1,-1
1030,Random,-1,1
1031,DQN,1,-1
1032,Random,-1,1
1033,DQN,1,-1
1034,DQN,1,-1
1035,DQN,1,-1
1036,Random,-1,1
1037,Random,-1,1
1038,DQN,1,-1
1039,Random,-1,1
1040,Random,-1,1
1041,DQN,1,-1
1042,DQN,1,-1
1043,draw,0,0
1044,draw,0,0
1045,draw,0,0
1046,draw,0,0
1047,DQN,1,-1
1048,Random,-1,1
1049,Random,-1,1
1050,draw,0,0
1051,Random,-1,1
1052,draw,0,0
1053,draw,0,0
1054,DQN,1,-1
1055,draw,0,0
1056,DQN,1,-1
1057,DQN,1,-1
1058,Random,-1,1
1059,DQN,1,-1
1060,DQN,1,-1
1061,Random,-1,1
1062,draw,0,0
1063,draw,0,0
1064,DQN,1,-1
1065,DQN,1,-1
1066,Random,-1,1
1067,Random,-1,1
1068,Random,-1,1
1069,Random,-1,1
1070,DQN,1,-1
1071,Random,-1,1
1072,draw,0,0
1073,DQN,1,-1
1074,DQN,1,-1
1075,DQN,1,-1
1076,DQN,1,-1
1077,DQN,1,-1
1078,DQN,1,-1
1079,Random,-1,1
1080,draw,0,0
1081,draw,0,0
1082,DQN,1,-1
1083,Random,-1,1
1084,DQN,1,-1
1085,DQN,1,-1
1086,draw,0,0
1087,DQN,1,-1
1088,draw,0,0
1089,DQN,1,-1
1090,Random,-1,1
1091,DQN,1,-1
1092,DQN,1,-1
1093,DQN,1,-1
1094,DQN,1,-1
1095,DQN,1,-1
1096,DQN,1,-1
1097,DQN,1,-1
1098,DQN,1,-1
1099,DQN,1,-1
1100,DQN,1,-1
1101,draw,0,0
1102,DQN,1,-1
1103,Random,-1,1
1104,DQN,1,-1
1105,DQN,1,-1
1106,DQN,1,-1
1107,DQN,1,-1
1108,DQN,1,-1
1109,DQN,1,-1
1110,DQN,1,-1
1111,DQN,1,-1
1112,DQN,1,-1
1113,DQN,1,-1
1114,DQN,1,-1
1115,DQN,1,-1
1116,DQN,1,-1
1117,DQN,1,-1
1118,Random,-1,1
1119,DQN,1,-1
1120,Random,-1,1
1121,DQN,1,-1
1122,DQN,1,-1
1123,DQN,1,-1
1124,DQN,1,-1
1125,DQN,1,-1
1126,DQN,1,-1
1127,draw,0,0
1128,DQN,1,-1
1129,draw,0,0
1130,DQN,1,-1
1131,DQN,1,-1
1132,Random,-1,1
1133,Random,-1,1
1134,draw,0,0
1135,DQN,1,-1
1136,DQN,1,-1
1137,DQN,1,-1
1138,DQN,1,-1
1139,Random,-1,1
1140,Random,-1,1
1141,Random,-1,1
1142,Random,-1,1
1143,DQN,1,-1
1144,draw,0,0
1145,DQN,1,-1
1146,DQN,1,-1
1147,DQN,1,-1
1148,DQN,1,-1
1149,DQN,1,-1
1150,DQN,1,-1
1151,DQN,1,-1
1152,Random,-1,1
1153,Random,-1,1
1154,DQN,1,-1
1155,DQN,1,-1
1156,DQN,1,-1
1157,Random,-1,1
1158,DQN,1,-1
1159,DQN,1,-1
1160,DQN,1,-1
1161,Random,-1,1
1162,Random,-1,1
1163,DQN,1,-1
1164,draw,0,0
1165,DQN,1,-1
1166,draw,0,0
1167,DQN,1,-1
1168,DQN,1,-1
1169,Random,-1,1
1170,DQN,1,-1
1171,DQN,1,-1
1172,draw,0,0
1173,Random,-1,1
1174,DQN,1,-1
1175,DQN,1,-1
1176,DQN,1,-1
1177,Random,-1,1
1178,draw,0,0
1179,DQN,1,-1
1180,Random,-1,1
1181,DQN,1,-1
1182,DQN,1,-1
1183,draw,0,0
1184,draw,0,0
1185,draw,0,0
1186,Random,-1,1
1187,DQN,1,-1
1188,draw,0,0
1189,Random,-1,1
1190,Random,-1,1
1191,DQN,1,-1
1192,DQN,1,-1
1193,draw,0,0
1194,DQN,1,-1
1195,DQN,1,-1
1196,Random,-1,1
1197,DQN,1,-1
1198,DQN,1,-1
1199,DQN,1,-1
1200,DQN,1,-1
1201,DQN,1,-1
1202,DQN,1,-1
1203,Random,-1,1
1204,Random,-1,1
1205,DQN,1,-1
1206,DQN,1,-1
1207,Random,-1,1
1208,Random,-1,1
1209,draw,0,0
1210,DQN,1,-1
1211,Random,-1,1
1212,DQN,1,-1
1213,DQN,1,-1
1214,draw,0,0
1215,DQN,1,-1
1216,draw,0,0
1217,Random,-1,1
1218,draw,0,0
1219,Random,-1,1
1220,draw,0,0
1221,draw,0,0
1222,DQN,1,-1
1223,Random,-1,1
1224,DQN,1,-1
1225,DQN,1,-1
1226,DQN,1,-1
1227,Random,-1,1
1228,DQN,1,-1
1229,DQN,1,-1
1230,Random,-1,1
1231,DQN,1,-1
1232,DQN,1,-1
1233,DQN,1,-1
1234,Random,-1,1
1235,DQN,1,-1
1236,Random,-1,1
1237,DQN,1,-1
1238,draw,0,0
1239,Random,-1,1
1240,Random,-1,1
1241,DQN,1,-1
1242,DQN,1,-1
1243,DQN,1,-1
1244,DQN,1,-1
1245,DQN,1,-1
1246,DQN,1,-1
1247,DQN,1,-1
1248,Random,-1,1
1249,draw,0,0
1250,Random,-1,1
1251,DQN,1,-1
1252,DQN,1,-1
1253,DQN,1,-1
1254,DQN,1,-1
1255,DQN,1,-1
1256,DQN,1,-1
1257,Random,-1,1
1258,Random,-1,1
1259,DQN,1,-1
1260,DQN,1,-1
1261,Random,-1,1
1262,Random,-1,1
1263,DQN,1,-1
1264,DQN,1,-1
1265,DQN,1,-1
1266,DQN,1,-1
1267,DQN,1,-1
1268,DQN,1,-1
1269,DQN,1,-1
1270,DQN,1,-1
1271,Random,-1,1
1272,DQN,1,-1
1273,DQN,1,-1
1274,DQN,1,-1
1275,DQN,1,-1
1276,DQN,1,-1
1277,DQN,1,-1
1278,DQN,1,-1
1279,DQN,1,-1
1280,DQN,1,-1
1281,DQN,1,-1
1282,DQN,1,-1
1283,DQN,1,-1
1284,DQN,1,-1
1285,DQN,1,-1
1286,DQN,1,-1
1287,DQN,1,-1
1288,Random,-1,1
1289,DQN,1,-1
1290,DQN,1,-1
1291,DQN,1,-1
1292,DQN,1,-1
1293,DQN,1,-1
1294,DQN,1,-1
1295,Random,-1,1
1296,DQN,1,-1
1297,draw,0,0
1298,DQN,1,-1
1299,DQN,1,-1
1300,DQN,1,-1
1301,draw,0,0
1302,DQN,1,-1
1303,DQN,1,-1
1304,DQN,1,-1
1305,draw,0,0
1306,DQN,1,-1
1307,DQN,1,-1
1308,DQN,1,-1
1309,DQN,1,-1
1310,DQN,1,-1
1311,DQN,1,-1
1312,DQN,1,-1
1313,DQN,1,-1
1314,DQN,1,-1
1315,DQN,1,-1
1316,Random,-1,1
1317,Random,-1,1
1318,DQN,1,-1
1319,Random,-1,1
1320,Random,-1,1
1321,DQN,1,-1
1322,DQN,1,-1
1323,DQN,1,-1
1324,DQN,1,-1
1325,DQN,1,-1
1326,DQN,1,-1
1327,DQN,1,-1
1328,DQN,1,-1
1329,DQN,1,-1
1330,DQN,1,-1
1331,DQN,1,-1
1332,DQN,1,-1
1333,DQN,1,-1
1334,DQN,1,-1
1335,DQN,1,-1
1336,DQN,1,-1
1337,DQN,1,-1
1338,DQN,1,-1
1339,DQN,1,-1
1340,DQN,1,-1
1341,DQN,1,-1
1342,DQN,1,-1
1343,DQN,1,-1
1344,DQN,1,-1
1345,DQN,1,-1
1346,DQN,1,-1
1347,Random,-1,1
1348,DQN,1,-1
1349,DQN,1,-1
1350,DQN,1,-1
1351,DQN,1,-1
1352,DQN,1,-1
1353,DQN,1,-1
1354,DQN,1,-1
1355,DQN,1,-1
1356,DQN,1,-1
1357,DQN,1,-1
1358,DQN,1,-1
1359,DQN,1,-1
1360,DQN,1,-1
1361,DQN,1,-1
1362,DQN,1,-1
1363,DQN,1,-1
1364,DQN,1,-1
1365,DQN,1,-1
1366,DQN,1,-1
1367,DQN,1,-1
1368,DQN,1,-1
1369,Random,-1,1
1370,DQN,1,-1
1371,Random,-1,1
1372,DQN,1,-1
1373,DQN,1,-1
1374,DQN,1,-1
1375,DQN,1,-1
1376,DQN,1,-1
1377,DQN,1,-1
1378,DQN,1,-1
1379,DQN,1,-1
1380,DQN,1,-1
1381,DQN,1,-1
1382,DQN,1,-1
1383,DQN,1,-1
1384,DQN,1,-1
1385,DQN,1,-1
1386,DQN,1,-1
1387,Random,-1,1
1388,DQN,1,-1
1389,DQN,1,-1
1390,DQN,1,-1
1391,DQN,1,-1
1392,DQN,1,-1
1393,DQN,1,-1
1394,DQN,1,-1
1395,DQN,1,-1
1396,DQN,1,-1
1397,DQN,1,-1
1398,DQN,1,-1
1399,DQN,1,-1
1400,Random,-1,1
1401,DQN,1,-1
1402,DQN,1,-1
1403,DQN,1,-1
1404,DQN,1,-1
1405,DQN,1,-1
1406,DQN,1,-1
1407,DQN,1,-1
1408,DQN,1,-1
1409,DQN,1,-1
1410,DQN,1,-1
1411,DQN,1,-1
1412,DQN,1,-1
1413,DQN,1,-1
1414,Random,-1,1
1415,DQN,1,-1
1416,DQN,1,-1
1417,DQN,1,-1
1418,DQN,1,-1
1419,DQN,1,-1
1420,DQN,1,-1
1421,DQN,1,-1
1422,DQN,1,-1
1423,DQN,1,-1
1424,DQN,1,-1
1425,DQN,1,-1
1426,DQN,1,-1
1427,Random,-1,1
1428,Random,-1,1
1429,DQN,1,-1
1430,DQN,1,-1
1431,DQN,1,-1
1432,Random,-1,1
1433,DQN,1,-1
1434,DQN,1,-1
1435,Random,-1,1
1436,DQN,1,-1
1437,DQN,1,-1
1438,Random,-1,1
1439,draw,0,0
1440,draw,0,0
1441,DQN,1,-1
1442,DQN,1,-1
1443,DQN,1,-1
1444,DQN,1,-1
1445,DQN,1,-1
1446,Random,-1,1
1447,DQN,1,-1
1448,DQN,1,-1
1449,Random,-1,1
1450,DQN,1,-1
1451,DQN,1,-1
1452,DQN,1,-1
1453,DQN,1,-1
1454,DQN,1,-1
1455,DQN,1,-1
1456,DQN,1,-1
1457,DQN,1,-1
1458,Random,-1,1
1459,DQN,1,-1
1460,DQN,1,-1
1461,Random,-1,1
1462,DQN,1,-1
1463,DQN,1,-1
1464,DQN,1,-1
1465,DQN,1,-1
1466,DQN,1,-1
1467,DQN,1,-1
1468,DQN,1,-1
1469,DQN,1,-1
1470,DQN,1,-1
1471,DQN,1,-1
1472,DQN,1,-1
1473,DQN,1,-1
1474,DQN,1,-1
1475,DQN,1,-1
1476,DQN,1,-1
1477,DQN,1,-1
1478,DQN,1,-1
1479,DQN,1,-1
1480,DQN,1,-1
1481,Random,-1,1
1482,DQN,1,-1
1483,Random,-1,1
1484,DQN,1,-1
1485,DQN,1,-1
1486,Random,-1,1
1487,draw,0,0
1488,DQN,1,-1
1489,Random,-1,1
1490,DQN,1,-1
1491,Random,-1,1
1492,DQN,1,-1
1493,DQN,1,-1
1494,Random,-1,1
1495,DQN,1,-1
1496,DQN,1,-1
1497,DQN,1,-1
1498,Random,-1,1
1499,DQN,1,-1
1500,DQN,1,-1
1501,DQN,1,-1
1502,DQN,1,-1
1503,DQN,1,-1
1504,DQN,1,-1
1505,DQN,1,-1
1506,DQN,1,-1
1507,DQN,1,-1
1508,Random,-1,1
1509,DQN,1,-1
1510,DQN,1,-1
1511,DQN,1,-1
1512,DQN,1,-1
1513,DQN,1,-1
1514,Random,-1,1
1515,DQN,1,-1
1516,DQN,1,-1
1517,DQN,1,-1
1518,DQN,1,-1
1519,DQN,1,-1
1520,DQN,1,-1
1521,DQN,1,-1
1522,Random,-1,1
1523,DQN,1,-1
1524,DQN,1,-1
1525,DQN,1,-1
1526,DQN,1,-1
1527,DQN,1,-1
1528,DQN,1,-1
1529,Random,-1,1
1530,DQN,1,-1
1531,DQN,1,-1
1532,DQN,1,-1
1533,DQN,1,-1
1534,Random,-1,1
1535,DQN,1,-1
1536,DQN,1,-1
1537,DQN,1,-1
1538,Random,-1,1
1539,DQN,1,-1
1540,DQN,1,-1
1541,DQN,1,-1
1542,DQN,1,-1
1543,Random,-1,1
1544,DQN,1,-1
1545,DQN,1,-1
1546,DQN,1,-1
1547,DQN,1,-1
1548,DQN,1,-1
1549,DQN,1,-1
1550,DQN,1,-1
1551,DQN,1,-1
1552,DQN,1,-1
1553,DQN,1,-1
1554,Random,-1,1
1555,DQN,1,-1
1556,Random,-1,1
1557,DQN,1,-1
1558,DQN,1,-1
1559,DQN,1,-1
1560,Random,-1,1
1561,DQN,1,-1
1562,Random,-1,1
1563,Random,-1,1
1564,DQN,1,-1
1565,DQN,1,-1
1566,DQN,1,-1
1567,DQN,1,-1
1568,Random,-1,1
1569,DQN,1,-1
1570,DQN,1,-1
1571,DQN,1,-1
1572,Random,-1,1
1573,DQN,1,-1
1574,DQN,1,-1
1575,Random,-1,1
1576,DQN,1,-1
1577,Random,-1,1
1578,DQN,1,-1
1579,Random,-1,1
1580,DQN,1,-1
1581,DQN,1,-1
1582,DQN,1,-1
1583,DQN,1,-1
1584,DQN,1,-1
1585,DQN,1,-1
1586,DQN,1,-1
1587,DQN,1,-1
1588,DQN,1,-1
1589,DQN,1,-1
1590,DQN,1,-1
1591,DQN,1,-1
1592,DQN,1,-1
1593,DQN,1,-1
1594,Random,-1,1
1595,DQN,1,-1
1596,Random,-1,1
1597,DQN,1,-1
1598,DQN,1,-1
1599,DQN,1,-1
1600,DQN,1,-1
1601,Random,-1,1
1602,DQN,1,-1
1603,Random,-1,1
1604,DQN,1,-1
1605,DQN,1,-1
1606,DQN,1,-1
1607,Random,-1,1
1608,DQN,1,-1
1609,draw,0,0
1610,DQN,1,-1
1611,DQN,1,-1
1612,DQN,1,-1
1613,DQN,1,-1
1614,DQN,1,-1
1615,DQN,1,-1
1616,Random,-1,1
1617,DQN,1,-1
1618,Random,-1,1
1619,DQN,1,-1
1620,DQN,1,-1
1621,DQN,1,-1
1622,DQN,1,-1
1623,Random,-1,1
1624,Random,-1,1
1625,DQN,1,-1
1626,Random,-1,1
1627,DQN,1,-1
1628,DQN,1,-1
1629,DQN,1,-1
1630,DQN,1,-1
1631,Random,-1,1
1632,draw,0,0
1633,DQN,1,-1
1634,DQN,1,-1
1635,DQN,1,-1
1636,draw,0,0
1637,DQN,1,-1
1638,DQN,1,-1
1639,DQN,1,-1
1640,Random,-1,1
1641,DQN,1,-1
1642,DQN,1,-1
1643,DQN,1,-1
1644,DQN,1,-1
1645,DQN,1,-1
1646,DQN,1,-1
1647,DQN,1,-1
1648,DQN,1,-1
1649,DQN,1,-1
1650,DQN,1,-1
1651,Random,-1,1
1652,DQN,1,-1
1653,DQN,1,-1
1654,DQN,1,-1
1655,DQN,1,-1
1656,DQN,1,-1
1657,DQN,1,-1
1658,DQN,1,-1
1659,Random,-1,1
1660,DQN,1,-1
1661,DQN,1,-1
1662,DQN,1,-1
1663,Random,-1,1
1664,DQN,1,-1
1665,DQN,1,-1
1666,DQN,1,-1
1667,DQN,1,-1
1668,DQN,1,-1
1669,DQN,1,-1
1670,DQN,1,-1
1671,DQN,1,-1
1672,DQN,1,-1
1673,DQN,1,-1
1674,DQN,1,-1
1675,DQN,1,-1
1676,DQN,1,-1
1677,DQN,1,-1
1678,DQN,1,-1
1679,DQN,1,-1
1680,DQN,1,-1
1681,DQN,1,-1
1682,DQN,1,-1
1683,DQN,1,-1
1684,DQN,1,-1
1685,DQN,1,-1
1686,draw,0,0
1687,DQN,1,-1
1688,DQN,1,-1
1689,DQN,1,-1
1690,DQN,1,-1
1691,DQN,1,-1
1692,DQN,1,-1
1693,DQN,1,-1
1694,Random,-1,1
1695,draw,0,0
1696,Random,-1,1
1697,draw,0,0
1698,Random,-1,1
1699,draw,0,0
1700,Random,-1,1
1701,DQN,1,-1
1702,DQN,1,-1
1703,DQN,1,-1
1704,draw,0,0
1705,DQN,1,-1
1706,DQN,1,-1
1707,Random,-1,1
1708,draw,0,0
1709,draw,0,0
1710,draw,0,0
1711,DQN,1,-1
1712,Random,-1,1
1713,DQN,1,-1
1714,DQN,1,-1
1715,Random,-1,1
1716,Random,-1,1
1717,DQN,1,-1
1718,DQN,1,-1
1719,draw,0,0
1720,Random,-1,1
1721,Random,-1,1
1722,Random,-1,1
1723,DQN,1,-1
1724,DQN,1,-1
1725,Random,-1,1
1726,draw,0,0
1727,DQN,1,-1
1728,DQN,1,-1
1729,DQN,1,-1
1730,DQN,1,-1
1731,draw,0,0
1732,DQN,1,-1
1733,DQN,1,-1
1734,draw,0,0
1735,draw,0,0
1736,DQN,1,-1
1737,DQN,1,-1
1738,DQN,1,-1
1739,DQN,1,-1
1740,draw,0,0
1741,draw,0,0
1742,Random,-1,1
1743,DQN,1,-1
1744,draw,0,0
1745,draw,0,0
1746,DQN,1,-1
1747,draw,0,0
1748,Random,-1,1
1749,draw,0,0
1750,draw,0,0
1751,Random,-1,1
1752,Random,-1,1
1753,DQN,1,-1
1754,draw,0,0
1755,draw,0,0
1756,Random,-1,1
1757,DQN,1,-1
1758,DQN,1,-1
1759,DQN,1,-1
1760,DQN,1,-1
1761,Random,-1,1
1762,Random,-1,1
1763,Random,-1,1
1764,DQN,1,-1
1765,draw,0,0
1766,DQN,1,-1
1767,DQN,1,-1
1768,DQN,1,-1
1769,DQN,1,-1
1770,DQN,1,-1
1771,DQN,1,-1
1772,DQN,1,-1
1773,DQN,1,-1
1774,draw,0,0
1775,draw,0,0
1776,DQN,1,-1
1777,DQN,1,-1
1778,DQN,1,-1
1779,DQN,1,-1
1780,DQN,1,-1
1781,DQN,1,-1
1782,DQN,1,-1
1783,DQN,1,-1
1784,Random,-1,1
1785,DQN,1,-1
1786,DQN,1,-1
1787,DQN,1,-1
1788,DQN,1,-1
1789,DQN,1,-1
1790,DQN,1,-1
1791,DQN,1,-1
1792,Random,-1,1
1793,DQN,1,-1
1794,DQN,1,-1
1795,DQN,1,-1
1796,DQN,1,-1
1797,DQN,1,-1
1798,Random,-1,1
1799,Random,-1,1
1800,DQN,1,-1
1801,Random,-1,1
1802,draw,0,0
1803,DQN,1,-1
1804,DQN,1,-1
1805,draw,0,0
1806,Random,-1,1
1807,draw,0,0
1808,DQN,1,-1
1809,draw,0,0
1810,DQN,1,-1
1811,Random,-1,1
1812,DQN,1,-1
1813,DQN,1,-1
1814,Random,-1,1
1815,Random,-1,1
1816,draw,0,0
1817,DQN,1,-1
1818,DQN,1,-1
1819,draw,0,0
1820,DQN,1,-1
1821,Random,-1,1
1822,draw,0,0
1823,DQN,1,-1
1824,Random,-1,1
1825,draw,0,0
1826,DQN,1,-1
1827,DQN,1,-1
1828,Random,-1,1
1829,Random,-1,1
1830,DQN,1,-1
1831,DQN,1,-1
1832,DQN,1,-1
1833,DQN,1,-1
1834,Random,-1,1
1835,Random,-1,1
1836,DQN,1,-1
1837,DQN,1,-1
1838,DQN,1,-1
1839,Random,-1,1
1840,DQN,1,-1
1841,draw,0,0
1842,DQN,1,-1
1843,draw,0,0
1844,DQN,1,-1
1845,draw,0,0
1846,DQN,1,-1
1847,Random,-1,1
1848,draw,0,0
1849,draw,0,0
1850,draw,0,0
1851,DQN,1,-1
1852,Random,-1,1
1853,DQN,1,-1
1854,Random,-1,1
1855,DQN,1,-1
1856,DQN,1,-1
1857,DQN,1,-1
1858,DQN,1,-1
1859,draw,0,0
1860,DQN,1,-1
1861,DQN,1,-1
1862,draw,0,0
1863,Random,-1,1
1864,DQN,1,-1
1865,draw,0,0
1866,DQN,1,-1
1867,Random,-1,1
1868,draw,0,0
1869,draw,0,0
1870,DQN,1,-1
1871,draw,0,0
1872,DQN,1,-1
1873,draw,0,0
1874,Random,-1,1
1875,DQN,1,-1
1876,draw,0,0
1877,draw,0,0
1878,DQN,1,-1
1879,Random,-1,1
1880,DQN,1,-1
1881,draw,0,0
1882,DQN,1,-1
1883,DQN,1,-1
1884,draw,0,0
1885,DQN,1,-1
1886,Random,-1,1
1887,draw,0,0
1888,DQN,1,-1
1889,Random,-1,1
1890,DQN,1,-1
1891,Random,-1,1
1892,draw,0,0
1893,DQN,1,-1
1894,DQN,1,-1
1895,DQN,1,-1
1896,DQN,1,-1
1897,draw,0,0
1898,DQN,1,-1
1899,DQN,1,-1
1900,draw,0,0
1901,Random,-1,1
1902,draw,0,0
1903,DQN,1,-1
1904,DQN,1,-1
1905,draw,0,0
1906,DQN,1,-1
1907,DQN,1,-1
1908,DQN,1,-1
1909,draw,0,0
1910,draw,0,0
1911,Random,-1,1
1912,DQN,1,-1
1913,DQN,1,-1
1914,draw,0,0
1915,DQN,1,-1
1916,Random,-1,1
1917,DQN,1,-1
1918,draw,0,0
1919,draw,0,0
1920,DQN,1,-1
1921,DQN,1,-1
1922,draw,0,0
1923,DQN,1,-1
1924,Random,-1,1
1925,draw,0,0
1926,draw,0,0
1927,DQN,1,-1
1928,DQN,1,-1
1929,DQN,1,-1
1930,DQN,1,-1
1931,Random,-1,1
1932,DQN,1,-1
1933,DQN,1,-1
1934,DQN,1,-1
1935,Random,-1,1
1936,DQN,1,-1
1937,draw,0,0
1938,DQN,1,-1
1939,Random,-1,1
1940,DQN,1,-1
1941,DQN,1,-1
1942,Random,-1,1
1943,DQN,1,-1
1944,Random,-1,1
1945,Random,-1,1
1946,draw,0,0
1947,Random,-1,1
1948,DQN,1,-1
1949,Random,-1,1
1950,Random,-1,1
1951,draw,0,0
1952,DQN,1,-1
1953,DQN,1,-1
1954,draw,0,0
1955,Random,-1,1
1956,DQN,1,-1
1957,DQN,1,-1
1958,draw,0,0
1959,DQN,1,-1
1960,DQN,1,-1
1961,Random,-1,1
1962,draw,0,0
1963,DQN,1,-1
1964,DQN,1,-1
1965,DQN,1,-1
1966,Random,-1,1
1967,DQN,1,-1
1968,Random,-1,1
1969,DQN,1,-1
1970,draw,0,0
1971,Random,-1,1
1972,Random,-1,1
1973,DQN,1,-1
1974,draw,0,0
1975,Random,-1,1
1976,Random,-1,1
1977,DQN,1,-1
1978,DQN,1,-1
1979,DQN,1,-1
1980,DQN,1,-1
1981,draw,0,0
1982,DQN,1,-1
1983,Random,-1,1
1984,DQN,1,-1
1985,DQN,1,-1
1986,DQN,1,-1
1987,DQN,1,-1
1988,Random,-1,1
1989,DQN,1,-1
1990,draw,0,0
1991,DQN,1,-1
1992,DQN,1,-1
1993,DQN,1,-1
1994,DQN,1,-1
1995,DQN,1,-1
1996,DQN,1,-1
1997,Random,-1,1
1998,DQN,1,-1
1999,Random,-1,1
2000,DQN,1,-1
2001,DQN,1,-1
2002,DQN,1,-1
2003,DQN,1,-1
2004,DQN,1,-1
2005,Random,-1,1
2006,DQN,1,-1
2007,Random,-1,1
2008,Random,-1,1
2009,Random,-1,1
2010,DQN,1,-1
2011,DQN,1,-1
2012,DQN,1,-1
2013,Random,-1,1
2014,DQN,1,-1
2015,DQN,1,-1
2016,DQN,1,-1
2017,DQN,1,-1
2018,DQN,1,-1
2019,DQN,1,-1
2020,DQN,1,-1
2021,Random,-1,1
2022,DQN,1,-1
2023,DQN,1,-1
2024,DQN,1,-1
2025,DQN,1,-1
2026,DQN,1,-1
2027,Random,-1,1
2028,DQN,1,-1
2029,DQN,1,-1
2030,DQN,1,-1
2031,Random,-1,1
2032,DQN,1,-1
2033,DQN,1,-1
2034,DQN,1,-1
2035,DQN,1,-1
2036,DQN,1,-1
2037,DQN,1,-1
2038,DQN,1,-1
2039,DQN,1,-1
2040,Random,-1,1
2041,DQN,1,-1
2042,DQN,1,-1
2043,DQN,1,-1
2044,Random,-1,1
2045,DQN,1,-1
2046,DQN,1,-1
2047,DQN,1,-1
2048,DQN,1,-1
2049,DQN,1,-1
2050,DQN,1,-1
2051,DQN,1,-1
2052,DQN,1,-1
2053,DQN,1,-1
2054,Random,-1,1
2055,DQN,1,-1
2056,DQN,1,-1
2057,DQN,1,-1
2058,DQN,1,-1
2059,DQN,1,-1
2060,draw,0,0
2061,Random,-1,1
2062,DQN,1,-1
2063,DQN,1,-1
2064,DQN,1,-1
2065,Random,-1,1
2066,Random,-1,1
2067,draw,0,0
2068,draw,0,0
2069,DQN,1,-1
2070,DQN,1,-1
2071,DQN,1,-1
2072,DQN,1,-1
2073,draw,0,0
2074,DQN,1,-1
2075,DQN,1,-1
2076,DQN,1,-1
2077,DQN,1,-1
2078,DQN,1,-1
2079,Random,-1,1
2080,DQN,1,-1
2081,DQN,1,-1
2082,Random,-1,1
2083,Random,-1,1
2084,DQN,1,-1
2085,Random,-1,1
2086,DQN,1,-1
2087,draw,0,0
2088,DQN,1,-1
2089,DQN,1,-1
2090,DQN,1,-1
2091,DQN,1,-1
2092,DQN,1,-1
2093,Random,-1,1
2094,Random,-1,1
2095,DQN,1,-1
2096,DQN,1,-1
2097,DQN,1,-1
2098,draw,0,0
2099,Random,-1,1
2100,Random,-1,1
2101,DQN,1,-1
2102,DQN,1,-1
2103,DQN,1,-1
2104,DQN,1,-1
2105,DQN,1,-1
2106,DQN,1,-1
2107,draw,0,0
2108,DQN,1,-1
2109,DQN,1,-1
2110,DQN,1,-1
2111,DQN,1,-1
2112,DQN,1,-1
2113,Random,-1,1
2114,DQN,1,-1
2115,DQN,1,-1
2116,Random,-1,1
2117,DQN,1,-1
2118,DQN,1,-1
2119,DQN,1,-1
2120,draw,0,0
2121,draw,0,0
2122,DQN,1,-1
2123,DQN,1,-1
2124,DQN,1,-1
2125,DQN,1,-1
2126,DQN,1,-1
2127,DQN,1,-1
2128,Random,-1,1
2129,DQN,1,-1
2130,DQN,1,-1
2131,DQN,1,-1
2132,draw,0,0
2133,draw,0,0
2134,DQN,1,-1
2135,DQN,1,-1
2136,DQN,1,-1
2137,DQN,1,-1
2138,Random,-1,1
2139,DQN,1,-1
2140,DQN,1,-1
2141,draw,0,0
2142,Random,-1,1
2143,DQN,1,-1
2144,Random,-1,1
2145,DQN,1,-1
2146,DQN,1,-1
2147,Random,-1,1
2148,DQN,1,-1
2149,Random,-1,1
2150,DQN,1,-1
2151,DQN,1,-1
2152,DQN,1,-1
2153,DQN,1,-1
2154,DQN,1,-1
2155,DQN,1,-1
2156,DQN,1,-1
2157,DQN,1,-1
2158,DQN,1,-1
2159,DQN,1,-1
2160,DQN,1,-1
2161,DQN,1,-1
2162,DQN,1,-1
2163,Random,-1,1
2164,DQN,1,-1
2165,DQN,1,-1
2166,DQN,1,-1
2167,DQN,1,-1
2168,Random,-1,1
2169,DQN,1,-1
2170,Random,-1,1
2171,DQN,1,-1
2172,DQN,1,-1
2173,DQN,1,-1
2174,DQN,1,-1
2175,Random,-1,1
2176,DQN,1,-1
2177,Random,-1,1
2178,DQN,1,-1
2179,DQN,1,-1
2180,draw,0,0
2181,DQN,1,-1
2182,DQN,1,-1
2183,DQN,1,-1
2184,Random,-1,1
2185,Random,-1,1
2186,DQN,1,-1
2187,DQN,1,-1
2188,DQN,1,-1
2189,DQN,1,-1
2190,DQN,1,-1
2191,DQN,1,-1
2192,Random,-1,1
2193,Random,-1,1
2194,DQN,1,-1
2195,DQN,1,-1
2196,Random,-1,1
2197,DQN,1,-1
2198,DQN,1,-1
2199,DQN,1,-1
2200,DQN,1,-1
2201,DQN,1,-1
2202,DQN,1,-1
2203,DQN,1,-1
2204,DQN,1,-1
2205,DQN,1,-1
2206,DQN,1,-1
2207,DQN,1,-1
2208,DQN,1,-1
2209,DQN,1,-1
2210,DQN,1,-1
2211,DQN,1,-1
2212,DQN,1,-1
2213,DQN,1,-1
2214,Random,-1,1
2215,DQN,1,-1
2216,DQN,1,-1
2217,DQN,1,-1
2218,DQN,1,-1
2219,DQN,1,-1
2220,Random,-1,1
2221,DQN,1,-1
2222,Random,-1,1
2223,DQN,1,-1
2224,DQN,1,-1
2225,DQN,1,-1
2226,DQN,1,-1
2227,DQN,1,-1
2228,DQN,1,-1
2229,DQN,1,-1
2230,Random,-1,1
2231,DQN,1,-1
2232,Random,-1,1
2233,Random,-1,1
2234,DQN,1,-1
2235,DQN,1,-1
2236,Random,-1,1
2237,DQN,1,-1
2238,Random,-1,1
2239,DQN,1,-1
2240,Random,-1,1
2241,DQN,1,-1
2242,DQN,1,-1
2243,DQN,1,-1
2244,DQN,1,-1
2245,DQN,1,-1
2246,DQN,1,-1
2247,DQN,1,-1
2248,DQN,1,-1
2249,DQN,1,-1
2250,DQN,1,-1
2251,DQN,1,-1
2252,DQN,1,-1
2253,DQN,1,-1
2254,DQN,1,-1
2255,DQN,1,-1
2256,DQN,1,-1
2257,DQN,1,-1
2258,DQN,1,-1
2259,DQN,1,-1
2260,DQN,1,-1
2261,DQN,1,-1
2262,Random,-1,1
2263,DQN,1,-1
2264,DQN,1,-1
2265,DQN,1,-1
2266,DQN,1,-1
2267,DQN,1,-1
2268,Random,-1,1
2269,DQN,1,-1
2270,Random,-1,1
2271,DQN,1,-1
2272,Random,-1,1
2273,DQN,1,-1
2274,Random,-1,1
2275,DQN,1,-1
2276,DQN,1,-1
2277,DQN,1,-1
2278,DQN,1,-1
2279,DQN,1,-1
2280,DQN,1,-1
2281,DQN,1,-1
2282,DQN,1,-1
2283,Random,-1,1
2284,DQN,1,-1
2285,DQN,1,-1
2286,draw,0,0
2287,DQN,1,-1
2288,draw,0,0
2289,DQN,1,-1
2290,Random,-1,1
2291,DQN,1,-1
2292,DQN,1,-1
2293,Random,-1,1
2294,DQN,1,-1
2295,DQN,1,-1
2296,Random,-1,1
2297,DQN,1,-1
2298,DQN,1,-1
2299,DQN,1,-1
2300,DQN,1,-1
2301,Random,-1,1
2302,DQN,1,-1
2303,DQN,1,-1
2304,DQN,1,-1
2305,DQN,1,-1
2306,Random,-1,1
2307,DQN,1,-1
2308,Random,-1,1
2309,DQN,1,-1
2310,DQN,1,-1
2311,DQN,1,-1
2312,Random,-1,1
2313,DQN,1,-1
2314,DQN,1,-1
2315,DQN,1,-1
2316,Random,-1,1
2317,Random,-1,1
2318,DQN,1,-1
2319,DQN,1,-1
2320,DQN,1,-1
2321,DQN,1,-1
2322,DQN,1,-1
2323,DQN,1,-1
2324,DQN,1,-1
2325,DQN,1,-1
2326,DQN,1,-1
2327,DQN,1,-1
2328,DQN,1,-1
2329,DQN,1,-1
2330,DQN,1,-1
2331,DQN,1,-1
2332,DQN,1,-1
2333,DQN,1,-1
2334,DQN,1,-1
2335,DQN,1,-1
2336,DQN,1,-1
2337,DQN,1,-1
2338,DQN,1,-1
2339,DQN,1,-1
2340,DQN,1,-1
2341,DQN,1,-1
2342,DQN,1,-1
2343,DQN,1,-1
2344,DQN,1,-1
2345,DQN,1,-1
2346,DQN,1,-1
2347,DQN,1,-1
2348,DQN,1,-1
2349,DQN,1,-1
2350,DQN,1,-1
2351,DQN,1,-1
2352,Random,-1,1
2353,DQN,1,-1
2354,DQN,1,-1
2355,DQN,1,-1
2356,DQN,1,-1
2357,DQN,1,-1
2358,Random,-1,1
2359,DQN,1,-1
2360,DQN,1,-1
2361,DQN,1,-1
2362,DQN,1,-1
2363,DQN,1,-1
2364,DQN,1,-1
2365,Random,-1,1
2366,DQN,1,-1
2367,DQN,1,-1
2368,DQN,1,-1
2369,DQN,1,-1
2370,DQN,1,-1
2371,Random,-1,1
2372,DQN,1,-1
2373,Random,-1,1
2374,DQN,1,-1
2375,DQN,1,-1
2376,DQN,1,-1
2377,DQN,1,-1
2378,draw,0,0
2379,DQN,1,-1
2380,DQN,1,-1
2381,Random,-1,1
2382,DQN,1,-1
2383,DQN,1,-1
2384,DQN,1,-1
2385,draw,0,0
2386,DQN,1,-1
2387,DQN,1,-1
2388,DQN,1,-1
2389,DQN,1,-1
2390,DQN,1,-1
2391,Random,-1,1
2392,DQN,1,-1
2393,DQN,1,-1
2394,DQN,1,-1
2395,DQN,1,-1
2396,DQN,1,-1
2397,DQN,1,-1
2398,DQN,1,-1
2399,DQN,1,-1
2400,Random,-1,1
2401,DQN,1,-1
2402,draw,0,0
2403,DQN,1,-1
2404,DQN,1,-1
2405,DQN,1,-1
2406,DQN,1,-1
2407,DQN,1,-1
2408,DQN,1,-1
2409,DQN,1,-1
2410,DQN,1,-1
2411,Random,-1,1
2412,DQN,1,-1
2413,DQN,1,-1
2414,DQN,1,-1
2415,Random,-1,1
2416,DQN,1,-1
2417,DQN,1,-1
2418,DQN,1,-1
2419,DQN,1,-1
2420,DQN,1,-1
2421,DQN,1,-1
2422,DQN,1,-1
2423,DQN,1,-1
2424,DQN,1,-1
2425,DQN,1,-1
2426,DQN,1,-1
2427,DQN,1,-1
2428,DQN,1,-1
2429,DQN,1,-1
2430,Random,-1,1
2431,DQN,1,-1
2432,DQN,1,-1
2433,DQN,1,-1
2434,DQN,1,-1
2435,Random,-1,1
2436,DQN,1,-1
2437,DQN,1,-1
2438,DQN,1,-1
2439,DQN,1,-1
2440,DQN,1,-1
2441,DQN,1,-1
2442,DQN,1,-1
2443,draw,0,0
2444,DQN,1,-1
2445,draw,0,0
2446,DQN,1,-1
2447,DQN,1,-1
2448,DQN,1,-1
2449,DQN,1,-1
2450,DQN,1,-1
2451,DQN,1,-1
2452,Random,-1,1
2453,DQN,1,-1
2454,DQN,1,-1
2455,DQN,1,-1
2456,DQN,1,-1
2457,DQN,1,-1
2458,DQN,1,-1
2459,DQN,1,-1
2460,DQN,1,-1
2461,DQN,1,-1
2462,DQN,1,-1
2463,Random,-1,1
2464,DQN,1,-1
2465,DQN,1,-1
2466,DQN,1,-1
2467,DQN,1,-1
2468,DQN,1,-1
2469,Random,-1,1
2470,DQN,1,-1
2471,DQN,1,-1
2472,DQN,1,-1
2473,DQN,1,-1
2474,Random,-1,1
2475,DQN,1,-1
2476,DQN,1,-1
2477,DQN,1,-1
2478,DQN,1,-1
2479,DQN,1,-1
2480,DQN,1,-1
2481,DQN,1,-1
2482,DQN,1,-1
2483,DQN,1,-1
2484,Random,-1,1
2485,DQN,1,-1
2486,DQN,1,-1
2487,DQN,1,-1
2488,DQN,1,-1
2489,DQN,1,-1
2490,DQN,1,-1
2491,DQN,1,-1
2492,DQN,1,-1
2493,DQN,1,-1
2494,DQN,1,-1
2495,Random,-1,1
2496,Random,-1,1
2497,DQN,1,-1
2498,DQN,1,-1
2499,DQN,1,-1
2500,DQN,1,-1
2501,DQN,1,-1
2502,DQN,1,-1
2503,DQN,1,-1
2504,DQN,1,-1
2505,DQN,1,-1
2506,DQN,1,-1
2507,DQN,1,-1
2508,DQN,1,-1
2509,DQN,1,-1
2510,DQN,1,-1
2511,DQN,1,-1
2512,DQN,1,-1
2513,DQN,1,-1
2514,DQN,1,-1
2515,DQN,1,-1
2516,DQN,1,-1
2517,DQN,1,-1
2518,DQN,1,-1
2519,DQN,1,-1
2520,DQN,1,-1
2521,DQN,1,-1
2522,DQN,1,-1
2523,DQN,1,-1
2524,DQN,1,-1
2525,DQN,1,-1
2526,DQN,1,-1
2527,DQN,1,-1
2528,DQN,1,-1
2529,DQN,1,-1
2530,DQN,1,-1
2531,DQN,1,-1
2532,DQN,1,-1
2533,DQN,1,-1
2534,DQN,1,-1
2535,Random,-1,1
2536,DQN,1,-1
2537,DQN,1,-1
2538,Random,-1,1
2539,DQN,1,-1
2540,Random,-1,1
2541,DQN,1,-1
2542,DQN,1,-1
2543,DQN,1,-1
2544,DQN,1,-1
2545,DQN,1,-1
2546,DQN,1,-1
2547,DQN,1,-1
2548,DQN,1,-1
2549,DQN,1,-1
2550,DQN,1,-1
2551,DQN,1,-1
2552,draw,0,0
2553,DQN,1,-1
2554,DQN,1,-1
2555,DQN,1,-1
2556,DQN,1,-1
2557,DQN,1,-1
2558,DQN,1,-1
2559,DQN,1,-1
2560,Random,-1,1
2561,DQN,1,-1
2562,DQN,1,-1
2563,DQN,1,-1
2564,DQN,1,-1
2565,Random,-1,1
2566,DQN,1,-1
2567,DQN,1,-1
2568,DQN,1,-1
2569,DQN,1,-1
2570,DQN,1,-1
2571,DQN,1,-1
2572,Random,-1,1
2573,DQN,1,-1
2574,DQN,1,-1
2575,DQN,1,-1
2576,DQN,1,-1
2577,DQN,1,-1
2578,DQN,1,-1
2579,DQN,1,-1
2580,DQN,1,-1
2581,DQN,1,-1
2582,DQN,1,-1
2583,DQN,1,-1
2584,DQN,1,-1
2585,DQN,1,-1
2586,DQN,1,-1
2587,DQN,1,-1
2588,DQN,1,-1
2589,DQN,1,-1
2590,Random,-1,1
2591,DQN,1,-1
2592,DQN,1,-1
2593,DQN,1,-1
2594,draw,0,0
2595,DQN,1,-1
2596,DQN,1,-1
2597,DQN,1,-1
2598,Random,-1,1
2599,DQN,1,-1
2600,draw,0,0
2601,DQN,1,-1
2602,DQN,1,-1
2603,DQN,1,-1
2604,DQN,1,-1
2605,DQN,1,-1
2606,DQN,1,-1
2607,DQN,1,-1
2608,DQN,1,-1
2609,DQN,1,-1
2610,DQN,1,-1
2611,Random,-1,1
2612,DQN,1,-1
2613,DQN,1,-1
2614,DQN,1,-1
2615,DQN,1,-1
2616,DQN,1,-1
2617,Random,-1,1
2618,DQN,1,-1
2619,draw,0,0
2620,DQN,1,-1
2621,DQN,1,-1
2622,Random,-1,1
2623,DQN,1,-1
2624,DQN,1,-1
2625,DQN,1,-1
2626,DQN,1,-1
2627,DQN,1,-1
2628,DQN,1,-1
2629,DQN,1,-1
2630,DQN,1,-1
2631,Random,-1,1
2632,DQN,1,-1
2633,DQN,1,-1
2634,DQN,1,-1
2635,DQN,1,-1
2636,DQN,1,-1
2637,DQN,1,-1
2638,DQN,1,-1
2639,DQN,1,-1
2640,DQN,1,-1
2641,DQN,1,-1
2642,DQN,1,-1
2643,DQN,1,-1
2644,DQN,1,-1
2645,DQN,1,-1
2646,DQN,1,-1
2647,DQN,1,-1
2648,DQN,1,-1
2649,DQN,1,-1
2650,DQN,1,-1
2651,DQN,1,-1
2652,DQN,1,-1
2653,DQN,1,-1
2654,DQN,1,-1
2655,DQN,1,-1
2656,DQN,1,-1
2657,DQN,1,-1
2658,DQN,1,-1
2659,Random,-1,1
2660,DQN,1,-1
2661,DQN,1,-1
2662,DQN,1,-1
2663,DQN,1,-1
2664,Random,-1,1
2665,DQN,1,-1
2666,DQN,1,-1
2667,DQN,1,-1
2668,DQN,1,-1
2669,DQN,1,-1
2670,DQN,1,-1
2671,DQN,1,-1
2672,DQN,1,-1
2673,draw,0,0
2674,DQN,1,-1
2675,Random,-1,1
2676,Random,-1,1
2677,Random,-1,1
2678,DQN,1,-1
2679,DQN,1,-1
2680,DQN,1,-1
2681,DQN,1,-1
2682,DQN,1,-1
2683,draw,0,0
2684,DQN,1,-1
2685,DQN,1,-1
2686,DQN,1,-1
2687,DQN,1,-1
2688,DQN,1,-1
2689,DQN,1,-1
2690,DQN,1,-1
2691,Random,-1,1
2692,DQN,1,-1
2693,DQN,1,-1
2694,DQN,1,-1
2695,DQN,1,-1
2696,Random,-1,1
2697,DQN,1,-1
2698,DQN,1,-1
2699,Random,-1,1
2700,DQN,1,-1
2701,DQN,1,-1
2702,DQN,1,-1
2703,DQN,1,-1
2704,DQN,1,-1
2705,DQN,1,-1
2706,DQN,1,-1
2707,DQN,1,-1
2708,DQN,1,-1
2709,DQN,1,-1
2710,DQN,1,-1
2711,DQN,1,-1
2712,DQN,1,-1
2713,DQN,1,-1
2714,DQN,1,-1
2715,DQN,1,-1
2716,Random,-1,1
2717,Random,-1,1
2718,DQN,1,-1
2719,DQN,1,-1
2720,DQN,1,-1
2721,DQN,1,-1
2722,DQN,1,-1
2723,DQN,1,-1
2724,Random,-1,1
2725,DQN,1,-1
2726,DQN,1,-1
2727,DQN,1,-1
2728,DQN,1,-1
2729,DQN,1,-1
2730,DQN,1,-1
2731,DQN,1,-1
2732,DQN,1,-1
2733,DQN,1,-1
2734,DQN,1,-1
2735,Random,-1,1
2736,DQN,1,-1
2737,DQN,1,-1
2738,DQN,1,-1
2739,DQN,1,-1
2740,DQN,1,-1
2741,DQN,1,-1
2742,DQN,1,-1
2743,Random,-1,1
2744,DQN,1,-1
2745,draw,0,0
2746,DQN,1,-1
2747,DQN,1,-1
2748,DQN,1,-1
2749,DQN,1,-1
2750,DQN,1,-1
2751,DQN,1,-1
2752,DQN,1,-1
2753,DQN,1,-1
2754,DQN,1,-1
2755,DQN,1,-1
2756,DQN,1,-1
2757,DQN,1,-1
2758,DQN,1,-1
2759,DQN,1,-1
2760,DQN,1,-1
2761,DQN,1,-1
2762,DQN,1,-1
2763,DQN,1,-1
2764,DQN,1,-1
2765,DQN,1,-1
2766,DQN,1,-1
2767,DQN,1,-1
2768,Random,-1,1
2769,DQN,1,-1
2770,DQN,1,-1
2771,DQN,1,-1
2772,Random,-1,1
2773,Random,-1,1
2774,DQN,1,-1
2775,DQN,1,-1
2776,DQN,1,-1
2777,Random,-1,1
2778,DQN,1,-1
2779,DQN,1,-1
2780,DQN,1,-1
2781,DQN,1,-1
2782,DQN,1,-1
2783,DQN,1,-1
2784,DQN,1,-1
2785,Random,-1,1
2786,DQN,1,-1
2787,Random,-1,1
2788,Random,-1,1
2789,DQN,1,-1
2790,DQN,1,-1
2791,DQN,1,-1
2792,Random,-1,1
2793,DQN,1,-1
2794,DQN,1,-1
2795,DQN,1,-1
2796,DQN,1,-1
2797,DQN,1,-1
2798,DQN,1,-1
2799,DQN,1,-1
2800,draw,0,0
2801,draw,0,0
2802,DQN,1,-1
2803,DQN,1,-1
2804,DQN,1,-1
2805,Random,-1,1
2806,Random,-1,1
2807,Random,-1,1
2808,DQN,1,-1
2809,DQN,1,-1
2810,DQN,1,-1
2811,Random,-1,1
2812,DQN,1,-1
2813,Random,-1,1
2814,DQN,1,-1
2815,DQN,1,-1
2816,DQN,1,-1
2817,Random,-1,1
2818,DQN,1,-1
2819,DQN,1,-1
2820,draw,0,0
2821,DQN,1,-1
2822,DQN,1,-1
2823,DQN,1,-1
2824,draw,0,0
2825,DQN,1,-1
2826,DQN,1,-1
2827,DQN,1,-1
2828,DQN,1,-1
2829,DQN,1,-1
2830,DQN,1,-1
2831,draw,0,0
2832,DQN,1,-1
2833,DQN,1,-1
2834,Random,-1,1
2835,DQN,1,-1
2836,DQN,1,-1
2837,draw,0,0
2838,DQN,1,-1
2839,draw,0,0
2840,DQN,1,-1
2841,DQN,1,-1
2842,DQN,1,-1
2843,DQN,1,-1
2844,DQN,1,-1
2845,DQN,1,-1
2846,Random,-1,1
2847,Random,-1,1
2848,Random,-1,1
2849,DQN,1,-1
2850,DQN,1,-1
2851,DQN,1,-1
2852,DQN,1,-1
2853,Random,-1,1
2854,DQN,1,-1
2855,DQN,1,-1
2856,draw,0,0
2857,DQN,1,-1
2858,Random,-1,1
2859,DQN,1,-1
2860,Random,-1,1
2861,DQN,1,-1
2862,DQN,1,-1
2863,Random,-1,1
2864,DQN,1,-1
2865,DQN,1,-1
2866,DQN,1,-1
2867,DQN,1,-1
2868,DQN,1,-1
2869,DQN,1,-1
2870,DQN,1,-1
2871,DQN,1,-1
2872,DQN,1,-1
2873,Random,-1,1
2874,DQN,1,-1
2875,DQN,1,-1
2876,DQN,1,-1
2877,DQN,1,-1
2878,DQN,1,-1
2879,DQN,1,-1
2880,DQN,1,-1
2881,DQN,1,-1
2882,draw,0,0
2883,DQN,1,-1
2884,DQN,1,-1
2885,DQN,1,-1
2886,DQN,1,-1
2887,DQN,1,-1
2888,DQN,1,-1
2889,DQN,1,-1
2890,DQN,1,-1
2891,DQN,1,-1
2892,DQN,1,-1
2893,DQN,1,-1
2894,DQN,1,-1
2895,DQN,1,-1
2896,Random,-1,1
2897,DQN,1,-1
2898,Random,-1,1
2899,DQN,1,-1
2900,Random,-1,1
2901,DQN,1,-1
2902,DQN,1,-1
2903,DQN,1,-1
2904,DQN,1,-1
2905,DQN,1,-1
2906,Random,-1,1
2907,DQN,1,-1
2908,DQN,1,-1
2909,DQN,1,-1
2910,Random,-1,1
2911,DQN,1,-1
2912,DQN,1,-1
2913,DQN,1,-1
2914,DQN,1,-1
2915,DQN,1,-1
2916,DQN,1,-1
2917,DQN,1,-1
2918,Random,-1,1
2919,DQN,1,-1
2920,DQN,1,-1
2921,DQN,1,-1
2922,DQN,1,-1
2923,DQN,1,-1
2924,DQN,1,-1
2925,DQN,1,-1
2926,DQN,1,-1
2927,DQN,1,-1
2928,DQN,1,-1
2929,DQN,1,-1
2930,draw,0,0
2931,DQN,1,-1
2932,DQN,1,-1
2933,DQN,1,-1
2934,DQN,1,-1
2935,DQN,1,-1
2936,DQN,1,-1
2937,DQN,1,-1
2938,DQN,1,-1
2939,DQN,1,-1
2940,Random,-1,1
2941,DQN,1,-1
2942,DQN,1,-1
2943,DQN,1,-1
2944,DQN,1,-1
2945,DQN,1,-1
2946,DQN,1,-1
2947,DQN,1,-1
2948,DQN,1,-1
2949,DQN,1,-1
2950,DQN,1,-1
2951,DQN,1,-1
2952,DQN,1,-1
2953,DQN,1,-1
2954,DQN,1,-1
2955,DQN,1,-1
2956,DQN,1,-1
2957,DQN,1,-1
2958,DQN,1,-1
2959,DQN,1,-1
2960,DQN,1,-1
2961,DQN,1,-1
2962,DQN,1,-1
2963,DQN,1,-1
2964,DQN,1,-1
2965,DQN,1,-1
2966,DQN,1,-1
2967,DQN,1,-1
2968,DQN,1,-1
2969,DQN,1,-1
2970,DQN,1,-1
2971,DQN,1,-1
2972,DQN,1,-1
2973,draw,0,0
2974,DQN,1,-1
2975,DQN,1,-1
2976,Random,-1,1
2977,Random,-1,1
2978,DQN,1,-1
2979,Random,-1,1
2980,DQN,1,-1
2981,DQN,1,-1
2982,DQN,1,-1
2983,DQN,1,-1
2984,DQN,1,-1
2985,DQN,1,-1
2986,DQN,1,-1
2987,DQN,1,-1
2988,DQN,1,-1
2989,DQN,1,-1
2990,DQN,1,-1
2991,DQN,1,-1
2992,DQN,1,-1
2993,DQN,1,-1
2994,DQN,1,-1
2995,DQN,1,-1
2996,DQN,1,-1
2997,DQN,1,-1
2998,DQN,1,-1
2999,DQN,1,-1
3000,DQN,1,-1
3001,DQN,1,-1
3002,DQN,1,-1
3003,DQN,1,-1
3004,DQN,1,-1
3005,DQN,1,-1
3006,DQN,1,-1
3007,DQN,1,-1
3008,DQN,1,-1
3009,DQN,1,-1
3010,Random,-1,1
3011,DQN,1,-1
3012,DQN,1,-1
3013,Random,-1,1
3014,DQN,1,-1
3015,Random,-1,1
3016,DQN,1,-1
3017,Random,-1,1
3018,DQN,1,-1
3019,DQN,1,-1
3020,DQN,1,-1
3021,DQN,1,-1
3022,Random,-1,1
3023,DQN,1,-1
3024,DQN,1,-1
3025,DQN,1,-1
3026,Random,-1,1
3027,DQN,1,-1
3028,DQN,1,-1
3029,DQN,1,-1
3030,DQN,1,-1
3031,DQN,1,-1
3032,Random,-1,1
3033,DQN,1,-1
3034,Random,-1,1
3035,DQN,1,-1
3036,DQN,1,-1
3037,Random,-1,1
3038,DQN,1,-1
3039,DQN,1,-1
3040,DQN,1,-1
3041,DQN,1,-1
3042,DQN,1,-1
3043,DQN,1,-1
3044,DQN,1,-1
3045,DQN,1,-1
3046,DQN,1,-1
3047,DQN,1,-1
3048,DQN,1,-1
3049,DQN,1,-1
3050,DQN,1,-1
3051,DQN,1,-1
3052,DQN,1,-1
3053,DQN,1,-1
3054,DQN,1,-1
3055,DQN,1,-1
3056,DQN,1,-1
3057,DQN,1,-1
3058,DQN,1,-1
3059,DQN,1,-1
3060,DQN,1,-1
3061,DQN,1,-1
3062,DQN,1,-1
3063,DQN,1,-1
3064,DQN,1,-1
3065,DQN,1,-1
3066,DQN,1,-1
3067,DQN,1,-1
3068,Random,-1,1
3069,DQN,1,-1
3070,DQN,1,-1
3071,Random,-1,1
3072,DQN,1,-1
3073,DQN,1,-1
3074,DQN,1,-1
3075,DQN,1,-1
3076,Random,-1,1
3077,DQN,1,-1
3078,DQN,1,-1
3079,Random,-1,1
3080,DQN,1,-1
3081,DQN,1,-1
3082,DQN,1,-1
3083,DQN,1,-1
3084,DQN,1,-1
3085,DQN,1,-1
3086,DQN,1,-1
3087,draw,0,0
3088,DQN,1,-1
3089,DQN,1,-1
3090,DQN,1,-1
3091,Random,-1,1
3092,DQN,1,-1
3093,DQN,1,-1
3094,DQN,1,-1
3095,DQN,1,-1
3096,DQN,1,-1
3097,DQN,1,-1
3098,DQN,1,-1
3099,Random,-1,1
3100,DQN,1,-1
3101,DQN,1,-1
3102,DQN,1,-1
3103,DQN,1,-1
3104,DQN,1,-1
3105,DQN,1,-1
3106,DQN,1,-1
3107,DQN,1,-1
3108,DQN,1,-1
3109,DQN,1,-1
3110,Random,-1,1
3111,DQN,1,-1
3112,DQN,1,-1
3113,DQN,1,-1
3114,DQN,1,-1
3115,DQN,1,-1
3116,DQN,1,-1
3117,DQN,1,-1
3118,DQN,1,-1
3119,Random,-1,1
3120,Random,-1,1
3121,DQN,1,-1
3122,DQN,1,-1
3123,DQN,1,-1
3124,DQN,1,-1
3125,DQN,1,-1
3126,DQN,1,-1
3127,DQN,1,-1
3128,DQN,1,-1
3129,DQN,1,-1
3130,DQN,1,-1
3131,DQN,1,-1
3132,DQN,1,-1
3133,DQN,1,-1
3134,DQN,1,-1
3135,DQN,1,-1
3136,DQN,1,-1
3137,draw,0,0
3138,DQN,1,-1
3139,DQN,1,-1
3140,DQN,1,-1
3141,Random,-1,1
3142,Random,-1,1
3143,DQN,1,-1
3144,DQN,1,-1
3145,DQN,1,-1
3146,DQN,1,-1
3147,DQN,1,-1
3148,DQN,1,-1
3149,DQN,1,-1
3150,Random,-1,1
3151,Random,-1,1
3152,Random,-1,1
3153,DQN,1,-1
3154,DQN,1,-1
3155,Random,-1,1
3156,DQN,1,-1
3157,Random,-1,1
3158,DQN,1,-1
3159,draw,0,0
3160,DQN,1,-1
3161,DQN,1,-1
3162,Random,-1,1
3163,DQN,1,-1
3164,DQN,1,-1
3165,Random,-1,1
3166,draw,0,0
3167,Random,-1,1
3168,DQN,1,-1
3169,DQN,1,-1
3170,draw,0,0
3171,DQN,1,-1
3172,Random,-1,1
3173,DQN,1,-1
3174,draw,0,0
3175,DQN,1,-1
3176,Random,-1,1
3177,DQN,1,-1
3178,DQN,1,-1
3179,DQN,1,-1
3180,DQN,1,-1
3181,DQN,1,-1
3182,DQN,1,-1
3183,DQN,1,-1
3184,DQN,1,-1
3185,DQN,1,-1
3186,DQN,1,-1
3187,DQN,1,-1
3188,DQN,1,-1
3189,DQN,1,-1
3190,Random,-1,1
3191,DQN,1,-1
3192,DQN,1,-1
3193,Random,-1,1
3194,DQN,1,-1
3195,DQN,1,-1
3196,draw,0,0
3197,DQN,1,-1
3198,DQN,1,-1
3199,DQN,1,-1
3200,DQN,1,-1
3201,DQN,1,-1
3202,DQN,1,-1
3203,DQN,1,-1
3204,DQN,1,-1
3205,DQN,1,-1
3206,DQN,1,-1
3207,DQN,1,-1
3208,DQN,1,-1
3209,DQN,1,-1
3210,draw,0,0
3211,DQN,1,-1
3212,Random,-1,1
3213,DQN,1,-1
3214,draw,0,0
3215,Random,-1,1
3216,Random,-1,1
3217,DQN,1,-1
3218,draw,0,0
3219,Random,-1,1
3220,DQN,1,-1
3221,draw,0,0
3222,DQN,1,-1
3223,DQN,1,-1
3224,draw,0,0
3225,Random,-1,1
3226,DQN,1,-1
3227,DQN,1,-1
3228,DQN,1,-1
3229,DQN,1,-1
3230,Random,-1,1
3231,DQN,1,-1
3232,DQN,1,-1
3233,DQN,1,-1
3234,DQN,1,-1
3235,DQN,1,-1
3236,draw,0,0
3237,DQN,1,-1
3238,draw,0,0
3239,Random,-1,1
3240,DQN,1,-1
3241,draw,0,0
3242,Random,-1,1
3243,DQN,1,-1
3244,draw,0,0
3245,DQN,1,-1
3246,Random,-1,1
3247,DQN,1,-1
3248,DQN,1,-1
3249,draw,0,0
3250,DQN,1,-1
3251,Random,-1,1
3252,draw,0,0
3253,Random,-1,1
3254,Random,-1,1
3255,Random,-1,1
3256,draw,0,0
3257,DQN,1,-1
3258,Random,-1,1
3259,Random,-1,1
3260,draw,0,0
3261,Random,-1,1
3262,DQN,1,-1
3263,draw,0,0
3264,draw,0,0
3265,Random,-1,1
3266,draw,0,0
3267,DQN,1,-1
3268,draw,0,0
3269,Random,-1,1
3270,draw,0,0
3271,Random,-1,1
3272,Random,-1,1
3273,Random,-1,1
3274,draw,0,0
3275,Random,-1,1
3276,draw,0,0
3277,DQN,1,-1
3278,Random,-1,1
3279,draw,0,0
3280,draw,0,0
3281,Random,-1,1
3282,DQN,1,-1
3283,draw,0,0
3284,Random,-1,1
3285,Random,-1,1
3286,Random,-1,1
3287,draw,0,0
3288,draw,0,0
3289,draw,0,0
3290,Random,-1,1
3291,Random,-1,1
3292,DQN,1,-1
3293,draw,0,0
3294,Random,-1,1
3295,DQN,1,-1
3296,DQN,1,-1
3297,draw,0,0
3298,draw,0,0
3299,DQN,1,-1
3300,draw,0,0
3301,draw,0,0
3302,DQN,1,-1
3303,Random,-1,1
3304,draw,0,0
3305,DQN,1,-1
3306,DQN,1,-1
3307,draw,0,0
3308,DQN,1,-1
3309,Random,-1,1
3310,Random,-1,1
3311,Random,-1,1
3312,draw,0,0
3313,Random,-1,1
3314,DQN,1,-1
3315,Random,-1,1
3316,Random,-1,1
3317,draw,0,0
3318,Random,-1,1
3319,Random,-1,1
3320,Random,-1,1
3321,DQN,1,-1
3322,DQN,1,-1
3323,Random,-1,1
3324,DQN,1,-1
3325,DQN,1,-1
3326,DQN,1,-1
3327,DQN,1,-1
3328,DQN,1,-1
3329,draw,0,0
3330,DQN,1,-1
3331,Random,-1,1
3332,Random,-1,1
3333,DQN,1,-1
3334,DQN,1,-1
3335,DQN,1,-1
3336,draw,0,0
3337,draw,0,0
3338,DQN,1,-1
3339,DQN,1,-1
3340,DQN,1,-1
3341,Random,-1,1
3342,Random,-1,1
3343,DQN,1,-1
3344,draw,0,0
3345,draw,0,0
3346,DQN,1,-1
3347,DQN,1,-1
3348,DQN,1,-1
3349,DQN,1,-1
3350,DQN,1,-1
3351,DQN,1,-1
3352,DQN,1,-1
3353,DQN,1,-1
3354,DQN,1,-1
3355,Random,-1,1
3356,DQN,1,-1
3357,DQN,1,-1
3358,DQN,1,-1
3359,DQN,1,-1
3360,DQN,1,-1
3361,DQN,1,-1
3362,DQN,1,-1
3363,DQN,1,-1
3364,DQN,1,-1
3365,DQN,1,-1
3366,DQN,1,-1
3367,DQN,1,-1
3368,DQN,1,-1
3369,DQN,1,-1
3370,Random,-1,1
3371,DQN,1,-1
3372,Random,-1,1
3373,DQN,1,-1
3374,DQN,1,-1
3375,DQN,1,-1
3376,Random,-1,1
3377,DQN,1,-1
3378,DQN,1,-1
3379,Random,-1,1
3380,DQN,1,-1
3381,DQN,1,-1
3382,DQN,1,-1
3383,Random,-1,1
3384,DQN,1,-1
3385,DQN,1,-1
3386,DQN,1,-1
3387,DQN,1,-1
3388,DQN,1,-1
3389,DQN,1,-1
3390,DQN,1,-1
3391,DQN,1,-1
3392,DQN,1,-1
3393,DQN,1,-1
3394,DQN,1,-1
3395,DQN,1,-1
3396,DQN,1,-1
3397,Random,-1,1
3398,DQN,1,-1
3399,Random,-1,1
3400,DQN,1,-1
3401,DQN,1,-1
3402,DQN,1,-1
3403,DQN,1,-1
3404,DQN,1,-1
3405,DQN,1,-1
3406,DQN,1,-1
3407,DQN,1,-1
3408,DQN,1,-1
3409,DQN,1,-1
3410,DQN,1,-1
3411,Random,-1,1
3412,DQN,1,-1
3413,Random,-1,1
3414,DQN,1,-1
3415,DQN,1,-1
3416,DQN,1,-1
3417,DQN,1,-1
3418,DQN,1,-1
3419,Random,-1,1
3420,DQN,1,-1
3421,Random,-1,1
3422,Random,-1,1
3423,DQN,1,-1
3424,Random,-1,1
3425,DQN,1,-1
3426,Random,-1,1
3427,Random,-1,1
3428,DQN,1,-1
3429,DQN,1,-1
3430,Random,-1,1
3431,DQN,1,-1
3432,draw,0,0
3433,DQN,1,-1
3434,DQN,1,-1
3435,DQN,1,-1
3436,DQN,1,-1
3437,DQN,1,-1
3438,DQN,1,-1
3439,DQN,1,-1
3440,DQN,1,-1
3441,Random,-1,1
3442,DQN,1,-1
3443,DQN,1,-1
3444,DQN,1,-1
3445,DQN,1,-1
3446,DQN,1,-1
3447,DQN,1,-1
3448,DQN,1,-1
3449,DQN,1,-1
3450,DQN,1,-1
3451,DQN,1,-1
3452,DQN,1,-1
3453,DQN,1,-1
3454,DQN,1,-1
3455,DQN,1,-1
3456,DQN,1,-1
3457,DQN,1,-1
3458,Random,-1,1
3459,DQN,1,-1
3460,DQN,1,-1
3461,DQN,1,-1
3462,DQN,1,-1
3463,DQN,1,-1
3464,DQN,1,-1
3465,Random,-1,1
3466,DQN,1,-1
3467,DQN,1,-1
3468,DQN,1,-1
3469,DQN,1,-1
3470,DQN,1,-1
3471,DQN,1,-1
3472,DQN,1,-1
3473,DQN,1,-1
3474,DQN,1,-1
3475,DQN,1,-1
3476,DQN,1,-1
3477,Random,-1,1
3478,DQN,1,-1
3479,DQN,1,-1
3480,DQN,1,-1
3481,DQN,1,-1
3482,DQN,1,-1
3483,DQN,1,-1
3484,DQN,1,-1
3485,Random,-1,1
3486,DQN,1,-1
3487,DQN,1,-1
3488,DQN,1,-1
3489,DQN,1,-1
3490,DQN,1,-1
3491,DQN,1,-1
3492,Random,-1,1
3493,DQN,1,-1
3494,DQN,1,-1
3495,DQN,1,-1
3496,Random,-1,1
3497,DQN,1,-1
3498,DQN,1,-1
3499,DQN,1,-1
3500,Random,-1,1
3501,DQN,1,-1
3502,DQN,1,-1
3503,DQN,1,-1
3504,DQN,1,-1
3505,DQN,1,-1
3506,DQN,1,-1
3507,DQN,1,-1
3508,DQN,1,-1
3509,DQN,1,-1
3510,Random,-1,1
3511,DQN,1,-1
3512,Random,-1,1
3513,DQN,1,-1
3514,Random,-1,1
3515,Random,-1,1
3516,DQN,1,-1
3517,DQN,1,-1
3518,DQN,1,-1
3519,DQN,1,-1
3520,DQN,1,-1
3521,DQN,1,-1
3522,DQN,1,-1
3523,DQN,1,-1
3524,DQN,1,-1
3525,Random,-1,1
3526,Random,-1,1
3527,DQN,1,-1
3528,Random,-1,1
3529,Random,-1,1
3530,DQN,1,-1
3531,DQN,1,-1
3532,DQN,1,-1
3533,DQN,1,-1
3534,DQN,1,-1
3535,DQN,1,-1
3536,DQN,1,-1
3537,Random,-1,1
3538,DQN,1,-1
3539,DQN,1,-1
3540,DQN,1,-1
3541,DQN,1,-1
3542,Random,-1,1
3543,DQN,1,-1
3544,DQN,1,-1
3545,DQN,1,-1
3546,DQN,1,-1
3547,DQN,1,-1
3548,DQN,1,-1
3549,DQN,1,-1
3550,DQN,1,-1
3551,Random,-1,1
3552,Random,-1,1
3553,Random,-1,1
3554,DQN,1,-1
3555,Random,-1,1
3556,DQN,1,-1
3557,DQN,1,-1
3558,DQN,1,-1
3559,DQN,1,-1
3560,Random,-1,1
3561,DQN,1,-1
3562,DQN,1,-1
3563,DQN,1,-1
3564,DQN,1,-1
3565,DQN,1,-1
3566,DQN,1,-1
3567,DQN,1,-1
3568,Random,-1,1
3569,DQN,1,-1
3570,Random,-1,1
3571,DQN,1,-1
3572,DQN,1,-1
3573,Random,-1,1
3574,DQN,1,-1
3575,DQN,1,-1
3576,DQN,1,-1
3577,DQN,1,-1
3578,DQN,1,-1
3579,DQN,1,-1
3580,DQN,1,-1
3581,Random,-1,1
3582,DQN,1,-1
3583,DQN,1,-1
3584,Random,-1,1
3585,Random,-1,1
3586,DQN,1,-1
3587,DQN,1,-1
3588,DQN,1,-1
3589,DQN,1,-1
3590,DQN,1,-1
3591,DQN,1,-1
3592,DQN,1,-1
3593,DQN,1,-1
3594,Random,-1,1
3595,DQN,1,-1
3596,DQN,1,-1
3597,Random,-1,1
3598,DQN,1,-1
3599,DQN,1,-1
3600,DQN,1,-1
3601,Random,-1,1
3602,DQN,1,-1
3603,DQN,1,-1
3604,Random,-1,1
3605,DQN,1,-1
3606,DQN,1,-1
3607,DQN,1,-1
3608,Random,-1,1
3609,DQN,1,-1
3610,Random,-1,1
3611,DQN,1,-1
3612,DQN,1,-1
3613,Random,-1,1
3614,DQN,1,-1
3615,Random,-1,1
3616,draw,0,0
3617,DQN,1,-1
3618,DQN,1,-1
3619,Random,-1,1
3620,DQN,1,-1
3621,DQN,1,-1
3622,DQN,1,-1
3623,DQN,1,-1
3624,DQN,1,-1
3625,DQN,1,-1
3626,DQN,1,-1
3627,Random,-1,1
3628,Random,-1,1
3629,DQN,1,-1
3630,DQN,1,-1
3631,DQN,1,-1
3632,draw,0,0
3633,DQN,1,-1
3634,DQN,1,-1
3635,DQN,1,-1
3636,DQN,1,-1
3637,DQN,1,-1
3638,DQN,1,-1
3639,DQN,1,-1
3640,DQN,1,-1
3641,Random,-1,1
3642,Random,-1,1
3643,DQN,1,-1
3644,DQN,1,-1
3645,Random,-1,1
3646,draw,0,0
3647,Random,-1,1
3648,Random,-1,1
3649,Random,-1,1
3650,DQN,1,-1
3651,DQN,1,-1
3652,DQN,1,-1
3653,DQN,1,-1
3654,DQN,1,-1
3655,DQN,1,-1
3656,Random,-1,1
3657,DQN,1,-1
3658,DQN,1,-1
3659,DQN,1,-1
3660,Random,-1,1
3661,DQN,1,-1
3662,DQN,1,-1
3663,Random,-1,1
3664,DQN,1,-1
3665,DQN,1,-1
3666,DQN,1,-1
3667,DQN,1,-1
3668,DQN,1,-1
3669,DQN,1,-1
3670,DQN,1,-1
3671,Random,-1,1
3672,Random,-1,1
3673,DQN,1,-1
3674,DQN,1,-1
3675,DQN,1,-1
3676,DQN,1,-1
3677,DQN,1,-1
3678,DQN,1,-1
3679,DQN,1,-1
3680,DQN,1,-1
3681,DQN,1,-1
3682,DQN,1,-1
3683,DQN,1,-1
3684,Random,-1,1
3685,DQN,1,-1
3686,DQN,1,-1
3687,DQN,1,-1
3688,DQN,1,-1
3689,DQN,1,-1
3690,Random,-1,1
3691,DQN,1,-1
3692,DQN,1,-1
3693,DQN,1,-1
3694,DQN,1,-1
3695,DQN,1,-1
3696,DQN,1,-1
3697,DQN,1,-1
3698,Random,-1,1
3699,DQN,1,-1
3700,DQN,1,-1
3701,DQN,1,-1
3702,Random,-1,1
3703,Random,-1,1
3704,DQN,1,-1
3705,DQN,1,-1
3706,DQN,1,-1
3707,DQN,1,-1
3708,DQN,1,-1
3709,DQN,1,-1
3710,DQN,1,-1
3711,DQN,1,-1
3712,DQN,1,-1
3713,DQN,1,-1
3714,DQN,1,-1
3715,DQN,1,-1
3716,DQN,1,-1
3717,DQN,1,-1
3718,DQN,1,-1
3719,DQN,1,-1
3720,DQN,1,-1
3721,DQN,1,-1
3722,Random,-1,1
3723,DQN,1,-1
3724,DQN,1,-1
3725,DQN,1,-1
3726,Random,-1,1
3727,DQN,1,-1
3728,DQN,1,-1
3729,DQN,1,-1
3730,DQN,1,-1
3731,DQN,1,-1
3732,DQN,1,-1
3733,DQN,1,-1
3734,DQN,1,-1
3735,DQN,1,-1
3736,DQN,1,-1
3737,Random,-1,1
3738,DQN,1,-1
3739,DQN,1,-1
3740,DQN,1,-1
3741,Random,-1,1
3742,DQN,1,-1
3743,DQN,1,-1
3744,DQN,1,-1
3745,draw,0,0
3746,DQN,1,-1
3747,DQN,1,-1
3748,DQN,1,-1
3749,DQN,1,-1
3750,DQN,1,-1
3751,Random,-1,1
3752,Random,-1,1
3753,DQN,1,-1
3754,DQN,1,-1
3755,DQN,1,-1
3756,DQN,1,-1
3757,DQN,1,-1
3758,DQN,1,-1
3759,DQN,1,-1
3760,DQN,1,-1
3761,DQN,1,-1
3762,DQN,1,-1
3763,DQN,1,-1
3764,DQN,1,-1
3765,DQN,1,-1
3766,DQN,1,-1
3767,DQN,1,-1
3768,DQN,1,-1
3769,Random,-1,1
3770,DQN,1,-1
3771,DQN,1,-1
3772,DQN,1,-1
3773,DQN,1,-1
3774,DQN,1,-1
3775,DQN,1,-1
3776,DQN,1,-1
3777,draw,0,0
3778,draw,0,0
3779,DQN,1,-1
3780,DQN,1,-1
3781,DQN,1,-1
3782,DQN,1,-1
3783,DQN,1,-1
3784,DQN,1,-1
3785,DQN,1,-1
3786,DQN,1,-1
3787,DQN,1,-1
3788,DQN,1,-1
3789,DQN,1,-1
3790,Random,-1,1
3791,DQN,1,-1
3792,draw,0,0
3793,DQN,1,-1
3794,DQN,1,-1
3795,DQN,1,-1
3796,DQN,1,-1
3797,DQN,1,-1
3798,DQN,1,-1
3799,Random,-1,1
3800,DQN,1,-1
3801,DQN,1,-1
3802,DQN,1,-1
3803,Random,-1,1
3804,DQN,1,-1
3805,DQN,1,-1
3806,DQN,1,-1
3807,DQN,1,-1
3808,DQN,1,-1
3809,DQN,1,-1
3810,DQN,1,-1
3811,DQN,1,-1
3812,DQN,1,-1
3813,DQN,1,-1
3814,draw,0,0
3815,DQN,1,-1
3816,DQN,1,-1
3817,Random,-1,1
3818,DQN,1,-1
3819,DQN,1,-1
3820,Random,-1,1
3821,DQN,1,-1
3822,Random,-1,1
3823,DQN,1,-1
3824,DQN,1,-1
3825,DQN,1,-1
3826,DQN,1,-1
3827,DQN,1,-1
3828,DQN,1,-1
3829,draw,0,0
3830,DQN,1,-1
3831,DQN,1,-1
3832,DQN,1,-1
3833,DQN,1,-1
3834,DQN,1,-1
3835,DQN,1,-1
3836,DQN,1,-1
3837,draw,0,0
3838,DQN,1,-1
3839,DQN,1,-1
3840,DQN,1,-1
3841,DQN,1,-1
3842,DQN,1,-1
3843,DQN,1,-1
3844,DQN,1,-1
3845,DQN,1,-1
3846,DQN,1,-1
3847,DQN,1,-1
3848,DQN,1,-1
3849,DQN,1,-1
3850,draw,0,0
3851,DQN,1,-1
3852,DQN,1,-1
3853,DQN,1,-1
3854,DQN,1,-1
3855,draw,0,0
3856,DQN,1,-1
3857,DQN,1,-1
3858,DQN,1,-1
3859,DQN,1,-1
3860,Random,-1,1
3861,DQN,1,-1
3862,Random,-1,1
3863,Random,-1,1
3864,DQN,1,-1
3865,DQN,1,-1
3866,DQN,1,-1
3867,DQN,1,-1
3868,DQN,1,-1
3869,DQN,1,-1
3870,DQN,1,-1
3871,DQN,1,-1
3872,Random,-1,1
3873,DQN,1,-1
3874,DQN,1,-1
3875,DQN,1,-1
3876,DQN,1,-1
3877,DQN,1,-1
3878,DQN,1,-1
3879,DQN,1,-1
3880,Random,-1,1
3881,DQN,1,-1
3882,DQN,1,-1
3883,DQN,1,-1
3884,DQN,1,-1
3885,Random,-1,1
3886,DQN,1,-1
3887,DQN,1,-1
3888,DQN,1,-1
3889,DQN,1,-1
3890,DQN,1,-1
3891,DQN,1,-1
3892,Random,-1,1
3893,DQN,1,-1
3894,DQN,1,-1
3895,draw,0,0
3896,DQN,1,-1
3897,DQN,1,-1
3898,DQN,1,-1
3899,DQN,1,-1
3900,DQN,1,-1
3901,DQN,1,-1
3902,DQN,1,-1
3903,DQN,1,-1
3904,DQN,1,-1
3905,DQN,1,-1
3906,DQN,1,-1
3907,DQN,1,-1
3908,DQN,1,-1
3909,DQN,1,-1
3910,DQN,1,-1
3911,DQN,1,-1
3912,Random,-1,1
3913,DQN,1,-1
3914,draw,0,0
3915,DQN,1,-1
3916,draw,0,0
3917,Random,-1,1
3918,DQN,1,-1
3919,Random,-1,1
3920,DQN,1,-1
3921,Random,-1,1
3922,DQN,1,-1
3923,Random,-1,1
3924,DQN,1,-1
3925,DQN,1,-1
3926,DQN,1,-1
3927,DQN,1,-1
3928,DQN,1,-1
3929,DQN,1,-1
3930,DQN,1,-1
3931,DQN,1,-1
3932,Random,-1,1
3933,DQN,1,-1
3934,DQN,1,-1
3935,DQN,1,-1
3936,DQN,1,-1
3937,DQN,1,-1
3938,DQN,1,-1
3939,DQN,1,-1
3940,Random,-1,1
3941,DQN,1,-1
3942,DQN,1,-1
3943,DQN,1,-1
3944,DQN,1,-1
3945,DQN,1,-1
3946,DQN,1,-1
3947,DQN,1,-1
3948,DQN,1,-1
3949,DQN,1,-1
3950,DQN,1,-1
3951,draw,0,0
3952,DQN,1,-1
3953,DQN,1,-1
3954,DQN,1,-1
3955,DQN,1,-1
3956,DQN,1,-1
3957,DQN,1,-1
3958,DQN,1,-1
3959,DQN,1,-1
3960,DQN,1,-1
3961,DQN,1,-1
3962,DQN,1,-1
3963,DQN,1,-1
3964,DQN,1,-1
3965,DQN,1,-1
3966,DQN,1,-1
3967,DQN,1,-1
3968,DQN,1,-1
3969,DQN,1,-1
3970,DQN,1,-1
3971,DQN,1,-1
3972,draw,0,0
3973,DQN,1,-1
3974,DQN,1,-1
3975,DQN,1,-1
3976,draw,0,0
3977,DQN,1,-1
3978,DQN,1,-1
3979,Random,-1,1
3980,DQN,1,-1
3981,DQN,1,-1
3982,Random,-1,1
3983,DQN,1,-1
3984,DQN,1,-1
3985,Random,-1,1
3986,DQN,1,-1
3987,DQN,1,-1
3988,DQN,1,-1
3989,DQN,1,-1
3990,DQN,1,-1
3991,DQN,1,-1
3992,DQN,1,-1
3993,Random,-1,1
3994,DQN,1,-1
3995,DQN,1,-1
3996,DQN,1,-1
3997,DQN,1,-1
3998,DQN,1,-1
3999,Random,-1,1
4000,DQN,1,-1
4001,Random,-1,1
4002,Random,-1,1
4003,DQN,1,-1
4004,draw,0,0
4005,DQN,1,-1
4006,draw,0,0
4007,DQN,1,-1
4008,Random,-1,1
4009,DQN,1,-1
4010,DQN,1,-1
4011,DQN,1,-1
4012,DQN,1,-1
4013,DQN,1,-1
4014,DQN,1,-1
4015,DQN,1,-1
4016,DQN,1,-1
4017,DQN,1,-1
4018,DQN,1,-1
4019,Random,-1,1
4020,DQN,1,-1
4021,DQN,1,-1
4022,Random,-1,1
4023,DQN,1,-1
4024,Random,-1,1
4025,DQN,1,-1
4026,DQN,1,-1
4027,DQN,1,-1
4028,DQN,1,-1
4029,DQN,1,-1
4030,DQN,1,-1
4031,DQN,1,-1
4032,Random,-1,1
4033,DQN,1,-1
4034,Random,-1,1
4035,DQN,1,-1
4036,DQN,1,-1
4037,DQN,1,-1
4038,DQN,1,-1
4039,DQN,1,-1
4040,DQN,1,-1
4041,DQN,1,-1
4042,DQN,1,-1
4043,DQN,1,-1
4044,DQN,1,-1
4045,Random,-1,1
4046,DQN,1,-1
4047,Random,-1,1
4048,DQN,1,-1
4049,DQN,1,-1
4050,Random,-1,1
4051,DQN,1,-1
4052,DQN,1,-1
4053,DQN,1,-1
4054,Random,-1,1
4055,DQN,1,-1
4056,DQN,1,-1
4057,DQN,1,-1
4058,DQN,1,-1
4059,DQN,1,-1
4060,DQN,1,-1
4061,DQN,1,-1
4062,DQN,1,-1
4063,DQN,1,-1
4064,DQN,1,-1
4065,DQN,1,-1
4066,DQN,1,-1
4067,DQN,1,-1
4068,DQN,1,-1
4069,DQN,1,-1
4070,DQN,1,-1
4071,DQN,1,-1
4072,DQN,1,-1
4073,DQN,1,-1
4074,DQN,1,-1
4075,DQN,1,-1
4076,DQN,1,-1
4077,DQN,1,-1
4078,DQN,1,-1
4079,DQN,1,-1
4080,DQN,1,-1
4081,draw,0,0
4082,DQN,1,-1
4083,DQN,1,-1
4084,Random,-1,1
4085,DQN,1,-1
4086,DQN,1,-1
4087,DQN,1,-1
4088,DQN,1,-1
4089,DQN,1,-1
4090,Random,-1,1
4091,DQN,1,-1
4092,DQN,1,-1
4093,DQN,1,-1
4094,DQN,1,-1
4095,Random,-1,1
4096,Random,-1,1
4097,Random,-1,1
4098,DQN,1,-1
4099,Random,-1,1
4100,Random,-1,1
4101,DQN,1,-1
4102,DQN,1,-1
4103,DQN,1,-1
4104,DQN,1,-1
4105,draw,0,0
4106,DQN,1,-1
4107,DQN,1,-1
4108,DQN,1,-1
4109,DQN,1,-1
4110,DQN,1,-1
4111,DQN,1,-1
4112,Random,-1,1
4113,DQN,1,-1
4114,DQN,1,-1
4115,DQN,1,-1
4116,DQN,1,-1
4117,DQN,1,-1
4118,DQN,1,-1
4119,DQN,1,-1
4120,DQN,1,-1
4121,DQN,1,-1
4122,DQN,1,-1
4123,Random,-1,1
4124,Random,-1,1
4125,DQN,1,-1
4126,DQN,1,-1
4127,DQN,1,-1
4128,DQN,1,-1
4129,Random,-1,1
4130,DQN,1,-1
4131,DQN,1,-1
4132,DQN,1,-1
4133,DQN,1,-1
4134,DQN,1,-1
4135,DQN,1,-1
4136,DQN,1,-1
4137,DQN,1,-1
4138,DQN,1,-1
4139,DQN,1,-1
4140,DQN,1,-1
4141,DQN,1,-1
4142,DQN,1,-1
4143,DQN,1,-1
4144,DQN,1,-1
4145,DQN,1,-1
4146,DQN,1,-1
4147,draw,0,0
4148,DQN,1,-1
4149,draw,0,0
4150,draw,0,0
4151,DQN,1,-1
4152,Random,-1,1
4153,DQN,1,-1
4154,DQN,1,-1
4155,DQN,1,-1
4156,DQN,1,-1
4157,DQN,1,-1
4158,DQN,1,-1
4159,Random,-1,1
4160,DQN,1,-1
4161,DQN,1,-1
4162,DQN,1,-1
4163,draw,0,0
4164,DQN,1,-1
4165,DQN,1,-1
4166,DQN,1,-1
4167,DQN,1,-1
4168,DQN,1,-1
4169,Random,-1,1
4170,draw,0,0
4171,DQN,1,-1
4172,DQN,1,-1
4173,DQN,1,-1
4174,DQN,1,-1
4175,DQN,1,-1
4176,Random,-1,1
4177,draw,0,0
4178,draw,0,0
4179,DQN,1,-1
4180,DQN,1,-1
4181,DQN,1,-1
4182,DQN,1,-1
4183,Random,-1,1
4184,DQN,1,-1
4185,Random,-1,1
4186,Random,-1,1
4187,draw,0,0
4188,DQN,1,-1
4189,DQN,1,-1
4190,Random,-1,1
4191,DQN,1,-1
4192,draw,0,0
4193,draw,0,0
4194,DQN,1,-1
4195,DQN,1,-1
4196,Random,-1,1
4197,draw,0,0
4198,DQN,1,-1
4199,draw,0,0
4200,DQN,1,-1
4201,DQN,1,-1
4202,Random,-1,1
4203,DQN,1,-1
4204,DQN,1,-1
4205,DQN,1,-1
4206,Random,-1,1
4207,DQN,1,-1
4208,Random,-1,1
4209,Random,-1,1
4210,DQN,1,-1
4211,DQN,1,-1
4212,DQN,1,-1
4213,DQN,1,-1
4214,DQN,1,-1
4215,DQN,1,-1
4216,DQN,1,-1
4217,DQN,1,-1
4218,DQN,1,-1
4219,draw,0,0
4220,DQN,1,-1
4221,DQN,1,-1
4222,DQN,1,-1
4223,draw,0,0
4224,Random,-1,1
4225,draw,0,0
4226,draw,0,0
4227,DQN,1,-1
4228,DQN,1,-1
4229,DQN,1,-1
4230,Random,-1,1
4231,DQN,1,-1
4232,DQN,1,-1
4233,Random,-1,1
4234,draw,0,0
4235,draw,0,0
4236,DQN,1,-1
4237,draw,0,0
4238,draw,0,0
4239,DQN,1,-1
4240,DQN,1,-1
4241,Random,-1,1
4242,draw,0,0
4243,DQN,1,-1
4244,DQN,1,-1
4245,DQN,1,-1
4246,Random,-1,1
4247,DQN,1,-1
4248,draw,0,0
4249,draw,0,0
4250,DQN,1,-1
4251,DQN,1,-1
4252,DQN,1,-1
4253,draw,0,0
4254,Random,-1,1
4255,DQN,1,-1
4256,DQN,1,-1
4257,DQN,1,-1
4258,Random,-1,1
4259,DQN,1,-1
4260,DQN,1,-1
4261,Random,-1,1
4262,Random,-1,1
4263,DQN,1,-1
4264,DQN,1,-1
4265,DQN,1,-1
4266,Random,-1,1
4267,DQN,1,-1
4268,Random,-1,1
4269,draw,0,0
4270,Random,-1,1
4271,DQN,1,-1
4272,DQN,1,-1
4273,Random,-1,1
4274,Random,-1,1
4275,Random,-1,1
4276,Random,-1,1
4277,Random,-1,1
4278,DQN,1,-1
4279,Random,-1,1
4280,DQN,1,-1
4281,DQN,1,-1
4282,DQN,1,-1
4283,DQN,1,-1
4284,Random,-1,1
4285,DQN,1,-1
4286,Random,-1,1
4287,DQN,1,-1
4288,DQN,1,-1
4289,Random,-1,1
4290,DQN,1,-1
4291,DQN,1,-1
4292,Random,-1,1
4293,draw,0,0
4294,DQN,1,-1
4295,DQN,1,-1
4296,DQN,1,-1
4297,DQN,1,-1
4298,Random,-1,1
4299,Random,-1,1
4300,draw,0,0
4301,draw,0,0
4302,DQN,1,-1
4303,DQN,1,-1
4304,DQN,1,-1
4305,DQN,1,-1
4306,Random,-1,1
4307,DQN,1,-1
4308,Random,-1,1
4309,Random,-1,1
4310,DQN,1,-1
4311,DQN,1,-1
4312,DQN,1,-1
4313,Random,-1,1
4314,DQN,1,-1
4315,DQN,1,-1
4316,DQN,1,-1
4317,Random,-1,1
4318,DQN,1,-1
4319,draw,0,0
4320,DQN,1,-1
4321,DQN,1,-1
4322,DQN,1,-1
4323,DQN,1,-1
4324,DQN,1,-1
4325,DQN,1,-1
4326,DQN,1,-1
4327,DQN,1,-1
4328,DQN,1,-1
4329,DQN,1,-1
4330,Random,-1,1
4331,DQN,1,-1
4332,draw,0,0
4333,DQN,1,-1
4334,DQN,1,-1
4335,DQN,1,-1
4336,DQN,1,-1
4337,Random,-1,1
4338,DQN,1,-1
4339,DQN,1,-1
4340,Random,-1,1
4341,DQN,1,-1
4342,DQN,1,-1
4343,DQN,1,-1
4344,DQN,1,-1
4345,DQN,1,-1
4346,DQN,1,-1
4347,DQN,1,-1
4348,DQN,1,-1
4349,Random,-1,1
4350,DQN,1,-1
4351,DQN,1,-1
4352,DQN,1,-1
4353,DQN,1,-1
4354,DQN,1,-1
4355,draw,0,0
4356,Random,-1,1
4357,DQN,1,-1
4358,DQN,1,-1
4359,DQN,1,-1
4360,Random,-1,1
4361,DQN,1,-1
4362,DQN,1,-1
4363,DQN,1,-1
4364,Random,-1,1
4365,DQN,1,-1
4366,Random,-1,1
4367,DQN,1,-1
4368,DQN,1,-1
4369,DQN,1,-1
4370,draw,0,0
4371,Random,-1,1
4372,DQN,1,-1
4373,Random,-1,1
4374,DQN,1,-1
4375,draw,0,0
4376,DQN,1,-1
4377,draw,0,0
4378,Random,-1,1
4379,Random,-1,1
4380,draw,0,0
4381,draw,0,0
4382,DQN,1,-1
4383,draw,0,0
4384,DQN,1,-1
4385,DQN,1,-1
4386,DQN,1,-1
4387,DQN,1,-1
4388,DQN,1,-1
4389,DQN,1,-1
4390,Random,-1,1
4391,DQN,1,-1
4392,draw,0,0
4393,DQN,1,-1
4394,Random,-1,1
4395,DQN,1,-1
4396,DQN,1,-1
4397,DQN,1,-1
4398,Random,-1,1
4399,DQN,1,-1
4400,DQN,1,-1
4401,Random,-1,1
4402,DQN,1,-1
4403,DQN,1,-1
4404,DQN,1,-1
4405,draw,0,0
4406,DQN,1,-1
4407,DQN,1,-1
4408,DQN,1,-1
4409,draw,0,0
4410,draw,0,0
4411,DQN,1,-1
4412,Random,-1,1
4413,DQN,1,-1
4414,draw,0,0
4415,DQN,1,-1
4416,DQN,1,-1
4417,DQN,1,-1
4418,DQN,1,-1
4419,draw,0,0
4420,DQN,1,-1
4421,Random,-1,1
4422,Random,-1,1
4423,Random,-1,1
4424,DQN,1,-1
4425,DQN,1,-1
4426,DQN,1,-1
4427,DQN,1,-1
4428,draw,0,0
4429,DQN,1,-1
4430,DQN,1,-1
4431,DQN,1,-1
4432,DQN,1,-1
4433,DQN,1,-1
4434,DQN,1,-1
4435,DQN,1,-1
4436,DQN,1,-1
4437,DQN,1,-1
4438,Random,-1,1
4439,Random,-1,1
4440,Random,-1,1
4441,DQN,1,-1
4442,DQN,1,-1
4443,DQN,1,-1
4444,DQN,1,-1
4445,DQN,1,-1
4446,Random,-1,1
4447,draw,0,0
4448,DQN,1,-1
4449,DQN,1,-1
4450,draw,0,0
4451,DQN,1,-1
4452,DQN,1,-1
4453,DQN,1,-1
4454,draw,0,0
4455,Random,-1,1
4456,Random,-1,1
4457,DQN,1,-1
4458,DQN,1,-1
4459,DQN,1,-1
4460,DQN,1,-1
4461,DQN,1,-1
4462,draw,0,0
4463,DQN,1,-1
4464,DQN,1,-1
4465,Random,-1,1
4466,draw,0,0
4467,DQN,1,-1
4468,DQN,1,-1
4469,DQN,1,-1
4470,DQN,1,-1
4471,draw,0,0
4472,draw,0,0
4473,draw,0,0
4474,Random,-1,1
4475,DQN,1,-1
4476,DQN,1,-1
4477,Random,-1,1
4478,draw,0,0
4479,draw,0,0
4480,DQN,1,-1
4481,DQN,1,-1
4482,draw,0,0
4483,draw,0,0
4484,DQN,1,-1
4485,draw,0,0
4486,draw,0,0
4487,DQN,1,-1
4488,draw,0,0
4489,Random,-1,1
4490,DQN,1,-1
4491,DQN,1,-1
4492,Random,-1,1
4493,DQN,1,-1
4494,DQN,1,-1
4495,DQN,1,-1
4496,draw,0,0
4497,DQN,1,-1
4498,DQN,1,-1
4499,DQN,1,-1
4500,draw,0,0
4501,draw,0,0
4502,DQN,1,-1
4503,Random,-1,1
4504,draw,0,0
4505,draw,0,0
4506,draw,0,0
4507,Random,-1,1
4508,draw,0,0
4509,draw,0,0
4510,draw,0,0
4511,draw,0,0
4512,DQN,1,-1
4513,draw,0,0
4514,Random,-1,1
4515,DQN,1,-1
4516,DQN,1,-1
4517,DQN,1,-1
4518,DQN,1,-1
4519,DQN,1,-1
4520,DQN,1,-1
4521,DQN,1,-1
4522,DQN,1,-1
4523,DQN,1,-1
4524,DQN,1,-1
4525,DQN,1,-1
4526,DQN,1,-1
4527,DQN,1,-1
4528,Random,-1,1
4529,Random,-1,1
4530,DQN,1,-1
4531,DQN,1,-1
4532,draw,0,0
4533,Random,-1,1
4534,draw,0,0
4535,draw,0,0
4536,DQN,1,-1
4537,draw,0,0
4538,draw,0,0
4539,DQN,1,-1
4540,DQN,1,-1
4541,DQN,1,-1
4542,DQN,1,-1
4543,DQN,1,-1
4544,Random,-1,1
4545,DQN,1,-1
4546,DQN,1,-1
4547,draw,0,0
4548,DQN,1,-1
4549,DQN,1,-1
4550,DQN,1,-1
4551,DQN,1,-1
4552,Random,-1,1
4553,DQN,1,-1
4554,DQN,1,-1
4555,draw,0,0
4556,DQN,1,-1
4557,draw,0,0
4558,draw,0,0
4559,DQN,1,-1
4560,DQN,1,-1
4561,DQN,1,-1
4562,Random,-1,1
4563,DQN,1,-1
4564,DQN,1,-1
4565,DQN,1,-1
4566,DQN,1,-1
4567,DQN,1,-1
4568,Random,-1,1
4569,draw,0,0
4570,DQN,1,-1
4571,Random,-1,1
4572,DQN,1,-1
4573,DQN,1,-1
4574,DQN,1,-1
4575,DQN,1,-1
4576,DQN,1,-1
4577,DQN,1,-1
4578,draw,0,0
4579,DQN,1,-1
4580,DQN,1,-1
4581,draw,0,0
4582,Random,-1,1
4583,Random,-1,1
4584,DQN,1,-1
4585,draw,0,0
4586,DQN,1,-1
4587,DQN,1,-1
4588,DQN,1,-1
4589,DQN,1,-1
4590,DQN,1,-1
4591,DQN,1,-1
4592,draw,0,0
4593,Random,-1,1
4594,DQN,1,-1
4595,DQN,1,-1
4596,Random,-1,1
4597,DQN,1,-1
4598,DQN,1,-1
4599,DQN,1,-1
4600,DQN,1,-1
4601,DQN,1,-1
4602,DQN,1,-1
4603,Random,-1,1
4604,DQN,1,-1
4605,draw,0,0
4606,DQN,1,-1
4607,DQN,1,-1
4608,DQN,1,-1
4609,Random,-1,1
4610,draw,0,0
4611,DQN,1,-1
4612,DQN,1,-1
4613,Random,-1,1
4614,DQN,1,-1
4615,Random,-1,1
4616,Random,-1,1
4617,Random,-1,1
4618,DQN,1,-1
4619,DQN,1,-1
4620,DQN,1,-1
4621,Random,-1,1
4622,DQN,1,-1
4623,DQN,1,-1
4624,Random,-1,1
4625,DQN,1,-1
4626,DQN,1,-1
4627,DQN,1,-1
4628,DQN,1,-1
4629,DQN,1,-1
4630,DQN,1,-1
4631,DQN,1,-1
4632,DQN,1,-1
4633,DQN,1,-1
4634,DQN,1,-1
4635,DQN,1,-1
4636,Random,-1,1
4637,DQN,1,-1
4638,DQN,1,-1
4639,DQN,1,-1
4640,DQN,1,-1
4641,DQN,1,-1
4642,DQN,1,-1
4643,DQN,1,-1
4644,DQN,1,-1
4645,DQN,1,-1
4646,DQN,1,-1
4647,Random,-1,1
4648,Random,-1,1
4649,DQN,1,-1
4650,DQN,1,-1
4651,DQN,1,-1
4652,DQN,1,-1
4653,DQN,1,-1
4654,DQN,1,-1
4655,Random,-1,1
4656,DQN,1,-1
4657,Random,-1,1
4658,Random,-1,1
4659,DQN,1,-1
4660,Random,-1,1
4661,DQN,1,-1
4662,Random,-1,1
4663,DQN,1,-1
4664,Random,-1,1
4665,draw,0,0
4666,DQN,1,-1
4667,DQN,1,-1
4668,draw,0,0
4669,DQN,1,-1
4670,draw,0,0
4671,Random,-1,1
4672,DQN,1,-1
4673,DQN,1,-1
4674,DQN,1,-1
4675,Random,-1,1
4676,DQN,1,-1
4677,DQN,1,-1
4678,DQN,1,-1
4679,Random,-1,1
4680,DQN,1,-1
4681,DQN,1,-1
4682,draw,0,0
4683,DQN,1,-1
4684,DQN,1,-1
4685,DQN,1,-1
4686,Random,-1,1
4687,DQN,1,-1
4688,draw,0,0
4689,draw,0,0
4690,DQN,1,-1
4691,DQN,1,-1
4692,DQN,1,-1
4693,DQN,1,-1
4694,DQN,1,-1
4695,draw,0,0
4696,DQN,1,-1
4697,DQN,1,-1
4698,Random,-1,1
4699,Random,-1,1
4700,Random,-1,1
4701,DQN,1,-1
4702,DQN,1,-1
4703,draw,0,0
4704,DQN,1,-1
4705,Random,-1,1
4706,DQN,1,-1
4707,DQN,1,-1
4708,DQN,1,-1
4709,DQN,1,-1
4710,DQN,1,-1
4711,Random,-1,1
4712,draw,0,0
4713,Random,-1,1
4714,DQN,1,-1
4715,draw,0,0
4716,DQN,1,-1
4717,DQN,1,-1
4718,Random,-1,1
4719,draw,0,0
4720,draw,0,0
4721,DQN,1,-1
4722,draw,0,0
4723,DQN,1,-1
4724,DQN,1,-1
4725,DQN,1,-1
4726,DQN,1,-1
4727,draw,0,0
4728,DQN,1,-1
4729,DQN,1,-1
4730,DQN,1,-1
4731,DQN,1,-1
4732,DQN,1,-1
4733,DQN,1,-1
4734,DQN,1,-1
4735,DQN,1,-1
4736,DQN,1,-1
4737,DQN,1,-1
4738,DQN,1,-1
4739,DQN,1,-1
4740,DQN,1,-1
4741,DQN,1,-1
4742,Random,-1,1
4743,DQN,1,-1
4744,DQN,1,-1
4745,draw,0,0
4746,DQN,1,-1
4747,DQN,1,-1
4748,DQN,1,-1
4749,DQN,1,-1
4750,DQN,1,-1
4751,DQN,1,-1
4752,DQN,1,-1
4753,Random,-1,1
4754,Random,-1,1
4755,DQN,1,-1
4756,Random,-1,1
4757,DQN,1,-1
4758,DQN,1,-1
4759,Random,-1,1
4760,DQN,1,-1
4761,DQN,1,-1
4762,DQN,1,-1
4763,DQN,1,-1
4764,DQN,1,-1
4765,DQN,1,-1
4766,DQN,1,-1
4767,Random,-1,1
4768,DQN,1,-1
4769,DQN,1,-1
4770,DQN,1,-1
4771,DQN,1,-1
4772,DQN,1,-1
4773,DQN,1,-1
4774,DQN,1,-1
4775,DQN,1,-1
4776,Random,-1,1
4777,DQN,1,-1
4778,Random,-1,1
4779,Random,-1,1
4780,DQN,1,-1
4781,DQN,1,-1
4782,DQN,1,-1
4783,Random,-1,1
4784,Random,-1,1
4785,DQN,1,-1
4786,DQN,1,-1
4787,Random,-1,1
4788,DQN,1,-1
4789,DQN,1,-1
4790,DQN,1,-1
4791,DQN,1,-1
4792,draw,0,0
4793,DQN,1,-1
4794,draw,0,0
4795,DQN,1,-1
4796,draw,0,0
4797,DQN,1,-1
4798,draw,0,0
4799,DQN,1,-1
4800,DQN,1,-1
4801,Random,-1,1
4802,DQN,1,-1
4803,DQN,1,-1
4804,DQN,1,-1
4805,DQN,1,-1
4806,DQN,1,-1
4807,DQN,1,-1
4808,DQN,1,-1
4809,DQN,1,-1
4810,DQN,1,-1
4811,DQN,1,-1
4812,Random,-1,1
4813,DQN,1,-1
4814,DQN,1,-1
4815,DQN,1,-1
4816,DQN,1,-1
4817,DQN,1,-1
4818,DQN,1,-1
4819,Random,-1,1
4820,Random,-1,1
4821,DQN,1,-1
4822,DQN,1,-1
4823,DQN,1,-1
4824,DQN,1,-1
4825,DQN,1,-1
4826,DQN,1,-1
4827,DQN,1,-1
4828,Random,-1,1
4829,DQN,1,-1
4830,DQN,1,-1
4831,DQN,1,-1
4832,DQN,1,-1
4833,DQN,1,-1
4834,Random,-1,1
4835,DQN,1,-1
4836,DQN,1,-1
4837,DQN,1,-1
4838,DQN,1,-1
4839,Random,-1,1
4840,DQN,1,-1
4841,DQN,1,-1
4842,DQN,1,-1
4843,DQN,1,-1
4844,DQN,1,-1
4845,DQN,1,-1
4846,DQN,1,-1
4847,DQN,1,-1
4848,DQN,1,-1
4849,DQN,1,-1
4850,DQN,1,-1
4851,DQN,1,-1
4852,draw,0,0
4853,DQN,1,-1
4854,draw,0,0
4855,DQN,1,-1
4856,DQN,1,-1
4857,DQN,1,-1
4858,Random,-1,1
4859,Random,-1,1
4860,DQN,1,-1
4861,DQN,1,-1
4862,Random,-1,1
4863,DQN,1,-1
4864,DQN,1,-1
4865,DQN,1,-1
4866,DQN,1,-1
4867,DQN,1,-1
4868,Random,-1,1
4869,DQN,1,-1
4870,DQN,1,-1
4871,draw,0,0
4872,Random,-1,1
4873,Random,-1,1
4874,DQN,1,-1
4875,DQN,1,-1
4876,DQN,1,-1
4877,DQN,1,-1
4878,DQN,1,-1
4879,DQN,1,-1
4880,DQN,1,-1
4881,draw,0,0
4882,DQN,1,-1
4883,Random,-1,1
4884,DQN,1,-1
4885,DQN,1,-1
4886,Random,-1,1
4887,draw,0,0
4888,Random,-1,1
4889,DQN,1,-1
4890,DQN,1,-1
4891,Random,-1,1
4892,DQN,1,-1
4893,DQN,1,-1
4894,DQN,1,-1
4895,draw,0,0
4896,Random,-1,1
4897,DQN,1,-1
4898,DQN,1,-1
4899,DQN,1,-1
4900,DQN,1,-1
4901,Random,-1,1
4902,draw,0,0
4903,DQN,1,-1
4904,Random,-1,1
4905,DQN,1,-1
4906,draw,0,0
4907,DQN,1,-1
4908,Random,-1,1
4909,Random,-1,1
4910,DQN,1,-1
4911,DQN,1,-1
4912,draw,0,0
4913,DQN,1,-1
4914,DQN,1,-1
4915,DQN,1,-1
4916,DQN,1,-1
4917,DQN,1,-1
4918,DQN,1,-1
4919,Random,-1,1
4920,DQN,1,-1
4921,DQN,1,-1
4922,DQN,1,-1
4923,DQN,1,-1
4924,DQN,1,-1
4925,Random,-1,1
4926,DQN,1,-1
4927,DQN,1,-1
4928,Random,-1,1
4929,DQN,1,-1
4930,DQN,1,-1
4931,DQN,1,-1
4932,DQN,1,-1
4933,DQN,1,-1
4934,DQN,1,-1
4935,DQN,1,-1
4936,DQN,1,-1
4937,DQN,1,-1
4938,DQN,1,-1
4939,DQN,1,-1
4940,DQN,1,-1
4941,DQN,1,-1
4942,DQN,1,-1
4943,DQN,1,-1
4944,DQN,1,-1
4945,DQN,1,-1
4946,Random,-1,1
4947,DQN,1,-1
4948,Random,-1,1
4949,DQN,1,-1
4950,DQN,1,-1
4951,Random,-1,1
4952,DQN,1,-1
4953,DQN,1,-1
4954,DQN,1,-1
4955,DQN,1,-1
4956,DQN,1,-1
4957,DQN,1,-1
4958,draw,0,0
4959,DQN,1,-1
4960,DQN,1,-1
4961,DQN,1,-1
4962,DQN,1,-1
4963,DQN,1,-1
4964,DQN,1,-1
4965,DQN,1,-1
4966,DQN,1,-1
4967,DQN,1,-1
4968,DQN,1,-1
4969,DQN,1,-1
4970,DQN,1,-1
4971,DQN,1,-1
4972,DQN,1,-1
4973,DQN,1,-1
4974,Random,-1,1
4975,DQN,1,-1
4976,DQN,1,-1
4977,DQN,1,-1
4978,draw,0,0
4979,Random,-1,1
4980,Random,-1,1
4981,Random,-1,1
4982,DQN,1,-1
4983,draw,0,0
4984,DQN,1,-1
4985,DQN,1,-1
4986,draw,0,0
4987,Random,-1,1
4988,DQN,1,-1
4989,DQN,1,-1
4990,DQN,1,-1
4991,DQN,1,-1
4992,DQN,1,-1
4993,DQN,1,-1
4994,DQN,1,-1
4995,DQN,1,-1
4996,Random,-1,1
4997,Random,-1,1
4998,DQN,1,-1
4999,DQN,1,-1
5000,DQN,1,-1
5001,DQN,1,-1
5002,Random,-1,1
5003,DQN,1,-1
5004,DQN,1,-1
5005,DQN,1,-1
5006,DQN,1,-1
5007,DQN,1,-1
5008,draw,0,0
5009,DQN,1,-1
5010,DQN,1,-1
5011,DQN,1,-1
5012,DQN,1,-1
5013,DQN,1,-1
5014,DQN,1,-1
5015,DQN,1,-1
5016,DQN,1,-1
5017,DQN,1,-1
5018,DQN,1,-1
5019,DQN,1,-1
5020,DQN,1,-1
5021,DQN,1,-1
5022,DQN,1,-1
5023,draw,0,0
5024,DQN,1,-1
5025,DQN,1,-1
5026,DQN,1,-1
5027,DQN,1,-1
5028,draw,0,0
5029,draw,0,0
5030,DQN,1,-1
5031,draw,0,0
5032,DQN,1,-1
5033,DQN,1,-1
5034,draw,0,0
5035,DQN,1,-1
5036,DQN,1,-1
5037,DQN,1,-1
5038,draw,0,0
5039,DQN,1,-1
5040,DQN,1,-1
5041,draw,0,0
5042,draw,0,0
5043,draw,0,0
5044,DQN,1,-1
5045,DQN,1,-1
5046,DQN,1,-1
5047,DQN,1,-1
5048,draw,0,0
5049,Random,-1,1
5050,DQN,1,-1
5051,draw,0,0
5052,draw,0,0
5053,DQN,1,-1
5054,Random,-1,1
5055,DQN,1,-1
5056,DQN,1,-1
5057,DQN,1,-1
5058,DQN,1,-1
5059,Random,-1,1
5060,DQN,1,-1
5061,DQN,1,-1
5062,draw,0,0
5063,DQN,1,-1
5064,DQN,1,-1
5065,Random,-1,1
5066,Random,-1,1
5067,Random,-1,1
5068,draw,0,0
5069,DQN,1,-1
5070,DQN,1,-1
5071,Random,-1,1
5072,DQN,1,-1
5073,DQN,1,-1
5074,DQN,1,-1
5075,Random,-1,1
5076,Random,-1,1
5077,draw,0,0
5078,draw,0,0
5079,DQN,1,-1
5080,draw,0,0
5081,DQN,1,-1
5082,draw,0,0
5083,Random,-1,1
5084,DQN,1,-1
5085,DQN,1,-1
5086,Random,-1,1
5087,Random,-1,1
5088,draw,0,0
5089,DQN,1,-1
5090,DQN,1,-1
5091,DQN,1,-1
5092,DQN,1,-1
5093,Random,-1,1
5094,draw,0,0
5095,Random,-1,1
5096,DQN,1,-1
5097,DQN,1,-1
5098,draw,0,0
5099,Random,-1,1
5100,DQN,1,-1
5101,DQN,1,-1
5102,DQN,1,-1
5103,DQN,1,-1
5104,DQN,1,-1
5105,draw,0,0
5106,Random,-1,1
5107,DQN,1,-1
5108,DQN,1,-1
5109,DQN,1,-1
5110,DQN,1,-1
5111,DQN,1,-1
5112,Random,-1,1
5113,DQN,1,-1
5114,DQN,1,-1
5115,DQN,1,-1
5116,Random,-1,1
5117,DQN,1,-1
5118,DQN,1,-1
5119,DQN,1,-1
5120,DQN,1,-1
5121,DQN,1,-1
5122,Random,-1,1
5123,draw,0,0
5124,DQN,1,-1
5125,Random,-1,1
5126,DQN,1,-1
5127,draw,0,0
5128,Random,-1,1
5129,draw,0,0
5130,draw,0,0
5131,DQN,1,-1
5132,Random,-1,1
5133,draw,0,0
5134,Random,-1,1
5135,draw,0,0
5136,DQN,1,-1
5137,draw,0,0
5138,Random,-1,1
5139,DQN,1,-1
5140,DQN,1,-1
5141,Random,-1,1
5142,DQN,1,-1
5143,DQN,1,-1
5144,Random,-1,1
5145,DQN,1,-1
5146,Random,-1,1
5147,Random,-1,1
5148,DQN,1,-1
5149,draw,0,0
5150,DQN,1,-1
5151,DQN,1,-1
5152,DQN,1,-1
5153,DQN,1,-1
5154,DQN,1,-1
5155,draw,0,0
5156,DQN,1,-1
5157,DQN,1,-1
5158,Random,-1,1
5159,DQN,1,-1
5160,Random,-1,1
5161,draw,0,0
5162,draw,0,0
5163,DQN,1,-1
5164,DQN,1,-1
5165,DQN,1,-1
5166,DQN,1,-1
5167,draw,0,0
5168,DQN,1,-1
5169,DQN,1,-1
5170,Random,-1,1
5171,DQN,1,-1
5172,Random,-1,1
5173,DQN,1,-1
5174,DQN,1,-1
5175,Random,-1,1
5176,Random,-1,1
5177,DQN,1,-1
5178,Random,-1,1
5179,DQN,1,-1
5180,DQN,1,-1
5181,DQN,1,-1
5182,DQN,1,-1
5183,DQN,1,-1
5184,DQN,1,-1
5185,DQN,1,-1
5186,draw,0,0
5187,Random,-1,1
5188,DQN,1,-1
5189,DQN,1,-1
5190,DQN,1,-1
5191,DQN,1,-1
5192,Random,-1,1
5193,DQN,1,-1
5194,DQN,1,-1
5195,Random,-1,1
5196,DQN,1,-1
5197,draw,0,0
5198,DQN,1,-1
5199,DQN,1,-1
5200,draw,0,0
5201,Random,-1,1
5202,draw,0,0
5203,DQN,1,-1
5204,draw,0,0
5205,draw,0,0
5206,DQN,1,-1
5207,DQN,1,-1
5208,DQN,1,-1
5209,DQN,1,-1
5210,DQN,1,-1
5211,DQN,1,-1
5212,DQN,1,-1
5213,DQN,1,-1
5214,DQN,1,-1
5215,DQN,1,-1
5216,DQN,1,-1
5217,Random,-1,1
5218,draw,0,0
5219,DQN,1,-1
5220,DQN,1,-1
5221,DQN,1,-1
5222,DQN,1,-1
5223,DQN,1,-1
5224,DQN,1,-1
5225,DQN,1,-1
5226,DQN,1,-1
5227,draw,0,0
5228,Random,-1,1
5229,DQN,1,-1
5230,DQN,1,-1
5231,DQN,1,-1
5232,Random,-1,1
5233,DQN,1,-1
5234,Random,-1,1
5235,DQN,1,-1
5236,DQN,1,-1
5237,DQN,1,-1
5238,DQN,1,-1
5239,DQN,1,-1
5240,Random,-1,1
5241,DQN,1,-1
5242,DQN,1,-1
5243,draw,0,0
5244,Random,-1,1
5245,DQN,1,-1
5246,Random,-1,1
5247,draw,0,0
5248,draw,0,0
5249,Random,-1,1
5250,draw,0,0
5251,Random,-1,1
5252,DQN,1,-1
5253,DQN,1,-1
5254,DQN,1,-1
5255,DQN,1,-1
5256,draw,0,0
5257,DQN,1,-1
5258,DQN,1,-1
5259,draw,0,0
5260,Random,-1,1
5261,DQN,1,-1
5262,DQN,1,-1
5263,draw,0,0
5264,DQN,1,-1
5265,Random,-1,1
5266,draw,0,0
5267,DQN,1,-1
5268,DQN,1,-1
5269,Random,-1,1
5270,DQN,1,-1
5271,DQN,1,-1
5272,DQN,1,-1
5273,draw,0,0
5274,DQN,1,-1
5275,DQN,1,-1
5276,DQN,1,-1
5277,draw,0,0
5278,draw,0,0
5279,draw,0,0
5280,Random,-1,1
5281,Random,-1,1
5282,DQN,1,-1
5283,Random,-1,1
5284,Random,-1,1
5285,DQN,1,-1
5286,DQN,1,-1
5287,Random,-1,1
5288,DQN,1,-1
5289,draw,0,0
5290,Random,-1,1
5291,DQN,1,-1
5292,Random,-1,1
5293,DQN,1,-1
5294,draw,0,0
5295,DQN,1,-1
5296,draw,0,0
5297,DQN,1,-1
5298,DQN,1,-1
5299,DQN,1,-1
5300,Random,-1,1
5301,DQN,1,-1
5302,DQN,1,-1
5303,DQN,1,-1
5304,DQN,1,-1
5305,DQN,1,-1
5306,Random,-1,1
5307,Random,-1,1
5308,draw,0,0
5309,DQN,1,-1
5310,DQN,1,-1
5311,DQN,1,-1
5312,DQN,1,-1
5313,DQN,1,-1
5314,DQN,1,-1
5315,DQN,1,-1
5316,DQN,1,-1
5317,DQN,1,-1
5318,DQN,1,-1
5319,DQN,1,-1
5320,DQN,1,-1
5321,Random,-1,1
5322,Random,-1,1
5323,DQN,1,-1
5324,DQN,1,-1
5325,DQN,1,-1
5326,DQN,1,-1
5327,DQN,1,-1
5328,DQN,1,-1
5329,DQN,1,-1
5330,DQN,1,-1
5331,DQN,1,-1
5332,DQN,1,-1
5333,DQN,1,-1
5334,DQN,1,-1
5335,Random,-1,1
5336,DQN,1,-1
5337,DQN,1,-1
5338,DQN,1,-1
5339,DQN,1,-1
5340,draw,0,0
5341,DQN,1,-1
5342,DQN,1,-1
5343,Random,-1,1
5344,draw,0,0
5345,Random,-1,1
5346,DQN,1,-1
5347,DQN,1,-1
5348,DQN,1,-1
5349,DQN,1,-1
5350,DQN,1,-1
5351,Random,-1,1
5352,DQN,1,-1
5353,DQN,1,-1
5354,DQN,1,-1
5355,draw,0,0
5356,DQN,1,-1
5357,DQN,1,-1
5358,DQN,1,-1
5359,Random,-1,1
5360,draw,0,0
5361,DQN,1,-1
5362,DQN,1,-1
5363,DQN,1,-1
5364,draw,0,0
5365,draw,0,0
5366,DQN,1,-1
5367,DQN,1,-1
5368,DQN,1,-1
5369,draw,0,0
5370,DQN,1,-1
5371,DQN,1,-1
5372,DQN,1,-1
5373,draw,0,0
5374,DQN,1,-1
5375,Random,-1,1
5376,DQN,1,-1
5377,DQN,1,-1
5378,DQN,1,-1
5379,DQN,1,-1
5380,DQN,1,-1
5381,DQN,1,-1
5382,DQN,1,-1
5383,DQN,1,-1
5384,DQN,1,-1
5385,DQN,1,-1
5386,DQN,1,-1
5387,DQN,1,-1
5388,DQN,1,-1
5389,DQN,1,-1
5390,DQN,1,-1
5391,DQN,1,-1
5392,DQN,1,-1
5393,DQN,1,-1
5394,DQN,1,-1
5395,Random,-1,1
5396,DQN,1,-1
5397,DQN,1,-1
5398,DQN,1,-1
5399,DQN,1,-1
5400,DQN,1,-1
5401,DQN,1,-1
5402,DQN,1,-1
5403,Random,-1,1
5404,DQN,1,-1
5405,DQN,1,-1
5406,DQN,1,-1
5407,DQN,1,-1
5408,DQN,1,-1
5409,DQN,1,-1
5410,DQN,1,-1
5411,DQN,1,-1
5412,DQN,1,-1
5413,DQN,1,-1
5414,DQN,1,-1
5415,DQN,1,-1
5416,DQN,1,-1
5417,DQN,1,-1
5418,DQN,1,-1
5419,DQN,1,-1
5420,DQN,1,-1
5421,DQN,1,-1
5422,DQN,1,-1
5423,DQN,1,-1
5424,Random,-1,1
5425,DQN,1,-1
5426,DQN,1,-1
5427,DQN,1,-1
5428,DQN,1,-1
5429,DQN,1,-1
5430,DQN,1,-1
5431,DQN,1,-1
5432,DQN,1,-1
5433,DQN,1,-1
5434,DQN,1,-1
5435,DQN,1,-1
5436,DQN,1,-1
5437,Random,-1,1
5438,DQN,1,-1
5439,DQN,1,-1
5440,DQN,1,-1
5441,draw,0,0
5442,DQN,1,-1
5443,DQN,1,-1
5444,Random,-1,1
5445,DQN,1,-1
5446,DQN,1,-1
5447,DQN,1,-1
5448,DQN,1,-1
5449,DQN,1,-1
5450,DQN,1,-1
5451,DQN,1,-1
5452,Random,-1,1
5453,Random,-1,1
5454,Random,-1,1
5455,draw,0,0
5456,DQN,1,-1
5457,DQN,1,-1
5458,DQN,1,-1
5459,DQN,1,-1
5460,DQN,1,-1
5461,Random,-1,1
5462,DQN,1,-1
5463,DQN,1,-1
5464,DQN,1,-1
5465,DQN,1,-1
5466,draw,0,0
5467,Random,-1,1
5468,DQN,1,-1
5469,Random,-1,1
5470,DQN,1,-1
5471,DQN,1,-1
5472,Random,-1,1
5473,DQN,1,-1
5474,DQN,1,-1
5475,DQN,1,-1
5476,DQN,1,-1
5477,Random,-1,1
5478,DQN,1,-1
5479,DQN,1,-1
5480,DQN,1,-1
5481,draw,0,0
5482,DQN,1,-1
5483,DQN,1,-1
5484,DQN,1,-1
5485,draw,0,0
5486,DQN,1,-1
5487,DQN,1,-1
5488,DQN,1,-1
5489,DQN,1,-1
5490,Random,-1,1
5491,DQN,1,-1
5492,DQN,1,-1
5493,DQN,1,-1
5494,DQN,1,-1
5495,draw,0,0
5496,DQN,1,-1
5497,draw,0,0
5498,DQN,1,-1
5499,Random,-1,1
5500,Random,-1,1
5501,draw,0,0
5502,DQN,1,-1
5503,draw,0,0
5504,DQN,1,-1
5505,Random,-1,1
5506,DQN,1,-1
5507,Random,-1,1
5508,draw,0,0
5509,DQN,1,-1
5510,draw,0,0
5511,Random,-1,1
5512,DQN,1,-1
5513,DQN,1,-1
5514,DQN,1,-1
5515,DQN,1,-1
5516,DQN,1,-1
5517,Random,-1,1
5518,DQN,1,-1
5519,draw,0,0
5520,draw,0,0
5521,draw,0,0
5522,DQN,1,-1
5523,draw,0,0
5524,DQN,1,-1
5525,Random,-1,1
5526,Random,-1,1
5527,DQN,1,-1
5528,DQN,1,-1
5529,draw,0,0
5530,Random,-1,1
5531,DQN,1,-1
5532,DQN,1,-1
5533,Random,-1,1
5534,DQN,1,-1
5535,DQN,1,-1
5536,DQN,1,-1
5537,DQN,1,-1
5538,Random,-1,1
5539,DQN,1,-1
5540,DQN,1,-1
5541,DQN,1,-1
5542,draw,0,0
5543,DQN,1,-1
5544,DQN,1,-1
5545,DQN,1,-1
5546,DQN,1,-1
5547,DQN,1,-1
5548,DQN,1,-1
5549,draw,0,0
5550,draw,0,0
5551,DQN,1,-1
5552,DQN,1,-1
5553,draw,0,0
5554,draw,0,0
5555,draw,0,0
5556,DQN,1,-1
5557,draw,0,0
5558,Random,-1,1
5559,draw,0,0
5560,Random,-1,1
5561,DQN,1,-1
5562,DQN,1,-1
5563,Random,-1,1
5564,draw,0,0
5565,DQN,1,-1
5566,draw,0,0
5567,DQN,1,-1
5568,DQN,1,-1
5569,DQN,1,-1
5570,draw,0,0
5571,DQN,1,-1
5572,DQN,1,-1
5573,Random,-1,1
5574,Random,-1,1
5575,Random,-1,1
5576,draw,0,0
5577,DQN,1,-1
5578,Random,-1,1
5579,draw,0,0
5580,DQN,1,-1
5581,DQN,1,-1
5582,DQN,1,-1
5583,Random,-1,1
5584,draw,0,0
5585,Random,-1,1
5586,Random,-1,1
5587,Random,-1,1
5588,DQN,1,-1
5589,Random,-1,1
5590,draw,0,0
5591,Random,-1,1
5592,Random,-1,1
5593,Random,-1,1
5594,DQN,1,-1
5595,DQN,1,-1
5596,Random,-1,1
5597,DQN,1,-1
5598,Random,-1,1
5599,Random,-1,1
5600,DQN,1,-1
5601,draw,0,0
5602,DQN,1,-1
5603,DQN,1,-1
5604,DQN,1,-1
5605,draw,0,0
5606,DQN,1,-1
5607,DQN,1,-1
5608,DQN,1,-1
5609,Random,-1,1
5610,DQN,1,-1
5611,DQN,1,-1
5612,DQN,1,-1
5613,Random,-1,1
5614,DQN,1,-1
5615,DQN,1,-1
5616,draw,0,0
5617,Random,-1,1
5618,Random,-1,1
5619,DQN,1,-1
5620,DQN,1,-1
5621,DQN,1,-1
5622,Random,-1,1
5623,DQN,1,-1
5624,DQN,1,-1
5625,DQN,1,-1
5626,DQN,1,-1
5627,draw,0,0
5628,draw,0,0
5629,DQN,1,-1
5630,DQN,1,-1
5631,DQN,1,-1
5632,DQN,1,-1
5633,DQN,1,-1
5634,draw,0,0
5635,DQN,1,-1
5636,Random,-1,1
5637,DQN,1,-1
5638,DQN,1,-1
5639,draw,0,0
5640,DQN,1,-1
5641,Random,-1,1
5642,draw,0,0
5643,DQN,1,-1
5644,DQN,1,-1
5645,Random,-1,1
5646,DQN,1,-1
5647,DQN,1,-1
5648,Random,-1,1
5649,draw,0,0
5650,DQN,1,-1
5651,draw,0,0
5652,DQN,1,-1
5653,Random,-1,1
5654,DQN,1,-1
5655,Random,-1,1
5656,draw,0,0
5657,DQN,1,-1
5658,DQN,1,-1
5659,Random,-1,1
5660,DQN,1,-1
5661,DQN,1,-1
5662,draw,0,0
5663,draw,0,0
5664,draw,0,0
5665,DQN,1,-1
5666,DQN,1,-1
5667,DQN,1,-1
5668,DQN,1,-1
5669,DQN,1,-1
5670,DQN,1,-1
5671,Random,-1,1
5672,DQN,1,-1
5673,draw,0,0
5674,DQN,1,-1
5675,DQN,1,-1
5676,DQN,1,-1
5677,DQN,1,-1
5678,DQN,1,-1
5679,DQN,1,-1
5680,DQN,1,-1
5681,DQN,1,-1
5682,Random,-1,1
5683,Random,-1,1
5684,draw,0,0
5685,DQN,1,-1
5686,DQN,1,-1
5687,DQN,1,-1
5688,Random,-1,1
5689,DQN,1,-1
5690,DQN,1,-1
5691,DQN,1,-1
5692,DQN,1,-1
5693,DQN,1,-1
5694,DQN,1,-1
5695,DQN,1,-1
5696,DQN,1,-1
5697,DQN,1,-1
5698,Random,-1,1
5699,Random,-1,1
5700,DQN,1,-1
5701,DQN,1,-1
5702,DQN,1,-1
5703,DQN,1,-1
5704,DQN,1,-1
5705,DQN,1,-1
5706,DQN,1,-1
5707,DQN,1,-1
5708,draw,0,0
5709,draw,0,0
5710,DQN,1,-1
5711,Random,-1,1
5712,DQN,1,-1
5713,DQN,1,-1
5714,DQN,1,-1
5715,DQN,1,-1
5716,Random,-1,1
5717,DQN,1,-1
5718,DQN,1,-1
5719,DQN,1,-1
5720,DQN,1,-1
5721,Random,-1,1
5722,DQN,1,-1
5723,draw,0,0
5724,draw,0,0
5725,DQN,1,-1
5726,DQN,1,-1
5727,DQN,1,-1
5728,DQN,1,-1
5729,DQN,1,-1
5730,DQN,1,-1
5731,DQN,1,-1
5732,Random,-1,1
5733,Random,-1,1
5734,DQN,1,-1
5735,DQN,1,-1
5736,DQN,1,-1
5737,DQN,1,-1
5738,Random,-1,1
5739,DQN,1,-1
5740,DQN,1,-1
5741,Random,-1,1
5742,DQN,1,-1
5743,DQN,1,-1
5744,draw,0,0
5745,DQN,1,-1
5746,DQN,1,-1
5747,DQN,1,-1
5748,DQN,1,-1
5749,DQN,1,-1
5750,draw,0,0
5751,DQN,1,-1
5752,DQN,1,-1
5753,DQN,1,-1
5754,DQN,1,-1
5755,DQN,1,-1
5756,DQN,1,-1
5757,DQN,1,-1
5758,DQN,1,-1
5759,DQN,1,-1
5760,DQN,1,-1
5761,DQN,1,-1
5762,Random,-1,1
5763,DQN,1,-1
5764,Random,-1,1
5765,DQN,1,-1
5766,DQN,1,-1
5767,DQN,1,-1
5768,DQN,1,-1
5769,DQN,1,-1
5770,DQN,1,-1
5771,Random,-1,1
5772,DQN,1,-1
5773,Random,-1,1
5774,DQN,1,-1
5775,Random,-1,1
5776,DQN,1,-1
5777,DQN,1,-1
5778,DQN,1,-1
5779,Random,-1,1
5780,DQN,1,-1
5781,DQN,1,-1
5782,draw,0,0
5783,Random,-1,1
5784,Random,-1,1
5785,DQN,1,-1
5786,DQN,1,-1
5787,DQN,1,-1
5788,DQN,1,-1
5789,DQN,1,-1
5790,DQN,1,-1
5791,DQN,1,-1
5792,DQN,1,-1
5793,Random,-1,1
5794,DQN,1,-1
5795,DQN,1,-1
5796,Random,-1,1
5797,DQN,1,-1
5798,Random,-1,1
5799,DQN,1,-1
5800,DQN,1,-1
5801,DQN,1,-1
5802,DQN,1,-1
5803,DQN,1,-1
5804,DQN,1,-1
5805,DQN,1,-1
5806,DQN,1,-1
5807,DQN,1,-1
5808,DQN,1,-1
5809,DQN,1,-1
5810,DQN,1,-1
5811,Random,-1,1
5812,DQN,1,-1
5813,draw,0,0
5814,DQN,1,-1
5815,DQN,1,-1
5816,DQN,1,-1
5817,DQN,1,-1
5818,Random,-1,1
5819,DQN,1,-1
5820,DQN,1,-1
5821,Random,-1,1
5822,DQN,1,-1
5823,draw,0,0
5824,Random,-1,1
5825,draw,0,0
5826,DQN,1,-1
5827,draw,0,0
5828,DQN,1,-1
5829,DQN,1,-1
5830,DQN,1,-1
5831,DQN,1,-1
5832,DQN,1,-1
5833,DQN,1,-1
5834,Random,-1,1
5835,DQN,1,-1
5836,DQN,1,-1
5837,DQN,1,-1
5838,DQN,1,-1
5839,DQN,1,-1
5840,DQN,1,-1
5841,DQN,1,-1
5842,DQN,1,-1
5843,DQN,1,-1
5844,DQN,1,-1
5845,DQN,1,-1
5846,DQN,1,-1
5847,DQN,1,-1
5848,DQN,1,-1
5849,DQN,1,-1
5850,DQN,1,-1
5851,DQN,1,-1
5852,DQN,1,-1
5853,DQN,1,-1
5854,Random,-1,1
5855,DQN,1,-1
5856,DQN,1,-1
5857,DQN,1,-1
5858,DQN,1,-1
5859,DQN,1,-1
5860,DQN,1,-1
5861,DQN,1,-1
5862,Random,-1,1
5863,Random,-1,1
5864,DQN,1,-1
5865,DQN,1,-1
5866,DQN,1,-1
5867,Random,-1,1
5868,Random,-1,1
5869,DQN,1,-1
5870,DQN,1,-1
5871,DQN,1,-1
5872,DQN,1,-1
5873,DQN,1,-1
5874,DQN,1,-1
5875,DQN,1,-1
5876,DQN,1,-1
5877,DQN,1,-1
5878,DQN,1,-1
5879,Random,-1,1
5880,Random,-1,1
5881,DQN,1,-1
5882,DQN,1,-1
5883,Random,-1,1
5884,DQN,1,-1
5885,DQN,1,-1
5886,DQN,1,-1
5887,draw,0,0
5888,DQN,1,-1
5889,DQN,1,-1
5890,DQN,1,-1
5891,DQN,1,-1
5892,Random,-1,1
5893,DQN,1,-1
5894,Random,-1,1
5895,DQN,1,-1
5896,DQN,1,-1
5897,draw,0,0
5898,DQN,1,-1
5899,Random,-1,1
5900,DQN,1,-1
5901,Random,-1,1
5902,DQN,1,-1
5903,DQN,1,-1
5904,DQN,1,-1
5905,DQN,1,-1
5906,Random,-1,1
5907,Random,-1,1
5908,DQN,1,-1
5909,DQN,1,-1
5910,DQN,1,-1
5911,DQN,1,-1
5912,DQN,1,-1
5913,DQN,1,-1
5914,DQN,1,-1
5915,DQN,1,-1
5916,draw,0,0
5917,DQN,1,-1
5918,DQN,1,-1
5919,Random,-1,1
5920,Random,-1,1
5921,Random,-1,1
5922,DQN,1,-1
5923,DQN,1,-1
5924,DQN,1,-1
5925,draw,0,0
5926,DQN,1,-1
5927,Random,-1,1
5928,Random,-1,1
5929,DQN,1,-1
5930,draw,0,0
5931,DQN,1,-1
5932,Random,-1,1
5933,Random,-1,1
5934,Random,-1,1
5935,DQN,1,-1
5936,DQN,1,-1
5937,Random,-1,1
5938,DQN,1,-1
5939,draw,0,0
5940,draw,0,0
5941,DQN,1,-1
5942,DQN,1,-1
5943,DQN,1,-1
5944,DQN,1,-1
5945,DQN,1,-1
5946,DQN,1,-1
5947,DQN,1,-1
5948,Random,-1,1
5949,DQN,1,-1
5950,DQN,1,-1
5951,Random,-1,1
5952,DQN,1,-1
5953,DQN,1,-1
5954,draw,0,0
5955,Random,-1,1
5956,Random,-1,1
5957,Random,-1,1
5958,DQN,1,-1
5959,DQN,1,-1
5960,DQN,1,-1
5961,Random,-1,1
5962,DQN,1,-1
5963,DQN,1,-1
5964,draw,0,0
5965,DQN,1,-1
5966,DQN,1,-1
5967,DQN,1,-1
5968,DQN,1,-1
5969,DQN,1,-1
5970,DQN,1,-1
5971,Random,-1,1
5972,DQN,1,-1
5973,DQN,1,-1
5974,DQN,1,-1
5975,DQN,1,-1
5976,DQN,1,-1
5977,DQN,1,-1
5978,Random,-1,1
5979,DQN,1,-1
5980,DQN,1,-1
5981,DQN,1,-1
5982,Random,-1,1
5983,DQN,1,-1
5984,Random,-1,1
5985,Random,-1,1
5986,Random,-1,1
5987,DQN,1,-1
5988,DQN,1,-1
5989,DQN,1,-1
5990,Random,-1,1
5991,DQN,1,-1
5992,DQN,1,-1
5993,DQN,1,-1
5994,DQN,1,-1
5995,DQN,1,-1
5996,DQN,1,-1
5997,DQN,1,-1
5998,DQN,1,-1
5999,DQN,1,-1
6000,DQN,1,-1
6001,Random,-1,1
6002,DQN,1,-1
6003,DQN,1,-1
6004,DQN,1,-1
6005,DQN,1,-1
6006,DQN,1,-1
6007,DQN,1,-1
6008,DQN,1,-1
6009,Random,-1,1
6010,DQN,1,-1
6011,DQN,1,-1
6012,DQN,1,-1
6013,DQN,1,-1
6014,draw,0,0
6015,Random,-1,1
6016,DQN,1,-1
6017,draw,0,0
6018,DQN,1,-1
6019,DQN,1,-1
6020,DQN,1,-1
6021,draw,0,0
6022,draw,0,0
6023,DQN,1,-1
6024,DQN,1,-1
6025,draw,0,0
6026,draw,0,0
6027,DQN,1,-1
6028,Random,-1,1
6029,draw,0,0
6030,DQN,1,-1
6031,DQN,1,-1
6032,draw,0,0
6033,DQN,1,-1
6034,DQN,1,-1
6035,Random,-1,1
6036,DQN,1,-1
6037,draw,0,0
6038,DQN,1,-1
6039,DQN,1,-1
6040,Random,-1,1
6041,Random,-1,1
6042,DQN,1,-1
6043,Random,-1,1
6044,Random,-1,1
6045,DQN,1,-1
6046,DQN,1,-1
6047,DQN,1,-1
6048,DQN,1,-1
6049,DQN,1,-1
6050,DQN,1,-1
6051,DQN,1,-1
6052,DQN,1,-1
6053,DQN,1,-1
6054,DQN,1,-1
6055,DQN,1,-1
6056,DQN,1,-1
6057,Random,-1,1
6058,DQN,1,-1
6059,DQN,1,-1
6060,DQN,1,-1
6061,Random,-1,1
6062,DQN,1,-1
6063,draw,0,0
6064,DQN,1,-1
6065,draw,0,0
6066,Random,-1,1
6067,draw,0,0
6068,DQN,1,-1
6069,DQN,1,-1
6070,DQN,1,-1
6071,DQN,1,-1
6072,draw,0,0
6073,Random,-1,1
6074,draw,0,0
6075,Random,-1,1
6076,draw,0,0
6077,DQN,1,-1
6078,DQN,1,-1
6079,DQN,1,-1
6080,DQN,1,-1
6081,DQN,1,-1
6082,DQN,1,-1
6083,Random,-1,1
6084,draw,0,0
6085,DQN,1,-1
6086,DQN,1,-1
6087,Random,-1,1
6088,DQN,1,-1
6089,DQN,1,-1
6090,DQN,1,-1
6091,draw,0,0
6092,DQN,1,-1
6093,DQN,1,-1
6094,DQN,1,-1
6095,DQN,1,-1
6096,draw,0,0
6097,DQN,1,-1
6098,Random,-1,1
6099,DQN,1,-1
6100,DQN,1,-1
6101,DQN,1,-1
6102,Random,-1,1
6103,DQN,1,-1
6104,Random,-1,1
6105,DQN,1,-1
6106,DQN,1,-1
6107,DQN,1,-1
6108,DQN,1,-1
6109,DQN,1,-1
6110,DQN,1,-1
6111,Random,-1,1
6112,DQN,1,-1
6113,DQN,1,-1
6114,Random,-1,1
6115,DQN,1,-1
6116,DQN,1,-1
6117,DQN,1,-1
6118,DQN,1,-1
6119,DQN,1,-1
6120,DQN,1,-1
6121,draw,0,0
6122,DQN,1,-1
6123,Random,-1,1
6124,DQN,1,-1
6125,draw,0,0
6126,draw,0,0
6127,DQN,1,-1
6128,DQN,1,-1
6129,DQN,1,-1
6130,Random,-1,1
6131,DQN,1,-1
6132,DQN,1,-1
6133,DQN,1,-1
6134,draw,0,0
6135,DQN,1,-1
6136,Random,-1,1
6137,Random,-1,1
6138,DQN,1,-1
6139,draw,0,0
6140,DQN,1,-1
6141,DQN,1,-1
6142,DQN,1,-1
6143,DQN,1,-1
6144,DQN,1,-1
6145,draw,0,0
6146,DQN,1,-1
6147,DQN,1,-1
6148,draw,0,0
6149,DQN,1,-1
6150,DQN,1,-1
6151,draw,0,0
6152,DQN,1,-1
6153,DQN,1,-1
6154,DQN,1,-1
6155,DQN,1,-1
6156,DQN,1,-1
6157,DQN,1,-1
6158,DQN,1,-1
6159,DQN,1,-1
6160,DQN,1,-1
6161,draw,0,0
6162,DQN,1,-1
6163,Random,-1,1
6164,Random,-1,1
6165,DQN,1,-1
6166,Random,-1,1
6167,DQN,1,-1
6168,Random,-1,1
6169,DQN,1,-1
6170,DQN,1,-1
6171,Random,-1,1
6172,DQN,1,-1
6173,DQN,1,-1
6174,DQN,1,-1
6175,DQN,1,-1
6176,DQN,1,-1
6177,Random,-1,1
6178,DQN,1,-1
6179,DQN,1,-1
6180,DQN,1,-1
6181,DQN,1,-1
6182,DQN,1,-1
6183,DQN,1,-1
6184,DQN,1,-1
6185,DQN,1,-1
6186,DQN,1,-1
6187,DQN,1,-1
6188,DQN,1,-1
6189,DQN,1,-1
6190,Random,-1,1
6191,DQN,1,-1
6192,DQN,1,-1
6193,DQN,1,-1
6194,Random,-1,1
6195,DQN,1,-1
6196,draw,0,0
6197,DQN,1,-1
6198,DQN,1,-1
6199,draw,0,0
6200,draw,0,0
6201,DQN,1,-1
6202,DQN,1,-1
6203,draw,0,0
6204,DQN,1,-1
6205,draw,0,0
6206,DQN,1,-1
6207,DQN,1,-1
6208,DQN,1,-1
6209,Random,-1,1
6210,DQN,1,-1
6211,Random,-1,1
6212,DQN,1,-1
6213,DQN,1,-1
6214,DQN,1,-1
6215,DQN,1,-1
6216,DQN,1,-1
6217,DQN,1,-1
6218,draw,0,0
6219,Random,-1,1
6220,Random,-1,1
6221,Random,-1,1
6222,draw,0,0
6223,Random,-1,1
6224,DQN,1,-1
6225,DQN,1,-1
6226,Random,-1,1
6227,Random,-1,1
6228,DQN,1,-1
6229,draw,0,0
6230,DQN,1,-1
6231,Random,-1,1
6232,DQN,1,-1
6233,Random,-1,1
6234,DQN,1,-1
6235,DQN,1,-1
6236,DQN,1,-1
6237,DQN,1,-1
6238,Random,-1,1
6239,DQN,1,-1
6240,DQN,1,-1
6241,DQN,1,-1
6242,DQN,1,-1
6243,DQN,1,-1
6244,DQN,1,-1
6245,DQN,1,-1
6246,DQN,1,-1
6247,DQN,1,-1
6248,DQN,1,-1
6249,DQN,1,-1
6250,DQN,1,-1
6251,DQN,1,-1
6252,DQN,1,-1
6253,DQN,1,-1
6254,DQN,1,-1
6255,DQN,1,-1
6256,DQN,1,-1
6257,DQN,1,-1
6258,draw,0,0
6259,DQN,1,-1
6260,Random,-1,1
6261,DQN,1,-1
6262,DQN,1,-1
6263,DQN,1,-1
6264,DQN,1,-1
6265,DQN,1,-1
6266,DQN,1,-1
6267,DQN,1,-1
6268,DQN,1,-1
6269,DQN,1,-1
6270,DQN,1,-1
6271,Random,-1,1
6272,DQN,1,-1
6273,DQN,1,-1
6274,Random,-1,1
6275,DQN,1,-1
6276,DQN,1,-1
6277,DQN,1,-1
6278,DQN,1,-1
6279,DQN,1,-1
6280,DQN,1,-1
6281,DQN,1,-1
6282,DQN,1,-1
6283,DQN,1,-1
6284,DQN,1,-1
6285,DQN,1,-1
6286,DQN,1,-1
6287,DQN,1,-1
6288,DQN,1,-1
6289,DQN,1,-1
6290,DQN,1,-1
6291,DQN,1,-1
6292,DQN,1,-1
6293,DQN,1,-1
6294,DQN,1,-1
6295,DQN,1,-1
6296,DQN,1,-1
6297,DQN,1,-1
6298,Random,-1,1
6299,DQN,1,-1
6300,draw,0,0
6301,Random,-1,1
6302,DQN,1,-1
6303,DQN,1,-1
6304,DQN,1,-1
6305,DQN,1,-1
6306,Random,-1,1
6307,DQN,1,-1
6308,DQN,1,-1
6309,Random,-1,1
6310,Random,-1,1
6311,DQN,1,-1
6312,DQN,1,-1
6313,DQN,1,-1
6314,DQN,1,-1
6315,DQN,1,-1
6316,DQN,1,-1
6317,DQN,1,-1
6318,DQN,1,-1
6319,Random,-1,1
6320,draw,0,0
6321,DQN,1,-1
6322,DQN,1,-1
6323,DQN,1,-1
6324,DQN,1,-1
6325,DQN,1,-1
6326,DQN,1,-1
6327,draw,0,0
6328,DQN,1,-1
6329,DQN,1,-1
6330,Random,-1,1
6331,DQN,1,-1
6332,DQN,1,-1
6333,DQN,1,-1
6334,DQN,1,-1
6335,DQN,1,-1
6336,DQN,1,-1
6337,DQN,1,-1
6338,DQN,1,-1
6339,DQN,1,-1
6340,DQN,1,-1
6341,Random,-1,1
6342,Random,-1,1
6343,DQN,1,-1
6344,DQN,1,-1
6345,Random,-1,1
6346,DQN,1,-1
6347,DQN,1,-1
6348,draw,0,0
6349,DQN,1,-1
6350,DQN,1,-1
6351,DQN,1,-1
6352,Random,-1,1
6353,DQN,1,-1
6354,DQN,1,-1
6355,DQN,1,-1
6356,DQN,1,-1
6357,DQN,1,-1
6358,draw,0,0
6359,Random,-1,1
6360,DQN,1,-1
6361,DQN,1,-1
6362,DQN,1,-1
6363,draw,0,0
6364,DQN,1,-1
6365,DQN,1,-1
6366,Random,-1,1
6367,Random,-1,1
6368,DQN,1,-1
6369,DQN,1,-1
6370,Random,-1,1
6371,DQN,1,-1
6372,DQN,1,-1
6373,Random,-1,1
6374,DQN,1,-1
6375,DQN,1,-1
6376,DQN,1,-1
6377,DQN,1,-1
6378,draw,0,0
6379,DQN,1,-1
6380,DQN,1,-1
6381,Random,-1,1
6382,DQN,1,-1
6383,DQN,1,-1
6384,DQN,1,-1
6385,DQN,1,-1
6386,DQN,1,-1
6387,DQN,1,-1
6388,DQN,1,-1
6389,draw,0,0
6390,DQN,1,-1
6391,DQN,1,-1
6392,DQN,1,-1
6393,DQN,1,-1
6394,DQN,1,-1
6395,Random,-1,1
6396,DQN,1,-1
6397,draw,0,0
6398,Random,-1,1
6399,DQN,1,-1
6400,draw,0,0
6401,DQN,1,-1
6402,DQN,1,-1
6403,DQN,1,-1
6404,draw,0,0
6405,Random,-1,1
6406,draw,0,0
6407,draw,0,0
6408,DQN,1,-1
6409,DQN,1,-1
6410,DQN,1,-1
6411,draw,0,0
6412,DQN,1,-1
6413,DQN,1,-1
6414,DQN,1,-1
6415,DQN,1,-1
6416,DQN,1,-1
6417,DQN,1,-1
6418,DQN,1,-1
6419,DQN,1,-1
6420,DQN,1,-1
6421,DQN,1,-1
6422,DQN,1,-1
6423,draw,0,0
6424,draw,0,0
6425,DQN,1,-1
6426,draw,0,0
6427,DQN,1,-1
6428,DQN,1,-1
6429,Random,-1,1
6430,DQN,1,-1
6431,draw,0,0
6432,draw,0,0
6433,draw,0,0
6434,DQN,1,-1
6435,DQN,1,-1
6436,draw,0,0
6437,DQN,1,-1
6438,draw,0,0
6439,Random,-1,1
6440,DQN,1,-1
6441,DQN,1,-1
6442,draw,0,0
6443,Random,-1,1
6444,DQN,1,-1
6445,draw,0,0
6446,DQN,1,-1
6447,draw,0,0
6448,DQN,1,-1
6449,DQN,1,-1
6450,draw,0,0
6451,Random,-1,1
6452,Random,-1,1
6453,DQN,1,-1
6454,DQN,1,-1
6455,DQN,1,-1
6456,draw,0,0
6457,DQN,1,-1
6458,DQN,1,-1
6459,DQN,1,-1
6460,DQN,1,-1
6461,draw,0,0
6462,draw,0,0
6463,Random,-1,1
6464,DQN,1,-1
6465,draw,0,0
6466,DQN,1,-1
6467,DQN,1,-1
6468,DQN,1,-1
6469,Random,-1,1
6470,Random,-1,1
6471,Random,-1,1
6472,draw,0,0
6473,DQN,1,-1
6474,DQN,1,-1
6475,DQN,1,-1
6476,Random,-1,1
6477,DQN,1,-1
6478,DQN,1,-1
6479,DQN,1,-1
6480,DQN,1,-1
6481,DQN,1,-1
6482,Random,-1,1
6483,Random,-1,1
6484,DQN,1,-1
6485,draw,0,0
6486,DQN,1,-1
6487,DQN,1,-1
6488,DQN,1,-1
6489,DQN,1,-1
6490,DQN,1,-1
6491,DQN,1,-1
6492,DQN,1,-1
6493,DQN,1,-1
6494,draw,0,0
6495,draw,0,0
6496,DQN,1,-1
6497,DQN,1,-1
6498,draw,0,0
6499,DQN,1,-1
6500,DQN,1,-1
6501,DQN,1,-1
6502,DQN,1,-1
6503,DQN,1,-1
6504,DQN,1,-1
6505,DQN,1,-1
6506,DQN,1,-1
6507,DQN,1,-1
6508,DQN,1,-1
6509,Random,-1,1
6510,DQN,1,-1
6511,DQN,1,-1
6512,DQN,1,-1
6513,DQN,1,-1
6514,DQN,1,-1
6515,DQN,1,-1
6516,DQN,1,-1
6517,DQN,1,-1
6518,DQN,1,-1
6519,Random,-1,1
6520,DQN,1,-1
6521,DQN,1,-1
6522,DQN,1,-1
6523,DQN,1,-1
6524,DQN,1,-1
6525,DQN,1,-1
6526,DQN,1,-1
6527,Random,-1,1
6528,DQN,1,-1
6529,DQN,1,-1
6530,Random,-1,1
6531,DQN,1,-1
6532,DQN,1,-1
6533,DQN,1,-1
6534,draw,0,0
6535,DQN,1,-1
6536,DQN,1,-1
6537,DQN,1,-1
6538,DQN,1,-1
6539,DQN,1,-1
6540,DQN,1,-1
6541,DQN,1,-1
6542,draw,0,0
6543,Random,-1,1
6544,DQN,1,-1
6545,DQN,1,-1
6546,DQN,1,-1
6547,DQN,1,-1
6548,Random,-1,1
6549,Random,-1,1
6550,DQN,1,-1
6551,Random,-1,1
6552,DQN,1,-1
6553,DQN,1,-1
6554,DQN,1,-1
6555,DQN,1,-1
6556,draw,0,0
6557,DQN,1,-1
6558,DQN,1,-1
6559,DQN,1,-1
6560,DQN,1,-1
6561,DQN,1,-1
6562,DQN,1,-1
6563,DQN,1,-1
6564,DQN,1,-1
6565,DQN,1,-1
6566,DQN,1,-1
6567,Random,-1,1
6568,DQN,1,-1
6569,DQN,1,-1
6570,Random,-1,1
6571,DQN,1,-1
6572,Random,-1,1
6573,DQN,1,-1
6574,DQN,1,-1
6575,DQN,1,-1
6576,DQN,1,-1
6577,Random,-1,1
6578,draw,0,0
6579,draw,0,0
6580,DQN,1,-1
6581,DQN,1,-1
6582,DQN,1,-1
6583,DQN,1,-1
6584,DQN,1,-1
6585,DQN,1,-1
6586,Random,-1,1
6587,Random,-1,1
6588,DQN,1,-1
6589,DQN,1,-1
6590,DQN,1,-1
6591,DQN,1,-1
6592,DQN,1,-1
6593,DQN,1,-1
6594,Random,-1,1
6595,DQN,1,-1
6596,draw,0,0
6597,DQN,1,-1
6598,DQN,1,-1
6599,DQN,1,-1
6600,DQN,1,-1
6601,DQN,1,-1
6602,DQN,1,-1
6603,DQN,1,-1
6604,Random,-1,1
6605,draw,0,0
6606,DQN,1,-1
6607,DQN,1,-1
6608,Random,-1,1
6609,DQN,1,-1
6610,Random,-1,1
6611,Random,-1,1
6612,DQN,1,-1
6613,DQN,1,-1
6614,DQN,1,-1
6615,Random,-1,1
6616,Random,-1,1
6617,DQN,1,-1
6618,DQN,1,-1
6619,Random,-1,1
6620,DQN,1,-1
6621,DQN,1,-1
6622,DQN,1,-1
6623,DQN,1,-1
6624,Random,-1,1
6625,DQN,1,-1
6626,DQN,1,-1
6627,Random,-1,1
6628,DQN,1,-1
6629,DQN,1,-1
6630,DQN,1,-1
6631,Random,-1,1
6632,DQN,1,-1
6633,DQN,1,-1
6634,Random,-1,1
6635,DQN,1,-1
6636,DQN,1,-1
6637,DQN,1,-1
6638,DQN,1,-1
6639,DQN,1,-1
6640,DQN,1,-1
6641,DQN,1,-1
6642,DQN,1,-1
6643,DQN,1,-1
6644,DQN,1,-1
6645,DQN,1,-1
6646,DQN,1,-1
6647,draw,0,0
6648,DQN,1,-1
6649,DQN,1,-1
6650,DQN,1,-1
6651,DQN,1,-1
6652,DQN,1,-1
6653,DQN,1,-1
6654,DQN,1,-1
6655,draw,0,0
6656,DQN,1,-1
6657,DQN,1,-1
6658,DQN,1,-1
6659,DQN,1,-1
6660,Random,-1,1
6661,DQN,1,-1
6662,DQN,1,-1
6663,Random,-1,1
6664,Random,-1,1
6665,DQN,1,-1
6666,DQN,1,-1
6667,DQN,1,-1
6668,DQN,1,-1
6669,DQN,1,-1
6670,Random,-1,1
6671,DQN,1,-1
6672,DQN,1,-1
6673,Random,-1,1
6674,DQN,1,-1
6675,DQN,1,-1
6676,Random,-1,1
6677,DQN,1,-1
6678,DQN,1,-1
6679,draw,0,0
6680,DQN,1,-1
6681,draw,0,0
6682,DQN,1,-1
6683,DQN,1,-1
6684,DQN,1,-1
6685,DQN,1,-1
6686,DQN,1,-1
6687,DQN,1,-1
6688,DQN,1,-1
6689,DQN,1,-1
6690,DQN,1,-1
6691,Random,-1,1
6692,draw,0,0
6693,Random,-1,1
6694,DQN,1,-1
6695,DQN,1,-1
6696,DQN,1,-1
6697,draw,0,0
6698,DQN,1,-1
6699,DQN,1,-1
6700,DQN,1,-1
6701,Random,-1,1
6702,DQN,1,-1
6703,DQN,1,-1
6704,Random,-1,1
6705,DQN,1,-1
6706,DQN,1,-1
6707,DQN,1,-1
6708,DQN,1,-1
6709,DQN,1,-1
6710,DQN,1,-1
6711,DQN,1,-1
6712,DQN,1,-1
6713,DQN,1,-1
6714,DQN,1,-1
6715,DQN,1,-1
6716,DQN,1,-1
6717,DQN,1,-1
6718,DQN,1,-1
6719,DQN,1,-1
6720,DQN,1,-1
6721,Random,-1,1
6722,DQN,1,-1
6723,DQN,1,-1
6724,DQN,1,-1
6725,DQN,1,-1
6726,Random,-1,1
6727,DQN,1,-1
6728,DQN,1,-1
6729,DQN,1,-1
6730,DQN,1,-1
6731,DQN,1,-1
6732,DQN,1,-1
6733,DQN,1,-1
6734,Random,-1,1
6735,DQN,1,-1
6736,Random,-1,1
6737,DQN,1,-1
6738,DQN,1,-1
6739,DQN,1,-1
6740,DQN,1,-1
6741,DQN,1,-1
6742,DQN,1,-1
6743,DQN,1,-1
6744,DQN,1,-1
6745,DQN,1,-1
6746,DQN,1,-1
6747,DQN,1,-1
6748,DQN,1,-1
6749,DQN,1,-1
6750,DQN,1,-1
6751,DQN,1,-1
6752,DQN,1,-1
6753,DQN,1,-1
6754,draw,0,0
6755,DQN,1,-1
6756,draw,0,0
6757,DQN,1,-1
6758,draw,0,0
6759,DQN,1,-1
6760,DQN,1,-1
6761,DQN,1,-1
6762,draw,0,0
6763,DQN,1,-1
6764,DQN,1,-1
6765,DQN,1,-1
6766,DQN,1,-1
6767,DQN,1,-1
6768,Random,-1,1
6769,DQN,1,-1
6770,DQN,1,-1
6771,Random,-1,1
6772,Random,-1,1
6773,DQN,1,-1
6774,draw,0,0
6775,DQN,1,-1
6776,draw,0,0
6777,DQN,1,-1
6778,DQN,1,-1
6779,DQN,1,-1
6780,DQN,1,-1
6781,Random,-1,1
6782,Random,-1,1
6783,Random,-1,1
6784,DQN,1,-1
6785,Random,-1,1
6786,Random,-1,1
6787,DQN,1,-1
6788,draw,0,0
6789,DQN,1,-1
6790,draw,0,0
6791,draw,0,0
6792,DQN,1,-1
6793,DQN,1,-1
6794,Random,-1,1
6795,Random,-1,1
6796,Random,-1,1
6797,Random,-1,1
6798,Random,-1,1
6799,Random,-1,1
6800,Random,-1,1
6801,DQN,1,-1
6802,draw,0,0
6803,draw,0,0
6804,DQN,1,-1
6805,DQN,1,-1
6806,DQN,1,-1
6807,DQN,1,-1
6808,draw,0,0
6809,Random,-1,1
6810,Random,-1,1
6811,Random,-1,1
6812,Random,-1,1
6813,Random,-1,1
6814,DQN,1,-1
6815,DQN,1,-1
6816,DQN,1,-1
6817,draw,0,0
6818,Random,-1,1
6819,draw,0,0
6820,Random,-1,1
6821,Random,-1,1
6822,draw,0,0
6823,Random,-1,1
6824,DQN,1,-1
6825,draw,0,0
6826,Random,-1,1
6827,Random,-1,1
6828,DQN,1,-1
6829,Random,-1,1
6830,draw,0,0
6831,DQN,1,-1
6832,draw,0,0
6833,DQN,1,-1
6834,Random,-1,1
6835,Random,-1,1
6836,DQN,1,-1
6837,draw,0,0
6838,Random,-1,1
6839,DQN,1,-1
6840,draw,0,0
6841,draw,0,0
6842,draw,0,0
6843,DQN,1,-1
6844,draw,0,0
6845,DQN,1,-1
6846,Random,-1,1
6847,DQN,1,-1
6848,DQN,1,-1
6849,DQN,1,-1
6850,DQN,1,-1
6851,Random,-1,1
6852,draw,0,0
6853,draw,0,0
6854,DQN,1,-1
6855,DQN,1,-1
6856,Random,-1,1
6857,DQN,1,-1
6858,DQN,1,-1
6859,DQN,1,-1
6860,DQN,1,-1
6861,DQN,1,-1
6862,DQN,1,-1
6863,DQN,1,-1
6864,DQN,1,-1
6865,DQN,1,-1
6866,Random,-1,1
6867,DQN,1,-1
6868,DQN,1,-1
6869,Random,-1,1
6870,DQN,1,-1
6871,DQN,1,-1
6872,draw,0,0
6873,DQN,1,-1
6874,DQN,1,-1
6875,DQN,1,-1
6876,Random,-1,1
6877,Random,-1,1
6878,Random,-1,1
6879,DQN,1,-1
6880,DQN,1,-1
6881,DQN,1,-1
6882,draw,0,0
6883,DQN,1,-1
6884,DQN,1,-1
6885,DQN,1,-1
6886,DQN,1,-1
6887,DQN,1,-1
6888,DQN,1,-1
6889,DQN,1,-1
6890,DQN,1,-1
6891,DQN,1,-1
6892,DQN,1,-1
6893,DQN,1,-1
6894,DQN,1,-1
6895,DQN,1,-1
6896,DQN,1,-1
6897,Random,-1,1
6898,DQN,1,-1
6899,DQN,1,-1
6900,DQN,1,-1
6901,DQN,1,-1
6902,DQN,1,-1
6903,DQN,1,-1
6904,Random,-1,1
6905,DQN,1,-1
6906,DQN,1,-1
6907,DQN,1,-1
6908,draw,0,0
6909,draw,0,0
6910,draw,0,0
6911,DQN,1,-1
6912,Random,-1,1
6913,DQN,1,-1
6914,DQN,1,-1
6915,DQN,1,-1
6916,DQN,1,-1
6917,DQN,1,-1
6918,draw,0,0
6919,DQN,1,-1
6920,draw,0,0
6921,draw,0,0
6922,draw,0,0
6923,Random,-1,1
6924,Random,-1,1
6925,draw,0,0
6926,draw,0,0
6927,Random,-1,1
6928,DQN,1,-1
6929,Random,-1,1
6930,DQN,1,-1
6931,DQN,1,-1
6932,DQN,1,-1
6933,draw,0,0
6934,draw,0,0
6935,draw,0,0
6936,DQN,1,-1
6937,Random,-1,1
6938,DQN,1,-1
6939,draw,0,0
6940,Random,-1,1
6941,draw,0,0
6942,DQN,1,-1
6943,DQN,1,-1
6944,DQN,1,-1
6945,Random,-1,1
6946,DQN,1,-1
6947,DQN,1,-1
6948,Random,-1,1
6949,Random,-1,1
6950,DQN,1,-1
6951,DQN,1,-1
6952,DQN,1,-1
6953,DQN,1,-1
6954,DQN,1,-1
6955,draw,0,0
6956,DQN,1,-1
6957,DQN,1,-1
6958,DQN,1,-1
6959,Random,-1,1
6960,DQN,1,-1
6961,DQN,1,-1
6962,Random,-1,1
6963,Random,-1,1
6964,DQN,1,-1
6965,DQN,1,-1
6966,Random,-1,1
6967,DQN,1,-1
6968,DQN,1,-1
6969,Random,-1,1
6970,DQN,1,-1
6971,DQN,1,-1
6972,DQN,1,-1
6973,DQN,1,-1
6974,DQN,1,-1
6975,DQN,1,-1
6976,DQN,1,-1
6977,DQN,1,-1
6978,DQN,1,-1
6979,DQN,1,-1
6980,DQN,1,-1
6981,DQN,1,-1
6982,DQN,1,-1
6983,DQN,1,-1
6984,DQN,1,-1
6985,DQN,1,-1
6986,DQN,1,-1
6987,DQN,1,-1
6988,DQN,1,-1
6989,DQN,1,-1
6990,DQN,1,-1
6991,DQN,1,-1
6992,DQN,1,-1
6993,DQN,1,-1
6994,DQN,1,-1
6995,DQN,1,-1
6996,DQN,1,-1
6997,DQN,1,-1
6998,DQN,1,-1
6999,DQN,1,-1
7000,DQN,1,-1
7001,Random,-1,1
7002,DQN,1,-1
7003,DQN,1,-1
7004,DQN,1,-1
7005,DQN,1,-1
7006,DQN,1,-1
7007,DQN,1,-1
7008,DQN,1,-1
7009,DQN,1,-1
7010,DQN,1,-1
7011,DQN,1,-1
7012,DQN,1,-1
7013,DQN,1,-1
7014,draw,0,0
7015,DQN,1,-1
7016,Random,-1,1
7017,DQN,1,-1
7018,DQN,1,-1
7019,Random,-1,1
7020,DQN,1,-1
7021,DQN,1,-1
7022,DQN,1,-1
7023,DQN,1,-1
7024,Random,-1,1
7025,DQN,1,-1
7026,Random,-1,1
7027,DQN,1,-1
7028,DQN,1,-1
7029,DQN,1,-1
7030,DQN,1,-1
7031,DQN,1,-1
7032,Random,-1,1
7033,DQN,1,-1
7034,DQN,1,-1
7035,DQN,1,-1
7036,DQN,1,-1
7037,DQN,1,-1
7038,DQN,1,-1
7039,DQN,1,-1
7040,DQN,1,-1
7041,DQN,1,-1
7042,DQN,1,-1
7043,DQN,1,-1
7044,DQN,1,-1
7045,DQN,1,-1
7046,DQN,1,-1
7047,DQN,1,-1
7048,DQN,1,-1
7049,DQN,1,-1
7050,Random,-1,1
7051,DQN,1,-1
7052,DQN,1,-1
7053,DQN,1,-1
7054,DQN,1,-1
7055,DQN,1,-1
7056,DQN,1,-1
7057,DQN,1,-1
7058,DQN,1,-1
7059,DQN,1,-1
7060,DQN,1,-1
7061,DQN,1,-1
7062,DQN,1,-1
7063,DQN,1,-1
7064,DQN,1,-1
7065,DQN,1,-1
7066,DQN,1,-1
7067,DQN,1,-1
7068,DQN,1,-1
7069,DQN,1,-1
7070,Random,-1,1
7071,DQN,1,-1
7072,DQN,1,-1
7073,DQN,1,-1
7074,DQN,1,-1
7075,DQN,1,-1
7076,DQN,1,-1
7077,DQN,1,-1
7078,Random,-1,1
7079,DQN,1,-1
7080,DQN,1,-1
7081,DQN,1,-1
7082,DQN,1,-1
7083,DQN,1,-1
7084,Random,-1,1
7085,DQN,1,-1
7086,DQN,1,-1
7087,DQN,1,-1
7088,DQN,1,-1
7089,DQN,1,-1
7090,DQN,1,-1
7091,DQN,1,-1
7092,DQN,1,-1
7093,DQN,1,-1
7094,DQN,1,-1
7095,DQN,1,-1
7096,DQN,1,-1
7097,DQN,1,-1
7098,DQN,1,-1
7099,DQN,1,-1
7100,DQN,1,-1
7101,DQN,1,-1
7102,DQN,1,-1
7103,DQN,1,-1
7104,draw,0,0
7105,DQN,1,-1
7106,DQN,1,-1
7107,DQN,1,-1
7108,DQN,1,-1
7109,Random,-1,1
7110,DQN,1,-1
7111,Random,-1,1
7112,DQN,1,-1
7113,DQN,1,-1
7114,DQN,1,-1
7115,draw,0,0
7116,DQN,1,-1
7117,DQN,1,-1
7118,DQN,1,-1
7119,draw,0,0
7120,DQN,1,-1
7121,draw,0,0
7122,DQN,1,-1
7123,DQN,1,-1
7124,DQN,1,-1
7125,DQN,1,-1
7126,Random,-1,1
7127,Random,-1,1
7128,DQN,1,-1
7129,DQN,1,-1
7130,DQN,1,-1
7131,DQN,1,-1
7132,Random,-1,1
7133,DQN,1,-1
7134,DQN,1,-1
7135,Random,-1,1
7136,draw,0,0
7137,DQN,1,-1
7138,Random,-1,1
7139,DQN,1,-1
7140,draw,0,0
7141,Random,-1,1
7142,draw,0,0
7143,draw,0,0
7144,DQN,1,-1
7145,DQN,1,-1
7146,draw,0,0
7147,DQN,1,-1
7148,draw,0,0
7149,DQN,1,-1
7150,DQN,1,-1
7151,DQN,1,-1
7152,DQN,1,-1
7153,DQN,1,-1
7154,DQN,1,-1
7155,DQN,1,-1
7156,DQN,1,-1
7157,DQN,1,-1
7158,DQN,1,-1
7159,Random,-1,1
7160,DQN,1,-1
7161,DQN,1,-1
7162,DQN,1,-1
7163,DQN,1,-1
7164,DQN,1,-1
7165,Random,-1,1
7166,DQN,1,-1
7167,DQN,1,-1
7168,DQN,1,-1
7169,DQN,1,-1
7170,DQN,1,-1
7171,DQN,1,-1
7172,DQN,1,-1
7173,DQN,1,-1
7174,DQN,1,-1
7175,DQN,1,-1
7176,draw,0,0
7177,Random,-1,1
7178,DQN,1,-1
7179,DQN,1,-1
7180,draw,0,0
7181,Random,-1,1
7182,Random,-1,1
7183,DQN,1,-1
7184,DQN,1,-1
7185,DQN,1,-1
7186,DQN,1,-1
7187,DQN,1,-1
7188,Random,-1,1
7189,DQN,1,-1
7190,DQN,1,-1
7191,DQN,1,-1
7192,Random,-1,1
7193,DQN,1,-1
7194,DQN,1,-1
7195,DQN,1,-1
7196,DQN,1,-1
7197,DQN,1,-1
7198,DQN,1,-1
7199,DQN,1,-1
7200,DQN,1,-1
7201,DQN,1,-1
7202,DQN,1,-1
7203,draw,0,0
7204,DQN,1,-1
7205,DQN,1,-1
7206,DQN,1,-1
7207,Random,-1,1
7208,DQN,1,-1
7209,DQN,1,-1
7210,DQN,1,-1
7211,DQN,1,-1
7212,DQN,1,-1
7213,DQN,1,-1
7214,Random,-1,1
7215,DQN,1,-1
7216,DQN,1,-1
7217,DQN,1,-1
7218,DQN,1,-1
7219,DQN,1,-1
7220,DQN,1,-1
7221,DQN,1,-1
7222,DQN,1,-1
7223,DQN,1,-1
7224,DQN,1,-1
7225,Random,-1,1
7226,draw,0,0
7227,DQN,1,-1
7228,DQN,1,-1
7229,DQN,1,-1
7230,DQN,1,-1
7231,DQN,1,-1
7232,DQN,1,-1
7233,DQN,1,-1
7234,DQN,1,-1
7235,DQN,1,-1
7236,DQN,1,-1
7237,DQN,1,-1
7238,Random,-1,1
7239,DQN,1,-1
7240,DQN,1,-1
7241,DQN,1,-1
7242,DQN,1,-1
7243,DQN,1,-1
7244,DQN,1,-1
7245,Random,-1,1
7246,DQN,1,-1
7247,draw,0,0
7248,DQN,1,-1
7249,draw,0,0
7250,DQN,1,-1
7251,DQN,1,-1
7252,Random,-1,1
7253,DQN,1,-1
7254,Random,-1,1
7255,DQN,1,-1
7256,DQN,1,-1
7257,DQN,1,-1
7258,DQN,1,-1
7259,DQN,1,-1
7260,DQN,1,-1
7261,DQN,1,-1
7262,DQN,1,-1
7263,DQN,1,-1
7264,DQN,1,-1
7265,Random,-1,1
7266,DQN,1,-1
7267,DQN,1,-1
7268,DQN,1,-1
7269,DQN,1,-1
7270,DQN,1,-1
7271,DQN,1,-1
7272,Random,-1,1
7273,DQN,1,-1
7274,Random,-1,1
7275,DQN,1,-1
7276,DQN,1,-1
7277,DQN,1,-1
7278,DQN,1,-1
7279,DQN,1,-1
7280,DQN,1,-1
7281,DQN,1,-1
7282,draw,0,0
7283,DQN,1,-1
7284,draw,0,0
7285,DQN,1,-1
7286,draw,0,0
7287,DQN,1,-1
7288,DQN,1,-1
7289,DQN,1,-1
7290,DQN,1,-1
7291,DQN,1,-1
7292,DQN,1,-1
7293,DQN,1,-1
7294,Random,-1,1
7295,Random,-1,1
7296,draw,0,0
7297,DQN,1,-1
7298,Random,-1,1
7299,draw,0,0
7300,draw,0,0
7301,DQN,1,-1
7302,DQN,1,-1
7303,Random,-1,1
7304,draw,0,0
7305,DQN,1,-1
7306,DQN,1,-1
7307,DQN,1,-1
7308,Random,-1,1
7309,DQN,1,-1
7310,DQN,1,-1
7311,draw,0,0
7312,DQN,1,-1
7313,Random,-1,1
7314,DQN,1,-1
7315,DQN,1,-1
7316,Random,-1,1
7317,DQN,1,-1
7318,DQN,1,-1
7319,draw,0,0
7320,Random,-1,1
7321,DQN,1,-1
7322,DQN,1,-1
7323,DQN,1,-1
7324,DQN,1,-1
7325,DQN,1,-1
7326,DQN,1,-1
7327,DQN,1,-1
7328,DQN,1,-1
7329,DQN,1,-1
7330,DQN,1,-1
7331,DQN,1,-1
7332,DQN,1,-1
7333,draw,0,0
7334,DQN,1,-1
7335,DQN,1,-1
7336,DQN,1,-1
7337,DQN,1,-1
7338,DQN,1,-1
7339,draw,0,0
7340,draw,0,0
7341,DQN,1,-1
7342,DQN,1,-1
7343,DQN,1,-1
7344,draw,0,0
7345,DQN,1,-1
7346,DQN,1,-1
7347,DQN,1,-1
7348,DQN,1,-1
7349,DQN,1,-1
7350,DQN,1,-1
7351,draw,0,0
7352,DQN,1,-1
7353,DQN,1,-1
7354,draw,0,0
7355,DQN,1,-1
7356,draw,0,0
7357,DQN,1,-1
7358,DQN,1,-1
7359,DQN,1,-1
7360,DQN,1,-1
7361,DQN,1,-1
7362,DQN,1,-1
7363,DQN,1,-1
7364,DQN,1,-1
7365,DQN,1,-1
7366,DQN,1,-1
7367,draw,0,0
7368,DQN,1,-1
7369,draw,0,0
7370,DQN,1,-1
7371,Random,-1,1
7372,DQN,1,-1
7373,draw,0,0
7374,Random,-1,1
7375,DQN,1,-1
7376,DQN,1,-1
7377,DQN,1,-1
7378,DQN,1,-1
7379,DQN,1,-1
7380,draw,0,0
7381,DQN,1,-1
7382,DQN,1,-1
7383,draw,0,0
7384,draw,0,0
7385,DQN,1,-1
7386,draw,0,0
7387,DQN,1,-1
7388,draw,0,0
7389,Random,-1,1
7390,draw,0,0
7391,draw,0,0
7392,DQN,1,-1
7393,Random,-1,1
7394,DQN,1,-1
7395,Random,-1,1
7396,DQN,1,-1
7397,DQN,1,-1
7398,DQN,1,-1
7399,DQN,1,-1
7400,Random,-1,1
7401,DQN,1,-1
7402,DQN,1,-1
7403,DQN,1,-1
7404,DQN,1,-1
7405,DQN,1,-1
7406,DQN,1,-1
7407,DQN,1,-1
7408,draw,0,0
7409,Random,-1,1
7410,DQN,1,-1
7411,draw,0,0
7412,draw,0,0
7413,Random,-1,1
7414,DQN,1,-1
7415,DQN,1,-1
7416,Random,-1,1
7417,DQN,1,-1
7418,DQN,1,-1
7419,draw,0,0
7420,Random,-1,1
7421,DQN,1,-1
7422,DQN,1,-1
7423,DQN,1,-1
7424,Random,-1,1
7425,DQN,1,-1
7426,DQN,1,-1
7427,draw,0,0
7428,draw,0,0
7429,draw,0,0
7430,Random,-1,1
7431,draw,0,0
7432,DQN,1,-1
7433,DQN,1,-1
7434,draw,0,0
7435,Random,-1,1
7436,DQN,1,-1
7437,draw,0,0
7438,DQN,1,-1
7439,DQN,1,-1
7440,DQN,1,-1
7441,DQN,1,-1
7442,Random,-1,1
7443,draw,0,0
7444,draw,0,0
7445,DQN,1,-1
7446,draw,0,0
7447,DQN,1,-1
7448,DQN,1,-1
7449,DQN,1,-1
7450,Random,-1,1
7451,DQN,1,-1
7452,DQN,1,-1
7453,DQN,1,-1
7454,DQN,1,-1
7455,draw,0,0
7456,DQN,1,-1
7457,draw,0,0
7458,DQN,1,-1
7459,Random,-1,1
7460,DQN,1,-1
7461,draw,0,0
7462,DQN,1,-1
7463,DQN,1,-1
7464,Random,-1,1
7465,DQN,1,-1
7466,draw,0,0
7467,DQN,1,-1
7468,DQN,1,-1
7469,DQN,1,-1
7470,DQN,1,-1
7471,Random,-1,1
7472,DQN,1,-1
7473,DQN,1,-1
7474,DQN,1,-1
7475,DQN,1,-1
7476,draw,0,0
7477,draw,0,0
7478,draw,0,0
7479,DQN,1,-1
7480,draw,0,0
7481,DQN,1,-1
7482,DQN,1,-1
7483,DQN,1,-1
7484,DQN,1,-1
7485,DQN,1,-1
7486,Random,-1,1
7487,DQN,1,-1
7488,DQN,1,-1
7489,DQN,1,-1
7490,DQN,1,-1
7491,DQN,1,-1
7492,Random,-1,1
7493,DQN,1,-1
7494,draw,0,0
7495,DQN,1,-1
7496,draw,0,0
7497,DQN,1,-1
7498,DQN,1,-1
7499,DQN,1,-1
7500,DQN,1,-1
7501,Random,-1,1
7502,DQN,1,-1
7503,DQN,1,-1
7504,DQN,1,-1
7505,DQN,1,-1
7506,DQN,1,-1
7507,DQN,1,-1
7508,DQN,1,-1
7509,DQN,1,-1
7510,DQN,1,-1
7511,DQN,1,-1
7512,DQN,1,-1
7513,DQN,1,-1
7514,DQN,1,-1
7515,DQN,1,-1
7516,Random,-1,1
7517,DQN,1,-1
7518,DQN,1,-1
7519,Random,-1,1
7520,DQN,1,-1
7521,DQN,1,-1
7522,DQN,1,-1
7523,DQN,1,-1
7524,DQN,1,-1
7525,DQN,1,-1
7526,DQN,1,-1
7527,DQN,1,-1
7528,DQN,1,-1
7529,DQN,1,-1
7530,DQN,1,-1
7531,DQN,1,-1
7532,DQN,1,-1
7533,DQN,1,-1
7534,DQN,1,-1
7535,DQN,1,-1
7536,Random,-1,1
7537,Random,-1,1
7538,DQN,1,-1
7539,DQN,1,-1
7540,Random,-1,1
7541,DQN,1,-1
7542,DQN,1,-1
7543,DQN,1,-1
7544,DQN,1,-1
7545,DQN,1,-1
7546,Random,-1,1
7547,DQN,1,-1
7548,Random,-1,1
7549,DQN,1,-1
7550,DQN,1,-1
7551,DQN,1,-1
7552,DQN,1,-1
7553,DQN,1,-1
7554,Random,-1,1
7555,DQN,1,-1
7556,Random,-1,1
7557,DQN,1,-1
7558,DQN,1,-1
7559,DQN,1,-1
7560,DQN,1,-1
7561,DQN,1,-1
7562,DQN,1,-1
7563,DQN,1,-1
7564,DQN,1,-1
7565,DQN,1,-1
7566,DQN,1,-1
7567,DQN,1,-1
7568,DQN,1,-1
7569,DQN,1,-1
7570,draw,0,0
7571,DQN,1,-1
7572,DQN,1,-1
7573,DQN,1,-1
7574,DQN,1,-1
7575,DQN,1,-1
7576,DQN,1,-1
7577,DQN,1,-1
7578,DQN,1,-1
7579,DQN,1,-1
7580,DQN,1,-1
7581,DQN,1,-1
7582,DQN,1,-1
7583,DQN,1,-1
7584,DQN,1,-1
7585,DQN,1,-1
7586,Random,-1,1
7587,DQN,1,-1
7588,DQN,1,-1
7589,Random,-1,1
7590,DQN,1,-1
7591,Random,-1,1
7592,DQN,1,-1
7593,DQN,1,-1
7594,DQN,1,-1
7595,DQN,1,-1
7596,DQN,1,-1
7597,DQN,1,-1
7598,Random,-1,1
7599,DQN,1,-1
7600,DQN,1,-1
7601,DQN,1,-1
7602,DQN,1,-1
7603,Random,-1,1
7604,Random,-1,1
7605,DQN,1,-1
7606,DQN,1,-1
7607,DQN,1,-1
7608,DQN,1,-1
7609,DQN,1,-1
7610,Random,-1,1
7611,DQN,1,-1
7612,DQN,1,-1
7613,DQN,1,-1
7614,DQN,1,-1
7615,DQN,1,-1
7616,DQN,1,-1
7617,DQN,1,-1
7618,DQN,1,-1
7619,DQN,1,-1
7620,DQN,1,-1
7621,Random,-1,1
7622,Random,-1,1
7623,DQN,1,-1
7624,Random,-1,1
7625,DQN,1,-1
7626,DQN,1,-1
7627,DQN,1,-1
7628,Random,-1,1
7629,DQN,1,-1
7630,DQN,1,-1
7631,DQN,1,-1
7632,DQN,1,-1
7633,draw,0,0
7634,DQN,1,-1
7635,DQN,1,-1
7636,Random,-1,1
7637,Random,-1,1
7638,Random,-1,1
7639,DQN,1,-1
7640,Random,-1,1
7641,DQN,1,-1
7642,DQN,1,-1
7643,draw,0,0
7644,DQN,1,-1
7645,DQN,1,-1
7646,DQN,1,-1
7647,DQN,1,-1
7648,DQN,1,-1
7649,DQN,1,-1
7650,Random,-1,1
7651,DQN,1,-1
7652,DQN,1,-1
7653,DQN,1,-1
7654,DQN,1,-1
7655,Random,-1,1
7656,DQN,1,-1
7657,DQN,1,-1
7658,DQN,1,-1
7659,DQN,1,-1
7660,DQN,1,-1
7661,DQN,1,-1
7662,DQN,1,-1
7663,Random,-1,1
7664,DQN,1,-1
7665,DQN,1,-1
7666,DQN,1,-1
7667,DQN,1,-1
7668,DQN,1,-1
7669,DQN,1,-1
7670,DQN,1,-1
7671,DQN,1,-1
7672,DQN,1,-1
7673,DQN,1,-1
7674,Random,-1,1
7675,DQN,1,-1
7676,DQN,1,-1
7677,DQN,1,-1
7678,DQN,1,-1
7679,draw,0,0
7680,DQN,1,-1
7681,DQN,1,-1
7682,draw,0,0
7683,Random,-1,1
7684,DQN,1,-1
7685,DQN,1,-1
7686,draw,0,0
7687,Random,-1,1
7688,DQN,1,-1
7689,Random,-1,1
7690,Random,-1,1
7691,DQN,1,-1
7692,draw,0,0
7693,draw,0,0
7694,DQN,1,-1
7695,draw,0,0
7696,Random,-1,1
7697,Random,-1,1
7698,DQN,1,-1
7699,draw,0,0
7700,Random,-1,1
7701,Random,-1,1
7702,DQN,1,-1
7703,DQN,1,-1
7704,Random,-1,1
7705,DQN,1,-1
7706,DQN,1,-1
7707,draw,0,0
7708,DQN,1,-1
7709,DQN,1,-1
7710,draw,0,0
7711,Random,-1,1
7712,draw,0,0
7713,draw,0,0
7714,draw,0,0
7715,draw,0,0
7716,draw,0,0
7717,draw,0,0
7718,DQN,1,-1
7719,draw,0,0
7720,draw,0,0
7721,draw,0,0
7722,Random,-1,1
7723,draw,0,0
7724,DQN,1,-1
7725,draw,0,0
7726,Random,-1,1
7727,draw,0,0
7728,Random,-1,1
7729,DQN,1,-1
7730,draw,0,0
7731,DQN,1,-1
7732,DQN,1,-1
7733,draw,0,0
7734,draw,0,0
7735,draw,0,0
7736,Random,-1,1
7737,draw,0,0
7738,draw,0,0
7739,DQN,1,-1
7740,draw,0,0
7741,Random,-1,1
7742,DQN,1,-1
7743,DQN,1,-1
7744,draw,0,0
7745,draw,0,0
7746,DQN,1,-1
7747,draw,0,0
7748,Random,-1,1
7749,draw,0,0
7750,DQN,1,-1
7751,Random,-1,1
7752,Random,-1,1
7753,draw,0,0
7754,DQN,1,-1
7755,Random,-1,1
7756,DQN,1,-1
7757,draw,0,0
7758,Random,-1,1
7759,Random,-1,1
7760,DQN,1,-1
7761,draw,0,0
7762,Random,-1,1
7763,draw,0,0
7764,DQN,1,-1
7765,DQN,1,-1
7766,DQN,1,-1
7767,DQN,1,-1
7768,draw,0,0
7769,DQN,1,-1
7770,draw,0,0
7771,DQN,1,-1
7772,DQN,1,-1
7773,draw,0,0
7774,Random,-1,1
7775,DQN,1,-1
7776,Random,-1,1
7777,draw,0,0
7778,DQN,1,-1
7779,Random,-1,1
7780,draw,0,0
7781,DQN,1,-1
7782,DQN,1,-1
7783,DQN,1,-1
7784,Random,-1,1
7785,DQN,1,-1
7786,draw,0,0
7787,Random,-1,1
7788,draw,0,0
7789,DQN,1,-1
7790,DQN,1,-1
7791,DQN,1,-1
7792,DQN,1,-1
7793,draw,0,0
7794,DQN,1,-1
7795,DQN,1,-1
7796,DQN,1,-1
7797,DQN,1,-1
7798,DQN,1,-1
7799,DQN,1,-1
7800,DQN,1,-1
7801,DQN,1,-1
7802,DQN,1,-1
7803,DQN,1,-1
7804,DQN,1,-1
7805,DQN,1,-1
7806,Random,-1,1
7807,DQN,1,-1
7808,Random,-1,1
7809,Random,-1,1
7810,DQN,1,-1
7811,draw,0,0
7812,DQN,1,-1
7813,draw,0,0
7814,DQN,1,-1
7815,DQN,1,-1
7816,DQN,1,-1
7817,DQN,1,-1
7818,DQN,1,-1
7819,Random,-1,1
7820,DQN,1,-1
7821,draw,0,0
7822,Random,-1,1
7823,DQN,1,-1
7824,DQN,1,-1
7825,DQN,1,-1
7826,DQN,1,-1
7827,draw,0,0
7828,Random,-1,1
7829,DQN,1,-1
7830,DQN,1,-1
7831,Random,-1,1
7832,DQN,1,-1
7833,DQN,1,-1
7834,DQN,1,-1
7835,DQN,1,-1
7836,DQN,1,-1
7837,DQN,1,-1
7838,DQN,1,-1
7839,draw,0,0
7840,DQN,1,-1
7841,Random,-1,1
7842,DQN,1,-1
7843,draw,0,0
7844,draw,0,0
7845,draw,0,0
7846,DQN,1,-1
7847,DQN,1,-1
7848,DQN,1,-1
7849,DQN,1,-1
7850,DQN,1,-1
7851,Random,-1,1
7852,draw,0,0
7853,DQN,1,-1
7854,Random,-1,1
7855,draw,0,0
7856,draw,0,0
7857,DQN,1,-1
7858,DQN,1,-1
7859,DQN,1,-1
7860,DQN,1,-1
7861,DQN,1,-1
7862,DQN,1,-1
7863,draw,0,0
7864,Random,-1,1
7865,DQN,1,-1
7866,Random,-1,1
7867,Random,-1,1
7868,DQN,1,-1
7869,DQN,1,-1
7870,Random,-1,1
7871,draw,0,0
7872,DQN,1,-1
7873,DQN,1,-1
7874,DQN,1,-1
7875,DQN,1,-1
7876,DQN,1,-1
7877,DQN,1,-1
7878,draw,0,0
7879,Random,-1,1
7880,Random,-1,1
7881,DQN,1,-1
7882,DQN,1,-1
7883,DQN,1,-1
7884,DQN,1,-1
7885,DQN,1,-1
7886,DQN,1,-1
7887,Random,-1,1
7888,DQN,1,-1
7889,DQN,1,-1
7890,DQN,1,-1
7891,DQN,1,-1
7892,Random,-1,1
7893,DQN,1,-1
7894,DQN,1,-1
7895,DQN,1,-1
7896,DQN,1,-1
7897,DQN,1,-1
7898,DQN,1,-1
7899,Random,-1,1
7900,DQN,1,-1
7901,DQN,1,-1
7902,DQN,1,-1
7903,DQN,1,-1
7904,DQN,1,-1
7905,DQN,1,-1
7906,DQN,1,-1
7907,DQN,1,-1
7908,DQN,1,-1
7909,Random,-1,1
7910,DQN,1,-1
7911,Random,-1,1
7912,Random,-1,1
7913,DQN,1,-1
7914,DQN,1,-1
7915,DQN,1,-1
7916,DQN,1,-1
7917,Random,-1,1
7918,Random,-1,1
7919,DQN,1,-1
7920,DQN,1,-1
7921,DQN,1,-1
7922,DQN,1,-1
7923,DQN,1,-1
7924,Random,-1,1
7925,DQN,1,-1
7926,Random,-1,1
7927,DQN,1,-1
7928,DQN,1,-1
7929,Random,-1,1
7930,DQN,1,-1
7931,Random,-1,1
7932,DQN,1,-1
7933,DQN,1,-1
7934,Random,-1,1
7935,DQN,1,-1
7936,Random,-1,1
7937,DQN,1,-1
7938,DQN,1,-1
7939,draw,0,0
7940,Random,-1,1
7941,DQN,1,-1
7942,DQN,1,-1
7943,DQN,1,-1
7944,Random,-1,1
7945,Random,-1,1
7946,Random,-1,1
7947,DQN,1,-1
7948,DQN,1,-1
7949,Random,-1,1
7950,DQN,1,-1
7951,DQN,1,-1
7952,DQN,1,-1
7953,DQN,1,-1
7954,DQN,1,-1
7955,DQN,1,-1
7956,DQN,1,-1
7957,DQN,1,-1
7958,DQN,1,-1
7959,Random,-1,1
7960,Random,-1,1
7961,DQN,1,-1
7962,DQN,1,-1
7963,DQN,1,-1
7964,Random,-1,1
7965,DQN,1,-1
7966,DQN,1,-1
7967,DQN,1,-1
7968,DQN,1,-1
7969,DQN,1,-1
7970,Random,-1,1
7971,DQN,1,-1
7972,DQN,1,-1
7973,DQN,1,-1
7974,Random,-1,1
7975,DQN,1,-1
7976,DQN,1,-1
7977,DQN,1,-1
7978,Random,-1,1
7979,DQN,1,-1
7980,DQN,1,-1
7981,Random,-1,1
7982,DQN,1,-1
7983,Random,-1,1
7984,DQN,1,-1
7985,Random,-1,1
7986,DQN,1,-1
7987,DQN,1,-1
7988,Random,-1,1
7989,DQN,1,-1
7990,DQN,1,-1
7991,DQN,1,-1
7992,DQN,1,-1
7993,DQN,1,-1
7994,Random,-1,1
7995,Random,-1,1
7996,DQN,1,-1
7997,DQN,1,-1
7998,DQN,1,-1
7999,Random,-1,1
8000,DQN,1,-1
8001,DQN,1,-1
8002,DQN,1,-1
8003,DQN,1,-1
8004,DQN,1,-1
8005,DQN,1,-1
8006,DQN,1,-1
8007,DQN,1,-1
8008,DQN,1,-1
8009,DQN,1,-1
8010,DQN,1,-1
8011,Random,-1,1
8012,Random,-1,1
8013,DQN,1,-1
8014,Random,-1,1
8015,DQN,1,-1
8016,DQN,1,-1
8017,DQN,1,-1
8018,DQN,1,-1
8019,DQN,1,-1
8020,DQN,1,-1
8021,DQN,1,-1
8022,DQN,1,-1
8023,DQN,1,-1
8024,DQN,1,-1
8025,Random,-1,1
8026,DQN,1,-1
8027,DQN,1,-1
8028,Random,-1,1
8029,DQN,1,-1
8030,DQN,1,-1
8031,DQN,1,-1
8032,draw,0,0
8033,DQN,1,-1
8034,Random,-1,1
8035,DQN,1,-1
8036,DQN,1,-1
8037,DQN,1,-1
8038,DQN,1,-1
8039,DQN,1,-1
8040,DQN,1,-1
8041,Random,-1,1
8042,Random,-1,1
8043,Random,-1,1
8044,DQN,1,-1
8045,draw,0,0
8046,draw,0,0
8047,DQN,1,-1
8048,DQN,1,-1
8049,DQN,1,-1
8050,DQN,1,-1
8051,DQN,1,-1
8052,DQN,1,-1
8053,Random,-1,1
8054,draw,0,0
8055,DQN,1,-1
8056,DQN,1,-1
8057,DQN,1,-1
8058,Random,-1,1
8059,draw,0,0
8060,Random,-1,1
8061,DQN,1,-1
8062,DQN,1,-1
8063,DQN,1,-1
8064,DQN,1,-1
8065,Random,-1,1
8066,DQN,1,-1
8067,DQN,1,-1
8068,DQN,1,-1
8069,DQN,1,-1
8070,DQN,1,-1
8071,DQN,1,-1
8072,DQN,1,-1
8073,DQN,1,-1
8074,DQN,1,-1
8075,DQN,1,-1
8076,DQN,1,-1
8077,Random,-1,1
8078,Random,-1,1
8079,DQN,1,-1
8080,DQN,1,-1
8081,DQN,1,-1
8082,DQN,1,-1
8083,DQN,1,-1
8084,DQN,1,-1
8085,DQN,1,-1
8086,DQN,1,-1
8087,Random,-1,1
8088,draw,0,0
8089,Random,-1,1
8090,DQN,1,-1
8091,DQN,1,-1
8092,DQN,1,-1
8093,DQN,1,-1
8094,Random,-1,1
8095,Random,-1,1
8096,DQN,1,-1
8097,DQN,1,-1
8098,Random,-1,1
8099,Random,-1,1
8100,Random,-1,1
8101,DQN,1,-1
8102,DQN,1,-1
8103,DQN,1,-1
8104,draw,0,0
8105,DQN,1,-1
8106,DQN,1,-1
8107,draw,0,0
8108,DQN,1,-1
8109,DQN,1,-1
8110,DQN,1,-1
8111,DQN,1,-1
8112,Random,-1,1
8113,DQN,1,-1
8114,DQN,1,-1
8115,DQN,1,-1
8116,DQN,1,-1
8117,draw,0,0
8118,DQN,1,-1
8119,DQN,1,-1
8120,DQN,1,-1
8121,Random,-1,1
8122,Random,-1,1
8123,Random,-1,1
8124,DQN,1,-1
8125,draw,0,0
8126,Random,-1,1
8127,draw,0,0
8128,DQN,1,-1
8129,Random,-1,1
8130,draw,0,0
8131,DQN,1,-1
8132,DQN,1,-1
8133,draw,0,0
8134,DQN,1,-1
8135,DQN,1,-1
8136,DQN,1,-1
8137,DQN,1,-1
8138,DQN,1,-1
8139,draw,0,0
8140,DQN,1,-1
8141,Random,-1,1
8142,DQN,1,-1
8143,draw,0,0
8144,DQN,1,-1
8145,draw,0,0
8146,Random,-1,1
8147,DQN,1,-1
8148,Random,-1,1
8149,draw,0,0
8150,Random,-1,1
8151,DQN,1,-1
8152,DQN,1,-1
8153,DQN,1,-1
8154,DQN,1,-1
8155,draw,0,0
8156,DQN,1,-1
8157,Random,-1,1
8158,DQN,1,-1
8159,DQN,1,-1
8160,DQN,1,-1
8161,Random,-1,1
8162,DQN,1,-1
8163,DQN,1,-1
8164,DQN,1,-1
8165,DQN,1,-1
8166,DQN,1,-1
8167,DQN,1,-1
8168,DQN,1,-1
8169,Random,-1,1
8170,DQN,1,-1
8171,DQN,1,-1
8172,Random,-1,1
8173,DQN,1,-1
8174,DQN,1,-1
8175,DQN,1,-1
8176,DQN,1,-1
8177,Random,-1,1
8178,draw,0,0
8179,DQN,1,-1
8180,DQN,1,-1
8181,Random,-1,1
8182,Random,-1,1
8183,Random,-1,1
8184,draw,0,0
8185,Random,-1,1
8186,Random,-1,1
8187,DQN,1,-1
8188,DQN,1,-1
8189,Random,-1,1
8190,DQN,1,-1
8191,DQN,1,-1
8192,Random,-1,1
8193,DQN,1,-1
8194,DQN,1,-1
8195,DQN,1,-1
8196,DQN,1,-1
8197,DQN,1,-1
8198,DQN,1,-1
8199,Random,-1,1
8200,DQN,1,-1
8201,DQN,1,-1
8202,DQN,1,-1
8203,DQN,1,-1
8204,DQN,1,-1
8205,DQN,1,-1
8206,DQN,1,-1
8207,DQN,1,-1
8208,draw,0,0
8209,DQN,1,-1
8210,draw,0,0
8211,draw,0,0
8212,DQN,1,-1
8213,Random,-1,1
8214,DQN,1,-1
8215,DQN,1,-1
8216,DQN,1,-1
8217,Random,-1,1
8218,DQN,1,-1
8219,Random,-1,1
8220,DQN,1,-1
8221,DQN,1,-1
8222,Random,-1,1
8223,Random,-1,1
8224,Random,-1,1
8225,DQN,1,-1
8226,Random,-1,1
8227,DQN,1,-1
8228,DQN,1,-1
8229,DQN,1,-1
8230,DQN,1,-1
8231,DQN,1,-1
8232,DQN,1,-1
8233,DQN,1,-1
8234,DQN,1,-1
8235,DQN,1,-1
8236,DQN,1,-1
8237,draw,0,0
8238,DQN,1,-1
8239,DQN,1,-1
8240,DQN,1,-1
8241,DQN,1,-1
8242,DQN,1,-1
8243,DQN,1,-1
8244,DQN,1,-1
8245,DQN,1,-1
8246,DQN,1,-1
8247,DQN,1,-1
8248,DQN,1,-1
8249,DQN,1,-1
8250,DQN,1,-1
8251,DQN,1,-1
8252,DQN,1,-1
8253,Random,-1,1
8254,DQN,1,-1
8255,Random,-1,1
8256,draw,0,0
8257,DQN,1,-1
8258,DQN,1,-1
8259,DQN,1,-1
8260,DQN,1,-1
8261,Random,-1,1
8262,DQN,1,-1
8263,DQN,1,-1
8264,DQN,1,-1
8265,DQN,1,-1
8266,Random,-1,1
8267,DQN,1,-1
8268,Random,-1,1
8269,DQN,1,-1
8270,DQN,1,-1
8271,DQN,1,-1
8272,DQN,1,-1
8273,DQN,1,-1
8274,DQN,1,-1
8275,DQN,1,-1
8276,DQN,1,-1
8277,Random,-1,1
8278,Random,-1,1
8279,DQN,1,-1
8280,DQN,1,-1
8281,DQN,1,-1
8282,DQN,1,-1
8283,DQN,1,-1
8284,DQN,1,-1
8285,DQN,1,-1
8286,DQN,1,-1
8287,draw,0,0
8288,Random,-1,1
8289,Random,-1,1
8290,DQN,1,-1
8291,DQN,1,-1
8292,DQN,1,-1
8293,DQN,1,-1
8294,DQN,1,-1
8295,DQN,1,-1
8296,DQN,1,-1
8297,DQN,1,-1
8298,DQN,1,-1
8299,DQN,1,-1
8300,Random,-1,1
8301,Random,-1,1
8302,DQN,1,-1
8303,DQN,1,-1
8304,DQN,1,-1
8305,DQN,1,-1
8306,DQN,1,-1
8307,DQN,1,-1
8308,DQN,1,-1
8309,DQN,1,-1
8310,DQN,1,-1
8311,DQN,1,-1
8312,DQN,1,-1
8313,DQN,1,-1
8314,DQN,1,-1
8315,DQN,1,-1
8316,draw,0,0
8317,DQN,1,-1
8318,DQN,1,-1
8319,Random,-1,1
8320,DQN,1,-1
8321,DQN,1,-1
8322,Random,-1,1
8323,draw,0,0
8324,DQN,1,-1
8325,DQN,1,-1
8326,DQN,1,-1
8327,DQN,1,-1
8328,DQN,1,-1
8329,DQN,1,-1
8330,DQN,1,-1
8331,Random,-1,1
8332,Random,-1,1
8333,DQN,1,-1
8334,Random,-1,1
8335,DQN,1,-1
8336,DQN,1,-1
8337,draw,0,0
8338,draw,0,0
8339,DQN,1,-1
8340,draw,0,0
8341,Random,-1,1
8342,DQN,1,-1
8343,DQN,1,-1
8344,DQN,1,-1
8345,draw,0,0
8346,DQN,1,-1
8347,DQN,1,-1
8348,DQN,1,-1
8349,DQN,1,-1
8350,DQN,1,-1
8351,DQN,1,-1
8352,DQN,1,-1
8353,draw,0,0
8354,draw,0,0
8355,DQN,1,-1
8356,DQN,1,-1
8357,DQN,1,-1
8358,DQN,1,-1
8359,DQN,1,-1
8360,DQN,1,-1
8361,DQN,1,-1
8362,draw,0,0
8363,DQN,1,-1
8364,DQN,1,-1
8365,DQN,1,-1
8366,draw,0,0
8367,draw,0,0
8368,draw,0,0
8369,DQN,1,-1
8370,DQN,1,-1
8371,DQN,1,-1
8372,Random,-1,1
8373,DQN,1,-1
8374,DQN,1,-1
8375,Random,-1,1
8376,DQN,1,-1
8377,DQN,1,-1
8378,Random,-1,1
8379,DQN,1,-1
8380,DQN,1,-1
8381,DQN,1,-1
8382,DQN,1,-1
8383,DQN,1,-1
8384,DQN,1,-1
8385,Random,-1,1
8386,DQN,1,-1
8387,DQN,1,-1
8388,DQN,1,-1
8389,DQN,1,-1
8390,DQN,1,-1
8391,DQN,1,-1
8392,DQN,1,-1
8393,DQN,1,-1
8394,DQN,1,-1
8395,DQN,1,-1
8396,Random,-1,1
8397,DQN,1,-1
8398,DQN,1,-1
8399,DQN,1,-1
8400,Random,-1,1
8401,Random,-1,1
8402,draw,0,0
8403,DQN,1,-1
8404,draw,0,0
8405,DQN,1,-1
8406,DQN,1,-1
8407,Random,-1,1
8408,draw,0,0
8409,DQN,1,-1
8410,DQN,1,-1
8411,Random,-1,1
8412,DQN,1,-1
8413,DQN,1,-1
8414,DQN,1,-1
8415,DQN,1,-1
8416,draw,0,0
8417,DQN,1,-1
8418,draw,0,0
8419,DQN,1,-1
8420,DQN,1,-1
8421,DQN,1,-1
8422,DQN,1,-1
8423,draw,0,0
8424,DQN,1,-1
8425,DQN,1,-1
8426,Random,-1,1
8427,DQN,1,-1
8428,draw,0,0
8429,Random,-1,1
8430,DQN,1,-1
8431,DQN,1,-1
8432,DQN,1,-1
8433,DQN,1,-1
8434,DQN,1,-1
8435,DQN,1,-1
8436,draw,0,0
8437,DQN,1,-1
8438,draw,0,0
8439,DQN,1,-1
8440,DQN,1,-1
8441,DQN,1,-1
8442,DQN,1,-1
8443,DQN,1,-1
8444,draw,0,0
8445,Random,-1,1
8446,DQN,1,-1
8447,draw,0,0
8448,Random,-1,1
8449,Random,-1,1
8450,DQN,1,-1
8451,draw,0,0
8452,DQN,1,-1
8453,DQN,1,-1
8454,DQN,1,-1
8455,draw,0,0
8456,draw,0,0
8457,draw,0,0
8458,draw,0,0
8459,DQN,1,-1
8460,Random,-1,1
8461,DQN,1,-1
8462,Random,-1,1
8463,DQN,1,-1
8464,DQN,1,-1
8465,draw,0,0
8466,DQN,1,-1
8467,DQN,1,-1
8468,DQN,1,-1
8469,DQN,1,-1
8470,draw,0,0
8471,DQN,1,-1
8472,DQN,1,-1
8473,draw,0,0
8474,draw,0,0
8475,draw,0,0
8476,DQN,1,-1
8477,draw,0,0
8478,Random,-1,1
8479,draw,0,0
8480,draw,0,0
8481,DQN,1,-1
8482,draw,0,0
8483,Random,-1,1
8484,DQN,1,-1
8485,DQN,1,-1
8486,DQN,1,-1
8487,Random,-1,1
8488,DQN,1,-1
8489,DQN,1,-1
8490,draw,0,0
8491,DQN,1,-1
8492,draw,0,0
8493,DQN,1,-1
8494,DQN,1,-1
8495,Random,-1,1
8496,DQN,1,-1
8497,DQN,1,-1
8498,DQN,1,-1
8499,DQN,1,-1
8500,DQN,1,-1
8501,DQN,1,-1
8502,DQN,1,-1
8503,DQN,1,-1
8504,DQN,1,-1
8505,DQN,1,-1
8506,DQN,1,-1
8507,draw,0,0
8508,DQN,1,-1
8509,DQN,1,-1
8510,DQN,1,-1
8511,DQN,1,-1
8512,draw,0,0
8513,Random,-1,1
8514,draw,0,0
8515,DQN,1,-1
8516,DQN,1,-1
8517,DQN,1,-1
8518,Random,-1,1
8519,DQN,1,-1
8520,Random,-1,1
8521,DQN,1,-1
8522,DQN,1,-1
8523,DQN,1,-1
8524,DQN,1,-1
8525,draw,0,0
8526,DQN,1,-1
8527,DQN,1,-1
8528,Random,-1,1
8529,Random,-1,1
8530,Random,-1,1
8531,Random,-1,1
8532,draw,0,0
8533,DQN,1,-1
8534,DQN,1,-1
8535,DQN,1,-1
8536,DQN,1,-1
8537,DQN,1,-1
8538,DQN,1,-1
8539,Random,-1,1
8540,DQN,1,-1
8541,DQN,1,-1
8542,DQN,1,-1
8543,DQN,1,-1
8544,DQN,1,-1
8545,draw,0,0
8546,DQN,1,-1
8547,DQN,1,-1
8548,DQN,1,-1
8549,DQN,1,-1
8550,Random,-1,1
8551,DQN,1,-1
8552,DQN,1,-1
8553,DQN,1,-1
8554,DQN,1,-1
8555,DQN,1,-1
8556,draw,0,0
8557,DQN,1,-1
8558,draw,0,0
8559,DQN,1,-1
8560,DQN,1,-1
8561,DQN,1,-1
8562,DQN,1,-1
8563,draw,0,0
8564,DQN,1,-1
8565,DQN,1,-1
8566,DQN,1,-1
8567,DQN,1,-1
8568,DQN,1,-1
8569,DQN,1,-1
8570,draw,0,0
8571,DQN,1,-1
8572,Random,-1,1
8573,DQN,1,-1
8574,DQN,1,-1
8575,DQN,1,-1
8576,DQN,1,-1
8577,DQN,1,-1
8578,DQN,1,-1
8579,Random,-1,1
8580,draw,0,0
8581,DQN,1,-1
8582,DQN,1,-1
8583,DQN,1,-1
8584,DQN,1,-1
8585,DQN,1,-1
8586,DQN,1,-1
8587,DQN,1,-1
8588,DQN,1,-1
8589,Random,-1,1
8590,draw,0,0
8591,DQN,1,-1
8592,DQN,1,-1
8593,DQN,1,-1
8594,Random,-1,1
8595,DQN,1,-1
8596,DQN,1,-1
8597,Random,-1,1
8598,Random,-1,1
8599,DQN,1,-1
8600,DQN,1,-1
8601,Random,-1,1
8602,Random,-1,1
8603,Random,-1,1
8604,DQN,1,-1
8605,DQN,1,-1
8606,draw,0,0
8607,Random,-1,1
8608,Random,-1,1
8609,DQN,1,-1
8610,Random,-1,1
8611,DQN,1,-1
8612,DQN,1,-1
8613,DQN,1,-1
8614,DQN,1,-1
8615,Random,-1,1
8616,DQN,1,-1
8617,DQN,1,-1
8618,draw,0,0
8619,DQN,1,-1
8620,Random,-1,1
8621,DQN,1,-1
8622,DQN,1,-1
8623,DQN,1,-1
8624,Random,-1,1
8625,DQN,1,-1
8626,Random,-1,1
8627,Random,-1,1
8628,Random,-1,1
8629,Random,-1,1
8630,DQN,1,-1
8631,DQN,1,-1
8632,DQN,1,-1
8633,DQN,1,-1
8634,DQN,1,-1
8635,Random,-1,1
8636,draw,0,0
8637,DQN,1,-1
8638,DQN,1,-1
8639,DQN,1,-1
8640,DQN,1,-1
8641,draw,0,0
8642,Random,-1,1
8643,DQN,1,-1
8644,DQN,1,-1
8645,DQN,1,-1
8646,DQN,1,-1
8647,draw,0,0
8648,draw,0,0
8649,DQN,1,-1
8650,Random,-1,1
8651,DQN,1,-1
8652,DQN,1,-1
8653,DQN,1,-1
8654,DQN,1,-1
8655,DQN,1,-1
8656,draw,0,0
8657,Random,-1,1
8658,draw,0,0
8659,Random,-1,1
8660,DQN,1,-1
8661,draw,0,0
8662,DQN,1,-1
8663,DQN,1,-1
8664,DQN,1,-1
8665,Random,-1,1
8666,DQN,1,-1
8667,draw,0,0
8668,DQN,1,-1
8669,DQN,1,-1
8670,DQN,1,-1
8671,DQN,1,-1
8672,draw,0,0
8673,DQN,1,-1
8674,DQN,1,-1
8675,DQN,1,-1
8676,DQN,1,-1
8677,DQN,1,-1
8678,draw,0,0
8679,draw,0,0
8680,DQN,1,-1
8681,DQN,1,-1
8682,DQN,1,-1
8683,DQN,1,-1
8684,Random,-1,1
8685,DQN,1,-1
8686,DQN,1,-1
8687,draw,0,0
8688,DQN,1,-1
8689,Random,-1,1
8690,draw,0,0
8691,draw,0,0
8692,DQN,1,-1
8693,DQN,1,-1
8694,draw,0,0
8695,DQN,1,-1
8696,DQN,1,-1
8697,DQN,1,-1
8698,Random,-1,1
8699,DQN,1,-1
8700,draw,0,0
8701,draw,0,0
8702,Random,-1,1
8703,DQN,1,-1
8704,DQN,1,-1
8705,DQN,1,-1
8706,DQN,1,-1
8707,Random,-1,1
8708,draw,0,0
8709,Random,-1,1
8710,Random,-1,1
8711,DQN,1,-1
8712,DQN,1,-1
8713,DQN,1,-1
8714,Random,-1,1
8715,draw,0,0
8716,draw,0,0
8717,DQN,1,-1
8718,DQN,1,-1
8719,DQN,1,-1
8720,Random,-1,1
8721,DQN,1,-1
8722,DQN,1,-1
8723,DQN,1,-1
8724,Random,-1,1
8725,DQN,1,-1
8726,draw,0,0
8727,Random,-1,1
8728,DQN,1,-1
8729,DQN,1,-1
8730,DQN,1,-1
8731,DQN,1,-1
8732,DQN,1,-1
8733,Random,-1,1
8734,DQN,1,-1
8735,DQN,1,-1
8736,Random,-1,1
8737,DQN,1,-1
8738,DQN,1,-1
8739,Random,-1,1
8740,DQN,1,-1
8741,DQN,1,-1
8742,Random,-1,1
8743,DQN,1,-1
8744,DQN,1,-1
8745,DQN,1,-1
8746,DQN,1,-1
8747,draw,0,0
8748,DQN,1,-1
8749,DQN,1,-1
8750,DQN,1,-1
8751,DQN,1,-1
8752,DQN,1,-1
8753,DQN,1,-1
8754,Random,-1,1
8755,DQN,1,-1
8756,DQN,1,-1
8757,draw,0,0
8758,draw,0,0
8759,DQN,1,-1
8760,draw,0,0
8761,DQN,1,-1
8762,DQN,1,-1
8763,Random,-1,1
8764,DQN,1,-1
8765,draw,0,0
8766,DQN,1,-1
8767,DQN,1,-1
8768,DQN,1,-1
8769,draw,0,0
8770,DQN,1,-1
8771,DQN,1,-1
8772,Random,-1,1
8773,DQN,1,-1
8774,Random,-1,1
8775,draw,0,0
8776,DQN,1,-1
8777,DQN,1,-1
8778,DQN,1,-1
8779,DQN,1,-1
8780,DQN,1,-1
8781,DQN,1,-1
8782,Random,-1,1
8783,DQN,1,-1
8784,DQN,1,-1
8785,DQN,1,-1
8786,DQN,1,-1
8787,DQN,1,-1
8788,DQN,1,-1
8789,DQN,1,-1
8790,DQN,1,-1
8791,DQN,1,-1
8792,DQN,1,-1
8793,DQN,1,-1
8794,DQN,1,-1
8795,DQN,1,-1
8796,Random,-1,1
8797,DQN,1,-1
8798,DQN,1,-1
8799,DQN,1,-1
8800,DQN,1,-1
8801,DQN,1,-1
8802,DQN,1,-1
8803,DQN,1,-1
8804,DQN,1,-1
8805,DQN,1,-1
8806,DQN,1,-1
8807,DQN,1,-1
8808,DQN,1,-1
8809,DQN,1,-1
8810,DQN,1,-1
8811,DQN,1,-1
8812,DQN,1,-1
8813,DQN,1,-1
8814,Random,-1,1
8815,DQN,1,-1
8816,draw,0,0
8817,DQN,1,-1
8818,DQN,1,-1
8819,DQN,1,-1
8820,DQN,1,-1
8821,DQN,1,-1
8822,DQN,1,-1
8823,DQN,1,-1
8824,DQN,1,-1
8825,DQN,1,-1
8826,DQN,1,-1
8827,DQN,1,-1
8828,Random,-1,1
8829,DQN,1,-1
8830,DQN,1,-1
8831,DQN,1,-1
8832,Random,-1,1
8833,Random,-1,1
8834,DQN,1,-1
8835,DQN,1,-1
8836,Random,-1,1
8837,DQN,1,-1
8838,DQN,1,-1
8839,DQN,1,-1
8840,DQN,1,-1
8841,DQN,1,-1
8842,DQN,1,-1
8843,DQN,1,-1
8844,draw,0,0
8845,draw,0,0
8846,DQN,1,-1
8847,Random,-1,1
8848,draw,0,0
8849,DQN,1,-1
8850,DQN,1,-1
8851,DQN,1,-1
8852,DQN,1,-1
8853,DQN,1,-1
8854,DQN,1,-1
8855,DQN,1,-1
8856,DQN,1,-1
8857,DQN,1,-1
8858,draw,0,0
8859,DQN,1,-1
8860,DQN,1,-1
8861,DQN,1,-1
8862,Random,-1,1
8863,DQN,1,-1
8864,DQN,1,-1
8865,DQN,1,-1
8866,DQN,1,-1
8867,Random,-1,1
8868,DQN,1,-1
8869,DQN,1,-1
8870,DQN,1,-1
8871,DQN,1,-1
8872,DQN,1,-1
8873,DQN,1,-1
8874,DQN,1,-1
8875,Random,-1,1
8876,Random,-1,1
8877,DQN,1,-1
8878,DQN,1,-1
8879,DQN,1,-1
8880,DQN,1,-1
8881,DQN,1,-1
8882,draw,0,0
8883,DQN,1,-1
8884,DQN,1,-1
8885,Random,-1,1
8886,DQN,1,-1
8887,DQN,1,-1
8888,DQN,1,-1
8889,Random,-1,1
8890,DQN,1,-1
8891,Random,-1,1
8892,DQN,1,-1
8893,DQN,1,-1
8894,DQN,1,-1
8895,DQN,1,-1
8896,DQN,1,-1
8897,DQN,1,-1
8898,DQN,1,-1
8899,draw,0,0
8900,DQN,1,-1
8901,DQN,1,-1
8902,DQN,1,-1
8903,Random,-1,1
8904,Random,-1,1
8905,DQN,1,-1
8906,Random,-1,1
8907,DQN,1,-1
8908,Random,-1,1
8909,DQN,1,-1
8910,DQN,1,-1
8911,Random,-1,1
8912,DQN,1,-1
8913,DQN,1,-1
8914,DQN,1,-1
8915,DQN,1,-1
8916,Random,-1,1
8917,Random,-1,1
8918,Random,-1,1
8919,DQN,1,-1
8920,Random,-1,1
8921,DQN,1,-1
8922,DQN,1,-1
8923,DQN,1,-1
8924,DQN,1,-1
8925,DQN,1,-1
8926,DQN,1,-1
8927,DQN,1,-1
8928,draw,0,0
8929,DQN,1,-1
8930,DQN,1,-1
8931,DQN,1,-1
8932,DQN,1,-1
8933,DQN,1,-1
8934,DQN,1,-1
8935,DQN,1,-1
8936,DQN,1,-1
8937,draw,0,0
8938,DQN,1,-1
8939,draw,0,0
8940,DQN,1,-1
8941,DQN,1,-1
8942,DQN,1,-1
8943,draw,0,0
8944,DQN,1,-1
8945,DQN,1,-1
8946,DQN,1,-1
8947,DQN,1,-1
8948,DQN,1,-1
8949,DQN,1,-1
8950,DQN,1,-1
8951,DQN,1,-1
8952,DQN,1,-1
8953,DQN,1,-1
8954,DQN,1,-1
8955,DQN,1,-1
8956,DQN,1,-1
8957,DQN,1,-1
8958,DQN,1,-1
8959,DQN,1,-1
8960,Random,-1,1
8961,DQN,1,-1
8962,DQN,1,-1
8963,draw,0,0
8964,DQN,1,-1
8965,Random,-1,1
8966,DQN,1,-1
8967,draw,0,0
8968,DQN,1,-1
8969,DQN,1,-1
8970,Random,-1,1
8971,DQN,1,-1
8972,Random,-1,1
8973,DQN,1,-1
8974,Random,-1,1
8975,Random,-1,1
8976,DQN,1,-1
8977,DQN,1,-1
8978,DQN,1,-1
8979,Random,-1,1
8980,Random,-1,1
8981,DQN,1,-1
8982,draw,0,0
8983,draw,0,0
8984,Random,-1,1
8985,DQN,1,-1
8986,draw,0,0
8987,DQN,1,-1
8988,DQN,1,-1
8989,DQN,1,-1
8990,DQN,1,-1
8991,DQN,1,-1
8992,DQN,1,-1
8993,DQN,1,-1
8994,DQN,1,-1
8995,DQN,1,-1
8996,DQN,1,-1
8997,DQN,1,-1
8998,Random,-1,1
8999,DQN,1,-1
9000,DQN,1,-1
9001,DQN,1,-1
9002,Random,-1,1
9003,DQN,1,-1
9004,Random,-1,1
9005,DQN,1,-1
9006,Random,-1,1
9007,Random,-1,1
9008,draw,0,0
9009,draw,0,0
9010,DQN,1,-1
9011,draw,0,0
9012,DQN,1,-1
9013,draw,0,0
9014,Random,-1,1
9015,Random,-1,1
9016,DQN,1,-1
9017,Random,-1,1
9018,DQN,1,-1
9019,DQN,1,-1
9020,DQN,1,-1
9021,DQN,1,-1
9022,Random,-1,1
9023,DQN,1,-1
9024,DQN,1,-1
9025,Random,-1,1
9026,DQN,1,-1
9027,draw,0,0
9028,DQN,1,-1
9029,DQN,1,-1
9030,DQN,1,-1
9031,DQN,1,-1
9032,DQN,1,-1
9033,draw,0,0
9034,draw,0,0
9035,DQN,1,-1
9036,Random,-1,1
9037,DQN,1,-1
9038,DQN,1,-1
9039,DQN,1,-1
9040,DQN,1,-1
9041,DQN,1,-1
9042,draw,0,0
9043,DQN,1,-1
9044,draw,0,0
9045,DQN,1,-1
9046,DQN,1,-1
9047,DQN,1,-1
9048,draw,0,0
9049,draw,0,0
9050,draw,0,0
9051,DQN,1,-1
9052,DQN,1,-1
9053,DQN,1,-1
9054,draw,0,0
9055,DQN,1,-1
9056,DQN,1,-1
9057,DQN,1,-1
9058,draw,0,0
9059,DQN,1,-1
9060,DQN,1,-1
9061,DQN,1,-1
9062,DQN,1,-1
9063,DQN,1,-1
9064,DQN,1,-1
9065,DQN,1,-1
9066,DQN,1,-1
9067,DQN,1,-1
9068,draw,0,0
9069,Random,-1,1
9070,draw,0,0
9071,DQN,1,-1
9072,Random,-1,1
9073,Random,-1,1
9074,DQN,1,-1
9075,draw,0,0
9076,DQN,1,-1
9077,DQN,1,-1
9078,DQN,1,-1
9079,DQN,1,-1
9080,DQN,1,-1
9081,DQN,1,-1
9082,DQN,1,-1
9083,DQN,1,-1
9084,draw,0,0
9085,DQN,1,-1
9086,DQN,1,-1
9087,DQN,1,-1
9088,DQN,1,-1
9089,draw,0,0
9090,DQN,1,-1
9091,draw,0,0
9092,draw,0,0
9093,draw,0,0
9094,DQN,1,-1
9095,DQN,1,-1
9096,DQN,1,-1
9097,draw,0,0
9098,DQN,1,-1
9099,DQN,1,-1
9100,DQN,1,-1
9101,DQN,1,-1
9102,DQN,1,-1
9103,DQN,1,-1
9104,DQN,1,-1
9105,DQN,1,-1
9106,DQN,1,-1
9107,DQN,1,-1
9108,DQN,1,-1
9109,DQN,1,-1
9110,DQN,1,-1
9111,DQN,1,-1
9112,DQN,1,-1
9113,DQN,1,-1
9114,DQN,1,-1
9115,DQN,1,-1
9116,DQN,1,-1
9117,DQN,1,-1
9118,DQN,1,-1
9119,DQN,1,-1
9120,DQN,1,-1
9121,DQN,1,-1
9122,DQN,1,-1
9123,DQN,1,-1
9124,DQN,1,-1
9125,DQN,1,-1
9126,DQN,1,-1
9127,DQN,1,-1
9128,Random,-1,1
9129,DQN,1,-1
9130,DQN,1,-1
9131,DQN,1,-1
9132,DQN,1,-1
9133,DQN,1,-1
9134,DQN,1,-1
9135,DQN,1,-1
9136,DQN,1,-1
9137,Random,-1,1
9138,DQN,1,-1
9139,draw,0,0
9140,DQN,1,-1
9141,Random,-1,1
9142,DQN,1,-1
9143,DQN,1,-1
9144,DQN,1,-1
9145,DQN,1,-1
9146,DQN,1,-1
9147,DQN,1,-1
9148,DQN,1,-1
9149,DQN,1,-1
9150,DQN,1,-1
9151,DQN,1,-1
9152,Random,-1,1
9153,Random,-1,1
9154,DQN,1,-1
9155,DQN,1,-1
9156,DQN,1,-1
9157,Random,-1,1
9158,DQN,1,-1
9159,DQN,1,-1
9160,DQN,1,-1
9161,Random,-1,1
9162,DQN,1,-1
9163,DQN,1,-1
9164,DQN,1,-1
9165,Random,-1,1
9166,DQN,1,-1
9167,DQN,1,-1
9168,DQN,1,-1
9169,Random,-1,1
9170,DQN,1,-1
9171,DQN,1,-1
9172,DQN,1,-1
9173,DQN,1,-1
9174,DQN,1,-1
9175,DQN,1,-1
9176,Random,-1,1
9177,DQN,1,-1
9178,DQN,1,-1
9179,DQN,1,-1
9180,DQN,1,-1
9181,DQN,1,-1
9182,DQN,1,-1
9183,DQN,1,-1
9184,DQN,1,-1
9185,DQN,1,-1
9186,DQN,1,-1
9187,DQN,1,-1
9188,Random,-1,1
9189,DQN,1,-1
9190,DQN,1,-1
9191,DQN,1,-1
9192,DQN,1,-1
9193,DQN,1,-1
9194,DQN,1,-1
9195,DQN,1,-1
9196,DQN,1,-1
9197,DQN,1,-1
9198,DQN,1,-1
9199,Random,-1,1
9200,DQN,1,-1
9201,Random,-1,1
9202,DQN,1,-1
9203,Random,-1,1
9204,DQN,1,-1
9205,DQN,1,-1
9206,DQN,1,-1
9207,DQN,1,-1
9208,DQN,1,-1
9209,draw,0,0
9210,DQN,1,-1
9211,DQN,1,-1
9212,DQN,1,-1
9213,DQN,1,-1
9214,DQN,1,-1
9215,DQN,1,-1
9216,DQN,1,-1
9217,draw,0,0
9218,DQN,1,-1
9219,DQN,1,-1
9220,DQN,1,-1
9221,DQN,1,-1
9222,Random,-1,1
9223,DQN,1,-1
9224,DQN,1,-1
9225,DQN,1,-1
9226,DQN,1,-1
9227,DQN,1,-1
9228,DQN,1,-1
9229,DQN,1,-1
9230,DQN,1,-1
9231,DQN,1,-1
9232,Random,-1,1
9233,DQN,1,-1
9234,DQN,1,-1
9235,DQN,1,-1
9236,DQN,1,-1
9237,DQN,1,-1
9238,DQN,1,-1
9239,DQN,1,-1
9240,DQN,1,-1
9241,DQN,1,-1
9242,DQN,1,-1
9243,Random,-1,1
9244,Random,-1,1
9245,DQN,1,-1
9246,Random,-1,1
9247,DQN,1,-1
9248,DQN,1,-1
9249,DQN,1,-1
9250,DQN,1,-1
9251,DQN,1,-1
9252,DQN,1,-1
9253,DQN,1,-1
9254,Random,-1,1
9255,DQN,1,-1
9256,DQN,1,-1
9257,DQN,1,-1
9258,DQN,1,-1
9259,DQN,1,-1
9260,DQN,1,-1
9261,DQN,1,-1
9262,DQN,1,-1
9263,Random,-1,1
9264,DQN,1,-1
9265,Random,-1,1
9266,DQN,1,-1
9267,DQN,1,-1
9268,DQN,1,-1
9269,DQN,1,-1
9270,DQN,1,-1
9271,DQN,1,-1
9272,DQN,1,-1
9273,DQN,1,-1
9274,DQN,1,-1
9275,DQN,1,-1
9276,DQN,1,-1
9277,DQN,1,-1
9278,DQN,1,-1
9279,Random,-1,1
9280,DQN,1,-1
9281,DQN,1,-1
9282,DQN,1,-1
9283,DQN,1,-1
9284,DQN,1,-1
9285,DQN,1,-1
9286,Random,-1,1
9287,DQN,1,-1
9288,DQN,1,-1
9289,DQN,1,-1
9290,DQN,1,-1
9291,DQN,1,-1
9292,DQN,1,-1
9293,DQN,1,-1
9294,DQN,1,-1
9295,DQN,1,-1
9296,DQN,1,-1
9297,DQN,1,-1
9298,Random,-1,1
9299,DQN,1,-1
9300,DQN,1,-1
9301,Random,-1,1
9302,DQN,1,-1
9303,DQN,1,-1
9304,DQN,1,-1
9305,Random,-1,1
9306,Random,-1,1
9307,DQN,1,-1
9308,DQN,1,-1
9309,DQN,1,-1
9310,Random,-1,1
9311,DQN,1,-1
9312,Random,-1,1
9313,Random,-1,1
9314,DQN,1,-1
9315,DQN,1,-1
9316,DQN,1,-1
9317,Random,-1,1
9318,Random,-1,1
9319,DQN,1,-1
9320,DQN,1,-1
9321,DQN,1,-1
9322,DQN,1,-1
9323,DQN,1,-1
9324,DQN,1,-1
9325,Random,-1,1
9326,DQN,1,-1
9327,DQN,1,-1
9328,DQN,1,-1
9329,DQN,1,-1
9330,draw,0,0
9331,Random,-1,1
9332,DQN,1,-1
9333,Random,-1,1
9334,DQN,1,-1
9335,DQN,1,-1
9336,DQN,1,-1
9337,DQN,1,-1
9338,DQN,1,-1
9339,DQN,1,-1
9340,DQN,1,-1
9341,DQN,1,-1
9342,DQN,1,-1
9343,DQN,1,-1
9344,DQN,1,-1
9345,DQN,1,-1
9346,DQN,1,-1
9347,DQN,1,-1
9348,DQN,1,-1
9349,DQN,1,-1
9350,DQN,1,-1
9351,DQN,1,-1
9352,DQN,1,-1
9353,DQN,1,-1
9354,DQN,1,-1
9355,DQN,1,-1
9356,DQN,1,-1
9357,DQN,1,-1
9358,Random,-1,1
9359,DQN,1,-1
9360,DQN,1,-1
9361,DQN,1,-1
9362,DQN,1,-1
9363,DQN,1,-1
9364,DQN,1,-1
9365,DQN,1,-1
9366,draw,0,0
9367,DQN,1,-1
9368,DQN,1,-1
9369,DQN,1,-1
9370,Random,-1,1
9371,DQN,1,-1
9372,DQN,1,-1
9373,DQN,1,-1
9374,DQN,1,-1
9375,DQN,1,-1
9376,DQN,1,-1
9377,Random,-1,1
9378,Random,-1,1
9379,DQN,1,-1
9380,DQN,1,-1
9381,DQN,1,-1
9382,DQN,1,-1
9383,DQN,1,-1
9384,Random,-1,1
9385,Random,-1,1
9386,Random,-1,1
9387,DQN,1,-1
9388,DQN,1,-1
9389,DQN,1,-1
9390,Random,-1,1
9391,DQN,1,-1
9392,DQN,1,-1
9393,DQN,1,-1
9394,DQN,1,-1
9395,DQN,1,-1
9396,DQN,1,-1
9397,DQN,1,-1
9398,DQN,1,-1
9399,DQN,1,-1
9400,DQN,1,-1
9401,DQN,1,-1
9402,DQN,1,-1
9403,DQN,1,-1
9404,DQN,1,-1
9405,DQN,1,-1
9406,DQN,1,-1
9407,DQN,1,-1
9408,DQN,1,-1
9409,DQN,1,-1
9410,DQN,1,-1
9411,DQN,1,-1
9412,DQN,1,-1
9413,draw,0,0
9414,DQN,1,-1
9415,DQN,1,-1
9416,Random,-1,1
9417,DQN,1,-1
9418,Random,-1,1
9419,DQN,1,-1
9420,DQN,1,-1
9421,DQN,1,-1
9422,DQN,1,-1
9423,DQN,1,-1
9424,DQN,1,-1
9425,DQN,1,-1
9426,DQN,1,-1
9427,DQN,1,-1
9428,DQN,1,-1
9429,Random,-1,1
9430,Random,-1,1
9431,DQN,1,-1
9432,DQN,1,-1
9433,DQN,1,-1
9434,Random,-1,1
9435,DQN,1,-1
9436,DQN,1,-1
9437,Random,-1,1
9438,DQN,1,-1
9439,Random,-1,1
9440,Random,-1,1
9441,DQN,1,-1
9442,DQN,1,-1
9443,DQN,1,-1
9444,DQN,1,-1
9445,DQN,1,-1
9446,DQN,1,-1
9447,DQN,1,-1
9448,DQN,1,-1
9449,Random,-1,1
9450,DQN,1,-1
9451,DQN,1,-1
9452,DQN,1,-1
9453,Random,-1,1
9454,DQN,1,-1
9455,Random,-1,1
9456,DQN,1,-1
9457,DQN,1,-1
9458,DQN,1,-1
9459,DQN,1,-1
9460,DQN,1,-1
9461,Random,-1,1
9462,Random,-1,1
9463,Random,-1,1
9464,DQN,1,-1
9465,DQN,1,-1
9466,DQN,1,-1
9467,DQN,1,-1
9468,DQN,1,-1
9469,DQN,1,-1
9470,DQN,1,-1
9471,DQN,1,-1
9472,Random,-1,1
9473,draw,0,0
9474,Random,-1,1
9475,DQN,1,-1
9476,DQN,1,-1
9477,DQN,1,-1
9478,DQN,1,-1
9479,Random,-1,1
9480,DQN,1,-1
9481,DQN,1,-1
9482,draw,0,0
9483,Random,-1,1
9484,Random,-1,1
9485,draw,0,0
9486,DQN,1,-1
9487,DQN,1,-1
9488,DQN,1,-1
9489,DQN,1,-1
9490,DQN,1,-1
9491,DQN,1,-1
9492,DQN,1,-1
9493,DQN,1,-1
9494,Random,-1,1
9495,Random,-1,1
9496,DQN,1,-1
9497,DQN,1,-1
9498,Random,-1,1
9499,Random,-1,1
9500,DQN,1,-1
9501,DQN,1,-1
9502,DQN,1,-1
9503,DQN,1,-1
9504,Random,-1,1
9505,DQN,1,-1
9506,DQN,1,-1
9507,DQN,1,-1
9508,DQN,1,-1
9509,DQN,1,-1
9510,DQN,1,-1
9511,DQN,1,-1
9512,DQN,1,-1
9513,DQN,1,-1
9514,DQN,1,-1
9515,DQN,1,-1
9516,draw,0,0
9517,DQN,1,-1
9518,DQN,1,-1
9519,draw,0,0
9520,Random,-1,1
9521,DQN,1,-1
9522,DQN,1,-1
9523,DQN,1,-1
9524,draw,0,0
9525,DQN,1,-1
9526,DQN,1,-1
9527,DQN,1,-1
9528,DQN,1,-1
9529,Random,-1,1
9530,DQN,1,-1
9531,DQN,1,-1
9532,DQN,1,-1
9533,draw,0,0
9534,DQN,1,-1
9535,DQN,1,-1
9536,DQN,1,-1
9537,Random,-1,1
9538,DQN,1,-1
9539,DQN,1,-1
9540,DQN,1,-1
9541,Random,-1,1
9542,DQN,1,-1
9543,DQN,1,-1
9544,Random,-1,1
9545,DQN,1,-1
9546,DQN,1,-1
9547,DQN,1,-1
9548,DQN,1,-1
9549,Random,-1,1
9550,draw,0,0
9551,DQN,1,-1
9552,DQN,1,-1
9553,DQN,1,-1
9554,DQN,1,-1
9555,draw,0,0
9556,draw,0,0
9557,DQN,1,-1
9558,DQN,1,-1
9559,DQN,1,-1
9560,draw,0,0
9561,DQN,1,-1
9562,draw,0,0
9563,draw,0,0
9564,DQN,1,-1
9565,DQN,1,-1
9566,Random,-1,1
9567,DQN,1,-1
9568,Random,-1,1
9569,DQN,1,-1
9570,DQN,1,-1
9571,DQN,1,-1
9572,draw,0,0
9573,DQN,1,-1
9574,DQN,1,-1
9575,Random,-1,1
9576,DQN,1,-1
9577,DQN,1,-1
9578,draw,0,0
9579,DQN,1,-1
9580,DQN,1,-1
9581,DQN,1,-1
9582,draw,0,0
9583,DQN,1,-1
9584,DQN,1,-1
9585,draw,0,0
9586,DQN,1,-1
9587,DQN,1,-1
9588,DQN,1,-1
9589,DQN,1,-1
9590,DQN,1,-1
9591,DQN,1,-1
9592,DQN,1,-1
9593,DQN,1,-1
9594,DQN,1,-1
9595,DQN,1,-1
9596,DQN,1,-1
9597,Random,-1,1
9598,DQN,1,-1
9599,DQN,1,-1
9600,DQN,1,-1
9601,DQN,1,-1
9602,DQN,1,-1
9603,Random,-1,1
9604,Random,-1,1
9605,DQN,1,-1
9606,DQN,1,-1
9607,DQN,1,-1
9608,DQN,1,-1
9609,Random,-1,1
9610,draw,0,0
9611,DQN,1,-1
9612,DQN,1,-1
9613,DQN,1,-1
9614,draw,0,0
9615,Random,-1,1
9616,DQN,1,-1
9617,DQN,1,-1
9618,DQN,1,-1
9619,Random,-1,1
9620,DQN,1,-1
9621,Random,-1,1
9622,DQN,1,-1
9623,DQN,1,-1
9624,DQN,1,-1
9625,DQN,1,-1
9626,Random,-1,1
9627,DQN,1,-1
9628,DQN,1,-1
9629,DQN,1,-1
9630,DQN,1,-1
9631,DQN,1,-1
9632,DQN,1,-1
9633,DQN,1,-1
9634,draw,0,0
9635,DQN,1,-1
9636,DQN,1,-1
9637,DQN,1,-1
9638,DQN,1,-1
9639,DQN,1,-1
9640,DQN,1,-1
9641,DQN,1,-1
9642,DQN,1,-1
9643,DQN,1,-1
9644,DQN,1,-1
9645,DQN,1,-1
9646,draw,0,0
9647,DQN,1,-1
9648,DQN,1,-1
9649,DQN,1,-1
9650,DQN,1,-1
9651,DQN,1,-1
9652,Random,-1,1
9653,DQN,1,-1
9654,DQN,1,-1
9655,DQN,1,-1
9656,DQN,1,-1
9657,DQN,1,-1
9658,DQN,1,-1
9659,DQN,1,-1
9660,DQN,1,-1
9661,DQN,1,-1
9662,DQN,1,-1
9663,DQN,1,-1
9664,DQN,1,-1
9665,DQN,1,-1
9666,DQN,1,-1
9667,DQN,1,-1
9668,DQN,1,-1
9669,Random,-1,1
9670,DQN,1,-1
9671,DQN,1,-1
9672,DQN,1,-1
9673,DQN,1,-1
9674,DQN,1,-1
9675,DQN,1,-1
9676,DQN,1,-1
9677,DQN,1,-1
9678,DQN,1,-1
9679,DQN,1,-1
9680,Random,-1,1
9681,DQN,1,-1
9682,DQN,1,-1
9683,DQN,1,-1
9684,DQN,1,-1
9685,DQN,1,-1
9686,DQN,1,-1
9687,DQN,1,-1
9688,DQN,1,-1
9689,DQN,1,-1
9690,DQN,1,-1
9691,DQN,1,-1
9692,DQN,1,-1
9693,DQN,1,-1
9694,DQN,1,-1
9695,DQN,1,-1
9696,DQN,1,-1
9697,DQN,1,-1
9698,DQN,1,-1
9699,DQN,1,-1
9700,DQN,1,-1
9701,DQN,1,-1
9702,Random,-1,1
9703,Random,-1,1
9704,DQN,1,-1
9705,DQN,1,-1
9706,DQN,1,-1
9707,DQN,1,-1
9708,DQN,1,-1
9709,DQN,1,-1
9710,DQN,1,-1
9711,DQN,1,-1
9712,Random,-1,1
9713,DQN,1,-1
9714,draw,0,0
9715,DQN,1,-1
9716,DQN,1,-1
9717,Random,-1,1
9718,DQN,1,-1
9719,DQN,1,-1
9720,DQN,1,-1
9721,DQN,1,-1
9722,DQN,1,-1
9723,DQN,1,-1
9724,DQN,1,-1
9725,DQN,1,-1
9726,DQN,1,-1
9727,DQN,1,-1
9728,DQN,1,-1
9729,DQN,1,-1
9730,DQN,1,-1
9731,Random,-1,1
9732,Random,-1,1
9733,DQN,1,-1
9734,DQN,1,-1
9735,DQN,1,-1
9736,DQN,1,-1
9737,DQN,1,-1
9738,DQN,1,-1
9739,DQN,1,-1
9740,DQN,1,-1
9741,DQN,1,-1
9742,DQN,1,-1
9743,DQN,1,-1
9744,DQN,1,-1
9745,DQN,1,-1
9746,DQN,1,-1
9747,DQN,1,-1
9748,Random,-1,1
9749,DQN,1,-1
9750,Random,-1,1
9751,DQN,1,-1
9752,DQN,1,-1
9753,DQN,1,-1
9754,DQN,1,-1
9755,DQN,1,-1
9756,DQN,1,-1
9757,DQN,1,-1
9758,DQN,1,-1
9759,DQN,1,-1
9760,DQN,1,-1
9761,DQN,1,-1
9762,DQN,1,-1
9763,DQN,1,-1
9764,DQN,1,-1
9765,DQN,1,-1
9766,DQN,1,-1
9767,DQN,1,-1
9768,DQN,1,-1
9769,DQN,1,-1
9770,DQN,1,-1
9771,draw,0,0
9772,DQN,1,-1
9773,DQN,1,-1
9774,Random,-1,1
9775,DQN,1,-1
9776,Random,-1,1
9777,Random,-1,1
9778,DQN,1,-1
9779,DQN,1,-1
9780,DQN,1,-1
9781,DQN,1,-1
9782,Random,-1,1
9783,DQN,1,-1
9784,DQN,1,-1
9785,Random,-1,1
9786,DQN,1,-1
9787,DQN,1,-1
9788,DQN,1,-1
9789,DQN,1,-1
9790,DQN,1,-1
9791,DQN,1,-1
9792,DQN,1,-1
9793,Random,-1,1
9794,Random,-1,1
9795,DQN,1,-1
9796,DQN,1,-1
9797,DQN,1,-1
9798,DQN,1,-1
9799,DQN,1,-1
9800,DQN,1,-1
9801,Random,-1,1
9802,DQN,1,-1
9803,DQN,1,-1
9804,DQN,1,-1
9805,DQN,1,-1
9806,DQN,1,-1
9807,DQN,1,-1
9808,DQN,1,-1
9809,Random,-1,1
9810,Random,-1,1
9811,DQN,1,-1
9812,DQN,1,-1
9813,DQN,1,-1
9814,DQN,1,-1
9815,Random,-1,1
9816,Random,-1,1
9817,DQN,1,-1
9818,DQN,1,-1
9819,DQN,1,-1
9820,DQN,1,-1
9821,DQN,1,-1
9822,DQN,1,-1
9823,DQN,1,-1
9824,DQN,1,-1
9825,DQN,1,-1
9826,DQN,1,-1
9827,DQN,1,-1
9828,DQN,1,-1
9829,DQN,1,-1
9830,DQN,1,-1
9831,Random,-1,1
9832,DQN,1,-1
9833,DQN,1,-1
9834,draw,0,0
9835,DQN,1,-1
9836,DQN,1,-1
9837,DQN,1,-1
9838,DQN,1,-1
9839,DQN,1,-1
9840,DQN,1,-1
9841,DQN,1,-1
9842,DQN,1,-1
9843,DQN,1,-1
9844,DQN,1,-1
9845,draw,0,0
9846,DQN,1,-1
9847,draw,0,0
9848,DQN,1,-1
9849,DQN,1,-1
9850,draw,0,0
9851,DQN,1,-1
9852,draw,0,0
9853,draw,0,0
9854,DQN,1,-1
9855,DQN,1,-1
9856,DQN,1,-1
9857,DQN,1,-1
9858,Random,-1,1
9859,DQN,1,-1
9860,draw,0,0
9861,draw,0,0
9862,DQN,1,-1
9863,DQN,1,-1
9864,Random,-1,1
9865,DQN,1,-1
9866,Random,-1,1
9867,Random,-1,1
9868,DQN,1,-1
9869,draw,0,0
9870,DQN,1,-1
9871,DQN,1,-1
9872,DQN,1,-1
9873,Random,-1,1
9874,draw,0,0
9875,Random,-1,1
9876,draw,0,0
9877,draw,0,0
9878,DQN,1,-1
9879,Random,-1,1
9880,Random,-1,1
9881,Random,-1,1
9882,draw,0,0
9883,DQN,1,-1
9884,draw,0,0
9885,DQN,1,-1
9886,Random,-1,1
9887,draw,0,0
9888,DQN,1,-1
9889,DQN,1,-1
9890,Random,-1,1
9891,draw,0,0
9892,DQN,1,-1
9893,draw,0,0
9894,draw,0,0
9895,draw,0,0
9896,DQN,1,-1
9897,draw,0,0
9898,DQN,1,-1
9899,DQN,1,-1
9900,DQN,1,-1
9901,Random,-1,1
9902,DQN,1,-1
9903,Random,-1,1
9904,draw,0,0
9905,draw,0,0
9906,draw,0,0
9907,draw,0,0
9908,draw,0,0
9909,DQN,1,-1
9910,DQN,1,-1
9911,Random,-1,1
9912,Random,-1,1
9913,DQN,1,-1
9914,DQN,1,-1
9915,Random,-1,1
9916,DQN,1,-1
9917,DQN,1,-1
9918,DQN,1,-1
9919,Random,-1,1
9920,DQN,1,-1
9921,draw,0,0
9922,draw,0,0
9923,DQN,1,-1
9924,DQN,1,-1
9925,DQN,1,-1
9926,DQN,1,-1
9927,DQN,1,-1
9928,Random,-1,1
9929,DQN,1,-1
9930,Random,-1,1
9931,draw,0,0
9932,DQN,1,-1
9933,draw,0,0
9934,DQN,1,-1
9935,DQN,1,-1
9936,draw,0,0
9937,DQN,1,-1
9938,DQN,1,-1
9939,DQN,1,-1
9940,DQN,1,-1
9941,draw,0,0
9942,DQN,1,-1
9943,DQN,1,-1
9944,DQN,1,-1
9945,Random,-1,1
9946,Random,-1,1
9947,DQN,1,-1
9948,DQN,1,-1
9949,DQN,1,-1
9950,DQN,1,-1
9951,Random,-1,1
9952,DQN,1,-1
9953,DQN,1,-1
9954,DQN,1,-1
9955,draw,0,0
9956,DQN,1,-1
9957,Random,-1,1
9958,DQN,1,-1
9959,Random,-1,1
9960,Random,-1,1
9961,DQN,1,-1
9962,DQN,1,-1
9963,Random,-1,1
9964,Random,-1,1
9965,DQN,1,-1
9966,DQN,1,-1
9967,DQN,1,-1
9968,DQN,1,-1
9969,draw,0,0
9970,Random,-1,1
9971,DQN,1,-1
9972,DQN,1,-1
9973,DQN,1,-1
9974,draw,0,0
9975,DQN,1,-1
9976,DQN,1,-1
9977,DQN,1,-1
9978,DQN,1,-1
9979,DQN,1,-1
9980,DQN,1,-1
9981,DQN,1,-1
9982,DQN,1,-1
9983,DQN,1,-1
9984,DQN,1,-1
9985,DQN,1,-1
9986,DQN,1,-1
9987,DQN,1,-1
9988,DQN,1,-1
9989,DQN,1,-1
9990,DQN,1,-1
9991,draw,0,0
9992,DQN,1,-1
9993,DQN,1,-1
9994,DQN,1,-1
9995,Random,-1,1
9996,DQN,1,-1
9997,DQN,1,-1
9998,DQN,1,-1
9999,DQN,1,-1
10000,Random,-1,1
