episode,winner,PPO,Random
1,Random,-1,1
2,Random,-1,1
3,PPO,1,-1
4,Random,-1,1
5,draw,0,0
6,Random,-1,1
7,Random,-1,1
8,Random,-1,1
9,Random,-1,1
10,Random,-1,1
11,Random,-1,1
12,Random,-1,1
13,Random,-1,1
14,Random,-1,1
15,Random,-1,1
16,Random,-1,1
17,draw,0,0
18,draw,0,0
19,Random,-1,1
20,draw,0,0
21,Random,-1,1
22,Random,-1,1
23,PPO,1,-1
24,Random,-1,1
25,PPO,1,-1
26,draw,0,0
27,Random,-1,1
28,Random,-1,1
29,Random,-1,1
30,Random,-1,1
31,Random,-1,1
32,Random,-1,1
33,draw,0,0
34,Random,-1,1
35,Random,-1,1
36,Random,-1,1
37,draw,0,0
38,Random,-1,1
39,Random,-1,1
40,Random,-1,1
41,Random,-1,1
42,Random,-1,1
43,Random,-1,1
44,Random,-1,1
45,draw,0,0
46,Random,-1,1
47,Random,-1,1
48,Random,-1,1
49,Random,-1,1
50,draw,0,0
51,Random,-1,1
52,draw,0,0
53,draw,0,0
54,Random,-1,1
55,Random,-1,1
56,Random,-1,1
57,Random,-1,1
58,draw,0,0
59,Random,-1,1
60,Random,-1,1
61,Random,-1,1
62,Random,-1,1
63,Random,-1,1
64,draw,0,0
65,Random,-1,1
66,Random,-1,1
67,Random,-1,1
68,Random,-1,1
69,Random,-1,1
70,Random,-1,1
71,Random,-1,1
72,Random,-1,1
73,draw,0,0
74,Random,-1,1
75,Random,-1,1
76,draw,0,0
77,Random,-1,1
78,Random,-1,1
79,Random,-1,1
80,draw,0,0
81,draw,0,0
82,PPO,1,-1
83,draw,0,0
84,Random,-1,1
85,PPO,1,-1
86,Random,-1,1
87,Random,-1,1
88,draw,0,0
89,PPO,1,-1
90,Random,-1,1
91,draw,0,0
92,Random,-1,1
93,Random,-1,1
94,Random,-1,1
95,Random,-1,1
96,Random,-1,1
97,draw,0,0
98,draw,0,0
99,Random,-1,1
100,Random,-1,1
101,draw,0,0
102,Random,-1,1
103,draw,0,0
104,draw,0,0
105,Random,-1,1
106,Random,-1,1
107,draw,0,0
108,draw,0,0
109,draw,0,0
110,draw,0,0
111,Random,-1,1
112,Random,-1,1
113,Random,-1,1
114,Random,-1,1
115,Random,-1,1
116,Random,-1,1
117,Random,-1,1
118,Random,-1,1
119,Random,-1,1
120,Random,-1,1
121,Random,-1,1
122,Random,-1,1
123,draw,0,0
124,Random,-1,1
125,Random,-1,1
126,PPO,1,-1
127,Random,-1,1
128,Random,-1,1
129,draw,0,0
130,draw,0,0
131,PPO,1,-1
132,Random,-1,1
133,draw,0,0
134,PPO,1,-1
135,PPO,1,-1
136,Random,-1,1
137,Random,-1,1
138,PPO,1,-1
139,Random,-1,1
140,PPO,1,-1
141,Random,-1,1
142,Random,-1,1
143,Random,-1,1
144,draw,0,0
145,Random,-1,1
146,Random,-1,1
147,Random,-1,1
148,draw,0,0
149,draw,0,0
150,Random,-1,1
151,Random,-1,1
152,draw,0,0
153,draw,0,0
154,Random,-1,1
155,Random,-1,1
156,Random,-1,1
157,Random,-1,1
158,Random,-1,1
159,draw,0,0
160,Random,-1,1
161,PPO,1,-1
162,draw,0,0
163,draw,0,0
164,PPO,1,-1
165,Random,-1,1
166,PPO,1,-1
167,Random,-1,1
168,PPO,1,-1
169,draw,0,0
170,Random,-1,1
171,Random,-1,1
172,Random,-1,1
173,draw,0,0
174,draw,0,0
175,draw,0,0
176,PPO,1,-1
177,draw,0,0
178,Random,-1,1
179,Random,-1,1
180,Random,-1,1
181,PPO,1,-1
182,PPO,1,-1
183,draw,0,0
184,draw,0,0
185,Random,-1,1
186,Random,-1,1
187,Random,-1,1
188,Random,-1,1
189,Random,-1,1
190,Random,-1,1
191,Random,-1,1
192,Random,-1,1
193,Random,-1,1
194,PPO,1,-1
195,Random,-1,1
196,Random,-1,1
197,Random,-1,1
198,Random,-1,1
199,Random,-1,1
200,Random,-1,1
201,PPO,1,-1
202,draw,0,0
203,PPO,1,-1
204,PPO,1,-1
205,draw,0,0
206,Random,-1,1
207,Random,-1,1
208,draw,0,0
209,Random,-1,1
210,Random,-1,1
211,Random,-1,1
212,Random,-1,1
213,draw,0,0
214,draw,0,0
215,Random,-1,1
216,Random,-1,1
217,draw,0,0
218,draw,0,0
219,PPO,1,-1
220,Random,-1,1
221,PPO,1,-1
222,draw,0,0
223,Random,-1,1
224,Random,-1,1
225,Random,-1,1
226,Random,-1,1
227,Random,-1,1
228,draw,0,0
229,draw,0,0
230,Random,-1,1
231,Random,-1,1
232,draw,0,0
233,Random,-1,1
234,draw,0,0
235,Random,-1,1
236,Random,-1,1
237,Random,-1,1
238,draw,0,0
239,Random,-1,1
240,Random,-1,1
241,Random,-1,1
242,Random,-1,1
243,Random,-1,1
244,Random,-1,1
245,draw,0,0
246,draw,0,0
247,draw,0,0
248,Random,-1,1
249,Random,-1,1
250,Random,-1,1
251,Random,-1,1
252,Random,-1,1
253,Random,-1,1
254,draw,0,0
255,Random,-1,1
256,Random,-1,1
257,Random,-1,1
258,Random,-1,1
259,Random,-1,1
260,draw,0,0
261,Random,-1,1
262,Random,-1,1
263,Random,-1,1
264,Random,-1,1
265,draw,0,0
266,Random,-1,1
267,Random,-1,1
268,Random,-1,1
269,Random,-1,1
270,Random,-1,1
271,Random,-1,1
272,Random,-1,1
273,PPO,1,-1
274,Random,-1,1
275,Random,-1,1
276,Random,-1,1
277,Random,-1,1
278,Random,-1,1
279,Random,-1,1
280,Random,-1,1
281,Random,-1,1
282,Random,-1,1
283,Random,-1,1
284,Random,-1,1
285,Random,-1,1
286,Random,-1,1
287,Random,-1,1
288,Random,-1,1
289,Random,-1,1
290,draw,0,0
291,Random,-1,1
292,Random,-1,1
293,Random,-1,1
294,draw,0,0
295,draw,0,0
296,draw,0,0
297,Random,-1,1
298,Random,-1,1
299,Random,-1,1
300,Random,-1,1
301,draw,0,0
302,Random,-1,1
303,draw,0,0
304,draw,0,0
305,draw,0,0
306,Random,-1,1
307,draw,0,0
308,Random,-1,1
309,Random,-1,1
310,Random,-1,1
311,Random,-1,1
312,draw,0,0
313,Random,-1,1
314,draw,0,0
315,draw,0,0
316,Random,-1,1
317,Random,-1,1
318,Random,-1,1
319,Random,-1,1
320,Random,-1,1
321,Random,-1,1
322,Random,-1,1
323,draw,0,0
324,Random,-1,1
325,PPO,1,-1
326,Random,-1,1
327,draw,0,0
328,draw,0,0
329,Random,-1,1
330,draw,0,0
331,Random,-1,1
332,Random,-1,1
333,Random,-1,1
334,Random,-1,1
335,Random,-1,1
336,Random,-1,1
337,draw,0,0
338,draw,0,0
339,Random,-1,1
340,draw,0,0
341,Random,-1,1
342,Random,-1,1
343,draw,0,0
344,Random,-1,1
345,draw,0,0
346,draw,0,0
347,Random,-1,1
348,Random,-1,1
349,draw,0,0
350,Random,-1,1
351,draw,0,0
352,Random,-1,1
353,draw,0,0
354,Random,-1,1
355,Random,-1,1
356,draw,0,0
357,draw,0,0
358,Random,-1,1
359,Random,-1,1
360,Random,-1,1
361,Random,-1,1
362,Random,-1,1
363,Random,-1,1
364,Random,-1,1
365,draw,0,0
366,Random,-1,1
367,Random,-1,1
368,draw,0,0
369,Random,-1,1
370,draw,0,0
371,Random,-1,1
372,Random,-1,1
373,Random,-1,1
374,Random,-1,1
375,Random,-1,1
376,draw,0,0
377,Random,-1,1
378,Random,-1,1
379,Random,-1,1
380,Random,-1,1
381,Random,-1,1
382,draw,0,0
383,Random,-1,1
384,Random,-1,1
385,draw,0,0
386,Random,-1,1
387,Random,-1,1
388,Random,-1,1
389,Random,-1,1
390,Random,-1,1
391,Random,-1,1
392,draw,0,0
393,Random,-1,1
394,Random,-1,1
395,Random,-1,1
396,Random,-1,1
397,draw,0,0
398,Random,-1,1
399,draw,0,0
400,Random,-1,1
401,draw,0,0
402,PPO,1,-1
403,draw,0,0
404,draw,0,0
405,Random,-1,1
406,Random,-1,1
407,Random,-1,1
408,draw,0,0
409,Random,-1,1
410,draw,0,0
411,draw,0,0
412,Random,-1,1
413,Random,-1,1
414,Random,-1,1
415,Random,-1,1
416,Random,-1,1
417,Random,-1,1
418,Random,-1,1
419,draw,0,0
420,draw,0,0
421,draw,0,0
422,Random,-1,1
423,draw,0,0
424,Random,-1,1
425,draw,0,0
426,Random,-1,1
427,Random,-1,1
428,Random,-1,1
429,Random,-1,1
430,Random,-1,1
431,Random,-1,1
432,Random,-1,1
433,draw,0,0
434,draw,0,0
435,Random,-1,1
436,draw,0,0
437,Random,-1,1
438,draw,0,0
439,Random,-1,1
440,Random,-1,1
441,Random,-1,1
442,draw,0,0
443,draw,0,0
444,PPO,1,-1
445,draw,0,0
446,Random,-1,1
447,Random,-1,1
448,draw,0,0
449,Random,-1,1
450,draw,0,0
451,Random,-1,1
452,Random,-1,1
453,Random,-1,1
454,Random,-1,1
455,Random,-1,1
456,draw,0,0
457,draw,0,0
458,Random,-1,1
459,Random,-1,1
460,draw,0,0
461,draw,0,0
462,Random,-1,1
463,Random,-1,1
464,draw,0,0
465,Random,-1,1
466,Random,-1,1
467,Random,-1,1
468,draw,0,0
469,Random,-1,1
470,Random,-1,1
471,Random,-1,1
472,Random,-1,1
473,Random,-1,1
474,Random,-1,1
475,draw,0,0
476,draw,0,0
477,PPO,1,-1
478,draw,0,0
479,draw,0,0
480,Random,-1,1
481,draw,0,0
482,Random,-1,1
483,Random,-1,1
484,Random,-1,1
485,Random,-1,1
486,draw,0,0
487,draw,0,0
488,Random,-1,1
489,Random,-1,1
490,draw,0,0
491,Random,-1,1
492,draw,0,0
493,Random,-1,1
494,Random,-1,1
495,Random,-1,1
496,Random,-1,1
497,Random,-1,1
498,Random,-1,1
499,Random,-1,1
500,Random,-1,1
501,Random,-1,1
502,Random,-1,1
503,Random,-1,1
504,Random,-1,1
505,Random,-1,1
506,Random,-1,1
507,draw,0,0
508,Random,-1,1
509,Random,-1,1
510,Random,-1,1
511,Random,-1,1
512,Random,-1,1
513,Random,-1,1
514,Random,-1,1
515,Random,-1,1
516,Random,-1,1
517,draw,0,0
518,draw,0,0
519,Random,-1,1
520,draw,0,0
521,Random,-1,1
522,Random,-1,1
523,Random,-1,1
524,Random,-1,1
525,draw,0,0
526,Random,-1,1
527,Random,-1,1
528,Random,-1,1
529,draw,0,0
530,draw,0,0
531,draw,0,0
532,draw,0,0
533,Random,-1,1
534,Random,-1,1
535,Random,-1,1
536,Random,-1,1
537,Random,-1,1
538,draw,0,0
539,Random,-1,1
540,draw,0,0
541,Random,-1,1
542,Random,-1,1
543,Random,-1,1
544,Random,-1,1
545,Random,-1,1
546,Random,-1,1
547,Random,-1,1
548,draw,0,0
549,Random,-1,1
550,draw,0,0
551,Random,-1,1
552,Random,-1,1
553,Random,-1,1
554,Random,-1,1
555,Random,-1,1
556,Random,-1,1
557,Random,-1,1
558,Random,-1,1
559,Random,-1,1
560,Random,-1,1
561,Random,-1,1
562,draw,0,0
563,Random,-1,1
564,Random,-1,1
565,Random,-1,1
566,Random,-1,1
567,draw,0,0
568,Random,-1,1
569,Random,-1,1
570,Random,-1,1
571,draw,0,0
572,draw,0,0
573,Random,-1,1
574,draw,0,0
575,Random,-1,1
576,Random,-1,1
577,draw,0,0
578,Random,-1,1
579,Random,-1,1
580,draw,0,0
581,Random,-1,1
582,Random,-1,1
583,Random,-1,1
584,Random,-1,1
585,Random,-1,1
586,Random,-1,1
587,Random,-1,1
588,Random,-1,1
589,Random,-1,1
590,Random,-1,1
591,draw,0,0
592,Random,-1,1
593,Random,-1,1
594,Random,-1,1
595,Random,-1,1
596,Random,-1,1
597,Random,-1,1
598,Random,-1,1
599,Random,-1,1
600,Random,-1,1
601,Random,-1,1
602,draw,0,0
603,Random,-1,1
604,draw,0,0
605,Random,-1,1
606,draw,0,0
607,draw,0,0
608,Random,-1,1
609,Random,-1,1
610,draw,0,0
611,draw,0,0
612,Random,-1,1
613,draw,0,0
614,draw,0,0
615,Random,-1,1
616,Random,-1,1
617,draw,0,0
618,Random,-1,1
619,Random,-1,1
620,draw,0,0
621,draw,0,0
622,Random,-1,1
623,Random,-1,1
624,Random,-1,1
625,draw,0,0
626,Random,-1,1
627,Random,-1,1
628,Random,-1,1
629,draw,0,0
630,draw,0,0
631,Random,-1,1
632,draw,0,0
633,Random,-1,1
634,Random,-1,1
635,Random,-1,1
636,Random,-1,1
637,Random,-1,1
638,Random,-1,1
639,draw,0,0
640,draw,0,0
641,draw,0,0
642,Random,-1,1
643,Random,-1,1
644,Random,-1,1
645,Random,-1,1
646,Random,-1,1
647,Random,-1,1
648,draw,0,0
649,Random,-1,1
650,Random,-1,1
651,Random,-1,1
652,draw,0,0
653,Random,-1,1
654,Random,-1,1
655,draw,0,0
656,draw,0,0
657,draw,0,0
658,Random,-1,1
659,Random,-1,1
660,Random,-1,1
661,Random,-1,1
662,Random,-1,1
663,draw,0,0
664,draw,0,0
665,Random,-1,1
666,draw,0,0
667,Random,-1,1
668,draw,0,0
669,draw,0,0
670,draw,0,0
671,Random,-1,1
672,draw,0,0
673,Random,-1,1
674,Random,-1,1
675,Random,-1,1
676,draw,0,0
677,draw,0,0
678,draw,0,0
679,Random,-1,1
680,Random,-1,1
681,Random,-1,1
682,Random,-1,1
683,Random,-1,1
684,draw,0,0
685,Random,-1,1
686,Random,-1,1
687,draw,0,0
688,Random,-1,1
689,Random,-1,1
690,Random,-1,1
691,Random,-1,1
692,Random,-1,1
693,draw,0,0
694,draw,0,0
695,draw,0,0
696,draw,0,0
697,Random,-1,1
698,Random,-1,1
699,Random,-1,1
700,draw,0,0
701,draw,0,0
702,Random,-1,1
703,Random,-1,1
704,Random,-1,1
705,Random,-1,1
706,Random,-1,1
707,Random,-1,1
708,draw,0,0
709,Random,-1,1
710,Random,-1,1
711,draw,0,0
712,draw,0,0
713,Random,-1,1
714,Random,-1,1
715,Random,-1,1
716,Random,-1,1
717,draw,0,0
718,Random,-1,1
719,Random,-1,1
720,Random,-1,1
721,Random,-1,1
722,Random,-1,1
723,Random,-1,1
724,draw,0,0
725,Random,-1,1
726,Random,-1,1
727,Random,-1,1
728,Random,-1,1
729,draw,0,0
730,draw,0,0
731,draw,0,0
732,Random,-1,1
733,Random,-1,1
734,Random,-1,1
735,Random,-1,1
736,Random,-1,1
737,Random,-1,1
738,Random,-1,1
739,Random,-1,1
740,draw,0,0
741,Random,-1,1
742,Random,-1,1
743,Random,-1,1
744,Random,-1,1
745,draw,0,0
746,Random,-1,1
747,Random,-1,1
748,Random,-1,1
749,Random,-1,1
750,Random,-1,1
751,Random,-1,1
752,Random,-1,1
753,Random,-1,1
754,Random,-1,1
755,draw,0,0
756,draw,0,0
757,Random,-1,1
758,Random,-1,1
759,Random,-1,1
760,Random,-1,1
761,draw,0,0
762,draw,0,0
763,draw,0,0
764,Random,-1,1
765,Random,-1,1
766,Random,-1,1
767,Random,-1,1
768,Random,-1,1
769,draw,0,0
770,Random,-1,1
771,Random,-1,1
772,draw,0,0
773,Random,-1,1
774,draw,0,0
775,Random,-1,1
776,draw,0,0
777,Random,-1,1
778,Random,-1,1
779,Random,-1,1
780,draw,0,0
781,draw,0,0
782,Random,-1,1
783,Random,-1,1
784,Random,-1,1
785,Random,-1,1
786,draw,0,0
787,Random,-1,1
788,draw,0,0
789,Random,-1,1
790,Random,-1,1
791,Random,-1,1
792,Random,-1,1
793,Random,-1,1
794,Random,-1,1
795,draw,0,0
796,draw,0,0
797,draw,0,0
798,Random,-1,1
799,Random,-1,1
800,Random,-1,1
801,Random,-1,1
802,Random,-1,1
803,draw,0,0
804,Random,-1,1
805,Random,-1,1
806,Random,-1,1
807,Random,-1,1
808,Random,-1,1
809,Random,-1,1
810,Random,-1,1
811,draw,0,0
812,Random,-1,1
813,draw,0,0
814,Random,-1,1
815,Random,-1,1
816,draw,0,0
817,Random,-1,1
818,Random,-1,1
819,draw,0,0
820,draw,0,0
821,Random,-1,1
822,draw,0,0
823,Random,-1,1
824,Random,-1,1
825,Random,-1,1
826,Random,-1,1
827,Random,-1,1
828,Random,-1,1
829,Random,-1,1
830,Random,-1,1
831,Random,-1,1
832,Random,-1,1
833,Random,-1,1
834,draw,0,0
835,Random,-1,1
836,draw,0,0
837,Random,-1,1
838,draw,0,0
839,Random,-1,1
840,Random,-1,1
841,Random,-1,1
842,draw,0,0
843,Random,-1,1
844,Random,-1,1
845,Random,-1,1
846,Random,-1,1
847,draw,0,0
848,Random,-1,1
849,Random,-1,1
850,Random,-1,1
851,draw,0,0
852,Random,-1,1
853,Random,-1,1
854,draw,0,0
855,draw,0,0
856,Random,-1,1
857,Random,-1,1
858,Random,-1,1
859,Random,-1,1
860,Random,-1,1
861,draw,0,0
862,Random,-1,1
863,Random,-1,1
864,Random,-1,1
865,draw,0,0
866,Random,-1,1
867,Random,-1,1
868,draw,0,0
869,Random,-1,1
870,Random,-1,1
871,Random,-1,1
872,Random,-1,1
873,Random,-1,1
874,Random,-1,1
875,Random,-1,1
876,Random,-1,1
877,PPO,1,-1
878,draw,0,0
879,Random,-1,1
880,Random,-1,1
881,Random,-1,1
882,Random,-1,1
883,draw,0,0
884,draw,0,0
885,draw,0,0
886,draw,0,0
887,draw,0,0
888,Random,-1,1
889,Random,-1,1
890,draw,0,0
891,Random,-1,1
892,Random,-1,1
893,Random,-1,1
894,Random,-1,1
895,draw,0,0
896,Random,-1,1
897,Random,-1,1
898,Random,-1,1
899,draw,0,0
900,Random,-1,1
901,Random,-1,1
902,Random,-1,1
903,PPO,1,-1
904,draw,0,0
905,Random,-1,1
906,Random,-1,1
907,Random,-1,1
908,Random,-1,1
909,Random,-1,1
910,Random,-1,1
911,Random,-1,1
912,draw,0,0
913,Random,-1,1
914,Random,-1,1
915,draw,0,0
916,Random,-1,1
917,Random,-1,1
918,draw,0,0
919,Random,-1,1
920,draw,0,0
921,Random,-1,1
922,Random,-1,1
923,Random,-1,1
924,draw,0,0
925,draw,0,0
926,Random,-1,1
927,draw,0,0
928,Random,-1,1
929,Random,-1,1
930,draw,0,0
931,draw,0,0
932,Random,-1,1
933,Random,-1,1
934,Random,-1,1
935,Random,-1,1
936,Random,-1,1
937,Random,-1,1
938,draw,0,0
939,Random,-1,1
940,draw,0,0
941,Random,-1,1
942,Random,-1,1
943,Random,-1,1
944,Random,-1,1
945,draw,0,0
946,draw,0,0
947,Random,-1,1
948,Random,-1,1
949,draw,0,0
950,Random,-1,1
951,draw,0,0
952,draw,0,0
953,draw,0,0
954,Random,-1,1
955,Random,-1,1
956,Random,-1,1
957,draw,0,0
958,Random,-1,1
959,Random,-1,1
960,Random,-1,1
961,Random,-1,1
962,draw,0,0
963,draw,0,0
964,Random,-1,1
965,Random,-1,1
966,Random,-1,1
967,Random,-1,1
968,Random,-1,1
969,Random,-1,1
970,Random,-1,1
971,Random,-1,1
972,Random,-1,1
973,Random,-1,1
974,Random,-1,1
975,Random,-1,1
976,Random,-1,1
977,draw,0,0
978,draw,0,0
979,draw,0,0
980,draw,0,0
981,Random,-1,1
982,Random,-1,1
983,draw,0,0
984,draw,0,0
985,draw,0,0
986,draw,0,0
987,Random,-1,1
988,draw,0,0
989,draw,0,0
990,Random,-1,1
991,draw,0,0
992,draw,0,0
993,Random,-1,1
994,Random,-1,1
995,Random,-1,1
996,Random,-1,1
997,Random,-1,1
998,draw,0,0
999,Random,-1,1
1000,Random,-1,1
1001,Random,-1,1
1002,draw,0,0
1003,draw,0,0
1004,draw,0,0
1005,draw,0,0
1006,Random,-1,1
1007,PPO,1,-1
1008,draw,0,0
1009,Random,-1,1
1010,draw,0,0
1011,Random,-1,1
1012,Random,-1,1
1013,draw,0,0
1014,Random,-1,1
1015,draw,0,0
1016,Random,-1,1
1017,draw,0,0
1018,draw,0,0
1019,draw,0,0
1020,Random,-1,1
1021,Random,-1,1
1022,draw,0,0
1023,Random,-1,1
1024,Random,-1,1
1025,Random,-1,1
1026,draw,0,0
1027,draw,0,0
1028,draw,0,0
1029,draw,0,0
1030,draw,0,0
1031,Random,-1,1
1032,Random,-1,1
1033,Random,-1,1
1034,draw,0,0
1035,Random,-1,1
1036,Random,-1,1
1037,Random,-1,1
1038,Random,-1,1
1039,Random,-1,1
1040,Random,-1,1
1041,Random,-1,1
1042,draw,0,0
1043,Random,-1,1
1044,Random,-1,1
1045,draw,0,0
1046,Random,-1,1
1047,Random,-1,1
1048,Random,-1,1
1049,Random,-1,1
1050,Random,-1,1
1051,Random,-1,1
1052,draw,0,0
1053,Random,-1,1
1054,Random,-1,1
1055,Random,-1,1
1056,draw,0,0
1057,draw,0,0
1058,draw,0,0
1059,Random,-1,1
1060,draw,0,0
1061,draw,0,0
1062,Random,-1,1
1063,Random,-1,1
1064,Random,-1,1
1065,Random,-1,1
1066,Random,-1,1
1067,Random,-1,1
1068,draw,0,0
1069,Random,-1,1
1070,Random,-1,1
1071,Random,-1,1
1072,Random,-1,1
1073,draw,0,0
1074,Random,-1,1
1075,Random,-1,1
1076,draw,0,0
1077,Random,-1,1
1078,Random,-1,1
1079,draw,0,0
1080,Random,-1,1
1081,draw,0,0
1082,Random,-1,1
1083,draw,0,0
1084,Random,-1,1
1085,draw,0,0
1086,Random,-1,1
1087,Random,-1,1
1088,Random,-1,1
1089,draw,0,0
1090,Random,-1,1
1091,Random,-1,1
1092,Random,-1,1
1093,Random,-1,1
1094,draw,0,0
1095,Random,-1,1
1096,Random,-1,1
1097,draw,0,0
1098,Random,-1,1
1099,PPO,1,-1
1100,Random,-1,1
1101,draw,0,0
1102,Random,-1,1
1103,Random,-1,1
1104,draw,0,0
1105,draw,0,0
1106,draw,0,0
1107,draw,0,0
1108,draw,0,0
1109,Random,-1,1
1110,Random,-1,1
1111,draw,0,0
1112,Random,-1,1
1113,Random,-1,1
1114,Random,-1,1
1115,Random,-1,1
1116,Random,-1,1
1117,draw,0,0
1118,Random,-1,1
1119,Random,-1,1
1120,Random,-1,1
1121,Random,-1,1
1122,Random,-1,1
1123,Random,-1,1
1124,Random,-1,1
1125,draw,0,0
1126,Random,-1,1
1127,draw,0,0
1128,Random,-1,1
1129,Random,-1,1
1130,Random,-1,1
1131,Random,-1,1
1132,draw,0,0
1133,Random,-1,1
1134,draw,0,0
1135,Random,-1,1
1136,draw,0,0
1137,Random,-1,1
1138,PPO,1,-1
1139,PPO,1,-1
1140,Random,-1,1
1141,Random,-1,1
1142,Random,-1,1
1143,Random,-1,1
1144,draw,0,0
1145,draw,0,0
1146,draw,0,0
1147,Random,-1,1
1148,PPO,1,-1
1149,Random,-1,1
1150,Random,-1,1
1151,Random,-1,1
1152,Random,-1,1
1153,draw,0,0
1154,draw,0,0
1155,PPO,1,-1
1156,Random,-1,1
1157,draw,0,0
1158,Random,-1,1
1159,Random,-1,1
1160,PPO,1,-1
1161,Random,-1,1
1162,draw,0,0
1163,draw,0,0
1164,Random,-1,1
1165,Random,-1,1
1166,PPO,1,-1
1167,PPO,1,-1
1168,Random,-1,1
1169,Random,-1,1
1170,Random,-1,1
1171,Random,-1,1
1172,Random,-1,1
1173,Random,-1,1
1174,Random,-1,1
1175,Random,-1,1
1176,Random,-1,1
1177,Random,-1,1
1178,PPO,1,-1
1179,PPO,1,-1
1180,draw,0,0
1181,Random,-1,1
1182,Random,-1,1
1183,Random,-1,1
1184,PPO,1,-1
1185,draw,0,0
1186,Random,-1,1
1187,PPO,1,-1
1188,PPO,1,-1
1189,Random,-1,1
1190,Random,-1,1
1191,PPO,1,-1
1192,Random,-1,1
1193,PPO,1,-1
1194,draw,0,0
1195,Random,-1,1
1196,PPO,1,-1
1197,PPO,1,-1
1198,PPO,1,-1
1199,Random,-1,1
1200,PPO,1,-1
1201,Random,-1,1
1202,Random,-1,1
1203,Random,-1,1
1204,Random,-1,1
1205,PPO,1,-1
1206,Random,-1,1
1207,PPO,1,-1
1208,Random,-1,1
1209,PPO,1,-1
1210,Random,-1,1
1211,PPO,1,-1
1212,Random,-1,1
1213,PPO,1,-1
1214,PPO,1,-1
1215,Random,-1,1
1216,Random,-1,1
1217,Random,-1,1
1218,Random,-1,1
1219,Random,-1,1
1220,PPO,1,-1
1221,Random,-1,1
1222,draw,0,0
1223,Random,-1,1
1224,PPO,1,-1
1225,Random,-1,1
1226,draw,0,0
1227,Random,-1,1
1228,draw,0,0
1229,draw,0,0
1230,PPO,1,-1
1231,Random,-1,1
1232,Random,-1,1
1233,PPO,1,-1
1234,Random,-1,1
1235,Random,-1,1
1236,draw,0,0
1237,Random,-1,1
1238,Random,-1,1
1239,draw,0,0
1240,PPO,1,-1
1241,draw,0,0
1242,Random,-1,1
1243,PPO,1,-1
1244,PPO,1,-1
1245,PPO,1,-1
1246,Random,-1,1
1247,Random,-1,1
1248,PPO,1,-1
1249,PPO,1,-1
1250,Random,-1,1
1251,Random,-1,1
1252,Random,-1,1
1253,Random,-1,1
1254,draw,0,0
1255,Random,-1,1
1256,Random,-1,1
1257,Random,-1,1
1258,draw,0,0
1259,Random,-1,1
1260,Random,-1,1
1261,PPO,1,-1
1262,Random,-1,1
1263,PPO,1,-1
1264,Random,-1,1
1265,Random,-1,1
1266,PPO,1,-1
1267,Random,-1,1
1268,Random,-1,1
1269,draw,0,0
1270,Random,-1,1
1271,draw,0,0
1272,Random,-1,1
1273,Random,-1,1
1274,draw,0,0
1275,PPO,1,-1
1276,PPO,1,-1
1277,PPO,1,-1
1278,Random,-1,1
1279,Random,-1,1
1280,Random,-1,1
1281,Random,-1,1
1282,Random,-1,1
1283,Random,-1,1
1284,Random,-1,1
1285,Random,-1,1
1286,Random,-1,1
1287,Random,-1,1
1288,Random,-1,1
1289,Random,-1,1
1290,Random,-1,1
1291,Random,-1,1
1292,draw,0,0
1293,draw,0,0
1294,Random,-1,1
1295,Random,-1,1
1296,PPO,1,-1
1297,PPO,1,-1
1298,draw,0,0
1299,draw,0,0
1300,Random,-1,1
1301,draw,0,0
1302,Random,-1,1
1303,draw,0,0
1304,Random,-1,1
1305,Random,-1,1
1306,Random,-1,1
1307,Random,-1,1
1308,PPO,1,-1
1309,Random,-1,1
1310,Random,-1,1
1311,Random,-1,1
1312,draw,0,0
1313,Random,-1,1
1314,draw,0,0
1315,Random,-1,1
1316,Random,-1,1
1317,draw,0,0
1318,PPO,1,-1
1319,Random,-1,1
1320,Random,-1,1
1321,Random,-1,1
1322,draw,0,0
1323,PPO,1,-1
1324,Random,-1,1
1325,Random,-1,1
1326,Random,-1,1
1327,PPO,1,-1
1328,draw,0,0
1329,Random,-1,1
1330,Random,-1,1
1331,PPO,1,-1
1332,Random,-1,1
1333,Random,-1,1
1334,draw,0,0
1335,PPO,1,-1
1336,Random,-1,1
1337,draw,0,0
1338,Random,-1,1
1339,Random,-1,1
1340,Random,-1,1
1341,Random,-1,1
1342,Random,-1,1
1343,PPO,1,-1
1344,Random,-1,1
1345,Random,-1,1
1346,draw,0,0
1347,Random,-1,1
1348,draw,0,0
1349,Random,-1,1
1350,Random,-1,1
1351,Random,-1,1
1352,draw,0,0
1353,Random,-1,1
1354,draw,0,0
1355,Random,-1,1
1356,Random,-1,1
1357,Random,-1,1
1358,draw,0,0
1359,draw,0,0
1360,PPO,1,-1
1361,draw,0,0
1362,Random,-1,1
1363,Random,-1,1
1364,PPO,1,-1
1365,PPO,1,-1
1366,Random,-1,1
1367,Random,-1,1
1368,Random,-1,1
1369,draw,0,0
1370,draw,0,0
1371,draw,0,0
1372,Random,-1,1
1373,draw,0,0
1374,draw,0,0
1375,draw,0,0
1376,Random,-1,1
1377,Random,-1,1
1378,draw,0,0
1379,Random,-1,1
1380,draw,0,0
1381,Random,-1,1
1382,draw,0,0
1383,Random,-1,1
1384,draw,0,0
1385,Random,-1,1
1386,draw,0,0
1387,draw,0,0
1388,Random,-1,1
1389,Random,-1,1
1390,Random,-1,1
1391,Random,-1,1
1392,draw,0,0
1393,draw,0,0
1394,Random,-1,1
1395,draw,0,0
1396,Random,-1,1
1397,Random,-1,1
1398,Random,-1,1
1399,draw,0,0
1400,draw,0,0
1401,Random,-1,1
1402,Random,-1,1
1403,Random,-1,1
1404,Random,-1,1
1405,Random,-1,1
1406,draw,0,0
1407,Random,-1,1
1408,Random,-1,1
1409,Random,-1,1
1410,draw,0,0
1411,Random,-1,1
1412,draw,0,0
1413,Random,-1,1
1414,draw,0,0
1415,draw,0,0
1416,Random,-1,1
1417,Random,-1,1
1418,draw,0,0
1419,Random,-1,1
1420,Random,-1,1
1421,draw,0,0
1422,Random,-1,1
1423,draw,0,0
1424,Random,-1,1
1425,draw,0,0
1426,PPO,1,-1
1427,Random,-1,1
1428,draw,0,0
1429,Random,-1,1
1430,Random,-1,1
1431,draw,0,0
1432,Random,-1,1
1433,draw,0,0
1434,draw,0,0
1435,draw,0,0
1436,draw,0,0
1437,Random,-1,1
1438,draw,0,0
1439,Random,-1,1
1440,Random,-1,1
1441,draw,0,0
1442,draw,0,0
1443,Random,-1,1
1444,Random,-1,1
1445,draw,0,0
1446,draw,0,0
1447,Random,-1,1
1448,Random,-1,1
1449,draw,0,0
1450,Random,-1,1
1451,draw,0,0
1452,Random,-1,1
1453,Random,-1,1
1454,draw,0,0
1455,Random,-1,1
1456,Random,-1,1
1457,Random,-1,1
1458,Random,-1,1
1459,Random,-1,1
1460,Random,-1,1
1461,Random,-1,1
1462,Random,-1,1
1463,Random,-1,1
1464,draw,0,0
1465,draw,0,0
1466,Random,-1,1
1467,draw,0,0
1468,Random,-1,1
1469,Random,-1,1
1470,Random,-1,1
1471,Random,-1,1
1472,draw,0,0
1473,draw,0,0
1474,Random,-1,1
1475,Random,-1,1
1476,Random,-1,1
1477,Random,-1,1
1478,Random,-1,1
1479,Random,-1,1
1480,Random,-1,1
1481,PPO,1,-1
1482,Random,-1,1
1483,Random,-1,1
1484,Random,-1,1
1485,Random,-1,1
1486,Random,-1,1
1487,Random,-1,1
1488,draw,0,0
1489,draw,0,0
1490,Random,-1,1
1491,Random,-1,1
1492,Random,-1,1
1493,Random,-1,1
1494,Random,-1,1
1495,Random,-1,1
1496,draw,0,0
1497,Random,-1,1
1498,draw,0,0
1499,Random,-1,1
1500,draw,0,0
1501,Random,-1,1
1502,Random,-1,1
1503,Random,-1,1
1504,Random,-1,1
1505,Random,-1,1
1506,draw,0,0
1507,draw,0,0
1508,draw,0,0
1509,PPO,1,-1
1510,Random,-1,1
1511,Random,-1,1
1512,Random,-1,1
1513,draw,0,0
1514,Random,-1,1
1515,draw,0,0
1516,Random,-1,1
1517,draw,0,0
1518,draw,0,0
1519,draw,0,0
1520,draw,0,0
1521,draw,0,0
1522,Random,-1,1
1523,Random,-1,1
1524,PPO,1,-1
1525,Random,-1,1
1526,Random,-1,1
1527,Random,-1,1
1528,Random,-1,1
1529,draw,0,0
1530,draw,0,0
1531,Random,-1,1
1532,Random,-1,1
1533,Random,-1,1
1534,draw,0,0
1535,draw,0,0
1536,Random,-1,1
1537,Random,-1,1
1538,Random,-1,1
1539,Random,-1,1
1540,draw,0,0
1541,Random,-1,1
1542,Random,-1,1
1543,draw,0,0
1544,draw,0,0
1545,Random,-1,1
1546,draw,0,0
1547,Random,-1,1
1548,Random,-1,1
1549,Random,-1,1
1550,Random,-1,1
1551,Random,-1,1
1552,Random,-1,1
1553,Random,-1,1
1554,Random,-1,1
1555,draw,0,0
1556,draw,0,0
1557,Random,-1,1
1558,Random,-1,1
1559,draw,0,0
1560,Random,-1,1
1561,Random,-1,1
1562,Random,-1,1
1563,draw,0,0
1564,draw,0,0
1565,Random,-1,1
1566,Random,-1,1
1567,Random,-1,1
1568,Random,-1,1
1569,Random,-1,1
1570,Random,-1,1
1571,draw,0,0
1572,Random,-1,1
1573,draw,0,0
1574,Random,-1,1
1575,draw,0,0
1576,Random,-1,1
1577,Random,-1,1
1578,draw,0,0
1579,Random,-1,1
1580,Random,-1,1
1581,Random,-1,1
1582,Random,-1,1
1583,draw,0,0
1584,draw,0,0
1585,Random,-1,1
1586,Random,-1,1
1587,Random,-1,1
1588,PPO,1,-1
1589,draw,0,0
1590,draw,0,0
1591,Random,-1,1
1592,draw,0,0
1593,Random,-1,1
1594,draw,0,0
1595,draw,0,0
1596,Random,-1,1
1597,draw,0,0
1598,Random,-1,1
1599,draw,0,0
1600,Random,-1,1
1601,draw,0,0
1602,Random,-1,1
1603,Random,-1,1
1604,Random,-1,1
1605,Random,-1,1
1606,Random,-1,1
1607,Random,-1,1
1608,Random,-1,1
1609,Random,-1,1
1610,draw,0,0
1611,Random,-1,1
1612,Random,-1,1
1613,Random,-1,1
1614,Random,-1,1
1615,draw,0,0
1616,PPO,1,-1
1617,Random,-1,1
1618,Random,-1,1
1619,Random,-1,1
1620,Random,-1,1
1621,draw,0,0
1622,draw,0,0
1623,draw,0,0
1624,Random,-1,1
1625,Random,-1,1
1626,Random,-1,1
1627,Random,-1,1
1628,draw,0,0
1629,Random,-1,1
1630,Random,-1,1
1631,Random,-1,1
1632,Random,-1,1
1633,Random,-1,1
1634,Random,-1,1
1635,draw,0,0
1636,draw,0,0
1637,PPO,1,-1
1638,Random,-1,1
1639,Random,-1,1
1640,draw,0,0
1641,Random,-1,1
1642,draw,0,0
1643,draw,0,0
1644,draw,0,0
1645,Random,-1,1
1646,Random,-1,1
1647,Random,-1,1
1648,Random,-1,1
1649,draw,0,0
1650,draw,0,0
1651,Random,-1,1
1652,draw,0,0
1653,draw,0,0
1654,draw,0,0
1655,Random,-1,1
1656,Random,-1,1
1657,draw,0,0
1658,Random,-1,1
1659,Random,-1,1
1660,Random,-1,1
1661,Random,-1,1
1662,Random,-1,1
1663,draw,0,0
1664,Random,-1,1
1665,Random,-1,1
1666,Random,-1,1
1667,draw,0,0
1668,Random,-1,1
1669,Random,-1,1
1670,Random,-1,1
1671,draw,0,0
1672,draw,0,0
1673,Random,-1,1
1674,draw,0,0
1675,Random,-1,1
1676,Random,-1,1
1677,draw,0,0
1678,Random,-1,1
1679,Random,-1,1
1680,draw,0,0
1681,draw,0,0
1682,Random,-1,1
1683,draw,0,0
1684,draw,0,0
1685,Random,-1,1
1686,draw,0,0
1687,Random,-1,1
1688,draw,0,0
1689,draw,0,0
1690,Random,-1,1
1691,draw,0,0
1692,Random,-1,1
1693,Random,-1,1
1694,draw,0,0
1695,Random,-1,1
1696,Random,-1,1
1697,Random,-1,1
1698,Random,-1,1
1699,Random,-1,1
1700,draw,0,0
1701,draw,0,0
1702,Random,-1,1
1703,draw,0,0
1704,Random,-1,1
1705,Random,-1,1
1706,draw,0,0
1707,Random,-1,1
1708,Random,-1,1
1709,Random,-1,1
1710,draw,0,0
1711,Random,-1,1
1712,Random,-1,1
1713,Random,-1,1
1714,Random,-1,1
1715,Random,-1,1
1716,draw,0,0
1717,draw,0,0
1718,draw,0,0
1719,draw,0,0
1720,Random,-1,1
1721,Random,-1,1
1722,Random,-1,1
1723,Random,-1,1
1724,draw,0,0
1725,Random,-1,1
1726,draw,0,0
1727,Random,-1,1
1728,Random,-1,1
1729,Random,-1,1
1730,draw,0,0
1731,Random,-1,1
1732,Random,-1,1
1733,Random,-1,1
1734,Random,-1,1
1735,Random,-1,1
1736,Random,-1,1
1737,Random,-1,1
1738,Random,-1,1
1739,Random,-1,1
1740,Random,-1,1
1741,Random,-1,1
1742,Random,-1,1
1743,Random,-1,1
1744,draw,0,0
1745,draw,0,0
1746,Random,-1,1
1747,Random,-1,1
1748,draw,0,0
1749,Random,-1,1
1750,Random,-1,1
1751,draw,0,0
1752,Random,-1,1
1753,draw,0,0
1754,Random,-1,1
1755,Random,-1,1
1756,Random,-1,1
1757,Random,-1,1
1758,draw,0,0
1759,Random,-1,1
1760,Random,-1,1
1761,draw,0,0
1762,Random,-1,1
1763,Random,-1,1
1764,draw,0,0
1765,Random,-1,1
1766,draw,0,0
1767,Random,-1,1
1768,Random,-1,1
1769,draw,0,0
1770,Random,-1,1
1771,PPO,1,-1
1772,Random,-1,1
1773,draw,0,0
1774,Random,-1,1
1775,Random,-1,1
1776,Random,-1,1
1777,draw,0,0
1778,Random,-1,1
1779,draw,0,0
1780,draw,0,0
1781,Random,-1,1
1782,Random,-1,1
1783,Random,-1,1
1784,Random,-1,1
1785,PPO,1,-1
1786,Random,-1,1
1787,draw,0,0
1788,Random,-1,1
1789,draw,0,0
1790,Random,-1,1
1791,draw,0,0
1792,Random,-1,1
1793,draw,0,0
1794,Random,-1,1
1795,Random,-1,1
1796,draw,0,0
1797,Random,-1,1
1798,Random,-1,1
1799,Random,-1,1
1800,Random,-1,1
1801,Random,-1,1
1802,Random,-1,1
1803,draw,0,0
1804,Random,-1,1
1805,draw,0,0
1806,Random,-1,1
1807,Random,-1,1
1808,draw,0,0
1809,Random,-1,1
1810,Random,-1,1
1811,Random,-1,1
1812,Random,-1,1
1813,PPO,1,-1
1814,Random,-1,1
1815,PPO,1,-1
1816,draw,0,0
1817,draw,0,0
1818,PPO,1,-1
1819,draw,0,0
1820,Random,-1,1
1821,Random,-1,1
1822,draw,0,0
1823,draw,0,0
1824,draw,0,0
1825,Random,-1,1
1826,draw,0,0
1827,Random,-1,1
1828,draw,0,0
1829,Random,-1,1
1830,PPO,1,-1
1831,Random,-1,1
1832,Random,-1,1
1833,draw,0,0
1834,Random,-1,1
1835,Random,-1,1
1836,draw,0,0
1837,draw,0,0
1838,draw,0,0
1839,draw,0,0
1840,Random,-1,1
1841,PPO,1,-1
1842,Random,-1,1
1843,Random,-1,1
1844,Random,-1,1
1845,Random,-1,1
1846,Random,-1,1
1847,Random,-1,1
1848,draw,0,0
1849,Random,-1,1
1850,Random,-1,1
1851,Random,-1,1
1852,Random,-1,1
1853,draw,0,0
1854,Random,-1,1
1855,Random,-1,1
1856,PPO,1,-1
1857,Random,-1,1
1858,Random,-1,1
1859,Random,-1,1
1860,Random,-1,1
1861,Random,-1,1
1862,PPO,1,-1
1863,Random,-1,1
1864,Random,-1,1
1865,Random,-1,1
1866,Random,-1,1
1867,Random,-1,1
1868,Random,-1,1
1869,Random,-1,1
1870,Random,-1,1
1871,draw,0,0
1872,draw,0,0
1873,Random,-1,1
1874,Random,-1,1
1875,Random,-1,1
1876,Random,-1,1
1877,draw,0,0
1878,draw,0,0
1879,PPO,1,-1
1880,PPO,1,-1
1881,draw,0,0
1882,draw,0,0
1883,draw,0,0
1884,draw,0,0
1885,draw,0,0
1886,draw,0,0
1887,Random,-1,1
1888,draw,0,0
1889,Random,-1,1
1890,draw,0,0
1891,draw,0,0
1892,Random,-1,1
1893,Random,-1,1
1894,draw,0,0
1895,draw,0,0
1896,PPO,1,-1
1897,Random,-1,1
1898,PPO,1,-1
1899,draw,0,0
1900,PPO,1,-1
1901,Random,-1,1
1902,Random,-1,1
1903,Random,-1,1
1904,Random,-1,1
1905,draw,0,0
1906,Random,-1,1
1907,Random,-1,1
1908,Random,-1,1
1909,PPO,1,-1
1910,draw,0,0
1911,Random,-1,1
1912,Random,-1,1
1913,Random,-1,1
1914,Random,-1,1
1915,draw,0,0
1916,Random,-1,1
1917,draw,0,0
1918,Random,-1,1
1919,Random,-1,1
1920,Random,-1,1
1921,Random,-1,1
1922,Random,-1,1
1923,Random,-1,1
1924,Random,-1,1
1925,draw,0,0
1926,Random,-1,1
1927,Random,-1,1
1928,Random,-1,1
1929,Random,-1,1
1930,Random,-1,1
1931,Random,-1,1
1932,Random,-1,1
1933,draw,0,0
1934,Random,-1,1
1935,draw,0,0
1936,Random,-1,1
1937,Random,-1,1
1938,PPO,1,-1
1939,Random,-1,1
1940,draw,0,0
1941,Random,-1,1
1942,Random,-1,1
1943,draw,0,0
1944,draw,0,0
1945,Random,-1,1
1946,Random,-1,1
1947,draw,0,0
1948,Random,-1,1
1949,Random,-1,1
1950,Random,-1,1
1951,draw,0,0
1952,Random,-1,1
1953,Random,-1,1
1954,PPO,1,-1
1955,draw,0,0
1956,Random,-1,1
1957,Random,-1,1
1958,Random,-1,1
1959,Random,-1,1
1960,draw,0,0
1961,Random,-1,1
1962,draw,0,0
1963,Random,-1,1
1964,Random,-1,1
1965,Random,-1,1
1966,Random,-1,1
1967,draw,0,0
1968,Random,-1,1
1969,draw,0,0
1970,Random,-1,1
1971,Random,-1,1
1972,Random,-1,1
1973,draw,0,0
1974,draw,0,0
1975,Random,-1,1
1976,draw,0,0
1977,Random,-1,1
1978,Random,-1,1
1979,draw,0,0
1980,Random,-1,1
1981,Random,-1,1
1982,Random,-1,1
1983,Random,-1,1
1984,Random,-1,1
1985,Random,-1,1
1986,draw,0,0
1987,Random,-1,1
1988,draw,0,0
1989,Random,-1,1
1990,draw,0,0
1991,Random,-1,1
1992,Random,-1,1
1993,draw,0,0
1994,Random,-1,1
1995,draw,0,0
1996,Random,-1,1
1997,Random,-1,1
1998,Random,-1,1
1999,draw,0,0
2000,Random,-1,1
2001,draw,0,0
2002,draw,0,0
2003,Random,-1,1
2004,Random,-1,1
2005,Random,-1,1
2006,Random,-1,1
2007,Random,-1,1
2008,Random,-1,1
2009,Random,-1,1
2010,Random,-1,1
2011,draw,0,0
2012,Random,-1,1
2013,Random,-1,1
2014,Random,-1,1
2015,Random,-1,1
2016,Random,-1,1
2017,Random,-1,1
2018,Random,-1,1
2019,Random,-1,1
2020,draw,0,0
2021,Random,-1,1
2022,Random,-1,1
2023,Random,-1,1
2024,PPO,1,-1
2025,Random,-1,1
2026,Random,-1,1
2027,Random,-1,1
2028,Random,-1,1
2029,Random,-1,1
2030,Random,-1,1
2031,Random,-1,1
2032,draw,0,0
2033,Random,-1,1
2034,Random,-1,1
2035,draw,0,0
2036,Random,-1,1
2037,draw,0,0
2038,Random,-1,1
2039,Random,-1,1
2040,draw,0,0
2041,Random,-1,1
2042,Random,-1,1
2043,Random,-1,1
2044,Random,-1,1
2045,draw,0,0
2046,Random,-1,1
2047,draw,0,0
2048,Random,-1,1
2049,Random,-1,1
2050,Random,-1,1
2051,Random,-1,1
2052,draw,0,0
2053,Random,-1,1
2054,Random,-1,1
2055,Random,-1,1
2056,Random,-1,1
2057,draw,0,0
2058,Random,-1,1
2059,PPO,1,-1
2060,Random,-1,1
2061,draw,0,0
2062,Random,-1,1
2063,Random,-1,1
2064,Random,-1,1
2065,Random,-1,1
2066,Random,-1,1
2067,Random,-1,1
2068,Random,-1,1
2069,Random,-1,1
2070,draw,0,0
2071,Random,-1,1
2072,draw,0,0
2073,draw,0,0
2074,Random,-1,1
2075,Random,-1,1
2076,draw,0,0
2077,Random,-1,1
2078,draw,0,0
2079,draw,0,0
2080,Random,-1,1
2081,draw,0,0
2082,Random,-1,1
2083,Random,-1,1
2084,Random,-1,1
2085,draw,0,0
2086,Random,-1,1
2087,Random,-1,1
2088,Random,-1,1
2089,Random,-1,1
2090,Random,-1,1
2091,draw,0,0
2092,Random,-1,1
2093,Random,-1,1
2094,draw,0,0
2095,draw,0,0
2096,draw,0,0
2097,Random,-1,1
2098,Random,-1,1
2099,Random,-1,1
2100,Random,-1,1
2101,Random,-1,1
2102,Random,-1,1
2103,Random,-1,1
2104,draw,0,0
2105,Random,-1,1
2106,Random,-1,1
2107,Random,-1,1
2108,Random,-1,1
2109,PPO,1,-1
2110,Random,-1,1
2111,Random,-1,1
2112,PPO,1,-1
2113,Random,-1,1
2114,Random,-1,1
2115,draw,0,0
2116,Random,-1,1
2117,Random,-1,1
2118,Random,-1,1
2119,Random,-1,1
2120,draw,0,0
2121,Random,-1,1
2122,Random,-1,1
2123,Random,-1,1
2124,draw,0,0
2125,draw,0,0
2126,draw,0,0
2127,draw,0,0
2128,Random,-1,1
2129,draw,0,0
2130,draw,0,0
2131,Random,-1,1
2132,Random,-1,1
2133,Random,-1,1
2134,Random,-1,1
2135,Random,-1,1
2136,Random,-1,1
2137,Random,-1,1
2138,draw,0,0
2139,draw,0,0
2140,Random,-1,1
2141,draw,0,0
2142,PPO,1,-1
2143,Random,-1,1
2144,Random,-1,1
2145,Random,-1,1
2146,Random,-1,1
2147,draw,0,0
2148,Random,-1,1
2149,Random,-1,1
2150,draw,0,0
2151,Random,-1,1
2152,Random,-1,1
2153,Random,-1,1
2154,Random,-1,1
2155,draw,0,0
2156,Random,-1,1
2157,Random,-1,1
2158,Random,-1,1
2159,draw,0,0
2160,Random,-1,1
2161,Random,-1,1
2162,Random,-1,1
2163,Random,-1,1
2164,Random,-1,1
2165,Random,-1,1
2166,Random,-1,1
2167,Random,-1,1
2168,draw,0,0
2169,Random,-1,1
2170,Random,-1,1
2171,Random,-1,1
2172,Random,-1,1
2173,draw,0,0
2174,Random,-1,1
2175,Random,-1,1
2176,Random,-1,1
2177,Random,-1,1
2178,draw,0,0
2179,Random,-1,1
2180,Random,-1,1
2181,Random,-1,1
2182,Random,-1,1
2183,Random,-1,1
2184,Random,-1,1
2185,draw,0,0
2186,Random,-1,1
2187,Random,-1,1
2188,Random,-1,1
2189,Random,-1,1
2190,draw,0,0
2191,draw,0,0
2192,Random,-1,1
2193,draw,0,0
2194,Random,-1,1
2195,draw,0,0
2196,Random,-1,1
2197,Random,-1,1
2198,draw,0,0
2199,Random,-1,1
2200,draw,0,0
2201,Random,-1,1
2202,draw,0,0
2203,Random,-1,1
2204,Random,-1,1
2205,Random,-1,1
2206,Random,-1,1
2207,Random,-1,1
2208,Random,-1,1
2209,draw,0,0
2210,Random,-1,1
2211,Random,-1,1
2212,Random,-1,1
2213,draw,0,0
2214,Random,-1,1
2215,Random,-1,1
2216,Random,-1,1
2217,Random,-1,1
2218,draw,0,0
2219,Random,-1,1
2220,Random,-1,1
2221,Random,-1,1
2222,draw,0,0
2223,draw,0,0
2224,draw,0,0
2225,Random,-1,1
2226,PPO,1,-1
2227,PPO,1,-1
2228,Random,-1,1
2229,Random,-1,1
2230,Random,-1,1
2231,draw,0,0
2232,draw,0,0
2233,Random,-1,1
2234,Random,-1,1
2235,Random,-1,1
2236,Random,-1,1
2237,Random,-1,1
2238,Random,-1,1
2239,Random,-1,1
2240,draw,0,0
2241,Random,-1,1
2242,Random,-1,1
2243,Random,-1,1
2244,Random,-1,1
2245,Random,-1,1
2246,Random,-1,1
2247,Random,-1,1
2248,Random,-1,1
2249,Random,-1,1
2250,Random,-1,1
2251,Random,-1,1
2252,Random,-1,1
2253,Random,-1,1
2254,Random,-1,1
2255,Random,-1,1
2256,draw,0,0
2257,draw,0,0
2258,draw,0,0
2259,Random,-1,1
2260,Random,-1,1
2261,Random,-1,1
2262,Random,-1,1
2263,Random,-1,1
2264,draw,0,0
2265,Random,-1,1
2266,draw,0,0
2267,draw,0,0
2268,Random,-1,1
2269,draw,0,0
2270,Random,-1,1
2271,draw,0,0
2272,Random,-1,1
2273,draw,0,0
2274,Random,-1,1
2275,draw,0,0
2276,draw,0,0
2277,Random,-1,1
2278,Random,-1,1
2279,draw,0,0
2280,draw,0,0
2281,draw,0,0
2282,Random,-1,1
2283,Random,-1,1
2284,Random,-1,1
2285,Random,-1,1
2286,Random,-1,1
2287,PPO,1,-1
2288,Random,-1,1
2289,Random,-1,1
2290,Random,-1,1
2291,draw,0,0
2292,Random,-1,1
2293,draw,0,0
2294,Random,-1,1
2295,draw,0,0
2296,Random,-1,1
2297,Random,-1,1
2298,Random,-1,1
2299,Random,-1,1
2300,Random,-1,1
2301,draw,0,0
2302,draw,0,0
2303,Random,-1,1
2304,Random,-1,1
2305,Random,-1,1
2306,draw,0,0
2307,Random,-1,1
2308,PPO,1,-1
2309,draw,0,0
2310,Random,-1,1
2311,Random,-1,1
2312,draw,0,0
2313,Random,-1,1
2314,draw,0,0
2315,PPO,1,-1
2316,draw,0,0
2317,draw,0,0
2318,Random,-1,1
2319,Random,-1,1
2320,draw,0,0
2321,Random,-1,1
2322,Random,-1,1
2323,PPO,1,-1
2324,draw,0,0
2325,PPO,1,-1
2326,draw,0,0
2327,Random,-1,1
2328,draw,0,0
2329,draw,0,0
2330,draw,0,0
2331,Random,-1,1
2332,Random,-1,1
2333,PPO,1,-1
2334,Random,-1,1
2335,Random,-1,1
2336,draw,0,0
2337,Random,-1,1
2338,PPO,1,-1
2339,Random,-1,1
2340,Random,-1,1
2341,Random,-1,1
2342,Random,-1,1
2343,Random,-1,1
2344,Random,-1,1
2345,PPO,1,-1
2346,PPO,1,-1
2347,PPO,1,-1
2348,Random,-1,1
2349,PPO,1,-1
2350,Random,-1,1
2351,PPO,1,-1
2352,Random,-1,1
2353,draw,0,0
2354,PPO,1,-1
2355,PPO,1,-1
2356,Random,-1,1
2357,Random,-1,1
2358,Random,-1,1
2359,Random,-1,1
2360,Random,-1,1
2361,draw,0,0
2362,Random,-1,1
2363,draw,0,0
2364,Random,-1,1
2365,PPO,1,-1
2366,Random,-1,1
2367,Random,-1,1
2368,Random,-1,1
2369,draw,0,0
2370,Random,-1,1
2371,draw,0,0
2372,Random,-1,1
2373,Random,-1,1
2374,draw,0,0
2375,draw,0,0
2376,draw,0,0
2377,Random,-1,1
2378,Random,-1,1
2379,Random,-1,1
2380,draw,0,0
2381,PPO,1,-1
2382,Random,-1,1
2383,Random,-1,1
2384,PPO,1,-1
2385,Random,-1,1
2386,Random,-1,1
2387,Random,-1,1
2388,draw,0,0
2389,Random,-1,1
2390,PPO,1,-1
2391,draw,0,0
2392,Random,-1,1
2393,Random,-1,1
2394,Random,-1,1
2395,Random,-1,1
2396,Random,-1,1
2397,Random,-1,1
2398,Random,-1,1
2399,draw,0,0
2400,Random,-1,1
2401,Random,-1,1
2402,Random,-1,1
2403,PPO,1,-1
2404,Random,-1,1
2405,Random,-1,1
2406,Random,-1,1
2407,draw,0,0
2408,Random,-1,1
2409,draw,0,0
2410,Random,-1,1
2411,Random,-1,1
2412,draw,0,0
2413,Random,-1,1
2414,Random,-1,1
2415,Random,-1,1
2416,Random,-1,1
2417,PPO,1,-1
2418,Random,-1,1
2419,draw,0,0
2420,Random,-1,1
2421,Random,-1,1
2422,draw,0,0
2423,draw,0,0
2424,draw,0,0
2425,draw,0,0
2426,Random,-1,1
2427,draw,0,0
2428,draw,0,0
2429,Random,-1,1
2430,Random,-1,1
2431,Random,-1,1
2432,Random,-1,1
2433,Random,-1,1
2434,Random,-1,1
2435,draw,0,0
2436,Random,-1,1
2437,Random,-1,1
2438,PPO,1,-1
2439,draw,0,0
2440,Random,-1,1
2441,Random,-1,1
2442,PPO,1,-1
2443,PPO,1,-1
2444,Random,-1,1
2445,Random,-1,1
2446,Random,-1,1
2447,Random,-1,1
2448,Random,-1,1
2449,Random,-1,1
2450,Random,-1,1
2451,Random,-1,1
2452,draw,0,0
2453,Random,-1,1
2454,draw,0,0
2455,Random,-1,1
2456,draw,0,0
2457,draw,0,0
2458,Random,-1,1
2459,Random,-1,1
2460,Random,-1,1
2461,Random,-1,1
2462,Random,-1,1
2463,Random,-1,1
2464,Random,-1,1
2465,PPO,1,-1
2466,PPO,1,-1
2467,Random,-1,1
2468,Random,-1,1
2469,Random,-1,1
2470,draw,0,0
2471,Random,-1,1
2472,draw,0,0
2473,Random,-1,1
2474,Random,-1,1
2475,Random,-1,1
2476,Random,-1,1
2477,Random,-1,1
2478,Random,-1,1
2479,Random,-1,1
2480,Random,-1,1
2481,Random,-1,1
2482,Random,-1,1
2483,draw,0,0
2484,Random,-1,1
2485,draw,0,0
2486,Random,-1,1
2487,Random,-1,1
2488,Random,-1,1
2489,PPO,1,-1
2490,Random,-1,1
2491,PPO,1,-1
2492,draw,0,0
2493,Random,-1,1
2494,PPO,1,-1
2495,draw,0,0
2496,Random,-1,1
2497,Random,-1,1
2498,Random,-1,1
2499,Random,-1,1
2500,Random,-1,1
2501,Random,-1,1
2502,Random,-1,1
2503,Random,-1,1
2504,Random,-1,1
2505,draw,0,0
2506,Random,-1,1
2507,Random,-1,1
2508,PPO,1,-1
2509,Random,-1,1
2510,Random,-1,1
2511,Random,-1,1
2512,Random,-1,1
2513,draw,0,0
2514,draw,0,0
2515,draw,0,0
2516,Random,-1,1
2517,Random,-1,1
2518,PPO,1,-1
2519,PPO,1,-1
2520,PPO,1,-1
2521,Random,-1,1
2522,draw,0,0
2523,Random,-1,1
2524,Random,-1,1
2525,Random,-1,1
2526,Random,-1,1
2527,Random,-1,1
2528,Random,-1,1
2529,Random,-1,1
2530,Random,-1,1
2531,Random,-1,1
2532,Random,-1,1
2533,Random,-1,1
2534,Random,-1,1
2535,Random,-1,1
2536,PPO,1,-1
2537,PPO,1,-1
2538,PPO,1,-1
2539,draw,0,0
2540,Random,-1,1
2541,PPO,1,-1
2542,draw,0,0
2543,draw,0,0
2544,Random,-1,1
2545,Random,-1,1
2546,Random,-1,1
2547,Random,-1,1
2548,Random,-1,1
2549,draw,0,0
2550,Random,-1,1
2551,PPO,1,-1
2552,draw,0,0
2553,draw,0,0
2554,Random,-1,1
2555,Random,-1,1
2556,draw,0,0
2557,Random,-1,1
2558,draw,0,0
2559,PPO,1,-1
2560,draw,0,0
2561,Random,-1,1
2562,draw,0,0
2563,Random,-1,1
2564,draw,0,0
2565,Random,-1,1
2566,Random,-1,1
2567,draw,0,0
2568,Random,-1,1
2569,draw,0,0
2570,Random,-1,1
2571,Random,-1,1
2572,PPO,1,-1
2573,Random,-1,1
2574,Random,-1,1
2575,PPO,1,-1
2576,Random,-1,1
2577,Random,-1,1
2578,Random,-1,1
2579,Random,-1,1
2580,Random,-1,1
2581,draw,0,0
2582,Random,-1,1
2583,Random,-1,1
2584,draw,0,0
2585,Random,-1,1
2586,Random,-1,1
2587,draw,0,0
2588,PPO,1,-1
2589,Random,-1,1
2590,Random,-1,1
2591,Random,-1,1
2592,draw,0,0
2593,PPO,1,-1
2594,draw,0,0
2595,draw,0,0
2596,Random,-1,1
2597,draw,0,0
2598,Random,-1,1
2599,Random,-1,1
2600,Random,-1,1
2601,Random,-1,1
2602,Random,-1,1
2603,draw,0,0
2604,draw,0,0
2605,Random,-1,1
2606,Random,-1,1
2607,Random,-1,1
2608,draw,0,0
2609,Random,-1,1
2610,draw,0,0
2611,Random,-1,1
2612,Random,-1,1
2613,draw,0,0
2614,Random,-1,1
2615,Random,-1,1
2616,PPO,1,-1
2617,PPO,1,-1
2618,Random,-1,1
2619,Random,-1,1
2620,draw,0,0
2621,PPO,1,-1
2622,PPO,1,-1
2623,Random,-1,1
2624,Random,-1,1
2625,Random,-1,1
2626,draw,0,0
2627,PPO,1,-1
2628,PPO,1,-1
2629,Random,-1,1
2630,Random,-1,1
2631,PPO,1,-1
2632,draw,0,0
2633,Random,-1,1
2634,draw,0,0
2635,draw,0,0
2636,Random,-1,1
2637,Random,-1,1
2638,Random,-1,1
2639,draw,0,0
2640,draw,0,0
2641,Random,-1,1
2642,PPO,1,-1
2643,Random,-1,1
2644,Random,-1,1
2645,Random,-1,1
2646,Random,-1,1
2647,draw,0,0
2648,Random,-1,1
2649,Random,-1,1
2650,PPO,1,-1
2651,draw,0,0
2652,Random,-1,1
2653,PPO,1,-1
2654,PPO,1,-1
2655,Random,-1,1
2656,Random,-1,1
2657,Random,-1,1
2658,PPO,1,-1
2659,PPO,1,-1
2660,PPO,1,-1
2661,Random,-1,1
2662,Random,-1,1
2663,PPO,1,-1
2664,Random,-1,1
2665,PPO,1,-1
2666,Random,-1,1
2667,PPO,1,-1
2668,Random,-1,1
2669,Random,-1,1
2670,Random,-1,1
2671,Random,-1,1
2672,draw,0,0
2673,Random,-1,1
2674,draw,0,0
2675,PPO,1,-1
2676,Random,-1,1
2677,draw,0,0
2678,draw,0,0
2679,draw,0,0
2680,PPO,1,-1
2681,draw,0,0
2682,PPO,1,-1
2683,PPO,1,-1
2684,Random,-1,1
2685,Random,-1,1
2686,Random,-1,1
2687,Random,-1,1
2688,PPO,1,-1
2689,PPO,1,-1
2690,Random,-1,1
2691,draw,0,0
2692,draw,0,0
2693,Random,-1,1
2694,Random,-1,1
2695,Random,-1,1
2696,Random,-1,1
2697,Random,-1,1
2698,Random,-1,1
2699,Random,-1,1
2700,draw,0,0
2701,Random,-1,1
2702,draw,0,0
2703,draw,0,0
2704,draw,0,0
2705,Random,-1,1
2706,Random,-1,1
2707,Random,-1,1
2708,Random,-1,1
2709,Random,-1,1
2710,draw,0,0
2711,Random,-1,1
2712,Random,-1,1
2713,draw,0,0
2714,draw,0,0
2715,Random,-1,1
2716,Random,-1,1
2717,Random,-1,1
2718,Random,-1,1
2719,Random,-1,1
2720,draw,0,0
2721,Random,-1,1
2722,Random,-1,1
2723,Random,-1,1
2724,PPO,1,-1
2725,draw,0,0
2726,PPO,1,-1
2727,Random,-1,1
2728,draw,0,0
2729,Random,-1,1
2730,draw,0,0
2731,draw,0,0
2732,Random,-1,1
2733,draw,0,0
2734,Random,-1,1
2735,Random,-1,1
2736,Random,-1,1
2737,Random,-1,1
2738,draw,0,0
2739,Random,-1,1
2740,Random,-1,1
2741,Random,-1,1
2742,Random,-1,1
2743,Random,-1,1
2744,Random,-1,1
2745,Random,-1,1
2746,draw,0,0
2747,Random,-1,1
2748,Random,-1,1
2749,Random,-1,1
2750,draw,0,0
2751,Random,-1,1
2752,draw,0,0
2753,draw,0,0
2754,Random,-1,1
2755,PPO,1,-1
2756,Random,-1,1
2757,Random,-1,1
2758,Random,-1,1
2759,Random,-1,1
2760,Random,-1,1
2761,draw,0,0
2762,draw,0,0
2763,PPO,1,-1
2764,Random,-1,1
2765,Random,-1,1
2766,draw,0,0
2767,PPO,1,-1
2768,PPO,1,-1
2769,Random,-1,1
2770,Random,-1,1
2771,Random,-1,1
2772,draw,0,0
2773,PPO,1,-1
2774,Random,-1,1
2775,Random,-1,1
2776,Random,-1,1
2777,draw,0,0
2778,Random,-1,1
2779,draw,0,0
2780,Random,-1,1
2781,Random,-1,1
2782,Random,-1,1
2783,Random,-1,1
2784,Random,-1,1
2785,Random,-1,1
2786,Random,-1,1
2787,Random,-1,1
2788,draw,0,0
2789,draw,0,0
2790,Random,-1,1
2791,Random,-1,1
2792,Random,-1,1
2793,Random,-1,1
2794,PPO,1,-1
2795,Random,-1,1
2796,Random,-1,1
2797,draw,0,0
2798,Random,-1,1
2799,Random,-1,1
2800,draw,0,0
2801,Random,-1,1
2802,Random,-1,1
2803,Random,-1,1
2804,Random,-1,1
2805,Random,-1,1
2806,Random,-1,1
2807,Random,-1,1
2808,Random,-1,1
2809,Random,-1,1
2810,draw,0,0
2811,Random,-1,1
2812,Random,-1,1
2813,Random,-1,1
2814,draw,0,0
2815,Random,-1,1
2816,Random,-1,1
2817,Random,-1,1
2818,Random,-1,1
2819,draw,0,0
2820,Random,-1,1
2821,PPO,1,-1
2822,Random,-1,1
2823,Random,-1,1
2824,draw,0,0
2825,Random,-1,1
2826,draw,0,0
2827,Random,-1,1
2828,Random,-1,1
2829,PPO,1,-1
2830,Random,-1,1
2831,Random,-1,1
2832,Random,-1,1
2833,draw,0,0
2834,Random,-1,1
2835,Random,-1,1
2836,draw,0,0
2837,Random,-1,1
2838,Random,-1,1
2839,draw,0,0
2840,Random,-1,1
2841,Random,-1,1
2842,Random,-1,1
2843,Random,-1,1
2844,Random,-1,1
2845,Random,-1,1
2846,draw,0,0
2847,Random,-1,1
2848,Random,-1,1
2849,draw,0,0
2850,Random,-1,1
2851,Random,-1,1
2852,Random,-1,1
2853,Random,-1,1
2854,Random,-1,1
2855,PPO,1,-1
2856,Random,-1,1
2857,draw,0,0
2858,Random,-1,1
2859,draw,0,0
2860,Random,-1,1
2861,Random,-1,1
2862,Random,-1,1
2863,Random,-1,1
2864,draw,0,0
2865,Random,-1,1
2866,Random,-1,1
2867,Random,-1,1
2868,draw,0,0
2869,PPO,1,-1
2870,Random,-1,1
2871,Random,-1,1
2872,Random,-1,1
2873,Random,-1,1
2874,Random,-1,1
2875,draw,0,0
2876,draw,0,0
2877,Random,-1,1
2878,Random,-1,1
2879,Random,-1,1
2880,Random,-1,1
2881,PPO,1,-1
2882,Random,-1,1
2883,PPO,1,-1
2884,Random,-1,1
2885,PPO,1,-1
2886,Random,-1,1
2887,Random,-1,1
2888,draw,0,0
2889,Random,-1,1
2890,PPO,1,-1
2891,Random,-1,1
2892,Random,-1,1
2893,Random,-1,1
2894,draw,0,0
2895,draw,0,0
2896,PPO,1,-1
2897,PPO,1,-1
2898,Random,-1,1
2899,PPO,1,-1
2900,draw,0,0
2901,draw,0,0
2902,Random,-1,1
2903,PPO,1,-1
2904,draw,0,0
2905,PPO,1,-1
2906,Random,-1,1
2907,Random,-1,1
2908,PPO,1,-1
2909,Random,-1,1
2910,Random,-1,1
2911,Random,-1,1
2912,PPO,1,-1
2913,draw,0,0
2914,Random,-1,1
2915,PPO,1,-1
2916,draw,0,0
2917,Random,-1,1
2918,PPO,1,-1
2919,draw,0,0
2920,PPO,1,-1
2921,Random,-1,1
2922,Random,-1,1
2923,Random,-1,1
2924,Random,-1,1
2925,Random,-1,1
2926,Random,-1,1
2927,Random,-1,1
2928,Random,-1,1
2929,Random,-1,1
2930,Random,-1,1
2931,Random,-1,1
2932,Random,-1,1
2933,draw,0,0
2934,Random,-1,1
2935,Random,-1,1
2936,draw,0,0
2937,draw,0,0
2938,Random,-1,1
2939,draw,0,0
2940,Random,-1,1
2941,Random,-1,1
2942,PPO,1,-1
2943,Random,-1,1
2944,PPO,1,-1
2945,Random,-1,1
2946,draw,0,0
2947,PPO,1,-1
2948,draw,0,0
2949,Random,-1,1
2950,PPO,1,-1
2951,PPO,1,-1
2952,Random,-1,1
2953,Random,-1,1
2954,Random,-1,1
2955,Random,-1,1
2956,draw,0,0
2957,Random,-1,1
2958,Random,-1,1
2959,PPO,1,-1
2960,draw,0,0
2961,Random,-1,1
2962,Random,-1,1
2963,Random,-1,1
2964,Random,-1,1
2965,PPO,1,-1
2966,Random,-1,1
2967,Random,-1,1
2968,Random,-1,1
2969,draw,0,0
2970,Random,-1,1
2971,Random,-1,1
2972,PPO,1,-1
2973,draw,0,0
2974,Random,-1,1
2975,PPO,1,-1
2976,Random,-1,1
2977,PPO,1,-1
2978,draw,0,0
2979,Random,-1,1
2980,Random,-1,1
2981,draw,0,0
2982,Random,-1,1
2983,Random,-1,1
2984,PPO,1,-1
2985,PPO,1,-1
2986,draw,0,0
2987,Random,-1,1
2988,Random,-1,1
2989,Random,-1,1
2990,draw,0,0
2991,draw,0,0
2992,Random,-1,1
2993,Random,-1,1
2994,PPO,1,-1
2995,Random,-1,1
2996,Random,-1,1
2997,PPO,1,-1
2998,Random,-1,1
2999,Random,-1,1
3000,PPO,1,-1
3001,draw,0,0
3002,draw,0,0
3003,Random,-1,1
3004,Random,-1,1
3005,Random,-1,1
3006,draw,0,0
3007,Random,-1,1
3008,Random,-1,1
3009,Random,-1,1
3010,Random,-1,1
3011,draw,0,0
3012,PPO,1,-1
3013,Random,-1,1
3014,Random,-1,1
3015,PPO,1,-1
3016,draw,0,0
3017,draw,0,0
3018,draw,0,0
3019,Random,-1,1
3020,Random,-1,1
3021,Random,-1,1
3022,Random,-1,1
3023,Random,-1,1
3024,draw,0,0
3025,Random,-1,1
3026,Random,-1,1
3027,Random,-1,1
3028,PPO,1,-1
3029,draw,0,0
3030,PPO,1,-1
3031,Random,-1,1
3032,Random,-1,1
3033,Random,-1,1
3034,PPO,1,-1
3035,Random,-1,1
3036,PPO,1,-1
3037,Random,-1,1
3038,Random,-1,1
3039,draw,0,0
3040,PPO,1,-1
3041,Random,-1,1
3042,draw,0,0
3043,Random,-1,1
3044,Random,-1,1
3045,Random,-1,1
3046,PPO,1,-1
3047,Random,-1,1
3048,Random,-1,1
3049,PPO,1,-1
3050,PPO,1,-1
3051,PPO,1,-1
3052,PPO,1,-1
3053,Random,-1,1
3054,Random,-1,1
3055,draw,0,0
3056,Random,-1,1
3057,PPO,1,-1
3058,Random,-1,1
3059,PPO,1,-1
3060,Random,-1,1
3061,PPO,1,-1
3062,PPO,1,-1
3063,Random,-1,1
3064,Random,-1,1
3065,draw,0,0
3066,Random,-1,1
3067,Random,-1,1
3068,PPO,1,-1
3069,Random,-1,1
3070,Random,-1,1
3071,draw,0,0
3072,Random,-1,1
3073,PPO,1,-1
3074,PPO,1,-1
3075,PPO,1,-1
3076,Random,-1,1
3077,Random,-1,1
3078,Random,-1,1
3079,Random,-1,1
3080,PPO,1,-1
3081,Random,-1,1
3082,PPO,1,-1
3083,Random,-1,1
3084,draw,0,0
3085,PPO,1,-1
3086,Random,-1,1
3087,draw,0,0
3088,PPO,1,-1
3089,PPO,1,-1
3090,PPO,1,-1
3091,PPO,1,-1
3092,PPO,1,-1
3093,draw,0,0
3094,PPO,1,-1
3095,Random,-1,1
3096,Random,-1,1
3097,Random,-1,1
3098,Random,-1,1
3099,draw,0,0
3100,Random,-1,1
3101,Random,-1,1
3102,Random,-1,1
3103,draw,0,0
3104,PPO,1,-1
3105,Random,-1,1
3106,Random,-1,1
3107,PPO,1,-1
3108,Random,-1,1
3109,Random,-1,1
3110,Random,-1,1
3111,PPO,1,-1
3112,Random,-1,1
3113,Random,-1,1
3114,Random,-1,1
3115,draw,0,0
3116,draw,0,0
3117,Random,-1,1
3118,Random,-1,1
3119,draw,0,0
3120,draw,0,0
3121,draw,0,0
3122,draw,0,0
3123,Random,-1,1
3124,draw,0,0
3125,Random,-1,1
3126,Random,-1,1
3127,Random,-1,1
3128,PPO,1,-1
3129,PPO,1,-1
3130,Random,-1,1
3131,draw,0,0
3132,Random,-1,1
3133,PPO,1,-1
3134,Random,-1,1
3135,Random,-1,1
3136,Random,-1,1
3137,Random,-1,1
3138,Random,-1,1
3139,Random,-1,1
3140,draw,0,0
3141,PPO,1,-1
3142,Random,-1,1
3143,PPO,1,-1
3144,draw,0,0
3145,PPO,1,-1
3146,PPO,1,-1
3147,PPO,1,-1
3148,draw,0,0
3149,Random,-1,1
3150,Random,-1,1
3151,PPO,1,-1
3152,Random,-1,1
3153,draw,0,0
3154,draw,0,0
3155,draw,0,0
3156,Random,-1,1
3157,Random,-1,1
3158,Random,-1,1
3159,Random,-1,1
3160,PPO,1,-1
3161,Random,-1,1
3162,draw,0,0
3163,Random,-1,1
3164,Random,-1,1
3165,draw,0,0
3166,Random,-1,1
3167,Random,-1,1
3168,draw,0,0
3169,Random,-1,1
3170,Random,-1,1
3171,draw,0,0
3172,Random,-1,1
3173,Random,-1,1
3174,Random,-1,1
3175,Random,-1,1
3176,Random,-1,1
3177,draw,0,0
3178,PPO,1,-1
3179,Random,-1,1
3180,Random,-1,1
3181,Random,-1,1
3182,draw,0,0
3183,Random,-1,1
3184,Random,-1,1
3185,Random,-1,1
3186,Random,-1,1
3187,draw,0,0
3188,draw,0,0
3189,Random,-1,1
3190,Random,-1,1
3191,Random,-1,1
3192,Random,-1,1
3193,Random,-1,1
3194,Random,-1,1
3195,Random,-1,1
3196,draw,0,0
3197,Random,-1,1
3198,Random,-1,1
3199,draw,0,0
3200,draw,0,0
3201,Random,-1,1
3202,draw,0,0
3203,Random,-1,1
3204,Random,-1,1
3205,PPO,1,-1
3206,Random,-1,1
3207,Random,-1,1
3208,draw,0,0
3209,Random,-1,1
3210,Random,-1,1
3211,Random,-1,1
3212,draw,0,0
3213,Random,-1,1
3214,Random,-1,1
3215,Random,-1,1
3216,Random,-1,1
3217,Random,-1,1
3218,draw,0,0
3219,draw,0,0
3220,Random,-1,1
3221,Random,-1,1
3222,Random,-1,1
3223,Random,-1,1
3224,draw,0,0
3225,Random,-1,1
3226,Random,-1,1
3227,Random,-1,1
3228,Random,-1,1
3229,draw,0,0
3230,Random,-1,1
3231,draw,0,0
3232,draw,0,0
3233,Random,-1,1
3234,Random,-1,1
3235,Random,-1,1
3236,Random,-1,1
3237,draw,0,0
3238,Random,-1,1
3239,Random,-1,1
3240,Random,-1,1
3241,Random,-1,1
3242,Random,-1,1
3243,Random,-1,1
3244,Random,-1,1
3245,draw,0,0
3246,draw,0,0
3247,Random,-1,1
3248,Random,-1,1
3249,draw,0,0
3250,Random,-1,1
3251,Random,-1,1
3252,draw,0,0
3253,Random,-1,1
3254,draw,0,0
3255,draw,0,0
3256,Random,-1,1
3257,Random,-1,1
3258,Random,-1,1
3259,Random,-1,1
3260,Random,-1,1
3261,draw,0,0
3262,Random,-1,1
3263,Random,-1,1
3264,draw,0,0
3265,Random,-1,1
3266,Random,-1,1
3267,Random,-1,1
3268,draw,0,0
3269,Random,-1,1
3270,Random,-1,1
3271,Random,-1,1
3272,draw,0,0
3273,Random,-1,1
3274,draw,0,0
3275,Random,-1,1
3276,draw,0,0
3277,draw,0,0
3278,draw,0,0
3279,Random,-1,1
3280,Random,-1,1
3281,Random,-1,1
3282,Random,-1,1
3283,Random,-1,1
3284,Random,-1,1
3285,draw,0,0
3286,draw,0,0
3287,Random,-1,1
3288,draw,0,0
3289,PPO,1,-1
3290,Random,-1,1
3291,Random,-1,1
3292,Random,-1,1
3293,Random,-1,1
3294,draw,0,0
3295,Random,-1,1
3296,Random,-1,1
3297,draw,0,0
3298,draw,0,0
3299,Random,-1,1
3300,Random,-1,1
3301,Random,-1,1
3302,Random,-1,1
3303,draw,0,0
3304,draw,0,0
3305,draw,0,0
3306,draw,0,0
3307,Random,-1,1
3308,draw,0,0
3309,draw,0,0
3310,draw,0,0
3311,draw,0,0
3312,draw,0,0
3313,Random,-1,1
3314,Random,-1,1
3315,draw,0,0
3316,draw,0,0
3317,Random,-1,1
3318,Random,-1,1
3319,Random,-1,1
3320,Random,-1,1
3321,Random,-1,1
3322,draw,0,0
3323,Random,-1,1
3324,draw,0,0
3325,PPO,1,-1
3326,draw,0,0
3327,Random,-1,1
3328,draw,0,0
3329,Random,-1,1
3330,draw,0,0
3331,Random,-1,1
3332,Random,-1,1
3333,Random,-1,1
3334,Random,-1,1
3335,Random,-1,1
3336,Random,-1,1
3337,Random,-1,1
3338,Random,-1,1
3339,PPO,1,-1
3340,draw,0,0
3341,draw,0,0
3342,Random,-1,1
3343,Random,-1,1
3344,Random,-1,1
3345,Random,-1,1
3346,Random,-1,1
3347,Random,-1,1
3348,Random,-1,1
3349,Random,-1,1
3350,Random,-1,1
3351,Random,-1,1
3352,Random,-1,1
3353,draw,0,0
3354,Random,-1,1
3355,Random,-1,1
3356,Random,-1,1
3357,draw,0,0
3358,Random,-1,1
3359,Random,-1,1
3360,Random,-1,1
3361,draw,0,0
3362,Random,-1,1
3363,Random,-1,1
3364,Random,-1,1
3365,Random,-1,1
3366,Random,-1,1
3367,Random,-1,1
3368,draw,0,0
3369,Random,-1,1
3370,Random,-1,1
3371,draw,0,0
3372,Random,-1,1
3373,Random,-1,1
3374,PPO,1,-1
3375,Random,-1,1
3376,draw,0,0
3377,draw,0,0
3378,Random,-1,1
3379,Random,-1,1
3380,Random,-1,1
3381,Random,-1,1
3382,Random,-1,1
3383,Random,-1,1
3384,Random,-1,1
3385,draw,0,0
3386,Random,-1,1
3387,Random,-1,1
3388,Random,-1,1
3389,Random,-1,1
3390,Random,-1,1
3391,draw,0,0
3392,Random,-1,1
3393,Random,-1,1
3394,Random,-1,1
3395,Random,-1,1
3396,draw,0,0
3397,draw,0,0
3398,draw,0,0
3399,Random,-1,1
3400,draw,0,0
3401,draw,0,0
3402,Random,-1,1
3403,draw,0,0
3404,draw,0,0
3405,Random,-1,1
3406,Random,-1,1
3407,Random,-1,1
3408,Random,-1,1
3409,Random,-1,1
3410,Random,-1,1
3411,draw,0,0
3412,draw,0,0
3413,Random,-1,1
3414,draw,0,0
3415,draw,0,0
3416,Random,-1,1
3417,Random,-1,1
3418,Random,-1,1
3419,draw,0,0
3420,Random,-1,1
3421,draw,0,0
3422,Random,-1,1
3423,Random,-1,1
3424,Random,-1,1
3425,Random,-1,1
3426,draw,0,0
3427,Random,-1,1
3428,draw,0,0
3429,draw,0,0
3430,Random,-1,1
3431,Random,-1,1
3432,Random,-1,1
3433,Random,-1,1
3434,draw,0,0
3435,draw,0,0
3436,Random,-1,1
3437,Random,-1,1
3438,Random,-1,1
3439,Random,-1,1
3440,draw,0,0
3441,Random,-1,1
3442,Random,-1,1
3443,Random,-1,1
3444,Random,-1,1
3445,draw,0,0
3446,draw,0,0
3447,Random,-1,1
3448,Random,-1,1
3449,Random,-1,1
3450,Random,-1,1
3451,draw,0,0
3452,Random,-1,1
3453,draw,0,0
3454,draw,0,0
3455,Random,-1,1
3456,draw,0,0
3457,draw,0,0
3458,draw,0,0
3459,draw,0,0
3460,draw,0,0
3461,draw,0,0
3462,Random,-1,1
3463,draw,0,0
3464,PPO,1,-1
3465,Random,-1,1
3466,PPO,1,-1
3467,Random,-1,1
3468,Random,-1,1
3469,Random,-1,1
3470,Random,-1,1
3471,Random,-1,1
3472,Random,-1,1
3473,Random,-1,1
3474,Random,-1,1
3475,Random,-1,1
3476,PPO,1,-1
3477,PPO,1,-1
3478,Random,-1,1
3479,Random,-1,1
3480,draw,0,0
3481,Random,-1,1
3482,Random,-1,1
3483,Random,-1,1
3484,Random,-1,1
3485,PPO,1,-1
3486,Random,-1,1
3487,Random,-1,1
3488,Random,-1,1
3489,draw,0,0
3490,Random,-1,1
3491,Random,-1,1
3492,Random,-1,1
3493,draw,0,0
3494,Random,-1,1
3495,draw,0,0
3496,Random,-1,1
3497,Random,-1,1
3498,draw,0,0
3499,draw,0,0
3500,Random,-1,1
3501,Random,-1,1
3502,draw,0,0
3503,Random,-1,1
3504,Random,-1,1
3505,Random,-1,1
3506,Random,-1,1
3507,Random,-1,1
3508,draw,0,0
3509,PPO,1,-1
3510,Random,-1,1
3511,Random,-1,1
3512,Random,-1,1
3513,Random,-1,1
3514,Random,-1,1
3515,Random,-1,1
3516,Random,-1,1
3517,Random,-1,1
3518,Random,-1,1
3519,draw,0,0
3520,draw,0,0
3521,Random,-1,1
3522,Random,-1,1
3523,Random,-1,1
3524,Random,-1,1
3525,Random,-1,1
3526,draw,0,0
3527,Random,-1,1
3528,Random,-1,1
3529,Random,-1,1
3530,Random,-1,1
3531,Random,-1,1
3532,Random,-1,1
3533,Random,-1,1
3534,Random,-1,1
3535,draw,0,0
3536,PPO,1,-1
3537,Random,-1,1
3538,Random,-1,1
3539,Random,-1,1
3540,draw,0,0
3541,Random,-1,1
3542,draw,0,0
3543,draw,0,0
3544,Random,-1,1
3545,draw,0,0
3546,Random,-1,1
3547,Random,-1,1
3548,Random,-1,1
3549,Random,-1,1
3550,Random,-1,1
3551,Random,-1,1
3552,draw,0,0
3553,draw,0,0
3554,Random,-1,1
3555,Random,-1,1
3556,draw,0,0
3557,Random,-1,1
3558,Random,-1,1
3559,draw,0,0
3560,Random,-1,1
3561,Random,-1,1
3562,draw,0,0
3563,Random,-1,1
3564,Random,-1,1
3565,Random,-1,1
3566,Random,-1,1
3567,draw,0,0
3568,draw,0,0
3569,Random,-1,1
3570,draw,0,0
3571,PPO,1,-1
3572,draw,0,0
3573,draw,0,0
3574,Random,-1,1
3575,Random,-1,1
3576,Random,-1,1
3577,draw,0,0
3578,draw,0,0
3579,Random,-1,1
3580,draw,0,0
3581,Random,-1,1
3582,Random,-1,1
3583,Random,-1,1
3584,Random,-1,1
3585,Random,-1,1
3586,Random,-1,1
3587,Random,-1,1
3588,draw,0,0
3589,draw,0,0
3590,Random,-1,1
3591,draw,0,0
3592,Random,-1,1
3593,Random,-1,1
3594,draw,0,0
3595,draw,0,0
3596,Random,-1,1
3597,Random,-1,1
3598,PPO,1,-1
3599,draw,0,0
3600,Random,-1,1
3601,draw,0,0
3602,Random,-1,1
3603,draw,0,0
3604,draw,0,0
3605,Random,-1,1
3606,draw,0,0
3607,Random,-1,1
3608,Random,-1,1
3609,Random,-1,1
3610,draw,0,0
3611,Random,-1,1
3612,Random,-1,1
3613,PPO,1,-1
3614,Random,-1,1
3615,draw,0,0
3616,Random,-1,1
3617,draw,0,0
3618,draw,0,0
3619,Random,-1,1
3620,draw,0,0
3621,draw,0,0
3622,draw,0,0
3623,Random,-1,1
3624,draw,0,0
3625,Random,-1,1
3626,Random,-1,1
3627,draw,0,0
3628,Random,-1,1
3629,draw,0,0
3630,Random,-1,1
3631,Random,-1,1
3632,Random,-1,1
3633,draw,0,0
3634,Random,-1,1
3635,Random,-1,1
3636,Random,-1,1
3637,Random,-1,1
3638,draw,0,0
3639,Random,-1,1
3640,Random,-1,1
3641,draw,0,0
3642,Random,-1,1
3643,Random,-1,1
3644,Random,-1,1
3645,Random,-1,1
3646,Random,-1,1
3647,Random,-1,1
3648,Random,-1,1
3649,draw,0,0
3650,draw,0,0
3651,Random,-1,1
3652,Random,-1,1
3653,draw,0,0
3654,Random,-1,1
3655,Random,-1,1
3656,Random,-1,1
3657,draw,0,0
3658,draw,0,0
3659,Random,-1,1
3660,Random,-1,1
3661,Random,-1,1
3662,Random,-1,1
3663,Random,-1,1
3664,draw,0,0
3665,Random,-1,1
3666,Random,-1,1
3667,Random,-1,1
3668,Random,-1,1
3669,draw,0,0
3670,Random,-1,1
3671,draw,0,0
3672,draw,0,0
3673,Random,-1,1
3674,draw,0,0
3675,Random,-1,1
3676,Random,-1,1
3677,Random,-1,1
3678,draw,0,0
3679,draw,0,0
3680,draw,0,0
3681,Random,-1,1
3682,draw,0,0
3683,draw,0,0
3684,Random,-1,1
3685,Random,-1,1
3686,Random,-1,1
3687,Random,-1,1
3688,Random,-1,1
3689,Random,-1,1
3690,draw,0,0
3691,draw,0,0
3692,draw,0,0
3693,Random,-1,1
3694,draw,0,0
3695,Random,-1,1
3696,Random,-1,1
3697,PPO,1,-1
3698,draw,0,0
3699,draw,0,0
3700,draw,0,0
3701,draw,0,0
3702,Random,-1,1
3703,Random,-1,1
3704,Random,-1,1
3705,Random,-1,1
3706,Random,-1,1
3707,Random,-1,1
3708,Random,-1,1
3709,draw,0,0
3710,Random,-1,1
3711,Random,-1,1
3712,draw,0,0
3713,draw,0,0
3714,Random,-1,1
3715,Random,-1,1
3716,Random,-1,1
3717,Random,-1,1
3718,Random,-1,1
3719,Random,-1,1
3720,Random,-1,1
3721,Random,-1,1
3722,Random,-1,1
3723,Random,-1,1
3724,Random,-1,1
3725,Random,-1,1
3726,Random,-1,1
3727,Random,-1,1
3728,draw,0,0
3729,Random,-1,1
3730,Random,-1,1
3731,draw,0,0
3732,Random,-1,1
3733,Random,-1,1
3734,draw,0,0
3735,Random,-1,1
3736,draw,0,0
3737,Random,-1,1
3738,Random,-1,1
3739,Random,-1,1
3740,draw,0,0
3741,Random,-1,1
3742,draw,0,0
3743,PPO,1,-1
3744,Random,-1,1
3745,Random,-1,1
3746,Random,-1,1
3747,Random,-1,1
3748,Random,-1,1
3749,Random,-1,1
3750,draw,0,0
3751,Random,-1,1
3752,draw,0,0
3753,draw,0,0
3754,Random,-1,1
3755,draw,0,0
3756,draw,0,0
3757,Random,-1,1
3758,Random,-1,1
3759,draw,0,0
3760,PPO,1,-1
3761,Random,-1,1
3762,Random,-1,1
3763,draw,0,0
3764,Random,-1,1
3765,Random,-1,1
3766,Random,-1,1
3767,Random,-1,1
3768,Random,-1,1
3769,Random,-1,1
3770,Random,-1,1
3771,Random,-1,1
3772,draw,0,0
3773,draw,0,0
3774,Random,-1,1
3775,Random,-1,1
3776,Random,-1,1
3777,Random,-1,1
3778,Random,-1,1
3779,Random,-1,1
3780,Random,-1,1
3781,draw,0,0
3782,Random,-1,1
3783,Random,-1,1
3784,PPO,1,-1
3785,Random,-1,1
3786,Random,-1,1
3787,Random,-1,1
3788,draw,0,0
3789,Random,-1,1
3790,draw,0,0
3791,Random,-1,1
3792,Random,-1,1
3793,Random,-1,1
3794,Random,-1,1
3795,Random,-1,1
3796,draw,0,0
3797,draw,0,0
3798,Random,-1,1
3799,Random,-1,1
3800,Random,-1,1
3801,Random,-1,1
3802,Random,-1,1
3803,draw,0,0
3804,draw,0,0
3805,Random,-1,1
3806,Random,-1,1
3807,Random,-1,1
3808,Random,-1,1
3809,Random,-1,1
3810,draw,0,0
3811,Random,-1,1
3812,draw,0,0
3813,Random,-1,1
3814,draw,0,0
3815,Random,-1,1
3816,Random,-1,1
3817,Random,-1,1
3818,Random,-1,1
3819,Random,-1,1
3820,draw,0,0
3821,Random,-1,1
3822,Random,-1,1
3823,Random,-1,1
3824,Random,-1,1
3825,Random,-1,1
3826,Random,-1,1
3827,Random,-1,1
3828,Random,-1,1
3829,Random,-1,1
3830,Random,-1,1
3831,Random,-1,1
3832,draw,0,0
3833,Random,-1,1
3834,draw,0,0
3835,draw,0,0
3836,Random,-1,1
3837,Random,-1,1
3838,Random,-1,1
3839,Random,-1,1
3840,Random,-1,1
3841,Random,-1,1
3842,Random,-1,1
3843,Random,-1,1
3844,Random,-1,1
3845,Random,-1,1
3846,draw,0,0
3847,Random,-1,1
3848,Random,-1,1
3849,Random,-1,1
3850,Random,-1,1
3851,Random,-1,1
3852,Random,-1,1
3853,Random,-1,1
3854,Random,-1,1
3855,draw,0,0
3856,Random,-1,1
3857,Random,-1,1
3858,Random,-1,1
3859,Random,-1,1
3860,Random,-1,1
3861,draw,0,0
3862,Random,-1,1
3863,Random,-1,1
3864,draw,0,0
3865,Random,-1,1
3866,draw,0,0
3867,draw,0,0
3868,Random,-1,1
3869,draw,0,0
3870,Random,-1,1
3871,Random,-1,1
3872,Random,-1,1
3873,Random,-1,1
3874,Random,-1,1
3875,Random,-1,1
3876,Random,-1,1
3877,Random,-1,1
3878,Random,-1,1
3879,draw,0,0
3880,draw,0,0
3881,draw,0,0
3882,Random,-1,1
3883,Random,-1,1
3884,Random,-1,1
3885,draw,0,0
3886,draw,0,0
3887,Random,-1,1
3888,Random,-1,1
3889,draw,0,0
3890,Random,-1,1
3891,draw,0,0
3892,Random,-1,1
3893,Random,-1,1
3894,Random,-1,1
3895,Random,-1,1
3896,draw,0,0
3897,Random,-1,1
3898,Random,-1,1
3899,Random,-1,1
3900,Random,-1,1
3901,Random,-1,1
3902,Random,-1,1
3903,Random,-1,1
3904,Random,-1,1
3905,Random,-1,1
3906,Random,-1,1
3907,Random,-1,1
3908,Random,-1,1
3909,Random,-1,1
3910,Random,-1,1
3911,Random,-1,1
3912,Random,-1,1
3913,Random,-1,1
3914,Random,-1,1
3915,draw,0,0
3916,draw,0,0
3917,Random,-1,1
3918,Random,-1,1
3919,draw,0,0
3920,Random,-1,1
3921,Random,-1,1
3922,draw,0,0
3923,Random,-1,1
3924,Random,-1,1
3925,Random,-1,1
3926,Random,-1,1
3927,Random,-1,1
3928,draw,0,0
3929,Random,-1,1
3930,Random,-1,1
3931,Random,-1,1
3932,draw,0,0
3933,Random,-1,1
3934,Random,-1,1
3935,draw,0,0
3936,Random,-1,1
3937,draw,0,0
3938,draw,0,0
3939,Random,-1,1
3940,Random,-1,1
3941,draw,0,0
3942,draw,0,0
3943,draw,0,0
3944,Random,-1,1
3945,Random,-1,1
3946,draw,0,0
3947,Random,-1,1
3948,draw,0,0
3949,Random,-1,1
3950,Random,-1,1
3951,Random,-1,1
3952,Random,-1,1
3953,Random,-1,1
3954,Random,-1,1
3955,draw,0,0
3956,draw,0,0
3957,draw,0,0
3958,draw,0,0
3959,draw,0,0
3960,Random,-1,1
3961,draw,0,0
3962,Random,-1,1
3963,draw,0,0
3964,Random,-1,1
3965,Random,-1,1
3966,draw,0,0
3967,Random,-1,1
3968,draw,0,0
3969,draw,0,0
3970,Random,-1,1
3971,draw,0,0
3972,Random,-1,1
3973,Random,-1,1
3974,draw,0,0
3975,Random,-1,1
3976,Random,-1,1
3977,Random,-1,1
3978,draw,0,0
3979,Random,-1,1
3980,Random,-1,1
3981,Random,-1,1
3982,Random,-1,1
3983,Random,-1,1
3984,Random,-1,1
3985,Random,-1,1
3986,Random,-1,1
3987,Random,-1,1
3988,Random,-1,1
3989,Random,-1,1
3990,Random,-1,1
3991,Random,-1,1
3992,Random,-1,1
3993,Random,-1,1
3994,Random,-1,1
3995,draw,0,0
3996,Random,-1,1
3997,draw,0,0
3998,Random,-1,1
3999,Random,-1,1
4000,Random,-1,1
4001,Random,-1,1
4002,draw,0,0
4003,draw,0,0
4004,Random,-1,1
4005,Random,-1,1
4006,Random,-1,1
4007,draw,0,0
4008,Random,-1,1
4009,draw,0,0
4010,Random,-1,1
4011,draw,0,0
4012,Random,-1,1
4013,Random,-1,1
4014,draw,0,0
4015,Random,-1,1
4016,Random,-1,1
4017,Random,-1,1
4018,Random,-1,1
4019,Random,-1,1
4020,Random,-1,1
4021,Random,-1,1
4022,draw,0,0
4023,Random,-1,1
4024,Random,-1,1
4025,Random,-1,1
4026,Random,-1,1
4027,draw,0,0
4028,Random,-1,1
4029,Random,-1,1
4030,Random,-1,1
4031,PPO,1,-1
4032,draw,0,0
4033,Random,-1,1
4034,Random,-1,1
4035,Random,-1,1
4036,draw,0,0
4037,Random,-1,1
4038,Random,-1,1
4039,Random,-1,1
4040,Random,-1,1
4041,Random,-1,1
4042,draw,0,0
4043,Random,-1,1
4044,Random,-1,1
4045,Random,-1,1
4046,Random,-1,1
4047,Random,-1,1
4048,draw,0,0
4049,draw,0,0
4050,Random,-1,1
4051,draw,0,0
4052,Random,-1,1
4053,Random,-1,1
4054,Random,-1,1
4055,Random,-1,1
4056,PPO,1,-1
4057,Random,-1,1
4058,Random,-1,1
4059,Random,-1,1
4060,Random,-1,1
4061,Random,-1,1
4062,draw,0,0
4063,draw,0,0
4064,Random,-1,1
4065,Random,-1,1
4066,Random,-1,1
4067,Random,-1,1
4068,draw,0,0
4069,Random,-1,1
4070,Random,-1,1
4071,draw,0,0
4072,Random,-1,1
4073,draw,0,0
4074,Random,-1,1
4075,Random,-1,1
4076,Random,-1,1
4077,Random,-1,1
4078,Random,-1,1
4079,Random,-1,1
4080,draw,0,0
4081,Random,-1,1
4082,Random,-1,1
4083,Random,-1,1
4084,Random,-1,1
4085,Random,-1,1
4086,Random,-1,1
4087,Random,-1,1
4088,draw,0,0
4089,Random,-1,1
4090,Random,-1,1
4091,Random,-1,1
4092,draw,0,0
4093,Random,-1,1
4094,Random,-1,1
4095,Random,-1,1
4096,Random,-1,1
4097,Random,-1,1
4098,Random,-1,1
4099,Random,-1,1
4100,Random,-1,1
4101,Random,-1,1
4102,Random,-1,1
4103,draw,0,0
4104,PPO,1,-1
4105,Random,-1,1
4106,Random,-1,1
4107,Random,-1,1
4108,Random,-1,1
4109,Random,-1,1
4110,Random,-1,1
4111,Random,-1,1
4112,draw,0,0
4113,Random,-1,1
4114,draw,0,0
4115,Random,-1,1
4116,Random,-1,1
4117,draw,0,0
4118,Random,-1,1
4119,Random,-1,1
4120,Random,-1,1
4121,draw,0,0
4122,Random,-1,1
4123,Random,-1,1
4124,draw,0,0
4125,Random,-1,1
4126,Random,-1,1
4127,draw,0,0
4128,draw,0,0
4129,draw,0,0
4130,Random,-1,1
4131,draw,0,0
4132,Random,-1,1
4133,Random,-1,1
4134,Random,-1,1
4135,Random,-1,1
4136,draw,0,0
4137,Random,-1,1
4138,draw,0,0
4139,Random,-1,1
4140,draw,0,0
4141,draw,0,0
4142,Random,-1,1
4143,Random,-1,1
4144,draw,0,0
4145,draw,0,0
4146,Random,-1,1
4147,draw,0,0
4148,Random,-1,1
4149,draw,0,0
4150,draw,0,0
4151,Random,-1,1
4152,Random,-1,1
4153,Random,-1,1
4154,draw,0,0
4155,draw,0,0
4156,Random,-1,1
4157,Random,-1,1
4158,Random,-1,1
4159,Random,-1,1
4160,draw,0,0
4161,Random,-1,1
4162,Random,-1,1
4163,Random,-1,1
4164,Random,-1,1
4165,Random,-1,1
4166,Random,-1,1
4167,Random,-1,1
4168,Random,-1,1
4169,Random,-1,1
4170,Random,-1,1
4171,Random,-1,1
4172,Random,-1,1
4173,Random,-1,1
4174,Random,-1,1
4175,Random,-1,1
4176,Random,-1,1
4177,Random,-1,1
4178,draw,0,0
4179,Random,-1,1
4180,Random,-1,1
4181,Random,-1,1
4182,Random,-1,1
4183,Random,-1,1
4184,Random,-1,1
4185,Random,-1,1
4186,Random,-1,1
4187,Random,-1,1
4188,draw,0,0
4189,Random,-1,1
4190,Random,-1,1
4191,Random,-1,1
4192,Random,-1,1
4193,Random,-1,1
4194,Random,-1,1
4195,Random,-1,1
4196,draw,0,0
4197,Random,-1,1
4198,draw,0,0
4199,Random,-1,1
4200,Random,-1,1
4201,Random,-1,1
4202,PPO,1,-1
4203,Random,-1,1
4204,Random,-1,1
4205,Random,-1,1
4206,Random,-1,1
4207,Random,-1,1
4208,Random,-1,1
4209,draw,0,0
4210,Random,-1,1
4211,Random,-1,1
4212,Random,-1,1
4213,Random,-1,1
4214,draw,0,0
4215,Random,-1,1
4216,Random,-1,1
4217,Random,-1,1
4218,Random,-1,1
4219,draw,0,0
4220,Random,-1,1
4221,draw,0,0
4222,draw,0,0
4223,Random,-1,1
4224,Random,-1,1
4225,Random,-1,1
4226,draw,0,0
4227,Random,-1,1
4228,draw,0,0
4229,Random,-1,1
4230,Random,-1,1
4231,Random,-1,1
4232,Random,-1,1
4233,Random,-1,1
4234,Random,-1,1
4235,Random,-1,1
4236,draw,0,0
4237,draw,0,0
4238,Random,-1,1
4239,draw,0,0
4240,Random,-1,1
4241,draw,0,0
4242,Random,-1,1
4243,draw,0,0
4244,Random,-1,1
4245,draw,0,0
4246,draw,0,0
4247,Random,-1,1
4248,Random,-1,1
4249,draw,0,0
4250,draw,0,0
4251,Random,-1,1
4252,Random,-1,1
4253,Random,-1,1
4254,Random,-1,1
4255,Random,-1,1
4256,Random,-1,1
4257,draw,0,0
4258,Random,-1,1
4259,Random,-1,1
4260,Random,-1,1
4261,Random,-1,1
4262,Random,-1,1
4263,draw,0,0
4264,draw,0,0
4265,Random,-1,1
4266,Random,-1,1
4267,Random,-1,1
4268,Random,-1,1
4269,Random,-1,1
4270,Random,-1,1
4271,Random,-1,1
4272,Random,-1,1
4273,Random,-1,1
4274,draw,0,0
4275,Random,-1,1
4276,draw,0,0
4277,Random,-1,1
4278,Random,-1,1
4279,Random,-1,1
4280,Random,-1,1
4281,Random,-1,1
4282,Random,-1,1
4283,Random,-1,1
4284,Random,-1,1
4285,Random,-1,1
4286,draw,0,0
4287,Random,-1,1
4288,Random,-1,1
4289,draw,0,0
4290,Random,-1,1
4291,Random,-1,1
4292,Random,-1,1
4293,Random,-1,1
4294,Random,-1,1
4295,Random,-1,1
4296,Random,-1,1
4297,Random,-1,1
4298,draw,0,0
4299,draw,0,0
4300,Random,-1,1
4301,Random,-1,1
4302,draw,0,0
4303,draw,0,0
4304,draw,0,0
4305,Random,-1,1
4306,Random,-1,1
4307,Random,-1,1
4308,Random,-1,1
4309,Random,-1,1
4310,Random,-1,1
4311,Random,-1,1
4312,Random,-1,1
4313,Random,-1,1
4314,Random,-1,1
4315,Random,-1,1
4316,draw,0,0
4317,draw,0,0
4318,Random,-1,1
4319,Random,-1,1
4320,Random,-1,1
4321,Random,-1,1
4322,Random,-1,1
4323,draw,0,0
4324,draw,0,0
4325,Random,-1,1
4326,Random,-1,1
4327,Random,-1,1
4328,Random,-1,1
4329,Random,-1,1
4330,Random,-1,1
4331,Random,-1,1
4332,Random,-1,1
4333,Random,-1,1
4334,Random,-1,1
4335,Random,-1,1
4336,draw,0,0
4337,draw,0,0
4338,Random,-1,1
4339,Random,-1,1
4340,Random,-1,1
4341,Random,-1,1
4342,draw,0,0
4343,draw,0,0
4344,Random,-1,1
4345,Random,-1,1
4346,Random,-1,1
4347,Random,-1,1
4348,draw,0,0
4349,Random,-1,1
4350,Random,-1,1
4351,Random,-1,1
4352,Random,-1,1
4353,Random,-1,1
4354,Random,-1,1
4355,Random,-1,1
4356,draw,0,0
4357,draw,0,0
4358,Random,-1,1
4359,Random,-1,1
4360,draw,0,0
4361,Random,-1,1
4362,Random,-1,1
4363,Random,-1,1
4364,Random,-1,1
4365,draw,0,0
4366,draw,0,0
4367,draw,0,0
4368,draw,0,0
4369,Random,-1,1
4370,Random,-1,1
4371,Random,-1,1
4372,draw,0,0
4373,Random,-1,1
4374,Random,-1,1
4375,draw,0,0
4376,Random,-1,1
4377,Random,-1,1
4378,Random,-1,1
4379,Random,-1,1
4380,Random,-1,1
4381,Random,-1,1
4382,Random,-1,1
4383,Random,-1,1
4384,Random,-1,1
4385,draw,0,0
4386,Random,-1,1
4387,Random,-1,1
4388,Random,-1,1
4389,Random,-1,1
4390,draw,0,0
4391,Random,-1,1
4392,Random,-1,1
4393,draw,0,0
4394,draw,0,0
4395,Random,-1,1
4396,Random,-1,1
4397,Random,-1,1
4398,Random,-1,1
4399,Random,-1,1
4400,draw,0,0
4401,draw,0,0
4402,draw,0,0
4403,Random,-1,1
4404,Random,-1,1
4405,Random,-1,1
4406,Random,-1,1
4407,Random,-1,1
4408,draw,0,0
4409,Random,-1,1
4410,Random,-1,1
4411,Random,-1,1
4412,Random,-1,1
4413,draw,0,0
4414,draw,0,0
4415,draw,0,0
4416,Random,-1,1
4417,Random,-1,1
4418,Random,-1,1
4419,Random,-1,1
4420,Random,-1,1
4421,Random,-1,1
4422,Random,-1,1
4423,Random,-1,1
4424,Random,-1,1
4425,Random,-1,1
4426,Random,-1,1
4427,Random,-1,1
4428,draw,0,0
4429,draw,0,0
4430,draw,0,0
4431,draw,0,0
4432,Random,-1,1
4433,Random,-1,1
4434,Random,-1,1
4435,draw,0,0
4436,draw,0,0
4437,Random,-1,1
4438,Random,-1,1
4439,Random,-1,1
4440,Random,-1,1
4441,Random,-1,1
4442,Random,-1,1
4443,draw,0,0
4444,draw,0,0
4445,draw,0,0
4446,Random,-1,1
4447,Random,-1,1
4448,Random,-1,1
4449,Random,-1,1
4450,Random,-1,1
4451,Random,-1,1
4452,Random,-1,1
4453,Random,-1,1
4454,Random,-1,1
4455,Random,-1,1
4456,Random,-1,1
4457,draw,0,0
4458,draw,0,0
4459,Random,-1,1
4460,Random,-1,1
4461,Random,-1,1
4462,Random,-1,1
4463,draw,0,0
4464,Random,-1,1
4465,draw,0,0
4466,Random,-1,1
4467,Random,-1,1
4468,Random,-1,1
4469,Random,-1,1
4470,Random,-1,1
4471,Random,-1,1
4472,draw,0,0
4473,Random,-1,1
4474,draw,0,0
4475,Random,-1,1
4476,Random,-1,1
4477,draw,0,0
4478,Random,-1,1
4479,Random,-1,1
4480,Random,-1,1
4481,Random,-1,1
4482,Random,-1,1
4483,Random,-1,1
4484,Random,-1,1
4485,draw,0,0
4486,Random,-1,1
4487,Random,-1,1
4488,draw,0,0
4489,Random,-1,1
4490,Random,-1,1
4491,draw,0,0
4492,Random,-1,1
4493,Random,-1,1
4494,draw,0,0
4495,Random,-1,1
4496,Random,-1,1
4497,draw,0,0
4498,Random,-1,1
4499,Random,-1,1
4500,Random,-1,1
4501,Random,-1,1
4502,Random,-1,1
4503,Random,-1,1
4504,Random,-1,1
4505,draw,0,0
4506,Random,-1,1
4507,Random,-1,1
4508,Random,-1,1
4509,Random,-1,1
4510,draw,0,0
4511,Random,-1,1
4512,Random,-1,1
4513,Random,-1,1
4514,Random,-1,1
4515,draw,0,0
4516,Random,-1,1
4517,Random,-1,1
4518,draw,0,0
4519,draw,0,0
4520,Random,-1,1
4521,Random,-1,1
4522,Random,-1,1
4523,Random,-1,1
4524,Random,-1,1
4525,Random,-1,1
4526,Random,-1,1
4527,Random,-1,1
4528,Random,-1,1
4529,Random,-1,1
4530,Random,-1,1
4531,Random,-1,1
4532,Random,-1,1
4533,draw,0,0
4534,Random,-1,1
4535,Random,-1,1
4536,draw,0,0
4537,Random,-1,1
4538,Random,-1,1
4539,Random,-1,1
4540,Random,-1,1
4541,Random,-1,1
4542,Random,-1,1
4543,PPO,1,-1
4544,draw,0,0
4545,Random,-1,1
4546,Random,-1,1
4547,Random,-1,1
4548,Random,-1,1
4549,Random,-1,1
4550,Random,-1,1
4551,draw,0,0
4552,Random,-1,1
4553,draw,0,0
4554,Random,-1,1
4555,Random,-1,1
4556,draw,0,0
4557,Random,-1,1
4558,draw,0,0
4559,Random,-1,1
4560,draw,0,0
4561,Random,-1,1
4562,draw,0,0
4563,Random,-1,1
4564,Random,-1,1
4565,Random,-1,1
4566,Random,-1,1
4567,Random,-1,1
4568,draw,0,0
4569,Random,-1,1
4570,Random,-1,1
4571,Random,-1,1
4572,Random,-1,1
4573,draw,0,0
4574,Random,-1,1
4575,draw,0,0
4576,draw,0,0
4577,Random,-1,1
4578,draw,0,0
4579,Random,-1,1
4580,Random,-1,1
4581,Random,-1,1
4582,Random,-1,1
4583,Random,-1,1
4584,Random,-1,1
4585,Random,-1,1
4586,draw,0,0
4587,Random,-1,1
4588,draw,0,0
4589,Random,-1,1
4590,draw,0,0
4591,draw,0,0
4592,draw,0,0
4593,draw,0,0
4594,Random,-1,1
4595,PPO,1,-1
4596,Random,-1,1
4597,Random,-1,1
4598,Random,-1,1
4599,Random,-1,1
4600,Random,-1,1
4601,Random,-1,1
4602,Random,-1,1
4603,Random,-1,1
4604,Random,-1,1
4605,draw,0,0
4606,Random,-1,1
4607,Random,-1,1
4608,Random,-1,1
4609,Random,-1,1
4610,Random,-1,1
4611,draw,0,0
4612,draw,0,0
4613,Random,-1,1
4614,Random,-1,1
4615,Random,-1,1
4616,Random,-1,1
4617,draw,0,0
4618,Random,-1,1
4619,draw,0,0
4620,Random,-1,1
4621,Random,-1,1
4622,Random,-1,1
4623,draw,0,0
4624,Random,-1,1
4625,draw,0,0
4626,Random,-1,1
4627,Random,-1,1
4628,Random,-1,1
4629,Random,-1,1
4630,Random,-1,1
4631,Random,-1,1
4632,Random,-1,1
4633,PPO,1,-1
4634,draw,0,0
4635,Random,-1,1
4636,Random,-1,1
4637,draw,0,0
4638,draw,0,0
4639,Random,-1,1
4640,Random,-1,1
4641,Random,-1,1
4642,Random,-1,1
4643,Random,-1,1
4644,draw,0,0
4645,Random,-1,1
4646,draw,0,0
4647,draw,0,0
4648,Random,-1,1
4649,Random,-1,1
4650,Random,-1,1
4651,Random,-1,1
4652,Random,-1,1
4653,Random,-1,1
4654,Random,-1,1
4655,Random,-1,1
4656,Random,-1,1
4657,Random,-1,1
4658,Random,-1,1
4659,Random,-1,1
4660,Random,-1,1
4661,Random,-1,1
4662,Random,-1,1
4663,Random,-1,1
4664,Random,-1,1
4665,Random,-1,1
4666,Random,-1,1
4667,Random,-1,1
4668,Random,-1,1
4669,Random,-1,1
4670,Random,-1,1
4671,draw,0,0
4672,Random,-1,1
4673,Random,-1,1
4674,draw,0,0
4675,Random,-1,1
4676,Random,-1,1
4677,Random,-1,1
4678,Random,-1,1
4679,Random,-1,1
4680,draw,0,0
4681,Random,-1,1
4682,Random,-1,1
4683,Random,-1,1
4684,Random,-1,1
4685,draw,0,0
4686,Random,-1,1
4687,Random,-1,1
4688,Random,-1,1
4689,Random,-1,1
4690,Random,-1,1
4691,Random,-1,1
4692,draw,0,0
4693,draw,0,0
4694,Random,-1,1
4695,Random,-1,1
4696,draw,0,0
4697,Random,-1,1
4698,Random,-1,1
4699,draw,0,0
4700,Random,-1,1
4701,draw,0,0
4702,draw,0,0
4703,draw,0,0
4704,Random,-1,1
4705,Random,-1,1
4706,draw,0,0
4707,Random,-1,1
4708,Random,-1,1
4709,Random,-1,1
4710,Random,-1,1
4711,Random,-1,1
4712,Random,-1,1
4713,Random,-1,1
4714,draw,0,0
4715,Random,-1,1
4716,draw,0,0
4717,Random,-1,1
4718,Random,-1,1
4719,Random,-1,1
4720,draw,0,0
4721,draw,0,0
4722,draw,0,0
4723,Random,-1,1
4724,Random,-1,1
4725,Random,-1,1
4726,Random,-1,1
4727,Random,-1,1
4728,Random,-1,1
4729,Random,-1,1
4730,Random,-1,1
4731,draw,0,0
4732,Random,-1,1
4733,Random,-1,1
4734,Random,-1,1
4735,Random,-1,1
4736,Random,-1,1
4737,Random,-1,1
4738,draw,0,0
4739,Random,-1,1
4740,Random,-1,1
4741,Random,-1,1
4742,Random,-1,1
4743,draw,0,0
4744,Random,-1,1
4745,Random,-1,1
4746,Random,-1,1
4747,Random,-1,1
4748,Random,-1,1
4749,Random,-1,1
4750,draw,0,0
4751,Random,-1,1
4752,Random,-1,1
4753,draw,0,0
4754,draw,0,0
4755,Random,-1,1
4756,Random,-1,1
4757,Random,-1,1
4758,Random,-1,1
4759,Random,-1,1
4760,Random,-1,1
4761,Random,-1,1
4762,Random,-1,1
4763,Random,-1,1
4764,Random,-1,1
4765,Random,-1,1
4766,Random,-1,1
4767,Random,-1,1
4768,Random,-1,1
4769,Random,-1,1
4770,draw,0,0
4771,Random,-1,1
4772,Random,-1,1
4773,Random,-1,1
4774,Random,-1,1
4775,Random,-1,1
4776,Random,-1,1
4777,Random,-1,1
4778,Random,-1,1
4779,Random,-1,1
4780,Random,-1,1
4781,Random,-1,1
4782,Random,-1,1
4783,Random,-1,1
4784,Random,-1,1
4785,Random,-1,1
4786,draw,0,0
4787,draw,0,0
4788,draw,0,0
4789,Random,-1,1
4790,draw,0,0
4791,Random,-1,1
4792,Random,-1,1
4793,Random,-1,1
4794,Random,-1,1
4795,draw,0,0
4796,draw,0,0
4797,draw,0,0
4798,Random,-1,1
4799,Random,-1,1
4800,draw,0,0
4801,draw,0,0
4802,Random,-1,1
4803,draw,0,0
4804,Random,-1,1
4805,Random,-1,1
4806,Random,-1,1
4807,Random,-1,1
4808,draw,0,0
4809,draw,0,0
4810,draw,0,0
4811,draw,0,0
4812,Random,-1,1
4813,Random,-1,1
4814,draw,0,0
4815,Random,-1,1
4816,Random,-1,1
4817,Random,-1,1
4818,Random,-1,1
4819,Random,-1,1
4820,draw,0,0
4821,draw,0,0
4822,draw,0,0
4823,Random,-1,1
4824,Random,-1,1
4825,draw,0,0
4826,draw,0,0
4827,draw,0,0
4828,Random,-1,1
4829,draw,0,0
4830,Random,-1,1
4831,Random,-1,1
4832,draw,0,0
4833,Random,-1,1
4834,Random,-1,1
4835,Random,-1,1
4836,draw,0,0
4837,Random,-1,1
4838,Random,-1,1
4839,draw,0,0
4840,draw,0,0
4841,Random,-1,1
4842,draw,0,0
4843,Random,-1,1
4844,Random,-1,1
4845,draw,0,0
4846,Random,-1,1
4847,Random,-1,1
4848,Random,-1,1
4849,draw,0,0
4850,Random,-1,1
4851,draw,0,0
4852,Random,-1,1
4853,draw,0,0
4854,Random,-1,1
4855,Random,-1,1
4856,draw,0,0
4857,draw,0,0
4858,draw,0,0
4859,Random,-1,1
4860,Random,-1,1
4861,Random,-1,1
4862,Random,-1,1
4863,Random,-1,1
4864,Random,-1,1
4865,Random,-1,1
4866,draw,0,0
4867,Random,-1,1
4868,Random,-1,1
4869,draw,0,0
4870,Random,-1,1
4871,Random,-1,1
4872,Random,-1,1
4873,Random,-1,1
4874,Random,-1,1
4875,Random,-1,1
4876,Random,-1,1
4877,Random,-1,1
4878,draw,0,0
4879,draw,0,0
4880,draw,0,0
4881,Random,-1,1
4882,Random,-1,1
4883,draw,0,0
4884,Random,-1,1
4885,Random,-1,1
4886,Random,-1,1
4887,draw,0,0
4888,Random,-1,1
4889,Random,-1,1
4890,Random,-1,1
4891,Random,-1,1
4892,Random,-1,1
4893,draw,0,0
4894,draw,0,0
4895,Random,-1,1
4896,Random,-1,1
4897,Random,-1,1
4898,Random,-1,1
4899,Random,-1,1
4900,Random,-1,1
4901,draw,0,0
4902,draw,0,0
4903,Random,-1,1
4904,Random,-1,1
4905,Random,-1,1
4906,Random,-1,1
4907,Random,-1,1
4908,Random,-1,1
4909,draw,0,0
4910,Random,-1,1
4911,Random,-1,1
4912,Random,-1,1
4913,draw,0,0
4914,Random,-1,1
4915,Random,-1,1
4916,draw,0,0
4917,Random,-1,1
4918,Random,-1,1
4919,draw,0,0
4920,Random,-1,1
4921,Random,-1,1
4922,draw,0,0
4923,Random,-1,1
4924,Random,-1,1
4925,Random,-1,1
4926,Random,-1,1
4927,Random,-1,1
4928,Random,-1,1
4929,Random,-1,1
4930,Random,-1,1
4931,Random,-1,1
4932,draw,0,0
4933,Random,-1,1
4934,Random,-1,1
4935,Random,-1,1
4936,Random,-1,1
4937,Random,-1,1
4938,draw,0,0
4939,Random,-1,1
4940,Random,-1,1
4941,Random,-1,1
4942,Random,-1,1
4943,Random,-1,1
4944,Random,-1,1
4945,Random,-1,1
4946,Random,-1,1
4947,Random,-1,1
4948,Random,-1,1
4949,Random,-1,1
4950,Random,-1,1
4951,Random,-1,1
4952,Random,-1,1
4953,Random,-1,1
4954,Random,-1,1
4955,Random,-1,1
4956,Random,-1,1
4957,Random,-1,1
4958,Random,-1,1
4959,draw,0,0
4960,Random,-1,1
4961,draw,0,0
4962,Random,-1,1
4963,draw,0,0
4964,draw,0,0
4965,Random,-1,1
4966,Random,-1,1
4967,draw,0,0
4968,Random,-1,1
4969,draw,0,0
4970,draw,0,0
4971,draw,0,0
4972,Random,-1,1
4973,Random,-1,1
4974,Random,-1,1
4975,draw,0,0
4976,Random,-1,1
4977,Random,-1,1
4978,draw,0,0
4979,Random,-1,1
4980,Random,-1,1
4981,Random,-1,1
4982,Random,-1,1
4983,Random,-1,1
4984,draw,0,0
4985,draw,0,0
4986,Random,-1,1
4987,Random,-1,1
4988,Random,-1,1
4989,Random,-1,1
4990,Random,-1,1
4991,Random,-1,1
4992,Random,-1,1
4993,Random,-1,1
4994,Random,-1,1
4995,Random,-1,1
4996,draw,0,0
4997,Random,-1,1
4998,Random,-1,1
4999,Random,-1,1
5000,draw,0,0
5001,Random,-1,1
5002,draw,0,0
5003,Random,-1,1
5004,draw,0,0
5005,Random,-1,1
5006,Random,-1,1
5007,Random,-1,1
5008,Random,-1,1
5009,Random,-1,1
5010,Random,-1,1
5011,draw,0,0
5012,draw,0,0
5013,Random,-1,1
5014,Random,-1,1
5015,Random,-1,1
5016,Random,-1,1
5017,draw,0,0
5018,Random,-1,1
5019,Random,-1,1
5020,Random,-1,1
5021,Random,-1,1
5022,Random,-1,1
5023,draw,0,0
5024,Random,-1,1
5025,Random,-1,1
5026,Random,-1,1
5027,draw,0,0
5028,Random,-1,1
5029,Random,-1,1
5030,draw,0,0
5031,Random,-1,1
5032,Random,-1,1
5033,Random,-1,1
5034,Random,-1,1
5035,Random,-1,1
5036,Random,-1,1
5037,Random,-1,1
5038,Random,-1,1
5039,draw,0,0
5040,Random,-1,1
5041,draw,0,0
5042,Random,-1,1
5043,draw,0,0
5044,Random,-1,1
5045,Random,-1,1
5046,Random,-1,1
5047,Random,-1,1
5048,Random,-1,1
5049,Random,-1,1
5050,Random,-1,1
5051,Random,-1,1
5052,draw,0,0
5053,Random,-1,1
5054,Random,-1,1
5055,Random,-1,1
5056,Random,-1,1
5057,Random,-1,1
5058,draw,0,0
5059,draw,0,0
5060,Random,-1,1
5061,Random,-1,1
5062,draw,0,0
5063,Random,-1,1
5064,Random,-1,1
5065,draw,0,0
5066,Random,-1,1
5067,draw,0,0
5068,draw,0,0
5069,Random,-1,1
5070,Random,-1,1
5071,Random,-1,1
5072,Random,-1,1
5073,Random,-1,1
5074,draw,0,0
5075,draw,0,0
5076,draw,0,0
5077,Random,-1,1
5078,Random,-1,1
5079,draw,0,0
5080,Random,-1,1
5081,Random,-1,1
5082,Random,-1,1
5083,Random,-1,1
5084,Random,-1,1
5085,Random,-1,1
5086,Random,-1,1
5087,Random,-1,1
5088,draw,0,0
5089,Random,-1,1
5090,draw,0,0
5091,Random,-1,1
5092,Random,-1,1
5093,Random,-1,1
5094,Random,-1,1
5095,Random,-1,1
5096,Random,-1,1
5097,draw,0,0
5098,Random,-1,1
5099,Random,-1,1
5100,Random,-1,1
5101,draw,0,0
5102,Random,-1,1
5103,Random,-1,1
5104,Random,-1,1
5105,draw,0,0
5106,Random,-1,1
5107,Random,-1,1
5108,Random,-1,1
5109,draw,0,0
5110,Random,-1,1
5111,draw,0,0
5112,draw,0,0
5113,Random,-1,1
5114,Random,-1,1
5115,Random,-1,1
5116,Random,-1,1
5117,Random,-1,1
5118,Random,-1,1
5119,draw,0,0
5120,Random,-1,1
5121,Random,-1,1
5122,Random,-1,1
5123,Random,-1,1
5124,Random,-1,1
5125,Random,-1,1
5126,Random,-1,1
5127,Random,-1,1
5128,draw,0,0
5129,Random,-1,1
5130,Random,-1,1
5131,Random,-1,1
5132,draw,0,0
5133,draw,0,0
5134,Random,-1,1
5135,Random,-1,1
5136,Random,-1,1
5137,Random,-1,1
5138,Random,-1,1
5139,Random,-1,1
5140,Random,-1,1
5141,Random,-1,1
5142,draw,0,0
5143,draw,0,0
5144,draw,0,0
5145,Random,-1,1
5146,Random,-1,1
5147,Random,-1,1
5148,draw,0,0
5149,Random,-1,1
5150,draw,0,0
5151,Random,-1,1
5152,Random,-1,1
5153,Random,-1,1
5154,Random,-1,1
5155,draw,0,0
5156,Random,-1,1
5157,Random,-1,1
5158,Random,-1,1
5159,Random,-1,1
5160,Random,-1,1
5161,Random,-1,1
5162,Random,-1,1
5163,Random,-1,1
5164,Random,-1,1
5165,Random,-1,1
5166,draw,0,0
5167,draw,0,0
5168,Random,-1,1
5169,Random,-1,1
5170,Random,-1,1
5171,draw,0,0
5172,Random,-1,1
5173,draw,0,0
5174,Random,-1,1
5175,Random,-1,1
5176,Random,-1,1
5177,Random,-1,1
5178,Random,-1,1
5179,Random,-1,1
5180,draw,0,0
5181,Random,-1,1
5182,Random,-1,1
5183,Random,-1,1
5184,Random,-1,1
5185,Random,-1,1
5186,draw,0,0
5187,Random,-1,1
5188,Random,-1,1
5189,draw,0,0
5190,Random,-1,1
5191,draw,0,0
5192,draw,0,0
5193,draw,0,0
5194,draw,0,0
5195,Random,-1,1
5196,Random,-1,1
5197,Random,-1,1
5198,Random,-1,1
5199,Random,-1,1
5200,Random,-1,1
5201,Random,-1,1
5202,Random,-1,1
5203,Random,-1,1
5204,Random,-1,1
5205,Random,-1,1
5206,Random,-1,1
5207,Random,-1,1
5208,Random,-1,1
5209,draw,0,0
5210,Random,-1,1
5211,draw,0,0
5212,Random,-1,1
5213,Random,-1,1
5214,Random,-1,1
5215,draw,0,0
5216,Random,-1,1
5217,Random,-1,1
5218,Random,-1,1
5219,Random,-1,1
5220,draw,0,0
5221,Random,-1,1
5222,Random,-1,1
5223,draw,0,0
5224,draw,0,0
5225,Random,-1,1
5226,Random,-1,1
5227,draw,0,0
5228,Random,-1,1
5229,Random,-1,1
5230,Random,-1,1
5231,draw,0,0
5232,Random,-1,1
5233,draw,0,0
5234,Random,-1,1
5235,Random,-1,1
5236,Random,-1,1
5237,Random,-1,1
5238,Random,-1,1
5239,Random,-1,1
5240,Random,-1,1
5241,Random,-1,1
5242,Random,-1,1
5243,Random,-1,1
5244,draw,0,0
5245,Random,-1,1
5246,Random,-1,1
5247,Random,-1,1
5248,Random,-1,1
5249,Random,-1,1
5250,Random,-1,1
5251,Random,-1,1
5252,Random,-1,1
5253,Random,-1,1
5254,Random,-1,1
5255,Random,-1,1
5256,Random,-1,1
5257,draw,0,0
5258,Random,-1,1
5259,Random,-1,1
5260,Random,-1,1
5261,draw,0,0
5262,draw,0,0
5263,draw,0,0
5264,draw,0,0
5265,Random,-1,1
5266,Random,-1,1
5267,draw,0,0
5268,Random,-1,1
5269,Random,-1,1
5270,Random,-1,1
5271,Random,-1,1
5272,Random,-1,1
5273,draw,0,0
5274,Random,-1,1
5275,Random,-1,1
5276,Random,-1,1
5277,Random,-1,1
5278,Random,-1,1
5279,draw,0,0
5280,Random,-1,1
5281,Random,-1,1
5282,Random,-1,1
5283,Random,-1,1
5284,Random,-1,1
5285,Random,-1,1
5286,draw,0,0
5287,Random,-1,1
5288,Random,-1,1
5289,Random,-1,1
5290,Random,-1,1
5291,draw,0,0
5292,Random,-1,1
5293,Random,-1,1
5294,Random,-1,1
5295,draw,0,0
5296,draw,0,0
5297,Random,-1,1
5298,Random,-1,1
5299,Random,-1,1
5300,Random,-1,1
5301,draw,0,0
5302,draw,0,0
5303,draw,0,0
5304,Random,-1,1
5305,Random,-1,1
5306,Random,-1,1
5307,draw,0,0
5308,Random,-1,1
5309,draw,0,0
5310,draw,0,0
5311,draw,0,0
5312,draw,0,0
5313,Random,-1,1
5314,draw,0,0
5315,Random,-1,1
5316,draw,0,0
5317,Random,-1,1
5318,Random,-1,1
5319,Random,-1,1
5320,Random,-1,1
5321,Random,-1,1
5322,Random,-1,1
5323,Random,-1,1
5324,Random,-1,1
5325,draw,0,0
5326,draw,0,0
5327,draw,0,0
5328,Random,-1,1
5329,Random,-1,1
5330,Random,-1,1
5331,draw,0,0
5332,Random,-1,1
5333,draw,0,0
5334,draw,0,0
5335,Random,-1,1
5336,PPO,1,-1
5337,Random,-1,1
5338,draw,0,0
5339,Random,-1,1
5340,Random,-1,1
5341,Random,-1,1
5342,draw,0,0
5343,Random,-1,1
5344,Random,-1,1
5345,draw,0,0
5346,Random,-1,1
5347,Random,-1,1
5348,Random,-1,1
5349,Random,-1,1
5350,Random,-1,1
5351,Random,-1,1
5352,draw,0,0
5353,Random,-1,1
5354,Random,-1,1
5355,Random,-1,1
5356,Random,-1,1
5357,Random,-1,1
5358,Random,-1,1
5359,Random,-1,1
5360,Random,-1,1
5361,Random,-1,1
5362,Random,-1,1
5363,Random,-1,1
5364,Random,-1,1
5365,Random,-1,1
5366,Random,-1,1
5367,Random,-1,1
5368,Random,-1,1
5369,draw,0,0
5370,Random,-1,1
5371,Random,-1,1
5372,Random,-1,1
5373,Random,-1,1
5374,Random,-1,1
5375,Random,-1,1
5376,draw,0,0
5377,Random,-1,1
5378,draw,0,0
5379,Random,-1,1
5380,draw,0,0
5381,draw,0,0
5382,Random,-1,1
5383,Random,-1,1
5384,Random,-1,1
5385,draw,0,0
5386,Random,-1,1
5387,Random,-1,1
5388,Random,-1,1
5389,draw,0,0
5390,Random,-1,1
5391,Random,-1,1
5392,Random,-1,1
5393,draw,0,0
5394,Random,-1,1
5395,Random,-1,1
5396,Random,-1,1
5397,Random,-1,1
5398,Random,-1,1
5399,Random,-1,1
5400,draw,0,0
5401,draw,0,0
5402,Random,-1,1
5403,Random,-1,1
5404,Random,-1,1
5405,Random,-1,1
5406,Random,-1,1
5407,Random,-1,1
5408,draw,0,0
5409,Random,-1,1
5410,Random,-1,1
5411,Random,-1,1
5412,Random,-1,1
5413,draw,0,0
5414,Random,-1,1
5415,draw,0,0
5416,Random,-1,1
5417,Random,-1,1
5418,Random,-1,1
5419,Random,-1,1
5420,Random,-1,1
5421,draw,0,0
5422,Random,-1,1
5423,Random,-1,1
5424,Random,-1,1
5425,Random,-1,1
5426,draw,0,0
5427,Random,-1,1
5428,Random,-1,1
5429,Random,-1,1
5430,Random,-1,1
5431,Random,-1,1
5432,Random,-1,1
5433,draw,0,0
5434,Random,-1,1
5435,Random,-1,1
5436,Random,-1,1
5437,draw,0,0
5438,Random,-1,1
5439,Random,-1,1
5440,Random,-1,1
5441,draw,0,0
5442,draw,0,0
5443,Random,-1,1
5444,Random,-1,1
5445,Random,-1,1
5446,draw,0,0
5447,draw,0,0
5448,draw,0,0
5449,Random,-1,1
5450,Random,-1,1
5451,draw,0,0
5452,Random,-1,1
5453,Random,-1,1
5454,Random,-1,1
5455,Random,-1,1
5456,Random,-1,1
5457,Random,-1,1
5458,Random,-1,1
5459,Random,-1,1
5460,Random,-1,1
5461,draw,0,0
5462,Random,-1,1
5463,draw,0,0
5464,Random,-1,1
5465,draw,0,0
5466,Random,-1,1
5467,Random,-1,1
5468,Random,-1,1
5469,Random,-1,1
5470,Random,-1,1
5471,Random,-1,1
5472,Random,-1,1
5473,Random,-1,1
5474,Random,-1,1
5475,draw,0,0
5476,Random,-1,1
5477,Random,-1,1
5478,Random,-1,1
5479,Random,-1,1
5480,Random,-1,1
5481,Random,-1,1
5482,Random,-1,1
5483,draw,0,0
5484,Random,-1,1
5485,Random,-1,1
5486,Random,-1,1
5487,Random,-1,1
5488,Random,-1,1
5489,draw,0,0
5490,draw,0,0
5491,Random,-1,1
5492,draw,0,0
5493,Random,-1,1
5494,Random,-1,1
5495,Random,-1,1
5496,Random,-1,1
5497,Random,-1,1
5498,Random,-1,1
5499,draw,0,0
5500,Random,-1,1
5501,Random,-1,1
5502,Random,-1,1
5503,Random,-1,1
5504,Random,-1,1
5505,draw,0,0
5506,Random,-1,1
5507,Random,-1,1
5508,Random,-1,1
5509,Random,-1,1
5510,draw,0,0
5511,draw,0,0
5512,Random,-1,1
5513,draw,0,0
5514,Random,-1,1
5515,draw,0,0
5516,Random,-1,1
5517,Random,-1,1
5518,draw,0,0
5519,draw,0,0
5520,Random,-1,1
5521,Random,-1,1
5522,Random,-1,1
5523,Random,-1,1
5524,Random,-1,1
5525,Random,-1,1
5526,draw,0,0
5527,Random,-1,1
5528,Random,-1,1
5529,Random,-1,1
5530,draw,0,0
5531,Random,-1,1
5532,Random,-1,1
5533,Random,-1,1
5534,Random,-1,1
5535,Random,-1,1
5536,Random,-1,1
5537,Random,-1,1
5538,draw,0,0
5539,Random,-1,1
5540,Random,-1,1
5541,Random,-1,1
5542,draw,0,0
5543,draw,0,0
5544,draw,0,0
5545,Random,-1,1
5546,Random,-1,1
5547,Random,-1,1
5548,Random,-1,1
5549,Random,-1,1
5550,Random,-1,1
5551,Random,-1,1
5552,Random,-1,1
5553,Random,-1,1
5554,draw,0,0
5555,Random,-1,1
5556,Random,-1,1
5557,draw,0,0
5558,draw,0,0
5559,Random,-1,1
5560,draw,0,0
5561,draw,0,0
5562,Random,-1,1
5563,Random,-1,1
5564,Random,-1,1
5565,Random,-1,1
5566,Random,-1,1
5567,Random,-1,1
5568,draw,0,0
5569,Random,-1,1
5570,draw,0,0
5571,Random,-1,1
5572,Random,-1,1
5573,draw,0,0
5574,Random,-1,1
5575,Random,-1,1
5576,Random,-1,1
5577,draw,0,0
5578,Random,-1,1
5579,draw,0,0
5580,draw,0,0
5581,Random,-1,1
5582,Random,-1,1
5583,Random,-1,1
5584,draw,0,0
5585,Random,-1,1
5586,Random,-1,1
5587,Random,-1,1
5588,Random,-1,1
5589,Random,-1,1
5590,Random,-1,1
5591,Random,-1,1
5592,draw,0,0
5593,draw,0,0
5594,Random,-1,1
5595,draw,0,0
5596,Random,-1,1
5597,Random,-1,1
5598,Random,-1,1
5599,draw,0,0
5600,Random,-1,1
5601,Random,-1,1
5602,Random,-1,1
5603,Random,-1,1
5604,Random,-1,1
5605,Random,-1,1
5606,draw,0,0
5607,Random,-1,1
5608,Random,-1,1
5609,draw,0,0
5610,draw,0,0
5611,Random,-1,1
5612,Random,-1,1
5613,Random,-1,1
5614,Random,-1,1
5615,Random,-1,1
5616,draw,0,0
5617,Random,-1,1
5618,Random,-1,1
5619,draw,0,0
5620,Random,-1,1
5621,Random,-1,1
5622,draw,0,0
5623,draw,0,0
5624,Random,-1,1
5625,Random,-1,1
5626,Random,-1,1
5627,Random,-1,1
5628,Random,-1,1
5629,Random,-1,1
5630,Random,-1,1
5631,Random,-1,1
5632,draw,0,0
5633,Random,-1,1
5634,Random,-1,1
5635,Random,-1,1
5636,draw,0,0
5637,Random,-1,1
5638,Random,-1,1
5639,Random,-1,1
5640,Random,-1,1
5641,draw,0,0
5642,Random,-1,1
5643,Random,-1,1
5644,Random,-1,1
5645,Random,-1,1
5646,Random,-1,1
5647,Random,-1,1
5648,Random,-1,1
5649,draw,0,0
5650,draw,0,0
5651,Random,-1,1
5652,draw,0,0
5653,Random,-1,1
5654,draw,0,0
5655,Random,-1,1
5656,draw,0,0
5657,draw,0,0
5658,Random,-1,1
5659,Random,-1,1
5660,draw,0,0
5661,draw,0,0
5662,Random,-1,1
5663,Random,-1,1
5664,Random,-1,1
5665,Random,-1,1
5666,Random,-1,1
5667,Random,-1,1
5668,PPO,1,-1
5669,draw,0,0
5670,Random,-1,1
5671,Random,-1,1
5672,draw,0,0
5673,Random,-1,1
5674,Random,-1,1
5675,Random,-1,1
5676,draw,0,0
5677,Random,-1,1
5678,draw,0,0
5679,draw,0,0
5680,Random,-1,1
5681,Random,-1,1
5682,draw,0,0
5683,Random,-1,1
5684,draw,0,0
5685,Random,-1,1
5686,Random,-1,1
5687,draw,0,0
5688,draw,0,0
5689,Random,-1,1
5690,draw,0,0
5691,Random,-1,1
5692,draw,0,0
5693,Random,-1,1
5694,Random,-1,1
5695,draw,0,0
5696,Random,-1,1
5697,Random,-1,1
5698,draw,0,0
5699,Random,-1,1
5700,Random,-1,1
5701,Random,-1,1
5702,Random,-1,1
5703,Random,-1,1
5704,draw,0,0
5705,Random,-1,1
5706,Random,-1,1
5707,Random,-1,1
5708,Random,-1,1
5709,draw,0,0
5710,Random,-1,1
5711,Random,-1,1
5712,Random,-1,1
5713,Random,-1,1
5714,Random,-1,1
5715,draw,0,0
5716,Random,-1,1
5717,Random,-1,1
5718,Random,-1,1
5719,draw,0,0
5720,Random,-1,1
5721,Random,-1,1
5722,Random,-1,1
5723,Random,-1,1
5724,Random,-1,1
5725,Random,-1,1
5726,Random,-1,1
5727,Random,-1,1
5728,Random,-1,1
5729,Random,-1,1
5730,Random,-1,1
5731,Random,-1,1
5732,draw,0,0
5733,Random,-1,1
5734,Random,-1,1
5735,draw,0,0
5736,draw,0,0
5737,Random,-1,1
5738,Random,-1,1
5739,draw,0,0
5740,Random,-1,1
5741,Random,-1,1
5742,Random,-1,1
5743,Random,-1,1
5744,draw,0,0
5745,Random,-1,1
5746,Random,-1,1
5747,Random,-1,1
5748,Random,-1,1
5749,Random,-1,1
5750,draw,0,0
5751,Random,-1,1
5752,Random,-1,1
5753,draw,0,0
5754,Random,-1,1
5755,Random,-1,1
5756,Random,-1,1
5757,Random,-1,1
5758,Random,-1,1
5759,draw,0,0
5760,Random,-1,1
5761,Random,-1,1
5762,draw,0,0
5763,Random,-1,1
5764,Random,-1,1
5765,Random,-1,1
5766,Random,-1,1
5767,Random,-1,1
5768,draw,0,0
5769,Random,-1,1
5770,Random,-1,1
5771,Random,-1,1
5772,Random,-1,1
5773,draw,0,0
5774,Random,-1,1
5775,Random,-1,1
5776,Random,-1,1
5777,draw,0,0
5778,Random,-1,1
5779,Random,-1,1
5780,Random,-1,1
5781,Random,-1,1
5782,Random,-1,1
5783,Random,-1,1
5784,draw,0,0
5785,Random,-1,1
5786,Random,-1,1
5787,Random,-1,1
5788,draw,0,0
5789,Random,-1,1
5790,Random,-1,1
5791,Random,-1,1
5792,Random,-1,1
5793,Random,-1,1
5794,Random,-1,1
5795,Random,-1,1
5796,Random,-1,1
5797,Random,-1,1
5798,Random,-1,1
5799,Random,-1,1
5800,Random,-1,1
5801,Random,-1,1
5802,Random,-1,1
5803,Random,-1,1
5804,Random,-1,1
5805,Random,-1,1
5806,Random,-1,1
5807,Random,-1,1
5808,Random,-1,1
5809,draw,0,0
5810,Random,-1,1
5811,Random,-1,1
5812,draw,0,0
5813,Random,-1,1
5814,Random,-1,1
5815,Random,-1,1
5816,Random,-1,1
5817,Random,-1,1
5818,Random,-1,1
5819,Random,-1,1
5820,draw,0,0
5821,Random,-1,1
5822,Random,-1,1
5823,Random,-1,1
5824,Random,-1,1
5825,Random,-1,1
5826,Random,-1,1
5827,Random,-1,1
5828,Random,-1,1
5829,Random,-1,1
5830,Random,-1,1
5831,Random,-1,1
5832,Random,-1,1
5833,Random,-1,1
5834,Random,-1,1
5835,Random,-1,1
5836,draw,0,0
5837,draw,0,0
5838,Random,-1,1
5839,Random,-1,1
5840,Random,-1,1
5841,Random,-1,1
5842,Random,-1,1
5843,Random,-1,1
5844,Random,-1,1
5845,Random,-1,1
5846,draw,0,0
5847,Random,-1,1
5848,Random,-1,1
5849,Random,-1,1
5850,Random,-1,1
5851,draw,0,0
5852,draw,0,0
5853,Random,-1,1
5854,Random,-1,1
5855,Random,-1,1
5856,draw,0,0
5857,Random,-1,1
5858,draw,0,0
5859,draw,0,0
5860,Random,-1,1
5861,Random,-1,1
5862,Random,-1,1
5863,Random,-1,1
5864,draw,0,0
5865,Random,-1,1
5866,Random,-1,1
5867,Random,-1,1
5868,Random,-1,1
5869,Random,-1,1
5870,draw,0,0
5871,draw,0,0
5872,Random,-1,1
5873,Random,-1,1
5874,Random,-1,1
5875,Random,-1,1
5876,Random,-1,1
5877,Random,-1,1
5878,Random,-1,1
5879,Random,-1,1
5880,Random,-1,1
5881,Random,-1,1
5882,Random,-1,1
5883,draw,0,0
5884,Random,-1,1
5885,draw,0,0
5886,Random,-1,1
5887,Random,-1,1
5888,Random,-1,1
5889,draw,0,0
5890,Random,-1,1
5891,draw,0,0
5892,Random,-1,1
5893,draw,0,0
5894,Random,-1,1
5895,Random,-1,1
5896,Random,-1,1
5897,Random,-1,1
5898,Random,-1,1
5899,Random,-1,1
5900,Random,-1,1
5901,Random,-1,1
5902,Random,-1,1
5903,Random,-1,1
5904,Random,-1,1
5905,Random,-1,1
5906,Random,-1,1
5907,Random,-1,1
5908,Random,-1,1
5909,draw,0,0
5910,draw,0,0
5911,Random,-1,1
5912,draw,0,0
5913,Random,-1,1
5914,Random,-1,1
5915,draw,0,0
5916,draw,0,0
5917,draw,0,0
5918,draw,0,0
5919,Random,-1,1
5920,draw,0,0
5921,Random,-1,1
5922,draw,0,0
5923,Random,-1,1
5924,draw,0,0
5925,Random,-1,1
5926,Random,-1,1
5927,draw,0,0
5928,Random,-1,1
5929,draw,0,0
5930,Random,-1,1
5931,Random,-1,1
5932,draw,0,0
5933,Random,-1,1
5934,Random,-1,1
5935,Random,-1,1
5936,Random,-1,1
5937,Random,-1,1
5938,Random,-1,1
5939,Random,-1,1
5940,Random,-1,1
5941,Random,-1,1
5942,Random,-1,1
5943,Random,-1,1
5944,Random,-1,1
5945,Random,-1,1
5946,Random,-1,1
5947,Random,-1,1
5948,Random,-1,1
5949,Random,-1,1
5950,Random,-1,1
5951,Random,-1,1
5952,Random,-1,1
5953,draw,0,0
5954,Random,-1,1
5955,Random,-1,1
5956,draw,0,0
5957,draw,0,0
5958,Random,-1,1
5959,Random,-1,1
5960,Random,-1,1
5961,draw,0,0
5962,Random,-1,1
5963,Random,-1,1
5964,Random,-1,1
5965,Random,-1,1
5966,Random,-1,1
5967,Random,-1,1
5968,Random,-1,1
5969,Random,-1,1
5970,draw,0,0
5971,Random,-1,1
5972,Random,-1,1
5973,Random,-1,1
5974,Random,-1,1
5975,Random,-1,1
5976,Random,-1,1
5977,Random,-1,1
5978,Random,-1,1
5979,draw,0,0
5980,Random,-1,1
5981,Random,-1,1
5982,Random,-1,1
5983,Random,-1,1
5984,Random,-1,1
5985,Random,-1,1
5986,Random,-1,1
5987,Random,-1,1
5988,Random,-1,1
5989,draw,0,0
5990,Random,-1,1
5991,Random,-1,1
5992,draw,0,0
5993,draw,0,0
5994,Random,-1,1
5995,Random,-1,1
5996,Random,-1,1
5997,draw,0,0
5998,Random,-1,1
5999,draw,0,0
6000,Random,-1,1
6001,Random,-1,1
6002,Random,-1,1
6003,draw,0,0
6004,draw,0,0
6005,Random,-1,1
6006,Random,-1,1
6007,Random,-1,1
6008,Random,-1,1
6009,Random,-1,1
6010,Random,-1,1
6011,draw,0,0
6012,Random,-1,1
6013,Random,-1,1
6014,Random,-1,1
6015,Random,-1,1
6016,Random,-1,1
6017,Random,-1,1
6018,Random,-1,1
6019,Random,-1,1
6020,Random,-1,1
6021,Random,-1,1
6022,draw,0,0
6023,draw,0,0
6024,Random,-1,1
6025,Random,-1,1
6026,Random,-1,1
6027,Random,-1,1
6028,Random,-1,1
6029,Random,-1,1
6030,Random,-1,1
6031,Random,-1,1
6032,Random,-1,1
6033,Random,-1,1
6034,Random,-1,1
6035,Random,-1,1
6036,draw,0,0
6037,Random,-1,1
6038,Random,-1,1
6039,draw,0,0
6040,draw,0,0
6041,Random,-1,1
6042,Random,-1,1
6043,Random,-1,1
6044,Random,-1,1
6045,Random,-1,1
6046,Random,-1,1
6047,Random,-1,1
6048,Random,-1,1
6049,Random,-1,1
6050,Random,-1,1
6051,draw,0,0
6052,draw,0,0
6053,Random,-1,1
6054,Random,-1,1
6055,Random,-1,1
6056,draw,0,0
6057,Random,-1,1
6058,draw,0,0
6059,Random,-1,1
6060,Random,-1,1
6061,draw,0,0
6062,Random,-1,1
6063,Random,-1,1
6064,draw,0,0
6065,draw,0,0
6066,Random,-1,1
6067,Random,-1,1
6068,Random,-1,1
6069,draw,0,0
6070,Random,-1,1
6071,Random,-1,1
6072,Random,-1,1
6073,Random,-1,1
6074,Random,-1,1
6075,Random,-1,1
6076,draw,0,0
6077,Random,-1,1
6078,Random,-1,1
6079,draw,0,0
6080,Random,-1,1
6081,Random,-1,1
6082,Random,-1,1
6083,Random,-1,1
6084,Random,-1,1
6085,Random,-1,1
6086,Random,-1,1
6087,Random,-1,1
6088,draw,0,0
6089,Random,-1,1
6090,Random,-1,1
6091,Random,-1,1
6092,draw,0,0
6093,Random,-1,1
6094,Random,-1,1
6095,draw,0,0
6096,draw,0,0
6097,Random,-1,1
6098,draw,0,0
6099,Random,-1,1
6100,Random,-1,1
6101,draw,0,0
6102,draw,0,0
6103,Random,-1,1
6104,draw,0,0
6105,Random,-1,1
6106,Random,-1,1
6107,Random,-1,1
6108,Random,-1,1
6109,Random,-1,1
6110,Random,-1,1
6111,Random,-1,1
6112,Random,-1,1
6113,Random,-1,1
6114,Random,-1,1
6115,draw,0,0
6116,draw,0,0
6117,Random,-1,1
6118,Random,-1,1
6119,Random,-1,1
6120,Random,-1,1
6121,draw,0,0
6122,Random,-1,1
6123,Random,-1,1
6124,Random,-1,1
6125,draw,0,0
6126,Random,-1,1
6127,Random,-1,1
6128,Random,-1,1
6129,draw,0,0
6130,Random,-1,1
6131,Random,-1,1
6132,Random,-1,1
6133,Random,-1,1
6134,Random,-1,1
6135,Random,-1,1
6136,draw,0,0
6137,Random,-1,1
6138,Random,-1,1
6139,Random,-1,1
6140,Random,-1,1
6141,Random,-1,1
6142,Random,-1,1
6143,draw,0,0
6144,draw,0,0
6145,Random,-1,1
6146,Random,-1,1
6147,Random,-1,1
6148,draw,0,0
6149,Random,-1,1
6150,Random,-1,1
6151,draw,0,0
6152,draw,0,0
6153,Random,-1,1
6154,draw,0,0
6155,Random,-1,1
6156,Random,-1,1
6157,draw,0,0
6158,Random,-1,1
6159,Random,-1,1
6160,Random,-1,1
6161,Random,-1,1
6162,Random,-1,1
6163,draw,0,0
6164,draw,0,0
6165,Random,-1,1
6166,Random,-1,1
6167,draw,0,0
6168,Random,-1,1
6169,draw,0,0
6170,Random,-1,1
6171,Random,-1,1
6172,Random,-1,1
6173,draw,0,0
6174,draw,0,0
6175,Random,-1,1
6176,Random,-1,1
6177,Random,-1,1
6178,Random,-1,1
6179,Random,-1,1
6180,Random,-1,1
6181,Random,-1,1
6182,Random,-1,1
6183,Random,-1,1
6184,Random,-1,1
6185,Random,-1,1
6186,Random,-1,1
6187,Random,-1,1
6188,Random,-1,1
6189,draw,0,0
6190,Random,-1,1
6191,Random,-1,1
6192,draw,0,0
6193,Random,-1,1
6194,Random,-1,1
6195,Random,-1,1
6196,Random,-1,1
6197,Random,-1,1
6198,Random,-1,1
6199,draw,0,0
6200,Random,-1,1
6201,Random,-1,1
6202,Random,-1,1
6203,Random,-1,1
6204,Random,-1,1
6205,draw,0,0
6206,Random,-1,1
6207,Random,-1,1
6208,draw,0,0
6209,Random,-1,1
6210,draw,0,0
6211,Random,-1,1
6212,Random,-1,1
6213,draw,0,0
6214,draw,0,0
6215,draw,0,0
6216,draw,0,0
6217,Random,-1,1
6218,Random,-1,1
6219,Random,-1,1
6220,draw,0,0
6221,Random,-1,1
6222,Random,-1,1
6223,Random,-1,1
6224,draw,0,0
6225,Random,-1,1
6226,Random,-1,1
6227,Random,-1,1
6228,Random,-1,1
6229,Random,-1,1
6230,Random,-1,1
6231,Random,-1,1
6232,Random,-1,1
6233,Random,-1,1
6234,Random,-1,1
6235,draw,0,0
6236,draw,0,0
6237,Random,-1,1
6238,draw,0,0
6239,Random,-1,1
6240,Random,-1,1
6241,Random,-1,1
6242,Random,-1,1
6243,Random,-1,1
6244,Random,-1,1
6245,draw,0,0
6246,Random,-1,1
6247,Random,-1,1
6248,Random,-1,1
6249,Random,-1,1
6250,Random,-1,1
6251,Random,-1,1
6252,Random,-1,1
6253,Random,-1,1
6254,Random,-1,1
6255,Random,-1,1
6256,draw,0,0
6257,draw,0,0
6258,draw,0,0
6259,Random,-1,1
6260,Random,-1,1
6261,draw,0,0
6262,Random,-1,1
6263,Random,-1,1
6264,Random,-1,1
6265,Random,-1,1
6266,Random,-1,1
6267,Random,-1,1
6268,Random,-1,1
6269,Random,-1,1
6270,Random,-1,1
6271,Random,-1,1
6272,Random,-1,1
6273,draw,0,0
6274,draw,0,0
6275,Random,-1,1
6276,Random,-1,1
6277,Random,-1,1
6278,Random,-1,1
6279,Random,-1,1
6280,Random,-1,1
6281,Random,-1,1
6282,Random,-1,1
6283,draw,0,0
6284,Random,-1,1
6285,Random,-1,1
6286,Random,-1,1
6287,Random,-1,1
6288,Random,-1,1
6289,Random,-1,1
6290,draw,0,0
6291,Random,-1,1
6292,Random,-1,1
6293,draw,0,0
6294,Random,-1,1
6295,Random,-1,1
6296,Random,-1,1
6297,Random,-1,1
6298,Random,-1,1
6299,Random,-1,1
6300,draw,0,0
6301,Random,-1,1
6302,draw,0,0
6303,Random,-1,1
6304,Random,-1,1
6305,Random,-1,1
6306,Random,-1,1
6307,Random,-1,1
6308,Random,-1,1
6309,Random,-1,1
6310,Random,-1,1
6311,Random,-1,1
6312,Random,-1,1
6313,Random,-1,1
6314,Random,-1,1
6315,Random,-1,1
6316,Random,-1,1
6317,draw,0,0
6318,Random,-1,1
6319,Random,-1,1
6320,Random,-1,1
6321,draw,0,0
6322,draw,0,0
6323,Random,-1,1
6324,draw,0,0
6325,draw,0,0
6326,draw,0,0
6327,Random,-1,1
6328,Random,-1,1
6329,Random,-1,1
6330,Random,-1,1
6331,Random,-1,1
6332,Random,-1,1
6333,Random,-1,1
6334,draw,0,0
6335,Random,-1,1
6336,Random,-1,1
6337,Random,-1,1
6338,draw,0,0
6339,draw,0,0
6340,draw,0,0
6341,Random,-1,1
6342,Random,-1,1
6343,Random,-1,1
6344,Random,-1,1
6345,Random,-1,1
6346,Random,-1,1
6347,draw,0,0
6348,Random,-1,1
6349,Random,-1,1
6350,Random,-1,1
6351,Random,-1,1
6352,draw,0,0
6353,Random,-1,1
6354,draw,0,0
6355,Random,-1,1
6356,draw,0,0
6357,draw,0,0
6358,Random,-1,1
6359,Random,-1,1
6360,Random,-1,1
6361,Random,-1,1
6362,draw,0,0
6363,Random,-1,1
6364,Random,-1,1
6365,Random,-1,1
6366,Random,-1,1
6367,draw,0,0
6368,draw,0,0
6369,draw,0,0
6370,Random,-1,1
6371,Random,-1,1
6372,Random,-1,1
6373,Random,-1,1
6374,Random,-1,1
6375,draw,0,0
6376,Random,-1,1
6377,Random,-1,1
6378,Random,-1,1
6379,Random,-1,1
6380,Random,-1,1
6381,draw,0,0
6382,Random,-1,1
6383,draw,0,0
6384,Random,-1,1
6385,draw,0,0
6386,Random,-1,1
6387,Random,-1,1
6388,Random,-1,1
6389,draw,0,0
6390,Random,-1,1
6391,Random,-1,1
6392,Random,-1,1
6393,draw,0,0
6394,Random,-1,1
6395,Random,-1,1
6396,Random,-1,1
6397,Random,-1,1
6398,Random,-1,1
6399,Random,-1,1
6400,draw,0,0
6401,Random,-1,1
6402,draw,0,0
6403,Random,-1,1
6404,draw,0,0
6405,Random,-1,1
6406,Random,-1,1
6407,draw,0,0
6408,Random,-1,1
6409,Random,-1,1
6410,draw,0,0
6411,Random,-1,1
6412,draw,0,0
6413,Random,-1,1
6414,Random,-1,1
6415,Random,-1,1
6416,Random,-1,1
6417,Random,-1,1
6418,draw,0,0
6419,Random,-1,1
6420,Random,-1,1
6421,Random,-1,1
6422,Random,-1,1
6423,Random,-1,1
6424,Random,-1,1
6425,Random,-1,1
6426,Random,-1,1
6427,Random,-1,1
6428,Random,-1,1
6429,Random,-1,1
6430,Random,-1,1
6431,Random,-1,1
6432,Random,-1,1
6433,Random,-1,1
6434,Random,-1,1
6435,Random,-1,1
6436,draw,0,0
6437,draw,0,0
6438,draw,0,0
6439,Random,-1,1
6440,Random,-1,1
6441,draw,0,0
6442,Random,-1,1
6443,Random,-1,1
6444,Random,-1,1
6445,Random,-1,1
6446,Random,-1,1
6447,Random,-1,1
6448,draw,0,0
6449,draw,0,0
6450,Random,-1,1
6451,draw,0,0
6452,Random,-1,1
6453,Random,-1,1
6454,draw,0,0
6455,Random,-1,1
6456,Random,-1,1
6457,Random,-1,1
6458,draw,0,0
6459,Random,-1,1
6460,Random,-1,1
6461,Random,-1,1
6462,Random,-1,1
6463,Random,-1,1
6464,Random,-1,1
6465,Random,-1,1
6466,Random,-1,1
6467,Random,-1,1
6468,Random,-1,1
6469,Random,-1,1
6470,Random,-1,1
6471,draw,0,0
6472,Random,-1,1
6473,Random,-1,1
6474,Random,-1,1
6475,Random,-1,1
6476,Random,-1,1
6477,draw,0,0
6478,Random,-1,1
6479,Random,-1,1
6480,Random,-1,1
6481,Random,-1,1
6482,Random,-1,1
6483,Random,-1,1
6484,Random,-1,1
6485,Random,-1,1
6486,Random,-1,1
6487,draw,0,0
6488,Random,-1,1
6489,Random,-1,1
6490,Random,-1,1
6491,Random,-1,1
6492,Random,-1,1
6493,Random,-1,1
6494,draw,0,0
6495,draw,0,0
6496,draw,0,0
6497,Random,-1,1
6498,draw,0,0
6499,draw,0,0
6500,draw,0,0
6501,Random,-1,1
6502,Random,-1,1
6503,Random,-1,1
6504,Random,-1,1
6505,Random,-1,1
6506,Random,-1,1
6507,Random,-1,1
6508,draw,0,0
6509,Random,-1,1
6510,Random,-1,1
6511,Random,-1,1
6512,Random,-1,1
6513,Random,-1,1
6514,Random,-1,1
6515,Random,-1,1
6516,Random,-1,1
6517,Random,-1,1
6518,draw,0,0
6519,Random,-1,1
6520,Random,-1,1
6521,Random,-1,1
6522,Random,-1,1
6523,Random,-1,1
6524,Random,-1,1
6525,Random,-1,1
6526,Random,-1,1
6527,Random,-1,1
6528,Random,-1,1
6529,draw,0,0
6530,Random,-1,1
6531,Random,-1,1
6532,Random,-1,1
6533,Random,-1,1
6534,Random,-1,1
6535,Random,-1,1
6536,Random,-1,1
6537,Random,-1,1
6538,Random,-1,1
6539,Random,-1,1
6540,Random,-1,1
6541,Random,-1,1
6542,Random,-1,1
6543,draw,0,0
6544,draw,0,0
6545,Random,-1,1
6546,Random,-1,1
6547,Random,-1,1
6548,Random,-1,1
6549,Random,-1,1
6550,Random,-1,1
6551,Random,-1,1
6552,Random,-1,1
6553,draw,0,0
6554,draw,0,0
6555,Random,-1,1
6556,Random,-1,1
6557,Random,-1,1
6558,Random,-1,1
6559,Random,-1,1
6560,Random,-1,1
6561,Random,-1,1
6562,Random,-1,1
6563,Random,-1,1
6564,Random,-1,1
6565,Random,-1,1
6566,Random,-1,1
6567,Random,-1,1
6568,Random,-1,1
6569,Random,-1,1
6570,Random,-1,1
6571,Random,-1,1
6572,Random,-1,1
6573,Random,-1,1
6574,Random,-1,1
6575,draw,0,0
6576,Random,-1,1
6577,Random,-1,1
6578,Random,-1,1
6579,Random,-1,1
6580,Random,-1,1
6581,Random,-1,1
6582,draw,0,0
6583,Random,-1,1
6584,draw,0,0
6585,draw,0,0
6586,draw,0,0
6587,Random,-1,1
6588,Random,-1,1
6589,Random,-1,1
6590,Random,-1,1
6591,Random,-1,1
6592,Random,-1,1
6593,Random,-1,1
6594,Random,-1,1
6595,Random,-1,1
6596,Random,-1,1
6597,Random,-1,1
6598,Random,-1,1
6599,Random,-1,1
6600,Random,-1,1
6601,draw,0,0
6602,Random,-1,1
6603,draw,0,0
6604,Random,-1,1
6605,Random,-1,1
6606,Random,-1,1
6607,Random,-1,1
6608,Random,-1,1
6609,draw,0,0
6610,Random,-1,1
6611,draw,0,0
6612,Random,-1,1
6613,draw,0,0
6614,Random,-1,1
6615,Random,-1,1
6616,Random,-1,1
6617,draw,0,0
6618,Random,-1,1
6619,Random,-1,1
6620,Random,-1,1
6621,Random,-1,1
6622,Random,-1,1
6623,Random,-1,1
6624,Random,-1,1
6625,Random,-1,1
6626,Random,-1,1
6627,Random,-1,1
6628,draw,0,0
6629,Random,-1,1
6630,draw,0,0
6631,Random,-1,1
6632,Random,-1,1
6633,draw,0,0
6634,Random,-1,1
6635,Random,-1,1
6636,Random,-1,1
6637,Random,-1,1
6638,Random,-1,1
6639,Random,-1,1
6640,draw,0,0
6641,Random,-1,1
6642,Random,-1,1
6643,Random,-1,1
6644,Random,-1,1
6645,Random,-1,1
6646,draw,0,0
6647,Random,-1,1
6648,draw,0,0
6649,Random,-1,1
6650,Random,-1,1
6651,Random,-1,1
6652,Random,-1,1
6653,draw,0,0
6654,Random,-1,1
6655,Random,-1,1
6656,Random,-1,1
6657,Random,-1,1
6658,draw,0,0
6659,Random,-1,1
6660,Random,-1,1
6661,Random,-1,1
6662,Random,-1,1
6663,Random,-1,1
6664,Random,-1,1
6665,Random,-1,1
6666,draw,0,0
6667,draw,0,0
6668,draw,0,0
6669,Random,-1,1
6670,draw,0,0
6671,draw,0,0
6672,Random,-1,1
6673,Random,-1,1
6674,Random,-1,1
6675,Random,-1,1
6676,Random,-1,1
6677,draw,0,0
6678,Random,-1,1
6679,Random,-1,1
6680,Random,-1,1
6681,draw,0,0
6682,Random,-1,1
6683,Random,-1,1
6684,Random,-1,1
6685,Random,-1,1
6686,draw,0,0
6687,Random,-1,1
6688,Random,-1,1
6689,draw,0,0
6690,Random,-1,1
6691,Random,-1,1
6692,Random,-1,1
6693,Random,-1,1
6694,Random,-1,1
6695,Random,-1,1
6696,draw,0,0
6697,Random,-1,1
6698,Random,-1,1
6699,Random,-1,1
6700,Random,-1,1
6701,Random,-1,1
6702,Random,-1,1
6703,Random,-1,1
6704,Random,-1,1
6705,Random,-1,1
6706,Random,-1,1
6707,Random,-1,1
6708,draw,0,0
6709,Random,-1,1
6710,draw,0,0
6711,Random,-1,1
6712,Random,-1,1
6713,draw,0,0
6714,Random,-1,1
6715,Random,-1,1
6716,Random,-1,1
6717,Random,-1,1
6718,draw,0,0
6719,Random,-1,1
6720,Random,-1,1
6721,Random,-1,1
6722,Random,-1,1
6723,Random,-1,1
6724,Random,-1,1
6725,Random,-1,1
6726,Random,-1,1
6727,Random,-1,1
6728,draw,0,0
6729,Random,-1,1
6730,Random,-1,1
6731,draw,0,0
6732,Random,-1,1
6733,Random,-1,1
6734,draw,0,0
6735,draw,0,0
6736,Random,-1,1
6737,Random,-1,1
6738,Random,-1,1
6739,draw,0,0
6740,Random,-1,1
6741,Random,-1,1
6742,Random,-1,1
6743,Random,-1,1
6744,Random,-1,1
6745,draw,0,0
6746,Random,-1,1
6747,Random,-1,1
6748,Random,-1,1
6749,Random,-1,1
6750,Random,-1,1
6751,Random,-1,1
6752,draw,0,0
6753,Random,-1,1
6754,draw,0,0
6755,Random,-1,1
6756,Random,-1,1
6757,Random,-1,1
6758,Random,-1,1
6759,Random,-1,1
6760,Random,-1,1
6761,Random,-1,1
6762,Random,-1,1
6763,Random,-1,1
6764,Random,-1,1
6765,Random,-1,1
6766,Random,-1,1
6767,Random,-1,1
6768,Random,-1,1
6769,Random,-1,1
6770,Random,-1,1
6771,draw,0,0
6772,Random,-1,1
6773,draw,0,0
6774,Random,-1,1
6775,Random,-1,1
6776,Random,-1,1
6777,draw,0,0
6778,Random,-1,1
6779,Random,-1,1
6780,Random,-1,1
6781,Random,-1,1
6782,Random,-1,1
6783,Random,-1,1
6784,Random,-1,1
6785,Random,-1,1
6786,Random,-1,1
6787,Random,-1,1
6788,draw,0,0
6789,Random,-1,1
6790,Random,-1,1
6791,Random,-1,1
6792,Random,-1,1
6793,Random,-1,1
6794,Random,-1,1
6795,draw,0,0
6796,draw,0,0
6797,Random,-1,1
6798,draw,0,0
6799,Random,-1,1
6800,Random,-1,1
6801,Random,-1,1
6802,Random,-1,1
6803,Random,-1,1
6804,draw,0,0
6805,draw,0,0
6806,Random,-1,1
6807,Random,-1,1
6808,Random,-1,1
6809,Random,-1,1
6810,Random,-1,1
6811,Random,-1,1
6812,Random,-1,1
6813,Random,-1,1
6814,Random,-1,1
6815,draw,0,0
6816,Random,-1,1
6817,draw,0,0
6818,Random,-1,1
6819,Random,-1,1
6820,Random,-1,1
6821,Random,-1,1
6822,Random,-1,1
6823,draw,0,0
6824,Random,-1,1
6825,Random,-1,1
6826,Random,-1,1
6827,Random,-1,1
6828,Random,-1,1
6829,Random,-1,1
6830,Random,-1,1
6831,Random,-1,1
6832,Random,-1,1
6833,Random,-1,1
6834,Random,-1,1
6835,Random,-1,1
6836,Random,-1,1
6837,Random,-1,1
6838,draw,0,0
6839,Random,-1,1
6840,Random,-1,1
6841,draw,0,0
6842,Random,-1,1
6843,Random,-1,1
6844,draw,0,0
6845,Random,-1,1
6846,Random,-1,1
6847,Random,-1,1
6848,Random,-1,1
6849,Random,-1,1
6850,Random,-1,1
6851,draw,0,0
6852,draw,0,0
6853,Random,-1,1
6854,Random,-1,1
6855,Random,-1,1
6856,draw,0,0
6857,Random,-1,1
6858,Random,-1,1
6859,Random,-1,1
6860,Random,-1,1
6861,Random,-1,1
6862,Random,-1,1
6863,Random,-1,1
6864,Random,-1,1
6865,Random,-1,1
6866,Random,-1,1
6867,Random,-1,1
6868,Random,-1,1
6869,Random,-1,1
6870,Random,-1,1
6871,Random,-1,1
6872,draw,0,0
6873,Random,-1,1
6874,Random,-1,1
6875,Random,-1,1
6876,Random,-1,1
6877,Random,-1,1
6878,draw,0,0
6879,Random,-1,1
6880,Random,-1,1
6881,Random,-1,1
6882,draw,0,0
6883,Random,-1,1
6884,Random,-1,1
6885,Random,-1,1
6886,Random,-1,1
6887,Random,-1,1
6888,Random,-1,1
6889,Random,-1,1
6890,Random,-1,1
6891,Random,-1,1
6892,Random,-1,1
6893,Random,-1,1
6894,Random,-1,1
6895,draw,0,0
6896,Random,-1,1
6897,Random,-1,1
6898,Random,-1,1
6899,Random,-1,1
6900,draw,0,0
6901,Random,-1,1
6902,draw,0,0
6903,Random,-1,1
6904,draw,0,0
6905,Random,-1,1
6906,draw,0,0
6907,Random,-1,1
6908,Random,-1,1
6909,Random,-1,1
6910,Random,-1,1
6911,Random,-1,1
6912,Random,-1,1
6913,Random,-1,1
6914,Random,-1,1
6915,Random,-1,1
6916,draw,0,0
6917,Random,-1,1
6918,Random,-1,1
6919,Random,-1,1
6920,draw,0,0
6921,draw,0,0
6922,Random,-1,1
6923,Random,-1,1
6924,Random,-1,1
6925,Random,-1,1
6926,Random,-1,1
6927,draw,0,0
6928,Random,-1,1
6929,Random,-1,1
6930,Random,-1,1
6931,Random,-1,1
6932,draw,0,0
6933,Random,-1,1
6934,Random,-1,1
6935,Random,-1,1
6936,Random,-1,1
6937,Random,-1,1
6938,Random,-1,1
6939,Random,-1,1
6940,Random,-1,1
6941,Random,-1,1
6942,Random,-1,1
6943,draw,0,0
6944,Random,-1,1
6945,draw,0,0
6946,Random,-1,1
6947,Random,-1,1
6948,Random,-1,1
6949,Random,-1,1
6950,draw,0,0
6951,Random,-1,1
6952,Random,-1,1
6953,Random,-1,1
6954,Random,-1,1
6955,Random,-1,1
6956,Random,-1,1
6957,Random,-1,1
6958,Random,-1,1
6959,Random,-1,1
6960,draw,0,0
6961,Random,-1,1
6962,Random,-1,1
6963,Random,-1,1
6964,draw,0,0
6965,draw,0,0
6966,draw,0,0
6967,Random,-1,1
6968,Random,-1,1
6969,Random,-1,1
6970,draw,0,0
6971,Random,-1,1
6972,draw,0,0
6973,Random,-1,1
6974,Random,-1,1
6975,Random,-1,1
6976,Random,-1,1
6977,Random,-1,1
6978,Random,-1,1
6979,Random,-1,1
6980,Random,-1,1
6981,draw,0,0
6982,Random,-1,1
6983,Random,-1,1
6984,draw,0,0
6985,Random,-1,1
6986,draw,0,0
6987,Random,-1,1
6988,Random,-1,1
6989,Random,-1,1
6990,Random,-1,1
6991,draw,0,0
6992,Random,-1,1
6993,Random,-1,1
6994,Random,-1,1
6995,draw,0,0
6996,Random,-1,1
6997,draw,0,0
6998,Random,-1,1
6999,Random,-1,1
7000,Random,-1,1
7001,draw,0,0
7002,Random,-1,1
7003,draw,0,0
7004,Random,-1,1
7005,Random,-1,1
7006,Random,-1,1
7007,Random,-1,1
7008,draw,0,0
7009,Random,-1,1
7010,Random,-1,1
7011,draw,0,0
7012,draw,0,0
7013,Random,-1,1
7014,Random,-1,1
7015,draw,0,0
7016,Random,-1,1
7017,draw,0,0
7018,Random,-1,1
7019,Random,-1,1
7020,Random,-1,1
7021,Random,-1,1
7022,draw,0,0
7023,Random,-1,1
7024,draw,0,0
7025,Random,-1,1
7026,Random,-1,1
7027,draw,0,0
7028,draw,0,0
7029,Random,-1,1
7030,Random,-1,1
7031,draw,0,0
7032,draw,0,0
7033,Random,-1,1
7034,draw,0,0
7035,Random,-1,1
7036,draw,0,0
7037,Random,-1,1
7038,draw,0,0
7039,Random,-1,1
7040,draw,0,0
7041,draw,0,0
7042,Random,-1,1
7043,Random,-1,1
7044,Random,-1,1
7045,draw,0,0
7046,Random,-1,1
7047,Random,-1,1
7048,Random,-1,1
7049,draw,0,0
7050,Random,-1,1
7051,Random,-1,1
7052,draw,0,0
7053,Random,-1,1
7054,Random,-1,1
7055,Random,-1,1
7056,Random,-1,1
7057,draw,0,0
7058,draw,0,0
7059,Random,-1,1
7060,Random,-1,1
7061,Random,-1,1
7062,draw,0,0
7063,Random,-1,1
7064,Random,-1,1
7065,Random,-1,1
7066,Random,-1,1
7067,draw,0,0
7068,draw,0,0
7069,Random,-1,1
7070,Random,-1,1
7071,Random,-1,1
7072,Random,-1,1
7073,Random,-1,1
7074,Random,-1,1
7075,Random,-1,1
7076,Random,-1,1
7077,Random,-1,1
7078,Random,-1,1
7079,Random,-1,1
7080,draw,0,0
7081,draw,0,0
7082,Random,-1,1
7083,draw,0,0
7084,draw,0,0
7085,Random,-1,1
7086,Random,-1,1
7087,Random,-1,1
7088,Random,-1,1
7089,draw,0,0
7090,Random,-1,1
7091,Random,-1,1
7092,Random,-1,1
7093,Random,-1,1
7094,Random,-1,1
7095,Random,-1,1
7096,Random,-1,1
7097,draw,0,0
7098,draw,0,0
7099,Random,-1,1
7100,Random,-1,1
7101,draw,0,0
7102,Random,-1,1
7103,Random,-1,1
7104,Random,-1,1
7105,Random,-1,1
7106,Random,-1,1
7107,Random,-1,1
7108,draw,0,0
7109,Random,-1,1
7110,Random,-1,1
7111,draw,0,0
7112,Random,-1,1
7113,Random,-1,1
7114,Random,-1,1
7115,Random,-1,1
7116,draw,0,0
7117,Random,-1,1
7118,Random,-1,1
7119,Random,-1,1
7120,Random,-1,1
7121,Random,-1,1
7122,Random,-1,1
7123,Random,-1,1
7124,Random,-1,1
7125,draw,0,0
7126,draw,0,0
7127,Random,-1,1
7128,draw,0,0
7129,Random,-1,1
7130,Random,-1,1
7131,Random,-1,1
7132,Random,-1,1
7133,draw,0,0
7134,draw,0,0
7135,draw,0,0
7136,Random,-1,1
7137,Random,-1,1
7138,Random,-1,1
7139,draw,0,0
7140,Random,-1,1
7141,Random,-1,1
7142,Random,-1,1
7143,draw,0,0
7144,Random,-1,1
7145,Random,-1,1
7146,Random,-1,1
7147,Random,-1,1
7148,Random,-1,1
7149,Random,-1,1
7150,Random,-1,1
7151,Random,-1,1
7152,draw,0,0
7153,Random,-1,1
7154,Random,-1,1
7155,draw,0,0
7156,Random,-1,1
7157,draw,0,0
7158,Random,-1,1
7159,Random,-1,1
7160,Random,-1,1
7161,Random,-1,1
7162,Random,-1,1
7163,Random,-1,1
7164,Random,-1,1
7165,Random,-1,1
7166,Random,-1,1
7167,draw,0,0
7168,Random,-1,1
7169,Random,-1,1
7170,Random,-1,1
7171,draw,0,0
7172,Random,-1,1
7173,Random,-1,1
7174,Random,-1,1
7175,Random,-1,1
7176,draw,0,0
7177,draw,0,0
7178,draw,0,0
7179,Random,-1,1
7180,draw,0,0
7181,Random,-1,1
7182,draw,0,0
7183,Random,-1,1
7184,draw,0,0
7185,Random,-1,1
7186,draw,0,0
7187,Random,-1,1
7188,draw,0,0
7189,Random,-1,1
7190,Random,-1,1
7191,Random,-1,1
7192,Random,-1,1
7193,Random,-1,1
7194,draw,0,0
7195,Random,-1,1
7196,Random,-1,1
7197,draw,0,0
7198,Random,-1,1
7199,draw,0,0
7200,draw,0,0
7201,draw,0,0
7202,Random,-1,1
7203,Random,-1,1
7204,Random,-1,1
7205,Random,-1,1
7206,draw,0,0
7207,Random,-1,1
7208,Random,-1,1
7209,draw,0,0
7210,Random,-1,1
7211,Random,-1,1
7212,Random,-1,1
7213,Random,-1,1
7214,Random,-1,1
7215,Random,-1,1
7216,Random,-1,1
7217,Random,-1,1
7218,Random,-1,1
7219,Random,-1,1
7220,draw,0,0
7221,Random,-1,1
7222,draw,0,0
7223,Random,-1,1
7224,Random,-1,1
7225,Random,-1,1
7226,Random,-1,1
7227,Random,-1,1
7228,Random,-1,1
7229,Random,-1,1
7230,draw,0,0
7231,Random,-1,1
7232,Random,-1,1
7233,Random,-1,1
7234,Random,-1,1
7235,Random,-1,1
7236,Random,-1,1
7237,Random,-1,1
7238,Random,-1,1
7239,Random,-1,1
7240,Random,-1,1
7241,Random,-1,1
7242,Random,-1,1
7243,Random,-1,1
7244,Random,-1,1
7245,Random,-1,1
7246,draw,0,0
7247,Random,-1,1
7248,Random,-1,1
7249,draw,0,0
7250,Random,-1,1
7251,Random,-1,1
7252,draw,0,0
7253,draw,0,0
7254,Random,-1,1
7255,Random,-1,1
7256,Random,-1,1
7257,Random,-1,1
7258,Random,-1,1
7259,Random,-1,1
7260,Random,-1,1
7261,draw,0,0
7262,Random,-1,1
7263,Random,-1,1
7264,Random,-1,1
7265,Random,-1,1
7266,Random,-1,1
7267,draw,0,0
7268,draw,0,0
7269,Random,-1,1
7270,draw,0,0
7271,Random,-1,1
7272,draw,0,0
7273,Random,-1,1
7274,draw,0,0
7275,Random,-1,1
7276,Random,-1,1
7277,Random,-1,1
7278,Random,-1,1
7279,Random,-1,1
7280,Random,-1,1
7281,Random,-1,1
7282,Random,-1,1
7283,Random,-1,1
7284,Random,-1,1
7285,Random,-1,1
7286,Random,-1,1
7287,Random,-1,1
7288,Random,-1,1
7289,Random,-1,1
7290,draw,0,0
7291,Random,-1,1
7292,Random,-1,1
7293,Random,-1,1
7294,draw,0,0
7295,draw,0,0
7296,Random,-1,1
7297,Random,-1,1
7298,Random,-1,1
7299,Random,-1,1
7300,draw,0,0
7301,Random,-1,1
7302,Random,-1,1
7303,draw,0,0
7304,Random,-1,1
7305,draw,0,0
7306,Random,-1,1
7307,Random,-1,1
7308,Random,-1,1
7309,draw,0,0
7310,Random,-1,1
7311,Random,-1,1
7312,Random,-1,1
7313,Random,-1,1
7314,Random,-1,1
7315,Random,-1,1
7316,Random,-1,1
7317,Random,-1,1
7318,Random,-1,1
7319,Random,-1,1
7320,Random,-1,1
7321,Random,-1,1
7322,Random,-1,1
7323,draw,0,0
7324,Random,-1,1
7325,Random,-1,1
7326,Random,-1,1
7327,draw,0,0
7328,draw,0,0
7329,Random,-1,1
7330,draw,0,0
7331,Random,-1,1
7332,Random,-1,1
7333,draw,0,0
7334,draw,0,0
7335,Random,-1,1
7336,draw,0,0
7337,Random,-1,1
7338,Random,-1,1
7339,Random,-1,1
7340,draw,0,0
7341,draw,0,0
7342,Random,-1,1
7343,Random,-1,1
7344,Random,-1,1
7345,Random,-1,1
7346,Random,-1,1
7347,Random,-1,1
7348,draw,0,0
7349,draw,0,0
7350,Random,-1,1
7351,draw,0,0
7352,draw,0,0
7353,Random,-1,1
7354,Random,-1,1
7355,Random,-1,1
7356,Random,-1,1
7357,Random,-1,1
7358,Random,-1,1
7359,Random,-1,1
7360,Random,-1,1
7361,Random,-1,1
7362,Random,-1,1
7363,Random,-1,1
7364,Random,-1,1
7365,draw,0,0
7366,draw,0,0
7367,Random,-1,1
7368,Random,-1,1
7369,draw,0,0
7370,Random,-1,1
7371,Random,-1,1
7372,Random,-1,1
7373,draw,0,0
7374,Random,-1,1
7375,Random,-1,1
7376,Random,-1,1
7377,draw,0,0
7378,Random,-1,1
7379,Random,-1,1
7380,Random,-1,1
7381,Random,-1,1
7382,Random,-1,1
7383,draw,0,0
7384,draw,0,0
7385,Random,-1,1
7386,Random,-1,1
7387,Random,-1,1
7388,Random,-1,1
7389,draw,0,0
7390,Random,-1,1
7391,Random,-1,1
7392,Random,-1,1
7393,draw,0,0
7394,Random,-1,1
7395,Random,-1,1
7396,Random,-1,1
7397,draw,0,0
7398,Random,-1,1
7399,Random,-1,1
7400,Random,-1,1
7401,Random,-1,1
7402,Random,-1,1
7403,draw,0,0
7404,Random,-1,1
7405,draw,0,0
7406,draw,0,0
7407,Random,-1,1
7408,Random,-1,1
7409,Random,-1,1
7410,Random,-1,1
7411,draw,0,0
7412,Random,-1,1
7413,Random,-1,1
7414,Random,-1,1
7415,Random,-1,1
7416,draw,0,0
7417,Random,-1,1
7418,Random,-1,1
7419,Random,-1,1
7420,Random,-1,1
7421,draw,0,0
7422,Random,-1,1
7423,draw,0,0
7424,Random,-1,1
7425,draw,0,0
7426,Random,-1,1
7427,Random,-1,1
7428,Random,-1,1
7429,Random,-1,1
7430,Random,-1,1
7431,Random,-1,1
7432,Random,-1,1
7433,Random,-1,1
7434,Random,-1,1
7435,draw,0,0
7436,Random,-1,1
7437,Random,-1,1
7438,Random,-1,1
7439,Random,-1,1
7440,draw,0,0
7441,Random,-1,1
7442,Random,-1,1
7443,draw,0,0
7444,Random,-1,1
7445,Random,-1,1
7446,Random,-1,1
7447,Random,-1,1
7448,draw,0,0
7449,Random,-1,1
7450,draw,0,0
7451,Random,-1,1
7452,Random,-1,1
7453,draw,0,0
7454,draw,0,0
7455,Random,-1,1
7456,Random,-1,1
7457,draw,0,0
7458,Random,-1,1
7459,Random,-1,1
7460,Random,-1,1
7461,Random,-1,1
7462,Random,-1,1
7463,Random,-1,1
7464,draw,0,0
7465,draw,0,0
7466,Random,-1,1
7467,Random,-1,1
7468,Random,-1,1
7469,draw,0,0
7470,Random,-1,1
7471,Random,-1,1
7472,draw,0,0
7473,Random,-1,1
7474,draw,0,0
7475,Random,-1,1
7476,Random,-1,1
7477,draw,0,0
7478,Random,-1,1
7479,draw,0,0
7480,Random,-1,1
7481,Random,-1,1
7482,Random,-1,1
7483,Random,-1,1
7484,Random,-1,1
7485,Random,-1,1
7486,Random,-1,1
7487,Random,-1,1
7488,Random,-1,1
7489,Random,-1,1
7490,Random,-1,1
7491,Random,-1,1
7492,Random,-1,1
7493,Random,-1,1
7494,Random,-1,1
7495,Random,-1,1
7496,Random,-1,1
7497,Random,-1,1
7498,Random,-1,1
7499,Random,-1,1
7500,Random,-1,1
7501,Random,-1,1
7502,Random,-1,1
7503,Random,-1,1
7504,draw,0,0
7505,Random,-1,1
7506,draw,0,0
7507,draw,0,0
7508,draw,0,0
7509,Random,-1,1
7510,Random,-1,1
7511,Random,-1,1
7512,Random,-1,1
7513,Random,-1,1
7514,Random,-1,1
7515,draw,0,0
7516,Random,-1,1
7517,Random,-1,1
7518,draw,0,0
7519,Random,-1,1
7520,Random,-1,1
7521,Random,-1,1
7522,Random,-1,1
7523,Random,-1,1
7524,Random,-1,1
7525,Random,-1,1
7526,Random,-1,1
7527,draw,0,0
7528,Random,-1,1
7529,Random,-1,1
7530,Random,-1,1
7531,Random,-1,1
7532,Random,-1,1
7533,Random,-1,1
7534,draw,0,0
7535,Random,-1,1
7536,Random,-1,1
7537,Random,-1,1
7538,Random,-1,1
7539,draw,0,0
7540,Random,-1,1
7541,Random,-1,1
7542,Random,-1,1
7543,Random,-1,1
7544,Random,-1,1
7545,draw,0,0
7546,Random,-1,1
7547,Random,-1,1
7548,Random,-1,1
7549,Random,-1,1
7550,Random,-1,1
7551,Random,-1,1
7552,Random,-1,1
7553,Random,-1,1
7554,draw,0,0
7555,draw,0,0
7556,Random,-1,1
7557,Random,-1,1
7558,Random,-1,1
7559,Random,-1,1
7560,Random,-1,1
7561,Random,-1,1
7562,Random,-1,1
7563,Random,-1,1
7564,draw,0,0
7565,draw,0,0
7566,Random,-1,1
7567,Random,-1,1
7568,Random,-1,1
7569,Random,-1,1
7570,Random,-1,1
7571,draw,0,0
7572,draw,0,0
7573,Random,-1,1
7574,draw,0,0
7575,draw,0,0
7576,draw,0,0
7577,Random,-1,1
7578,draw,0,0
7579,Random,-1,1
7580,Random,-1,1
7581,Random,-1,1
7582,Random,-1,1
7583,Random,-1,1
7584,draw,0,0
7585,draw,0,0
7586,Random,-1,1
7587,draw,0,0
7588,Random,-1,1
7589,Random,-1,1
7590,Random,-1,1
7591,Random,-1,1
7592,draw,0,0
7593,Random,-1,1
7594,Random,-1,1
7595,draw,0,0
7596,Random,-1,1
7597,Random,-1,1
7598,draw,0,0
7599,draw,0,0
7600,draw,0,0
7601,Random,-1,1
7602,Random,-1,1
7603,Random,-1,1
7604,draw,0,0
7605,Random,-1,1
7606,Random,-1,1
7607,Random,-1,1
7608,Random,-1,1
7609,draw,0,0
7610,draw,0,0
7611,draw,0,0
7612,Random,-1,1
7613,Random,-1,1
7614,Random,-1,1
7615,Random,-1,1
7616,Random,-1,1
7617,Random,-1,1
7618,draw,0,0
7619,draw,0,0
7620,Random,-1,1
7621,Random,-1,1
7622,draw,0,0
7623,draw,0,0
7624,Random,-1,1
7625,draw,0,0
7626,Random,-1,1
7627,Random,-1,1
7628,Random,-1,1
7629,Random,-1,1
7630,Random,-1,1
7631,draw,0,0
7632,Random,-1,1
7633,draw,0,0
7634,Random,-1,1
7635,Random,-1,1
7636,draw,0,0
7637,draw,0,0
7638,Random,-1,1
7639,draw,0,0
7640,Random,-1,1
7641,Random,-1,1
7642,Random,-1,1
7643,Random,-1,1
7644,Random,-1,1
7645,Random,-1,1
7646,Random,-1,1
7647,draw,0,0
7648,Random,-1,1
7649,Random,-1,1
7650,Random,-1,1
7651,Random,-1,1
7652,Random,-1,1
7653,Random,-1,1
7654,Random,-1,1
7655,Random,-1,1
7656,Random,-1,1
7657,Random,-1,1
7658,Random,-1,1
7659,Random,-1,1
7660,draw,0,0
7661,Random,-1,1
7662,Random,-1,1
7663,Random,-1,1
7664,Random,-1,1
7665,Random,-1,1
7666,Random,-1,1
7667,Random,-1,1
7668,Random,-1,1
7669,Random,-1,1
7670,Random,-1,1
7671,Random,-1,1
7672,Random,-1,1
7673,draw,0,0
7674,draw,0,0
7675,Random,-1,1
7676,draw,0,0
7677,draw,0,0
7678,Random,-1,1
7679,draw,0,0
7680,Random,-1,1
7681,Random,-1,1
7682,Random,-1,1
7683,Random,-1,1
7684,Random,-1,1
7685,Random,-1,1
7686,Random,-1,1
7687,Random,-1,1
7688,Random,-1,1
7689,Random,-1,1
7690,Random,-1,1
7691,Random,-1,1
7692,Random,-1,1
7693,draw,0,0
7694,Random,-1,1
7695,Random,-1,1
7696,draw,0,0
7697,Random,-1,1
7698,Random,-1,1
7699,Random,-1,1
7700,draw,0,0
7701,Random,-1,1
7702,Random,-1,1
7703,Random,-1,1
7704,Random,-1,1
7705,Random,-1,1
7706,Random,-1,1
7707,Random,-1,1
7708,draw,0,0
7709,Random,-1,1
7710,Random,-1,1
7711,Random,-1,1
7712,Random,-1,1
7713,Random,-1,1
7714,Random,-1,1
7715,Random,-1,1
7716,draw,0,0
7717,Random,-1,1
7718,Random,-1,1
7719,Random,-1,1
7720,Random,-1,1
7721,Random,-1,1
7722,draw,0,0
7723,Random,-1,1
7724,Random,-1,1
7725,Random,-1,1
7726,Random,-1,1
7727,Random,-1,1
7728,Random,-1,1
7729,Random,-1,1
7730,draw,0,0
7731,Random,-1,1
7732,draw,0,0
7733,Random,-1,1
7734,Random,-1,1
7735,draw,0,0
7736,draw,0,0
7737,Random,-1,1
7738,Random,-1,1
7739,Random,-1,1
7740,Random,-1,1
7741,Random,-1,1
7742,Random,-1,1
7743,Random,-1,1
7744,Random,-1,1
7745,Random,-1,1
7746,Random,-1,1
7747,draw,0,0
7748,Random,-1,1
7749,Random,-1,1
7750,draw,0,0
7751,Random,-1,1
7752,Random,-1,1
7753,Random,-1,1
7754,Random,-1,1
7755,Random,-1,1
7756,Random,-1,1
7757,Random,-1,1
7758,Random,-1,1
7759,Random,-1,1
7760,Random,-1,1
7761,Random,-1,1
7762,Random,-1,1
7763,Random,-1,1
7764,draw,0,0
7765,Random,-1,1
7766,Random,-1,1
7767,draw,0,0
7768,Random,-1,1
7769,Random,-1,1
7770,Random,-1,1
7771,Random,-1,1
7772,Random,-1,1
7773,draw,0,0
7774,Random,-1,1
7775,draw,0,0
7776,Random,-1,1
7777,Random,-1,1
7778,Random,-1,1
7779,Random,-1,1
7780,Random,-1,1
7781,Random,-1,1
7782,Random,-1,1
7783,draw,0,0
7784,draw,0,0
7785,Random,-1,1
7786,Random,-1,1
7787,Random,-1,1
7788,Random,-1,1
7789,Random,-1,1
7790,Random,-1,1
7791,Random,-1,1
7792,Random,-1,1
7793,draw,0,0
7794,Random,-1,1
7795,Random,-1,1
7796,Random,-1,1
7797,Random,-1,1
7798,Random,-1,1
7799,draw,0,0
7800,draw,0,0
7801,Random,-1,1
7802,Random,-1,1
7803,Random,-1,1
7804,draw,0,0
7805,draw,0,0
7806,draw,0,0
7807,Random,-1,1
7808,draw,0,0
7809,Random,-1,1
7810,draw,0,0
7811,draw,0,0
7812,Random,-1,1
7813,Random,-1,1
7814,draw,0,0
7815,Random,-1,1
7816,Random,-1,1
7817,draw,0,0
7818,Random,-1,1
7819,Random,-1,1
7820,draw,0,0
7821,draw,0,0
7822,draw,0,0
7823,Random,-1,1
7824,Random,-1,1
7825,Random,-1,1
7826,Random,-1,1
7827,Random,-1,1
7828,Random,-1,1
7829,Random,-1,1
7830,draw,0,0
7831,draw,0,0
7832,Random,-1,1
7833,Random,-1,1
7834,draw,0,0
7835,draw,0,0
7836,draw,0,0
7837,draw,0,0
7838,Random,-1,1
7839,Random,-1,1
7840,Random,-1,1
7841,Random,-1,1
7842,Random,-1,1
7843,draw,0,0
7844,draw,0,0
7845,Random,-1,1
7846,Random,-1,1
7847,Random,-1,1
7848,Random,-1,1
7849,draw,0,0
7850,draw,0,0
7851,Random,-1,1
7852,Random,-1,1
7853,Random,-1,1
7854,Random,-1,1
7855,Random,-1,1
7856,Random,-1,1
7857,draw,0,0
7858,Random,-1,1
7859,Random,-1,1
7860,draw,0,0
7861,Random,-1,1
7862,Random,-1,1
7863,draw,0,0
7864,Random,-1,1
7865,Random,-1,1
7866,Random,-1,1
7867,draw,0,0
7868,draw,0,0
7869,Random,-1,1
7870,Random,-1,1
7871,draw,0,0
7872,draw,0,0
7873,Random,-1,1
7874,Random,-1,1
7875,Random,-1,1
7876,draw,0,0
7877,Random,-1,1
7878,Random,-1,1
7879,draw,0,0
7880,draw,0,0
7881,draw,0,0
7882,Random,-1,1
7883,Random,-1,1
7884,Random,-1,1
7885,Random,-1,1
7886,Random,-1,1
7887,Random,-1,1
7888,Random,-1,1
7889,Random,-1,1
7890,Random,-1,1
7891,Random,-1,1
7892,Random,-1,1
7893,Random,-1,1
7894,Random,-1,1
7895,draw,0,0
7896,Random,-1,1
7897,Random,-1,1
7898,draw,0,0
7899,Random,-1,1
7900,draw,0,0
7901,Random,-1,1
7902,Random,-1,1
7903,draw,0,0
7904,Random,-1,1
7905,Random,-1,1
7906,Random,-1,1
7907,Random,-1,1
7908,Random,-1,1
7909,draw,0,0
7910,Random,-1,1
7911,Random,-1,1
7912,Random,-1,1
7913,Random,-1,1
7914,Random,-1,1
7915,Random,-1,1
7916,Random,-1,1
7917,draw,0,0
7918,Random,-1,1
7919,draw,0,0
7920,draw,0,0
7921,Random,-1,1
7922,Random,-1,1
7923,Random,-1,1
7924,Random,-1,1
7925,draw,0,0
7926,Random,-1,1
7927,draw,0,0
7928,Random,-1,1
7929,draw,0,0
7930,draw,0,0
7931,draw,0,0
7932,Random,-1,1
7933,Random,-1,1
7934,Random,-1,1
7935,draw,0,0
7936,Random,-1,1
7937,draw,0,0
7938,draw,0,0
7939,Random,-1,1
7940,Random,-1,1
7941,Random,-1,1
7942,Random,-1,1
7943,Random,-1,1
7944,draw,0,0
7945,Random,-1,1
7946,Random,-1,1
7947,Random,-1,1
7948,draw,0,0
7949,Random,-1,1
7950,Random,-1,1
7951,Random,-1,1
7952,draw,0,0
7953,draw,0,0
7954,Random,-1,1
7955,Random,-1,1
7956,draw,0,0
7957,Random,-1,1
7958,draw,0,0
7959,Random,-1,1
7960,Random,-1,1
7961,Random,-1,1
7962,draw,0,0
7963,Random,-1,1
7964,Random,-1,1
7965,Random,-1,1
7966,Random,-1,1
7967,Random,-1,1
7968,Random,-1,1
7969,Random,-1,1
7970,Random,-1,1
7971,Random,-1,1
7972,Random,-1,1
7973,Random,-1,1
7974,Random,-1,1
7975,draw,0,0
7976,Random,-1,1
7977,Random,-1,1
7978,Random,-1,1
7979,draw,0,0
7980,draw,0,0
7981,draw,0,0
7982,Random,-1,1
7983,Random,-1,1
7984,Random,-1,1
7985,Random,-1,1
7986,Random,-1,1
7987,Random,-1,1
7988,draw,0,0
7989,Random,-1,1
7990,Random,-1,1
7991,draw,0,0
7992,Random,-1,1
7993,draw,0,0
7994,Random,-1,1
7995,draw,0,0
7996,Random,-1,1
7997,Random,-1,1
7998,Random,-1,1
7999,draw,0,0
8000,Random,-1,1
8001,Random,-1,1
8002,Random,-1,1
8003,draw,0,0
8004,Random,-1,1
8005,Random,-1,1
8006,draw,0,0
8007,Random,-1,1
8008,Random,-1,1
8009,Random,-1,1
8010,draw,0,0
8011,Random,-1,1
8012,draw,0,0
8013,Random,-1,1
8014,Random,-1,1
8015,Random,-1,1
8016,Random,-1,1
8017,Random,-1,1
8018,Random,-1,1
8019,Random,-1,1
8020,Random,-1,1
8021,draw,0,0
8022,draw,0,0
8023,Random,-1,1
8024,draw,0,0
8025,Random,-1,1
8026,Random,-1,1
8027,draw,0,0
8028,Random,-1,1
8029,draw,0,0
8030,PPO,1,-1
8031,Random,-1,1
8032,Random,-1,1
8033,Random,-1,1
8034,Random,-1,1
8035,draw,0,0
8036,draw,0,0
8037,Random,-1,1
8038,Random,-1,1
8039,Random,-1,1
8040,Random,-1,1
8041,Random,-1,1
8042,draw,0,0
8043,Random,-1,1
8044,Random,-1,1
8045,Random,-1,1
8046,draw,0,0
8047,Random,-1,1
8048,Random,-1,1
8049,draw,0,0
8050,draw,0,0
8051,Random,-1,1
8052,Random,-1,1
8053,draw,0,0
8054,Random,-1,1
8055,draw,0,0
8056,draw,0,0
8057,Random,-1,1
8058,draw,0,0
8059,draw,0,0
8060,Random,-1,1
8061,Random,-1,1
8062,Random,-1,1
8063,draw,0,0
8064,Random,-1,1
8065,Random,-1,1
8066,draw,0,0
8067,Random,-1,1
8068,draw,0,0
8069,draw,0,0
8070,Random,-1,1
8071,Random,-1,1
8072,Random,-1,1
8073,Random,-1,1
8074,Random,-1,1
8075,Random,-1,1
8076,Random,-1,1
8077,draw,0,0
8078,Random,-1,1
8079,Random,-1,1
8080,Random,-1,1
8081,draw,0,0
8082,Random,-1,1
8083,draw,0,0
8084,Random,-1,1
8085,Random,-1,1
8086,Random,-1,1
8087,Random,-1,1
8088,Random,-1,1
8089,draw,0,0
8090,Random,-1,1
8091,draw,0,0
8092,Random,-1,1
8093,Random,-1,1
8094,Random,-1,1
8095,Random,-1,1
8096,Random,-1,1
8097,Random,-1,1
8098,Random,-1,1
8099,Random,-1,1
8100,Random,-1,1
8101,Random,-1,1
8102,Random,-1,1
8103,draw,0,0
8104,Random,-1,1
8105,Random,-1,1
8106,draw,0,0
8107,Random,-1,1
8108,draw,0,0
8109,Random,-1,1
8110,Random,-1,1
8111,Random,-1,1
8112,Random,-1,1
8113,Random,-1,1
8114,draw,0,0
8115,draw,0,0
8116,Random,-1,1
8117,draw,0,0
8118,draw,0,0
8119,Random,-1,1
8120,draw,0,0
8121,Random,-1,1
8122,Random,-1,1
8123,draw,0,0
8124,Random,-1,1
8125,Random,-1,1
8126,draw,0,0
8127,Random,-1,1
8128,Random,-1,1
8129,draw,0,0
8130,draw,0,0
8131,Random,-1,1
8132,Random,-1,1
8133,Random,-1,1
8134,Random,-1,1
8135,draw,0,0
8136,Random,-1,1
8137,draw,0,0
8138,Random,-1,1
8139,draw,0,0
8140,Random,-1,1
8141,Random,-1,1
8142,Random,-1,1
8143,Random,-1,1
8144,Random,-1,1
8145,Random,-1,1
8146,Random,-1,1
8147,draw,0,0
8148,Random,-1,1
8149,Random,-1,1
8150,Random,-1,1
8151,draw,0,0
8152,Random,-1,1
8153,draw,0,0
8154,Random,-1,1
8155,draw,0,0
8156,Random,-1,1
8157,Random,-1,1
8158,Random,-1,1
8159,Random,-1,1
8160,Random,-1,1
8161,Random,-1,1
8162,Random,-1,1
8163,Random,-1,1
8164,draw,0,0
8165,Random,-1,1
8166,Random,-1,1
8167,draw,0,0
8168,Random,-1,1
8169,Random,-1,1
8170,Random,-1,1
8171,Random,-1,1
8172,draw,0,0
8173,draw,0,0
8174,Random,-1,1
8175,draw,0,0
8176,draw,0,0
8177,draw,0,0
8178,draw,0,0
8179,Random,-1,1
8180,Random,-1,1
8181,draw,0,0
8182,Random,-1,1
8183,Random,-1,1
8184,draw,0,0
8185,Random,-1,1
8186,Random,-1,1
8187,Random,-1,1
8188,draw,0,0
8189,Random,-1,1
8190,Random,-1,1
8191,Random,-1,1
8192,Random,-1,1
8193,Random,-1,1
8194,Random,-1,1
8195,Random,-1,1
8196,Random,-1,1
8197,draw,0,0
8198,Random,-1,1
8199,Random,-1,1
8200,Random,-1,1
8201,draw,0,0
8202,Random,-1,1
8203,Random,-1,1
8204,draw,0,0
8205,Random,-1,1
8206,Random,-1,1
8207,Random,-1,1
8208,Random,-1,1
8209,draw,0,0
8210,Random,-1,1
8211,draw,0,0
8212,Random,-1,1
8213,Random,-1,1
8214,Random,-1,1
8215,draw,0,0
8216,Random,-1,1
8217,Random,-1,1
8218,Random,-1,1
8219,Random,-1,1
8220,Random,-1,1
8221,Random,-1,1
8222,Random,-1,1
8223,Random,-1,1
8224,draw,0,0
8225,Random,-1,1
8226,draw,0,0
8227,Random,-1,1
8228,Random,-1,1
8229,Random,-1,1
8230,Random,-1,1
8231,Random,-1,1
8232,Random,-1,1
8233,Random,-1,1
8234,Random,-1,1
8235,Random,-1,1
8236,Random,-1,1
8237,Random,-1,1
8238,draw,0,0
8239,Random,-1,1
8240,Random,-1,1
8241,Random,-1,1
8242,Random,-1,1
8243,Random,-1,1
8244,Random,-1,1
8245,draw,0,0
8246,draw,0,0
8247,Random,-1,1
8248,Random,-1,1
8249,Random,-1,1
8250,Random,-1,1
8251,Random,-1,1
8252,Random,-1,1
8253,Random,-1,1
8254,Random,-1,1
8255,Random,-1,1
8256,Random,-1,1
8257,Random,-1,1
8258,Random,-1,1
8259,Random,-1,1
8260,Random,-1,1
8261,Random,-1,1
8262,draw,0,0
8263,draw,0,0
8264,Random,-1,1
8265,draw,0,0
8266,Random,-1,1
8267,Random,-1,1
8268,Random,-1,1
8269,draw,0,0
8270,draw,0,0
8271,Random,-1,1
8272,draw,0,0
8273,Random,-1,1
8274,Random,-1,1
8275,draw,0,0
8276,draw,0,0
8277,Random,-1,1
8278,draw,0,0
8279,Random,-1,1
8280,Random,-1,1
8281,Random,-1,1
8282,Random,-1,1
8283,Random,-1,1
8284,draw,0,0
8285,Random,-1,1
8286,Random,-1,1
8287,Random,-1,1
8288,Random,-1,1
8289,Random,-1,1
8290,Random,-1,1
8291,Random,-1,1
8292,draw,0,0
8293,Random,-1,1
8294,Random,-1,1
8295,Random,-1,1
8296,Random,-1,1
8297,draw,0,0
8298,Random,-1,1
8299,Random,-1,1
8300,Random,-1,1
8301,Random,-1,1
8302,Random,-1,1
8303,Random,-1,1
8304,Random,-1,1
8305,Random,-1,1
8306,draw,0,0
8307,Random,-1,1
8308,Random,-1,1
8309,Random,-1,1
8310,draw,0,0
8311,Random,-1,1
8312,Random,-1,1
8313,Random,-1,1
8314,Random,-1,1
8315,draw,0,0
8316,draw,0,0
8317,draw,0,0
8318,Random,-1,1
8319,Random,-1,1
8320,Random,-1,1
8321,Random,-1,1
8322,Random,-1,1
8323,Random,-1,1
8324,Random,-1,1
8325,Random,-1,1
8326,Random,-1,1
8327,Random,-1,1
8328,draw,0,0
8329,draw,0,0
8330,draw,0,0
8331,draw,0,0
8332,Random,-1,1
8333,Random,-1,1
8334,Random,-1,1
8335,Random,-1,1
8336,Random,-1,1
8337,Random,-1,1
8338,draw,0,0
8339,Random,-1,1
8340,draw,0,0
8341,Random,-1,1
8342,draw,0,0
8343,Random,-1,1
8344,Random,-1,1
8345,Random,-1,1
8346,draw,0,0
8347,Random,-1,1
8348,draw,0,0
8349,Random,-1,1
8350,Random,-1,1
8351,draw,0,0
8352,Random,-1,1
8353,Random,-1,1
8354,Random,-1,1
8355,Random,-1,1
8356,Random,-1,1
8357,Random,-1,1
8358,Random,-1,1
8359,Random,-1,1
8360,Random,-1,1
8361,Random,-1,1
8362,Random,-1,1
8363,Random,-1,1
8364,Random,-1,1
8365,Random,-1,1
8366,Random,-1,1
8367,Random,-1,1
8368,Random,-1,1
8369,Random,-1,1
8370,Random,-1,1
8371,draw,0,0
8372,draw,0,0
8373,draw,0,0
8374,Random,-1,1
8375,Random,-1,1
8376,Random,-1,1
8377,Random,-1,1
8378,Random,-1,1
8379,Random,-1,1
8380,Random,-1,1
8381,Random,-1,1
8382,draw,0,0
8383,draw,0,0
8384,Random,-1,1
8385,Random,-1,1
8386,draw,0,0
8387,Random,-1,1
8388,Random,-1,1
8389,draw,0,0
8390,Random,-1,1
8391,Random,-1,1
8392,Random,-1,1
8393,Random,-1,1
8394,draw,0,0
8395,Random,-1,1
8396,draw,0,0
8397,Random,-1,1
8398,Random,-1,1
8399,Random,-1,1
8400,Random,-1,1
8401,draw,0,0
8402,Random,-1,1
8403,Random,-1,1
8404,Random,-1,1
8405,Random,-1,1
8406,Random,-1,1
8407,draw,0,0
8408,Random,-1,1
8409,Random,-1,1
8410,Random,-1,1
8411,Random,-1,1
8412,Random,-1,1
8413,draw,0,0
8414,Random,-1,1
8415,Random,-1,1
8416,Random,-1,1
8417,draw,0,0
8418,Random,-1,1
8419,draw,0,0
8420,Random,-1,1
8421,draw,0,0
8422,Random,-1,1
8423,Random,-1,1
8424,draw,0,0
8425,draw,0,0
8426,Random,-1,1
8427,draw,0,0
8428,Random,-1,1
8429,Random,-1,1
8430,Random,-1,1
8431,Random,-1,1
8432,Random,-1,1
8433,draw,0,0
8434,Random,-1,1
8435,draw,0,0
8436,Random,-1,1
8437,Random,-1,1
8438,Random,-1,1
8439,Random,-1,1
8440,draw,0,0
8441,Random,-1,1
8442,draw,0,0
8443,Random,-1,1
8444,Random,-1,1
8445,draw,0,0
8446,Random,-1,1
8447,draw,0,0
8448,Random,-1,1
8449,draw,0,0
8450,Random,-1,1
8451,Random,-1,1
8452,Random,-1,1
8453,draw,0,0
8454,Random,-1,1
8455,draw,0,0
8456,draw,0,0
8457,draw,0,0
8458,Random,-1,1
8459,Random,-1,1
8460,draw,0,0
8461,Random,-1,1
8462,Random,-1,1
8463,Random,-1,1
8464,Random,-1,1
8465,Random,-1,1
8466,Random,-1,1
8467,Random,-1,1
8468,draw,0,0
8469,Random,-1,1
8470,Random,-1,1
8471,Random,-1,1
8472,Random,-1,1
8473,Random,-1,1
8474,Random,-1,1
8475,Random,-1,1
8476,Random,-1,1
8477,Random,-1,1
8478,Random,-1,1
8479,draw,0,0
8480,Random,-1,1
8481,Random,-1,1
8482,Random,-1,1
8483,Random,-1,1
8484,Random,-1,1
8485,Random,-1,1
8486,Random,-1,1
8487,draw,0,0
8488,Random,-1,1
8489,Random,-1,1
8490,draw,0,0
8491,Random,-1,1
8492,draw,0,0
8493,Random,-1,1
8494,PPO,1,-1
8495,Random,-1,1
8496,Random,-1,1
8497,Random,-1,1
8498,Random,-1,1
8499,draw,0,0
8500,draw,0,0
8501,Random,-1,1
8502,Random,-1,1
8503,Random,-1,1
8504,Random,-1,1
8505,Random,-1,1
8506,Random,-1,1
8507,Random,-1,1
8508,draw,0,0
8509,Random,-1,1
8510,Random,-1,1
8511,draw,0,0
8512,Random,-1,1
8513,Random,-1,1
8514,Random,-1,1
8515,draw,0,0
8516,Random,-1,1
8517,Random,-1,1
8518,Random,-1,1
8519,draw,0,0
8520,Random,-1,1
8521,Random,-1,1
8522,Random,-1,1
8523,draw,0,0
8524,Random,-1,1
8525,Random,-1,1
8526,Random,-1,1
8527,draw,0,0
8528,Random,-1,1
8529,draw,0,0
8530,Random,-1,1
8531,Random,-1,1
8532,Random,-1,1
8533,Random,-1,1
8534,Random,-1,1
8535,Random,-1,1
8536,draw,0,0
8537,Random,-1,1
8538,PPO,1,-1
8539,Random,-1,1
8540,Random,-1,1
8541,draw,0,0
8542,Random,-1,1
8543,Random,-1,1
8544,Random,-1,1
8545,Random,-1,1
8546,draw,0,0
8547,draw,0,0
8548,Random,-1,1
8549,draw,0,0
8550,Random,-1,1
8551,draw,0,0
8552,draw,0,0
8553,Random,-1,1
8554,draw,0,0
8555,Random,-1,1
8556,draw,0,0
8557,draw,0,0
8558,draw,0,0
8559,draw,0,0
8560,Random,-1,1
8561,Random,-1,1
8562,draw,0,0
8563,Random,-1,1
8564,Random,-1,1
8565,Random,-1,1
8566,Random,-1,1
8567,draw,0,0
8568,Random,-1,1
8569,draw,0,0
8570,Random,-1,1
8571,Random,-1,1
8572,Random,-1,1
8573,draw,0,0
8574,Random,-1,1
8575,Random,-1,1
8576,Random,-1,1
8577,draw,0,0
8578,Random,-1,1
8579,draw,0,0
8580,Random,-1,1
8581,draw,0,0
8582,Random,-1,1
8583,Random,-1,1
8584,draw,0,0
8585,Random,-1,1
8586,Random,-1,1
8587,draw,0,0
8588,Random,-1,1
8589,Random,-1,1
8590,Random,-1,1
8591,Random,-1,1
8592,Random,-1,1
8593,Random,-1,1
8594,draw,0,0
8595,Random,-1,1
8596,Random,-1,1
8597,Random,-1,1
8598,Random,-1,1
8599,Random,-1,1
8600,Random,-1,1
8601,draw,0,0
8602,Random,-1,1
8603,Random,-1,1
8604,draw,0,0
8605,Random,-1,1
8606,Random,-1,1
8607,Random,-1,1
8608,Random,-1,1
8609,Random,-1,1
8610,Random,-1,1
8611,Random,-1,1
8612,Random,-1,1
8613,draw,0,0
8614,Random,-1,1
8615,Random,-1,1
8616,Random,-1,1
8617,Random,-1,1
8618,Random,-1,1
8619,Random,-1,1
8620,draw,0,0
8621,draw,0,0
8622,Random,-1,1
8623,draw,0,0
8624,draw,0,0
8625,Random,-1,1
8626,Random,-1,1
8627,draw,0,0
8628,Random,-1,1
8629,draw,0,0
8630,draw,0,0
8631,Random,-1,1
8632,draw,0,0
8633,draw,0,0
8634,draw,0,0
8635,draw,0,0
8636,Random,-1,1
8637,draw,0,0
8638,draw,0,0
8639,Random,-1,1
8640,Random,-1,1
8641,Random,-1,1
8642,Random,-1,1
8643,Random,-1,1
8644,Random,-1,1
8645,Random,-1,1
8646,Random,-1,1
8647,Random,-1,1
8648,Random,-1,1
8649,draw,0,0
8650,draw,0,0
8651,draw,0,0
8652,Random,-1,1
8653,Random,-1,1
8654,Random,-1,1
8655,Random,-1,1
8656,Random,-1,1
8657,Random,-1,1
8658,Random,-1,1
8659,Random,-1,1
8660,draw,0,0
8661,Random,-1,1
8662,Random,-1,1
8663,Random,-1,1
8664,Random,-1,1
8665,Random,-1,1
8666,draw,0,0
8667,Random,-1,1
8668,Random,-1,1
8669,draw,0,0
8670,draw,0,0
8671,Random,-1,1
8672,Random,-1,1
8673,Random,-1,1
8674,Random,-1,1
8675,Random,-1,1
8676,draw,0,0
8677,Random,-1,1
8678,Random,-1,1
8679,Random,-1,1
8680,Random,-1,1
8681,Random,-1,1
8682,Random,-1,1
8683,Random,-1,1
8684,Random,-1,1
8685,Random,-1,1
8686,Random,-1,1
8687,Random,-1,1
8688,Random,-1,1
8689,Random,-1,1
8690,Random,-1,1
8691,PPO,1,-1
8692,Random,-1,1
8693,Random,-1,1
8694,Random,-1,1
8695,Random,-1,1
8696,Random,-1,1
8697,Random,-1,1
8698,draw,0,0
8699,Random,-1,1
8700,Random,-1,1
8701,Random,-1,1
8702,Random,-1,1
8703,Random,-1,1
8704,Random,-1,1
8705,Random,-1,1
8706,Random,-1,1
8707,Random,-1,1
8708,Random,-1,1
8709,Random,-1,1
8710,Random,-1,1
8711,Random,-1,1
8712,Random,-1,1
8713,Random,-1,1
8714,Random,-1,1
8715,Random,-1,1
8716,Random,-1,1
8717,draw,0,0
8718,Random,-1,1
8719,draw,0,0
8720,Random,-1,1
8721,draw,0,0
8722,Random,-1,1
8723,Random,-1,1
8724,Random,-1,1
8725,draw,0,0
8726,Random,-1,1
8727,draw,0,0
8728,Random,-1,1
8729,Random,-1,1
8730,Random,-1,1
8731,Random,-1,1
8732,Random,-1,1
8733,Random,-1,1
8734,draw,0,0
8735,draw,0,0
8736,draw,0,0
8737,Random,-1,1
8738,draw,0,0
8739,Random,-1,1
8740,Random,-1,1
8741,Random,-1,1
8742,Random,-1,1
8743,draw,0,0
8744,draw,0,0
8745,Random,-1,1
8746,Random,-1,1
8747,Random,-1,1
8748,Random,-1,1
8749,draw,0,0
8750,Random,-1,1
8751,Random,-1,1
8752,Random,-1,1
8753,Random,-1,1
8754,Random,-1,1
8755,draw,0,0
8756,Random,-1,1
8757,Random,-1,1
8758,draw,0,0
8759,Random,-1,1
8760,draw,0,0
8761,Random,-1,1
8762,Random,-1,1
8763,Random,-1,1
8764,Random,-1,1
8765,Random,-1,1
8766,Random,-1,1
8767,Random,-1,1
8768,Random,-1,1
8769,Random,-1,1
8770,Random,-1,1
8771,Random,-1,1
8772,draw,0,0
8773,Random,-1,1
8774,Random,-1,1
8775,Random,-1,1
8776,Random,-1,1
8777,Random,-1,1
8778,draw,0,0
8779,Random,-1,1
8780,draw,0,0
8781,Random,-1,1
8782,Random,-1,1
8783,draw,0,0
8784,Random,-1,1
8785,draw,0,0
8786,Random,-1,1
8787,Random,-1,1
8788,draw,0,0
8789,Random,-1,1
8790,Random,-1,1
8791,Random,-1,1
8792,Random,-1,1
8793,draw,0,0
8794,Random,-1,1
8795,Random,-1,1
8796,Random,-1,1
8797,Random,-1,1
8798,Random,-1,1
8799,Random,-1,1
8800,Random,-1,1
8801,Random,-1,1
8802,Random,-1,1
8803,draw,0,0
8804,Random,-1,1
8805,Random,-1,1
8806,Random,-1,1
8807,Random,-1,1
8808,Random,-1,1
8809,Random,-1,1
8810,Random,-1,1
8811,Random,-1,1
8812,Random,-1,1
8813,Random,-1,1
8814,Random,-1,1
8815,Random,-1,1
8816,Random,-1,1
8817,Random,-1,1
8818,Random,-1,1
8819,Random,-1,1
8820,Random,-1,1
8821,draw,0,0
8822,Random,-1,1
8823,Random,-1,1
8824,draw,0,0
8825,Random,-1,1
8826,Random,-1,1
8827,Random,-1,1
8828,Random,-1,1
8829,Random,-1,1
8830,Random,-1,1
8831,Random,-1,1
8832,Random,-1,1
8833,Random,-1,1
8834,draw,0,0
8835,Random,-1,1
8836,Random,-1,1
8837,Random,-1,1
8838,Random,-1,1
8839,Random,-1,1
8840,Random,-1,1
8841,draw,0,0
8842,Random,-1,1
8843,Random,-1,1
8844,Random,-1,1
8845,draw,0,0
8846,Random,-1,1
8847,Random,-1,1
8848,Random,-1,1
8849,Random,-1,1
8850,Random,-1,1
8851,draw,0,0
8852,draw,0,0
8853,Random,-1,1
8854,Random,-1,1
8855,Random,-1,1
8856,Random,-1,1
8857,Random,-1,1
8858,Random,-1,1
8859,Random,-1,1
8860,draw,0,0
8861,Random,-1,1
8862,Random,-1,1
8863,Random,-1,1
8864,Random,-1,1
8865,draw,0,0
8866,Random,-1,1
8867,Random,-1,1
8868,Random,-1,1
8869,Random,-1,1
8870,Random,-1,1
8871,Random,-1,1
8872,Random,-1,1
8873,Random,-1,1
8874,Random,-1,1
8875,Random,-1,1
8876,Random,-1,1
8877,Random,-1,1
8878,Random,-1,1
8879,Random,-1,1
8880,Random,-1,1
8881,draw,0,0
8882,Random,-1,1
8883,draw,0,0
8884,draw,0,0
8885,Random,-1,1
8886,Random,-1,1
8887,Random,-1,1
8888,Random,-1,1
8889,draw,0,0
8890,Random,-1,1
8891,Random,-1,1
8892,Random,-1,1
8893,Random,-1,1
8894,Random,-1,1
8895,Random,-1,1
8896,Random,-1,1
8897,Random,-1,1
8898,Random,-1,1
8899,draw,0,0
8900,Random,-1,1
8901,Random,-1,1
8902,Random,-1,1
8903,Random,-1,1
8904,draw,0,0
8905,draw,0,0
8906,Random,-1,1
8907,Random,-1,1
8908,draw,0,0
8909,draw,0,0
8910,Random,-1,1
8911,Random,-1,1
8912,Random,-1,1
8913,Random,-1,1
8914,Random,-1,1
8915,Random,-1,1
8916,Random,-1,1
8917,Random,-1,1
8918,draw,0,0
8919,draw,0,0
8920,Random,-1,1
8921,draw,0,0
8922,Random,-1,1
8923,Random,-1,1
8924,Random,-1,1
8925,Random,-1,1
8926,Random,-1,1
8927,Random,-1,1
8928,Random,-1,1
8929,Random,-1,1
8930,Random,-1,1
8931,Random,-1,1
8932,Random,-1,1
8933,draw,0,0
8934,Random,-1,1
8935,Random,-1,1
8936,draw,0,0
8937,Random,-1,1
8938,Random,-1,1
8939,Random,-1,1
8940,Random,-1,1
8941,Random,-1,1
8942,draw,0,0
8943,Random,-1,1
8944,Random,-1,1
8945,Random,-1,1
8946,Random,-1,1
8947,Random,-1,1
8948,Random,-1,1
8949,Random,-1,1
8950,draw,0,0
8951,Random,-1,1
8952,Random,-1,1
8953,Random,-1,1
8954,Random,-1,1
8955,draw,0,0
8956,draw,0,0
8957,Random,-1,1
8958,Random,-1,1
8959,Random,-1,1
8960,Random,-1,1
8961,Random,-1,1
8962,draw,0,0
8963,Random,-1,1
8964,Random,-1,1
8965,Random,-1,1
8966,Random,-1,1
8967,Random,-1,1
8968,draw,0,0
8969,draw,0,0
8970,Random,-1,1
8971,Random,-1,1
8972,draw,0,0
8973,Random,-1,1
8974,draw,0,0
8975,Random,-1,1
8976,draw,0,0
8977,Random,-1,1
8978,draw,0,0
8979,Random,-1,1
8980,Random,-1,1
8981,Random,-1,1
8982,Random,-1,1
8983,Random,-1,1
8984,Random,-1,1
8985,draw,0,0
8986,Random,-1,1
8987,Random,-1,1
8988,Random,-1,1
8989,Random,-1,1
8990,draw,0,0
8991,draw,0,0
8992,draw,0,0
8993,Random,-1,1
8994,Random,-1,1
8995,draw,0,0
8996,Random,-1,1
8997,draw,0,0
8998,Random,-1,1
8999,Random,-1,1
9000,draw,0,0
9001,Random,-1,1
9002,Random,-1,1
9003,Random,-1,1
9004,draw,0,0
9005,draw,0,0
9006,Random,-1,1
9007,draw,0,0
9008,Random,-1,1
9009,Random,-1,1
9010,draw,0,0
9011,Random,-1,1
9012,Random,-1,1
9013,draw,0,0
9014,Random,-1,1
9015,Random,-1,1
9016,Random,-1,1
9017,Random,-1,1
9018,Random,-1,1
9019,Random,-1,1
9020,Random,-1,1
9021,Random,-1,1
9022,Random,-1,1
9023,Random,-1,1
9024,Random,-1,1
9025,Random,-1,1
9026,Random,-1,1
9027,Random,-1,1
9028,Random,-1,1
9029,Random,-1,1
9030,Random,-1,1
9031,Random,-1,1
9032,Random,-1,1
9033,Random,-1,1
9034,Random,-1,1
9035,draw,0,0
9036,Random,-1,1
9037,Random,-1,1
9038,draw,0,0
9039,Random,-1,1
9040,Random,-1,1
9041,Random,-1,1
9042,draw,0,0
9043,draw,0,0
9044,draw,0,0
9045,Random,-1,1
9046,Random,-1,1
9047,draw,0,0
9048,Random,-1,1
9049,Random,-1,1
9050,Random,-1,1
9051,Random,-1,1
9052,Random,-1,1
9053,Random,-1,1
9054,Random,-1,1
9055,Random,-1,1
9056,Random,-1,1
9057,Random,-1,1
9058,Random,-1,1
9059,draw,0,0
9060,Random,-1,1
9061,Random,-1,1
9062,Random,-1,1
9063,draw,0,0
9064,Random,-1,1
9065,Random,-1,1
9066,Random,-1,1
9067,Random,-1,1
9068,Random,-1,1
9069,Random,-1,1
9070,Random,-1,1
9071,Random,-1,1
9072,Random,-1,1
9073,Random,-1,1
9074,Random,-1,1
9075,Random,-1,1
9076,Random,-1,1
9077,draw,0,0
9078,Random,-1,1
9079,Random,-1,1
9080,draw,0,0
9081,Random,-1,1
9082,Random,-1,1
9083,Random,-1,1
9084,Random,-1,1
9085,Random,-1,1
9086,Random,-1,1
9087,Random,-1,1
9088,Random,-1,1
9089,Random,-1,1
9090,Random,-1,1
9091,draw,0,0
9092,draw,0,0
9093,draw,0,0
9094,Random,-1,1
9095,draw,0,0
9096,Random,-1,1
9097,Random,-1,1
9098,Random,-1,1
9099,Random,-1,1
9100,draw,0,0
9101,Random,-1,1
9102,Random,-1,1
9103,draw,0,0
9104,Random,-1,1
9105,Random,-1,1
9106,Random,-1,1
9107,Random,-1,1
9108,draw,0,0
9109,Random,-1,1
9110,Random,-1,1
9111,Random,-1,1
9112,Random,-1,1
9113,Random,-1,1
9114,Random,-1,1
9115,Random,-1,1
9116,Random,-1,1
9117,Random,-1,1
9118,Random,-1,1
9119,Random,-1,1
9120,Random,-1,1
9121,Random,-1,1
9122,Random,-1,1
9123,Random,-1,1
9124,Random,-1,1
9125,Random,-1,1
9126,Random,-1,1
9127,Random,-1,1
9128,draw,0,0
9129,Random,-1,1
9130,Random,-1,1
9131,Random,-1,1
9132,Random,-1,1
9133,draw,0,0
9134,Random,-1,1
9135,draw,0,0
9136,draw,0,0
9137,Random,-1,1
9138,Random,-1,1
9139,Random,-1,1
9140,Random,-1,1
9141,Random,-1,1
9142,draw,0,0
9143,Random,-1,1
9144,draw,0,0
9145,Random,-1,1
9146,Random,-1,1
9147,draw,0,0
9148,Random,-1,1
9149,draw,0,0
9150,Random,-1,1
9151,Random,-1,1
9152,Random,-1,1
9153,draw,0,0
9154,Random,-1,1
9155,draw,0,0
9156,Random,-1,1
9157,draw,0,0
9158,draw,0,0
9159,Random,-1,1
9160,draw,0,0
9161,draw,0,0
9162,Random,-1,1
9163,Random,-1,1
9164,Random,-1,1
9165,Random,-1,1
9166,Random,-1,1
9167,PPO,1,-1
9168,Random,-1,1
9169,Random,-1,1
9170,draw,0,0
9171,Random,-1,1
9172,Random,-1,1
9173,Random,-1,1
9174,Random,-1,1
9175,Random,-1,1
9176,Random,-1,1
9177,Random,-1,1
9178,PPO,1,-1
9179,draw,0,0
9180,draw,0,0
9181,Random,-1,1
9182,PPO,1,-1
9183,Random,-1,1
9184,Random,-1,1
9185,draw,0,0
9186,Random,-1,1
9187,Random,-1,1
9188,draw,0,0
9189,draw,0,0
9190,Random,-1,1
9191,Random,-1,1
9192,PPO,1,-1
9193,Random,-1,1
9194,draw,0,0
9195,Random,-1,1
9196,Random,-1,1
9197,Random,-1,1
9198,draw,0,0
9199,Random,-1,1
9200,Random,-1,1
9201,PPO,1,-1
9202,PPO,1,-1
9203,Random,-1,1
9204,draw,0,0
9205,Random,-1,1
9206,draw,0,0
9207,Random,-1,1
9208,Random,-1,1
9209,Random,-1,1
9210,Random,-1,1
9211,Random,-1,1
9212,Random,-1,1
9213,Random,-1,1
9214,draw,0,0
9215,Random,-1,1
9216,Random,-1,1
9217,PPO,1,-1
9218,draw,0,0
9219,Random,-1,1
9220,draw,0,0
9221,Random,-1,1
9222,Random,-1,1
9223,draw,0,0
9224,Random,-1,1
9225,Random,-1,1
9226,Random,-1,1
9227,draw,0,0
9228,Random,-1,1
9229,Random,-1,1
9230,draw,0,0
9231,Random,-1,1
9232,Random,-1,1
9233,Random,-1,1
9234,draw,0,0
9235,draw,0,0
9236,Random,-1,1
9237,draw,0,0
9238,draw,0,0
9239,draw,0,0
9240,Random,-1,1
9241,Random,-1,1
9242,draw,0,0
9243,Random,-1,1
9244,Random,-1,1
9245,Random,-1,1
9246,Random,-1,1
9247,draw,0,0
9248,Random,-1,1
9249,draw,0,0
9250,Random,-1,1
9251,Random,-1,1
9252,draw,0,0
9253,Random,-1,1
9254,Random,-1,1
9255,Random,-1,1
9256,Random,-1,1
9257,Random,-1,1
9258,Random,-1,1
9259,Random,-1,1
9260,Random,-1,1
9261,Random,-1,1
9262,Random,-1,1
9263,Random,-1,1
9264,Random,-1,1
9265,Random,-1,1
9266,draw,0,0
9267,Random,-1,1
9268,Random,-1,1
9269,Random,-1,1
9270,Random,-1,1
9271,draw,0,0
9272,draw,0,0
9273,Random,-1,1
9274,Random,-1,1
9275,Random,-1,1
9276,Random,-1,1
9277,Random,-1,1
9278,Random,-1,1
9279,Random,-1,1
9280,Random,-1,1
9281,draw,0,0
9282,draw,0,0
9283,Random,-1,1
9284,Random,-1,1
9285,Random,-1,1
9286,Random,-1,1
9287,Random,-1,1
9288,Random,-1,1
9289,Random,-1,1
9290,Random,-1,1
9291,draw,0,0
9292,Random,-1,1
9293,Random,-1,1
9294,Random,-1,1
9295,Random,-1,1
9296,Random,-1,1
9297,draw,0,0
9298,Random,-1,1
9299,Random,-1,1
9300,Random,-1,1
9301,Random,-1,1
9302,Random,-1,1
9303,draw,0,0
9304,Random,-1,1
9305,Random,-1,1
9306,Random,-1,1
9307,Random,-1,1
9308,Random,-1,1
9309,draw,0,0
9310,draw,0,0
9311,Random,-1,1
9312,Random,-1,1
9313,Random,-1,1
9314,Random,-1,1
9315,Random,-1,1
9316,Random,-1,1
9317,Random,-1,1
9318,draw,0,0
9319,Random,-1,1
9320,draw,0,0
9321,Random,-1,1
9322,Random,-1,1
9323,Random,-1,1
9324,Random,-1,1
9325,Random,-1,1
9326,Random,-1,1
9327,Random,-1,1
9328,Random,-1,1
9329,draw,0,0
9330,Random,-1,1
9331,Random,-1,1
9332,draw,0,0
9333,Random,-1,1
9334,draw,0,0
9335,Random,-1,1
9336,draw,0,0
9337,Random,-1,1
9338,draw,0,0
9339,draw,0,0
9340,draw,0,0
9341,Random,-1,1
9342,Random,-1,1
9343,Random,-1,1
9344,Random,-1,1
9345,Random,-1,1
9346,Random,-1,1
9347,Random,-1,1
9348,Random,-1,1
9349,Random,-1,1
9350,Random,-1,1
9351,Random,-1,1
9352,Random,-1,1
9353,Random,-1,1
9354,Random,-1,1
9355,Random,-1,1
9356,Random,-1,1
9357,draw,0,0
9358,Random,-1,1
9359,Random,-1,1
9360,Random,-1,1
9361,Random,-1,1
9362,Random,-1,1
9363,draw,0,0
9364,Random,-1,1
9365,draw,0,0
9366,Random,-1,1
9367,Random,-1,1
9368,Random,-1,1
9369,Random,-1,1
9370,Random,-1,1
9371,Random,-1,1
9372,Random,-1,1
9373,Random,-1,1
9374,PPO,1,-1
9375,Random,-1,1
9376,draw,0,0
9377,Random,-1,1
9378,draw,0,0
9379,Random,-1,1
9380,draw,0,0
9381,draw,0,0
9382,Random,-1,1
9383,Random,-1,1
9384,Random,-1,1
9385,Random,-1,1
9386,draw,0,0
9387,Random,-1,1
9388,draw,0,0
9389,Random,-1,1
9390,Random,-1,1
9391,draw,0,0
9392,Random,-1,1
9393,draw,0,0
9394,Random,-1,1
9395,Random,-1,1
9396,draw,0,0
9397,Random,-1,1
9398,draw,0,0
9399,Random,-1,1
9400,Random,-1,1
9401,draw,0,0
9402,Random,-1,1
9403,Random,-1,1
9404,Random,-1,1
9405,draw,0,0
9406,Random,-1,1
9407,Random,-1,1
9408,Random,-1,1
9409,Random,-1,1
9410,draw,0,0
9411,Random,-1,1
9412,draw,0,0
9413,Random,-1,1
9414,draw,0,0
9415,Random,-1,1
9416,Random,-1,1
9417,Random,-1,1
9418,Random,-1,1
9419,Random,-1,1
9420,PPO,1,-1
9421,draw,0,0
9422,Random,-1,1
9423,draw,0,0
9424,Random,-1,1
9425,draw,0,0
9426,Random,-1,1
9427,Random,-1,1
9428,Random,-1,1
9429,Random,-1,1
9430,draw,0,0
9431,draw,0,0
9432,Random,-1,1
9433,draw,0,0
9434,Random,-1,1
9435,PPO,1,-1
9436,Random,-1,1
9437,Random,-1,1
9438,Random,-1,1
9439,Random,-1,1
9440,draw,0,0
9441,Random,-1,1
9442,Random,-1,1
9443,Random,-1,1
9444,Random,-1,1
9445,Random,-1,1
9446,Random,-1,1
9447,Random,-1,1
9448,draw,0,0
9449,Random,-1,1
9450,Random,-1,1
9451,draw,0,0
9452,draw,0,0
9453,Random,-1,1
9454,Random,-1,1
9455,Random,-1,1
9456,draw,0,0
9457,Random,-1,1
9458,Random,-1,1
9459,Random,-1,1
9460,draw,0,0
9461,Random,-1,1
9462,Random,-1,1
9463,Random,-1,1
9464,Random,-1,1
9465,Random,-1,1
9466,draw,0,0
9467,Random,-1,1
9468,Random,-1,1
9469,Random,-1,1
9470,Random,-1,1
9471,Random,-1,1
9472,Random,-1,1
9473,Random,-1,1
9474,Random,-1,1
9475,Random,-1,1
9476,draw,0,0
9477,Random,-1,1
9478,Random,-1,1
9479,draw,0,0
9480,Random,-1,1
9481,PPO,1,-1
9482,draw,0,0
9483,Random,-1,1
9484,draw,0,0
9485,Random,-1,1
9486,Random,-1,1
9487,Random,-1,1
9488,Random,-1,1
9489,Random,-1,1
9490,Random,-1,1
9491,Random,-1,1
9492,Random,-1,1
9493,draw,0,0
9494,draw,0,0
9495,draw,0,0
9496,Random,-1,1
9497,draw,0,0
9498,draw,0,0
9499,draw,0,0
9500,Random,-1,1
9501,Random,-1,1
9502,draw,0,0
9503,Random,-1,1
9504,Random,-1,1
9505,Random,-1,1
9506,Random,-1,1
9507,Random,-1,1
9508,Random,-1,1
9509,draw,0,0
9510,Random,-1,1
9511,draw,0,0
9512,Random,-1,1
9513,Random,-1,1
9514,Random,-1,1
9515,draw,0,0
9516,Random,-1,1
9517,Random,-1,1
9518,draw,0,0
9519,Random,-1,1
9520,draw,0,0
9521,Random,-1,1
9522,Random,-1,1
9523,Random,-1,1
9524,Random,-1,1
9525,Random,-1,1
9526,Random,-1,1
9527,Random,-1,1
9528,draw,0,0
9529,Random,-1,1
9530,Random,-1,1
9531,Random,-1,1
9532,Random,-1,1
9533,Random,-1,1
9534,Random,-1,1
9535,Random,-1,1
9536,draw,0,0
9537,draw,0,0
9538,Random,-1,1
9539,draw,0,0
9540,Random,-1,1
9541,draw,0,0
9542,Random,-1,1
9543,Random,-1,1
9544,draw,0,0
9545,Random,-1,1
9546,draw,0,0
9547,draw,0,0
9548,Random,-1,1
9549,Random,-1,1
9550,Random,-1,1
9551,Random,-1,1
9552,Random,-1,1
9553,Random,-1,1
9554,Random,-1,1
9555,Random,-1,1
9556,Random,-1,1
9557,Random,-1,1
9558,Random,-1,1
9559,Random,-1,1
9560,Random,-1,1
9561,Random,-1,1
9562,draw,0,0
9563,Random,-1,1
9564,Random,-1,1
9565,draw,0,0
9566,Random,-1,1
9567,draw,0,0
9568,Random,-1,1
9569,Random,-1,1
9570,Random,-1,1
9571,Random,-1,1
9572,Random,-1,1
9573,Random,-1,1
9574,Random,-1,1
9575,draw,0,0
9576,Random,-1,1
9577,draw,0,0
9578,Random,-1,1
9579,Random,-1,1
9580,Random,-1,1
9581,Random,-1,1
9582,Random,-1,1
9583,draw,0,0
9584,Random,-1,1
9585,Random,-1,1
9586,Random,-1,1
9587,draw,0,0
9588,Random,-1,1
9589,Random,-1,1
9590,Random,-1,1
9591,draw,0,0
9592,draw,0,0
9593,Random,-1,1
9594,draw,0,0
9595,Random,-1,1
9596,draw,0,0
9597,draw,0,0
9598,Random,-1,1
9599,PPO,1,-1
9600,draw,0,0
9601,Random,-1,1
9602,Random,-1,1
9603,Random,-1,1
9604,Random,-1,1
9605,Random,-1,1
9606,draw,0,0
9607,draw,0,0
9608,draw,0,0
9609,Random,-1,1
9610,draw,0,0
9611,Random,-1,1
9612,draw,0,0
9613,Random,-1,1
9614,Random,-1,1
9615,Random,-1,1
9616,Random,-1,1
9617,draw,0,0
9618,PPO,1,-1
9619,Random,-1,1
9620,draw,0,0
9621,draw,0,0
9622,Random,-1,1
9623,Random,-1,1
9624,Random,-1,1
9625,Random,-1,1
9626,Random,-1,1
9627,Random,-1,1
9628,Random,-1,1
9629,draw,0,0
9630,Random,-1,1
9631,Random,-1,1
9632,Random,-1,1
9633,Random,-1,1
9634,Random,-1,1
9635,Random,-1,1
9636,draw,0,0
9637,Random,-1,1
9638,draw,0,0
9639,Random,-1,1
9640,Random,-1,1
9641,Random,-1,1
9642,Random,-1,1
9643,Random,-1,1
9644,Random,-1,1
9645,Random,-1,1
9646,Random,-1,1
9647,Random,-1,1
9648,Random,-1,1
9649,Random,-1,1
9650,draw,0,0
9651,Random,-1,1
9652,Random,-1,1
9653,Random,-1,1
9654,Random,-1,1
9655,Random,-1,1
9656,Random,-1,1
9657,Random,-1,1
9658,Random,-1,1
9659,Random,-1,1
9660,Random,-1,1
9661,draw,0,0
9662,Random,-1,1
9663,Random,-1,1
9664,Random,-1,1
9665,draw,0,0
9666,Random,-1,1
9667,Random,-1,1
9668,draw,0,0
9669,Random,-1,1
9670,draw,0,0
9671,Random,-1,1
9672,draw,0,0
9673,draw,0,0
9674,draw,0,0
9675,Random,-1,1
9676,draw,0,0
9677,Random,-1,1
9678,Random,-1,1
9679,Random,-1,1
9680,Random,-1,1
9681,Random,-1,1
9682,Random,-1,1
9683,draw,0,0
9684,draw,0,0
9685,Random,-1,1
9686,Random,-1,1
9687,Random,-1,1
9688,Random,-1,1
9689,draw,0,0
9690,draw,0,0
9691,Random,-1,1
9692,draw,0,0
9693,Random,-1,1
9694,Random,-1,1
9695,Random,-1,1
9696,Random,-1,1
9697,Random,-1,1
9698,Random,-1,1
9699,Random,-1,1
9700,Random,-1,1
9701,Random,-1,1
9702,Random,-1,1
9703,Random,-1,1
9704,draw,0,0
9705,Random,-1,1
9706,Random,-1,1
9707,draw,0,0
9708,Random,-1,1
9709,draw,0,0
9710,PPO,1,-1
9711,Random,-1,1
9712,draw,0,0
9713,Random,-1,1
9714,Random,-1,1
9715,Random,-1,1
9716,Random,-1,1
9717,draw,0,0
9718,draw,0,0
9719,Random,-1,1
9720,draw,0,0
9721,Random,-1,1
9722,Random,-1,1
9723,Random,-1,1
9724,draw,0,0
9725,Random,-1,1
9726,Random,-1,1
9727,Random,-1,1
9728,draw,0,0
9729,Random,-1,1
9730,Random,-1,1
9731,draw,0,0
9732,Random,-1,1
9733,Random,-1,1
9734,draw,0,0
9735,draw,0,0
9736,Random,-1,1
9737,Random,-1,1
9738,Random,-1,1
9739,Random,-1,1
9740,draw,0,0
9741,Random,-1,1
9742,Random,-1,1
9743,Random,-1,1
9744,draw,0,0
9745,Random,-1,1
9746,draw,0,0
9747,PPO,1,-1
9748,Random,-1,1
9749,Random,-1,1
9750,Random,-1,1
9751,Random,-1,1
9752,Random,-1,1
9753,Random,-1,1
9754,Random,-1,1
9755,Random,-1,1
9756,Random,-1,1
9757,Random,-1,1
9758,Random,-1,1
9759,draw,0,0
9760,Random,-1,1
9761,Random,-1,1
9762,draw,0,0
9763,PPO,1,-1
9764,Random,-1,1
9765,draw,0,0
9766,Random,-1,1
9767,Random,-1,1
9768,draw,0,0
9769,Random,-1,1
9770,Random,-1,1
9771,draw,0,0
9772,Random,-1,1
9773,Random,-1,1
9774,Random,-1,1
9775,Random,-1,1
9776,Random,-1,1
9777,draw,0,0
9778,Random,-1,1
9779,Random,-1,1
9780,Random,-1,1
9781,draw,0,0
9782,Random,-1,1
9783,PPO,1,-1
9784,draw,0,0
9785,Random,-1,1
9786,PPO,1,-1
9787,Random,-1,1
9788,draw,0,0
9789,Random,-1,1
9790,draw,0,0
9791,draw,0,0
9792,Random,-1,1
9793,Random,-1,1
9794,Random,-1,1
9795,Random,-1,1
9796,Random,-1,1
9797,draw,0,0
9798,Random,-1,1
9799,draw,0,0
9800,Random,-1,1
9801,draw,0,0
9802,Random,-1,1
9803,PPO,1,-1
9804,Random,-1,1
9805,draw,0,0
9806,PPO,1,-1
9807,draw,0,0
9808,Random,-1,1
9809,Random,-1,1
9810,draw,0,0
9811,draw,0,0
9812,Random,-1,1
9813,Random,-1,1
9814,Random,-1,1
9815,Random,-1,1
9816,Random,-1,1
9817,Random,-1,1
9818,Random,-1,1
9819,Random,-1,1
9820,draw,0,0
9821,Random,-1,1
9822,Random,-1,1
9823,draw,0,0
9824,Random,-1,1
9825,Random,-1,1
9826,draw,0,0
9827,Random,-1,1
9828,draw,0,0
9829,PPO,1,-1
9830,draw,0,0
9831,PPO,1,-1
9832,Random,-1,1
9833,Random,-1,1
9834,draw,0,0
9835,Random,-1,1
9836,Random,-1,1
9837,PPO,1,-1
9838,PPO,1,-1
9839,Random,-1,1
9840,draw,0,0
9841,draw,0,0
9842,Random,-1,1
9843,draw,0,0
9844,Random,-1,1
9845,Random,-1,1
9846,Random,-1,1
9847,Random,-1,1
9848,Random,-1,1
9849,Random,-1,1
9850,Random,-1,1
9851,Random,-1,1
9852,Random,-1,1
9853,draw,0,0
9854,draw,0,0
9855,draw,0,0
9856,Random,-1,1
9857,draw,0,0
9858,Random,-1,1
9859,Random,-1,1
9860,Random,-1,1
9861,draw,0,0
9862,Random,-1,1
9863,Random,-1,1
9864,Random,-1,1
9865,Random,-1,1
9866,Random,-1,1
9867,Random,-1,1
9868,draw,0,0
9869,Random,-1,1
9870,Random,-1,1
9871,Random,-1,1
9872,Random,-1,1
9873,draw,0,0
9874,Random,-1,1
9875,Random,-1,1
9876,Random,-1,1
9877,Random,-1,1
9878,Random,-1,1
9879,Random,-1,1
9880,Random,-1,1
9881,draw,0,0
9882,draw,0,0
9883,Random,-1,1
9884,Random,-1,1
9885,Random,-1,1
9886,Random,-1,1
9887,draw,0,0
9888,draw,0,0
9889,Random,-1,1
9890,Random,-1,1
9891,Random,-1,1
9892,draw,0,0
9893,Random,-1,1
9894,Random,-1,1
9895,Random,-1,1
9896,Random,-1,1
9897,Random,-1,1
9898,Random,-1,1
9899,Random,-1,1
9900,Random,-1,1
9901,Random,-1,1
9902,Random,-1,1
9903,draw,0,0
9904,Random,-1,1
9905,draw,0,0
9906,draw,0,0
9907,Random,-1,1
9908,Random,-1,1
9909,draw,0,0
9910,Random,-1,1
9911,Random,-1,1
9912,Random,-1,1
9913,Random,-1,1
9914,draw,0,0
9915,Random,-1,1
9916,Random,-1,1
9917,Random,-1,1
9918,Random,-1,1
9919,Random,-1,1
9920,Random,-1,1
9921,draw,0,0
9922,draw,0,0
9923,Random,-1,1
9924,Random,-1,1
9925,Random,-1,1
9926,Random,-1,1
9927,Random,-1,1
9928,draw,0,0
9929,Random,-1,1
9930,Random,-1,1
9931,Random,-1,1
9932,Random,-1,1
9933,Random,-1,1
9934,draw,0,0
9935,Random,-1,1
9936,draw,0,0
9937,Random,-1,1
9938,Random,-1,1
9939,draw,0,0
9940,draw,0,0
9941,Random,-1,1
9942,draw,0,0
9943,draw,0,0
9944,Random,-1,1
9945,Random,-1,1
9946,Random,-1,1
9947,Random,-1,1
9948,draw,0,0
9949,Random,-1,1
9950,Random,-1,1
9951,draw,0,0
9952,Random,-1,1
9953,Random,-1,1
9954,draw,0,0
9955,Random,-1,1
9956,Random,-1,1
9957,draw,0,0
9958,draw,0,0
9959,draw,0,0
9960,Random,-1,1
9961,Random,-1,1
9962,Random,-1,1
9963,Random,-1,1
9964,Random,-1,1
9965,Random,-1,1
9966,Random,-1,1
9967,Random,-1,1
9968,Random,-1,1
9969,Random,-1,1
9970,Random,-1,1
9971,Random,-1,1
9972,Random,-1,1
9973,draw,0,0
9974,draw,0,0
9975,draw,0,0
9976,Random,-1,1
9977,Random,-1,1
9978,draw,0,0
9979,draw,0,0
9980,Random,-1,1
9981,draw,0,0
9982,draw,0,0
9983,Random,-1,1
9984,draw,0,0
9985,Random,-1,1
9986,Random,-1,1
9987,draw,0,0
9988,Random,-1,1
9989,draw,0,0
9990,draw,0,0
9991,Random,-1,1
9992,draw,0,0
9993,Random,-1,1
9994,draw,0,0
9995,Random,-1,1
9996,draw,0,0
9997,Random,-1,1
9998,Random,-1,1
9999,Random,-1,1
10000,draw,0,0
